comparable_boundary_group_id	mapping_method	mapping_status	group_n_species	group_species_coverage	group_msa_column	run_id	species_id	scientific_name	protein_id	transcript_id	boundary_id	left_exon_id	right_exon_id	exon_transition	native_protein_position	msa_column	msa_mapping_status	nearest_domain_instance_id	nearest_domain_accession	nearest_domain_label	nearest_edge	nearest_edge_position	signed_distance	absolute_distance	boundary_class	domain_annotation_available	mapping_confidence	review_reason
CBG3	msa_aligned_position	tentative	2	homo_sapiens,takifugu_rubripes	371	example	homo_sapiens	Homo sapiens	ENSP00000351276	ENST00000358487	ENSP00000351276:E3_E4	ENSP00000351276:exon3	ENSP00000351276:exon4	E3 → E4	137	371	mapped	IPR007110:45-110	IPR007110	Ig1	end	110	27	27	outside_annotated_domains	True	0.067	
CBG3	msa_aligned_position	tentative	2	homo_sapiens,takifugu_rubripes	371	example	takifugu_rubripes	Takifugu rubripes	ENSTRUP00000045145	ENSTRUT00000045297	ENSTRUP00000045145:E4_E5	ENSTRUP00000045145:exon4	ENSTRUP00000045145:exon5	E4 → E5	160	373	mapped	IPR007110:71-132	IPR007110	Ig1	end	132	28	28	outside_annotated_domains	True	0.067	
CBG15	msa_aligned_position	supported_comparable	22	alligator_mississippiensis,ambystoma_mexicanum,anolis_carolinensis,bos_taurus,callithrix_jacchus,chrysemys_picta_bellii,danio_rerio,equus_caballus,felis_catus,gallus_gallus,macaca_mulatta,monodelphis_domestica,oreochromis_niloticus,ornithorhynchus_anatinus,oryctolagus_cuniculus,oryzias_latipes,ovis_aries,pan_troglodytes,pongo_abelii,rattus_norvegicus,sus_scrofa,taeniopygia_guttata	159	example	pan_troglodytes	Pan troglodytes	XP_054516514.1	XM_054660539.2	XP_054516514.1:E1_E2	XP_054516514.1:exon1	XP_054516514.1:exon2	E1 → E2	56	159	mapped	IPR007110:64-129	IPR007110	Ig1	start	64	-8	8	outside_annotated_domains	True	0.733	
CBG15	msa_aligned_position	supported_comparable	22	alligator_mississippiensis,ambystoma_mexicanum,anolis_carolinensis,bos_taurus,callithrix_jacchus,chrysemys_picta_bellii,danio_rerio,equus_caballus,felis_catus,gallus_gallus,macaca_mulatta,monodelphis_domestica,oreochromis_niloticus,ornithorhynchus_anatinus,oryctolagus_cuniculus,oryzias_latipes,ovis_aries,pan_troglodytes,pongo_abelii,rattus_norvegicus,sus_scrofa,taeniopygia_guttata	159	example	pongo_abelii	Pongo abelii	XP_024108704.1	XM_024252936	XP_024108704.1:E1_E2	XP_024108704.1:exon1	XP_024108704.1:exon2	E1 → E2	56	159	mapped	IPR007110:64-129	IPR007110	Ig1	start	64	-8	8	outside_annotated_domains	True	0.733	
CBG15	msa_aligned_position	supported_comparable	22	alligator_mississippiensis,ambystoma_mexicanum,anolis_carolinensis,bos_taurus,callithrix_jacchus,chrysemys_picta_bellii,danio_rerio,equus_caballus,felis_catus,gallus_gallus,macaca_mulatta,monodelphis_domestica,oreochromis_niloticus,ornithorhynchus_anatinus,oryctolagus_cuniculus,oryzias_latipes,ovis_aries,pan_troglodytes,pongo_abelii,rattus_norvegicus,sus_scrofa,taeniopygia_guttata	159	example	macaca_mulatta	Macaca mulatta	XP_077803775.1	XM_077947649.1	XP_077803775.1:E1_E2	XP_077803775.1:exon1	XP_077803775.1:exon2	E1 → E2	56	159	mapped	IPR007110:64-129	IPR007110	Ig1	start	64	-8	8	outside_annotated_domains	True	0.733	
CBG15	msa_aligned_position	supported_comparable	22	alligator_mississippiensis,ambystoma_mexicanum,anolis_carolinensis,bos_taurus,callithrix_jacchus,chrysemys_picta_bellii,danio_rerio,equus_caballus,felis_catus,gallus_gallus,macaca_mulatta,monodelphis_domestica,oreochromis_niloticus,ornithorhynchus_anatinus,oryctolagus_cuniculus,oryzias_latipes,ovis_aries,pan_troglodytes,pongo_abelii,rattus_norvegicus,sus_scrofa,taeniopygia_guttata	159	example	callithrix_jacchus	Callithrix jacchus	XP_078202765.1	XM_078346639.1	XP_078202765.1:E1_E2	XP_078202765.1:exon1	XP_078202765.1:exon2	E1 → E2	56	159	mapped	IPR007110:64-129	IPR007110	Ig1	start	64	-8	8	outside_annotated_domains	True	0.733	
CBG15	msa_aligned_position	supported_comparable	22	alligator_mississippiensis,ambystoma_mexicanum,anolis_carolinensis,bos_taurus,callithrix_jacchus,chrysemys_picta_bellii,danio_rerio,equus_caballus,felis_catus,gallus_gallus,macaca_mulatta,monodelphis_domestica,oreochromis_niloticus,ornithorhynchus_anatinus,oryctolagus_cuniculus,oryzias_latipes,ovis_aries,pan_troglodytes,pongo_abelii,rattus_norvegicus,sus_scrofa,taeniopygia_guttata	159	example	rattus_norvegicus	Rattus norvegicus	XP_063137149.1	XM_063281079.1	XP_063137149.1:E1_E2	XP_063137149.1:exon1	XP_063137149.1:exon2	E1 → E2	56	159	mapped	IPR007110:64-128	IPR007110	Ig1	start	64	-8	8	outside_annotated_domains	True	0.733	
CBG15	msa_aligned_position	supported_comparable	22	alligator_mississippiensis,ambystoma_mexicanum,anolis_carolinensis,bos_taurus,callithrix_jacchus,chrysemys_picta_bellii,danio_rerio,equus_caballus,felis_catus,gallus_gallus,macaca_mulatta,monodelphis_domestica,oreochromis_niloticus,ornithorhynchus_anatinus,oryctolagus_cuniculus,oryzias_latipes,ovis_aries,pan_troglodytes,pongo_abelii,rattus_norvegicus,sus_scrofa,taeniopygia_guttata	159	example	oryctolagus_cuniculus	Oryctolagus cuniculus	XP_069913096.1	XM_070056995.1	XP_069913096.1:E1_E2	XP_069913096.1:exon1	XP_069913096.1:exon2	E1 → E2	56	159	mapped	IPR007110:64-128	IPR007110	Ig1	start	64	-8	8	outside_annotated_domains	True	0.733	
CBG15	msa_aligned_position	supported_comparable	22	alligator_mississippiensis,ambystoma_mexicanum,anolis_carolinensis,bos_taurus,callithrix_jacchus,chrysemys_picta_bellii,danio_rerio,equus_caballus,felis_catus,gallus_gallus,macaca_mulatta,monodelphis_domestica,oreochromis_niloticus,ornithorhynchus_anatinus,oryctolagus_cuniculus,oryzias_latipes,ovis_aries,pan_troglodytes,pongo_abelii,rattus_norvegicus,sus_scrofa,taeniopygia_guttata	159	example	felis_catus	Felis catus	XP_044896695.1	XM_045040760.1	XP_044896695.1:E1_E2	XP_044896695.1:exon1	XP_044896695.1:exon2	E1 → E2	57	159	mapped	IPR007110:65-129	IPR007110	Ig1	start	65	-8	8	outside_annotated_domains	True	0.733	
CBG15	msa_aligned_position	supported_comparable	22	alligator_mississippiensis,ambystoma_mexicanum,anolis_carolinensis,bos_taurus,callithrix_jacchus,chrysemys_picta_bellii,danio_rerio,equus_caballus,felis_catus,gallus_gallus,macaca_mulatta,monodelphis_domestica,oreochromis_niloticus,ornithorhynchus_anatinus,oryctolagus_cuniculus,oryzias_latipes,ovis_aries,pan_troglodytes,pongo_abelii,rattus_norvegicus,sus_scrofa,taeniopygia_guttata	159	example	bos_taurus	Bos taurus	XP_059737724.1	XM_059881741.1	XP_059737724.1:E1_E2	XP_059737724.1:exon1	XP_059737724.1:exon2	E1 → E2	56	159	mapped	IPR007110:64-128	IPR007110	Ig1	start	64	-8	8	outside_annotated_domains	True	0.733	
CBG15	msa_aligned_position	supported_comparable	22	alligator_mississippiensis,ambystoma_mexicanum,anolis_carolinensis,bos_taurus,callithrix_jacchus,chrysemys_picta_bellii,danio_rerio,equus_caballus,felis_catus,gallus_gallus,macaca_mulatta,monodelphis_domestica,oreochromis_niloticus,ornithorhynchus_anatinus,oryctolagus_cuniculus,oryzias_latipes,ovis_aries,pan_troglodytes,pongo_abelii,rattus_norvegicus,sus_scrofa,taeniopygia_guttata	159	example	sus_scrofa	Sus scrofa	XP_084849197.1	XM_084993071.1	XP_084849197.1:E1_E2	XP_084849197.1:exon1	XP_084849197.1:exon2	E1 → E2	56	159	mapped	IPR007110:64-128	IPR007110	Ig1	start	64	-8	8	outside_annotated_domains	True	0.733	
CBG15	msa_aligned_position	supported_comparable	22	alligator_mississippiensis,ambystoma_mexicanum,anolis_carolinensis,bos_taurus,callithrix_jacchus,chrysemys_picta_bellii,danio_rerio,equus_caballus,felis_catus,gallus_gallus,macaca_mulatta,monodelphis_domestica,oreochromis_niloticus,ornithorhynchus_anatinus,oryctolagus_cuniculus,oryzias_latipes,ovis_aries,pan_troglodytes,pongo_abelii,rattus_norvegicus,sus_scrofa,taeniopygia_guttata	159	example	equus_caballus	Equus caballus	XP_014588430.1	XM_014732944.3	XP_014588430.1:E2_E3	XP_014588430.1:exon2	XP_014588430.1:exon3	E2 → E3	106	159	mapped	IPR007110:114-178	IPR007110	Ig1	start	114	-8	8	outside_annotated_domains	True	0.733	
CBG15	msa_aligned_position	supported_comparable	22	alligator_mississippiensis,ambystoma_mexicanum,anolis_carolinensis,bos_taurus,callithrix_jacchus,chrysemys_picta_bellii,danio_rerio,equus_caballus,felis_catus,gallus_gallus,macaca_mulatta,monodelphis_domestica,oreochromis_niloticus,ornithorhynchus_anatinus,oryctolagus_cuniculus,oryzias_latipes,ovis_aries,pan_troglodytes,pongo_abelii,rattus_norvegicus,sus_scrofa,taeniopygia_guttata	159	example	ovis_aries	Ovis aries	XP_060260490.1	XM_060404507.1	XP_060260490.1:E1_E2	XP_060260490.1:exon1	XP_060260490.1:exon2	E1 → E2	56	159	mapped	IPR007110:64-128	IPR007110	Ig1	start	64	-8	8	outside_annotated_domains	True	0.733	
CBG15	msa_aligned_position	supported_comparable	22	alligator_mississippiensis,ambystoma_mexicanum,anolis_carolinensis,bos_taurus,callithrix_jacchus,chrysemys_picta_bellii,danio_rerio,equus_caballus,felis_catus,gallus_gallus,macaca_mulatta,monodelphis_domestica,oreochromis_niloticus,ornithorhynchus_anatinus,oryctolagus_cuniculus,oryzias_latipes,ovis_aries,pan_troglodytes,pongo_abelii,rattus_norvegicus,sus_scrofa,taeniopygia_guttata	159	example	monodelphis_domestica	Monodelphis domestica	XP_056659242.1	XM_056803264.1	XP_056659242.1:E1_E2	XP_056659242.1:exon1	XP_056659242.1:exon2	E1 → E2	56	159	mapped	IPR013098:65-142	IPR013098	Ig1	start	65	-9	9	outside_annotated_domains	True	0.733	
CBG15	msa_aligned_position	supported_comparable	22	alligator_mississippiensis,ambystoma_mexicanum,anolis_carolinensis,bos_taurus,callithrix_jacchus,chrysemys_picta_bellii,danio_rerio,equus_caballus,felis_catus,gallus_gallus,macaca_mulatta,monodelphis_domestica,oreochromis_niloticus,ornithorhynchus_anatinus,oryctolagus_cuniculus,oryzias_latipes,ovis_aries,pan_troglodytes,pongo_abelii,rattus_norvegicus,sus_scrofa,taeniopygia_guttata	159	example	ornithorhynchus_anatinus	Ornithorhynchus anatinus	XP_028936644.1	XM_029080811.2	XP_028936644.1:E1_E2	XP_028936644.1:exon1	XP_028936644.1:exon2	E1 → E2	56	159	mapped	IPR013151:69-137	IPR013151	Ig1	start	69	-13	13	outside_annotated_domains	True	0.733	
CBG15	msa_aligned_position	supported_comparable	22	alligator_mississippiensis,ambystoma_mexicanum,anolis_carolinensis,bos_taurus,callithrix_jacchus,chrysemys_picta_bellii,danio_rerio,equus_caballus,felis_catus,gallus_gallus,macaca_mulatta,monodelphis_domestica,oreochromis_niloticus,ornithorhynchus_anatinus,oryctolagus_cuniculus,oryzias_latipes,ovis_aries,pan_troglodytes,pongo_abelii,rattus_norvegicus,sus_scrofa,taeniopygia_guttata	159	example	gallus_gallus	Gallus gallus	NP_990650.2	NM_205319.4	NP_990650.2:E1_E2	NP_990650.2:exon1	NP_990650.2:exon2	E1 → E2	59	159	mapped	IPR007110:67-131	IPR007110	Ig1	start	67	-8	8	outside_annotated_domains	True	0.733	
CBG15	msa_aligned_position	supported_comparable	22	alligator_mississippiensis,ambystoma_mexicanum,anolis_carolinensis,bos_taurus,callithrix_jacchus,chrysemys_picta_bellii,danio_rerio,equus_caballus,felis_catus,gallus_gallus,macaca_mulatta,monodelphis_domestica,oreochromis_niloticus,ornithorhynchus_anatinus,oryctolagus_cuniculus,oryzias_latipes,ovis_aries,pan_troglodytes,pongo_abelii,rattus_norvegicus,sus_scrofa,taeniopygia_guttata	159	example	taeniopygia_guttata	Taeniopygia guttata	XP_072787409.1	XM_072931308.1	XP_072787409.1:E2_E3	XP_072787409.1:exon2	XP_072787409.1:exon3	E2 → E3	107	159	mapped	IPR007110:115-179	IPR007110	Ig1	start	115	-8	8	outside_annotated_domains	True	0.733	
CBG15	msa_aligned_position	supported_comparable	22	alligator_mississippiensis,ambystoma_mexicanum,anolis_carolinensis,bos_taurus,callithrix_jacchus,chrysemys_picta_bellii,danio_rerio,equus_caballus,felis_catus,gallus_gallus,macaca_mulatta,monodelphis_domestica,oreochromis_niloticus,ornithorhynchus_anatinus,oryctolagus_cuniculus,oryzias_latipes,ovis_aries,pan_troglodytes,pongo_abelii,rattus_norvegicus,sus_scrofa,taeniopygia_guttata	159	example	anolis_carolinensis	Anolis carolinensis	XP_062832081.1	XM_062976011.1	XP_062832081.1:E2_E3	XP_062832081.1:exon2	XP_062832081.1:exon3	E2 → E3	94	159	mapped	IPR007110:102-166	IPR007110	Ig1	start	102	-8	8	outside_annotated_domains	True	0.733	
CBG15	msa_aligned_position	supported_comparable	22	alligator_mississippiensis,ambystoma_mexicanum,anolis_carolinensis,bos_taurus,callithrix_jacchus,chrysemys_picta_bellii,danio_rerio,equus_caballus,felis_catus,gallus_gallus,macaca_mulatta,monodelphis_domestica,oreochromis_niloticus,ornithorhynchus_anatinus,oryctolagus_cuniculus,oryzias_latipes,ovis_aries,pan_troglodytes,pongo_abelii,rattus_norvegicus,sus_scrofa,taeniopygia_guttata	159	example	alligator_mississippiensis	Alligator mississippiensis	XP_006266188.1	XM_006266126.4	XP_006266188.1:E1_E2	XP_006266188.1:exon1	XP_006266188.1:exon2	E1 → E2	59	159	mapped	IPR007110:67-131	IPR007110	Ig1	start	67	-8	8	outside_annotated_domains	True	0.733	
CBG15	msa_aligned_position	supported_comparable	22	alligator_mississippiensis,ambystoma_mexicanum,anolis_carolinensis,bos_taurus,callithrix_jacchus,chrysemys_picta_bellii,danio_rerio,equus_caballus,felis_catus,gallus_gallus,macaca_mulatta,monodelphis_domestica,oreochromis_niloticus,ornithorhynchus_anatinus,oryctolagus_cuniculus,oryzias_latipes,ovis_aries,pan_troglodytes,pongo_abelii,rattus_norvegicus,sus_scrofa,taeniopygia_guttata	159	example	chrysemys_picta_bellii	Chrysemys picta bellii	XP_065408413.1	XM_065552341.1	XP_065408413.1:E1_E2	XP_065408413.1:exon1	XP_065408413.1:exon2	E1 → E2	59	159	mapped	IPR007110:67-129	IPR007110	Ig1	start	67	-8	8	outside_annotated_domains	True	0.733	
CBG15	msa_aligned_position	supported_comparable	22	alligator_mississippiensis,ambystoma_mexicanum,anolis_carolinensis,bos_taurus,callithrix_jacchus,chrysemys_picta_bellii,danio_rerio,equus_caballus,felis_catus,gallus_gallus,macaca_mulatta,monodelphis_domestica,oreochromis_niloticus,ornithorhynchus_anatinus,oryctolagus_cuniculus,oryzias_latipes,ovis_aries,pan_troglodytes,pongo_abelii,rattus_norvegicus,sus_scrofa,taeniopygia_guttata	159	example	ambystoma_mexicanum	Ambystoma mexicanum	XP_069468056.1	XM_069611955.1	XP_069468056.1:E1_E2	XP_069468056.1:exon1	XP_069468056.1:exon2	E1 → E2	56	159	mapped	IPR007110:58-144	IPR007110	Ig1	start	58	-2	2	near_domain_edge	True	0.733	
CBG15	msa_aligned_position	supported_comparable	22	alligator_mississippiensis,ambystoma_mexicanum,anolis_carolinensis,bos_taurus,callithrix_jacchus,chrysemys_picta_bellii,danio_rerio,equus_caballus,felis_catus,gallus_gallus,macaca_mulatta,monodelphis_domestica,oreochromis_niloticus,ornithorhynchus_anatinus,oryctolagus_cuniculus,oryzias_latipes,ovis_aries,pan_troglodytes,pongo_abelii,rattus_norvegicus,sus_scrofa,taeniopygia_guttata	159	example	danio_rerio	Danio rerio	XP_068081038.1	XM_068224937.2	XP_068081038.1:E1_E2	XP_068081038.1:exon1	XP_068081038.1:exon2	E1 → E2	61	159	mapped	IPR013098:75-137	IPR013098	Ig1	start	75	-14	14	outside_annotated_domains	True	0.733	
CBG15	msa_aligned_position	supported_comparable	22	alligator_mississippiensis,ambystoma_mexicanum,anolis_carolinensis,bos_taurus,callithrix_jacchus,chrysemys_picta_bellii,danio_rerio,equus_caballus,felis_catus,gallus_gallus,macaca_mulatta,monodelphis_domestica,oreochromis_niloticus,ornithorhynchus_anatinus,oryctolagus_cuniculus,oryzias_latipes,ovis_aries,pan_troglodytes,pongo_abelii,rattus_norvegicus,sus_scrofa,taeniopygia_guttata	159	example	oryzias_latipes	Oryzias latipes	XP_078787744.1	XM_078931618.1	XP_078787744.1:E1_E2	XP_078787744.1:exon1	XP_078787744.1:exon2	E1 → E2	57	159	mapped	IPR007110:67-128	IPR007110	Ig1	start	67	-10	10	outside_annotated_domains	True	0.733	
CBG15	msa_aligned_position	supported_comparable	22	alligator_mississippiensis,ambystoma_mexicanum,anolis_carolinensis,bos_taurus,callithrix_jacchus,chrysemys_picta_bellii,danio_rerio,equus_caballus,felis_catus,gallus_gallus,macaca_mulatta,monodelphis_domestica,oreochromis_niloticus,ornithorhynchus_anatinus,oryctolagus_cuniculus,oryzias_latipes,ovis_aries,pan_troglodytes,pongo_abelii,rattus_norvegicus,sus_scrofa,taeniopygia_guttata	159	example	oreochromis_niloticus	Oreochromis niloticus	ENSONIP00000063320	ENSONIT00000047381	ENSONIP00000063320:E1_E2	ENSONIP00000063320:exon1	ENSONIP00000063320:exon2	E1 → E2	39	159	mapped	IPR007110:49-110	IPR007110	Ig1	start	49	-10	10	outside_annotated_domains	True	0.733	
CBG16	msa_aligned_position	supported_comparable	22	alligator_mississippiensis,ambystoma_mexicanum,anolis_carolinensis,bos_taurus,callithrix_jacchus,chrysemys_picta_bellii,danio_rerio,equus_caballus,felis_catus,gallus_gallus,macaca_mulatta,monodelphis_domestica,oreochromis_niloticus,ornithorhynchus_anatinus,oryctolagus_cuniculus,oryzias_latipes,ovis_aries,pan_troglodytes,pongo_abelii,rattus_norvegicus,sus_scrofa,taeniopygia_guttata	356	example	pan_troglodytes	Pan troglodytes	XP_054516514.1	XM_054660539.2	XP_054516514.1:E2_E3	XP_054516514.1:exon2	XP_054516514.1:exon3	E2 → E3	145	356	mapped	IPR007110:64-129	IPR007110	Ig1	end	129	16	16	outside_annotated_domains	True	0.733	
CBG16	msa_aligned_position	supported_comparable	22	alligator_mississippiensis,ambystoma_mexicanum,anolis_carolinensis,bos_taurus,callithrix_jacchus,chrysemys_picta_bellii,danio_rerio,equus_caballus,felis_catus,gallus_gallus,macaca_mulatta,monodelphis_domestica,oreochromis_niloticus,ornithorhynchus_anatinus,oryctolagus_cuniculus,oryzias_latipes,ovis_aries,pan_troglodytes,pongo_abelii,rattus_norvegicus,sus_scrofa,taeniopygia_guttata	356	example	pongo_abelii	Pongo abelii	XP_024108704.1	XM_024252936	XP_024108704.1:E2_E3	XP_024108704.1:exon2	XP_024108704.1:exon3	E2 → E3	145	356	mapped	IPR007110:64-129	IPR007110	Ig1	end	129	16	16	outside_annotated_domains	True	0.733	
CBG16	msa_aligned_position	supported_comparable	22	alligator_mississippiensis,ambystoma_mexicanum,anolis_carolinensis,bos_taurus,callithrix_jacchus,chrysemys_picta_bellii,danio_rerio,equus_caballus,felis_catus,gallus_gallus,macaca_mulatta,monodelphis_domestica,oreochromis_niloticus,ornithorhynchus_anatinus,oryctolagus_cuniculus,oryzias_latipes,ovis_aries,pan_troglodytes,pongo_abelii,rattus_norvegicus,sus_scrofa,taeniopygia_guttata	356	example	macaca_mulatta	Macaca mulatta	XP_077803775.1	XM_077947649.1	XP_077803775.1:E2_E3	XP_077803775.1:exon2	XP_077803775.1:exon3	E2 → E3	145	356	mapped	IPR007110:64-129	IPR007110	Ig1	end	129	16	16	outside_annotated_domains	True	0.733	
CBG16	msa_aligned_position	supported_comparable	22	alligator_mississippiensis,ambystoma_mexicanum,anolis_carolinensis,bos_taurus,callithrix_jacchus,chrysemys_picta_bellii,danio_rerio,equus_caballus,felis_catus,gallus_gallus,macaca_mulatta,monodelphis_domestica,oreochromis_niloticus,ornithorhynchus_anatinus,oryctolagus_cuniculus,oryzias_latipes,ovis_aries,pan_troglodytes,pongo_abelii,rattus_norvegicus,sus_scrofa,taeniopygia_guttata	356	example	callithrix_jacchus	Callithrix jacchus	XP_078202765.1	XM_078346639.1	XP_078202765.1:E2_E3	XP_078202765.1:exon2	XP_078202765.1:exon3	E2 → E3	145	356	mapped	IPR007110:64-129	IPR007110	Ig1	end	129	16	16	outside_annotated_domains	True	0.733	
CBG16	msa_aligned_position	supported_comparable	22	alligator_mississippiensis,ambystoma_mexicanum,anolis_carolinensis,bos_taurus,callithrix_jacchus,chrysemys_picta_bellii,danio_rerio,equus_caballus,felis_catus,gallus_gallus,macaca_mulatta,monodelphis_domestica,oreochromis_niloticus,ornithorhynchus_anatinus,oryctolagus_cuniculus,oryzias_latipes,ovis_aries,pan_troglodytes,pongo_abelii,rattus_norvegicus,sus_scrofa,taeniopygia_guttata	356	example	rattus_norvegicus	Rattus norvegicus	XP_063137149.1	XM_063281079.1	XP_063137149.1:E2_E3	XP_063137149.1:exon2	XP_063137149.1:exon3	E2 → E3	145	356	mapped	IPR007110:64-128	IPR007110	Ig1	end	128	17	17	outside_annotated_domains	True	0.733	
CBG16	msa_aligned_position	supported_comparable	22	alligator_mississippiensis,ambystoma_mexicanum,anolis_carolinensis,bos_taurus,callithrix_jacchus,chrysemys_picta_bellii,danio_rerio,equus_caballus,felis_catus,gallus_gallus,macaca_mulatta,monodelphis_domestica,oreochromis_niloticus,ornithorhynchus_anatinus,oryctolagus_cuniculus,oryzias_latipes,ovis_aries,pan_troglodytes,pongo_abelii,rattus_norvegicus,sus_scrofa,taeniopygia_guttata	356	example	oryctolagus_cuniculus	Oryctolagus cuniculus	XP_069913096.1	XM_070056995.1	XP_069913096.1:E2_E3	XP_069913096.1:exon2	XP_069913096.1:exon3	E2 → E3	145	356	mapped	IPR007110:64-128	IPR007110	Ig1	end	128	17	17	outside_annotated_domains	True	0.733	
CBG16	msa_aligned_position	supported_comparable	22	alligator_mississippiensis,ambystoma_mexicanum,anolis_carolinensis,bos_taurus,callithrix_jacchus,chrysemys_picta_bellii,danio_rerio,equus_caballus,felis_catus,gallus_gallus,macaca_mulatta,monodelphis_domestica,oreochromis_niloticus,ornithorhynchus_anatinus,oryctolagus_cuniculus,oryzias_latipes,ovis_aries,pan_troglodytes,pongo_abelii,rattus_norvegicus,sus_scrofa,taeniopygia_guttata	356	example	felis_catus	Felis catus	XP_044896695.1	XM_045040760.1	XP_044896695.1:E2_E3	XP_044896695.1:exon2	XP_044896695.1:exon3	E2 → E3	146	356	mapped	IPR007110:65-129	IPR007110	Ig1	end	129	17	17	outside_annotated_domains	True	0.733	
CBG16	msa_aligned_position	supported_comparable	22	alligator_mississippiensis,ambystoma_mexicanum,anolis_carolinensis,bos_taurus,callithrix_jacchus,chrysemys_picta_bellii,danio_rerio,equus_caballus,felis_catus,gallus_gallus,macaca_mulatta,monodelphis_domestica,oreochromis_niloticus,ornithorhynchus_anatinus,oryctolagus_cuniculus,oryzias_latipes,ovis_aries,pan_troglodytes,pongo_abelii,rattus_norvegicus,sus_scrofa,taeniopygia_guttata	356	example	bos_taurus	Bos taurus	XP_059737724.1	XM_059881741.1	XP_059737724.1:E2_E3	XP_059737724.1:exon2	XP_059737724.1:exon3	E2 → E3	145	356	mapped	IPR007110:64-128	IPR007110	Ig1	end	128	17	17	outside_annotated_domains	True	0.733	
CBG16	msa_aligned_position	supported_comparable	22	alligator_mississippiensis,ambystoma_mexicanum,anolis_carolinensis,bos_taurus,callithrix_jacchus,chrysemys_picta_bellii,danio_rerio,equus_caballus,felis_catus,gallus_gallus,macaca_mulatta,monodelphis_domestica,oreochromis_niloticus,ornithorhynchus_anatinus,oryctolagus_cuniculus,oryzias_latipes,ovis_aries,pan_troglodytes,pongo_abelii,rattus_norvegicus,sus_scrofa,taeniopygia_guttata	356	example	sus_scrofa	Sus scrofa	XP_084849197.1	XM_084993071.1	XP_084849197.1:E2_E3	XP_084849197.1:exon2	XP_084849197.1:exon3	E2 → E3	145	356	mapped	IPR007110:64-128	IPR007110	Ig1	end	128	17	17	outside_annotated_domains	True	0.733	
CBG16	msa_aligned_position	supported_comparable	22	alligator_mississippiensis,ambystoma_mexicanum,anolis_carolinensis,bos_taurus,callithrix_jacchus,chrysemys_picta_bellii,danio_rerio,equus_caballus,felis_catus,gallus_gallus,macaca_mulatta,monodelphis_domestica,oreochromis_niloticus,ornithorhynchus_anatinus,oryctolagus_cuniculus,oryzias_latipes,ovis_aries,pan_troglodytes,pongo_abelii,rattus_norvegicus,sus_scrofa,taeniopygia_guttata	356	example	equus_caballus	Equus caballus	XP_014588430.1	XM_014732944.3	XP_014588430.1:E3_E4	XP_014588430.1:exon3	XP_014588430.1:exon4	E3 → E4	195	356	mapped	IPR007110:114-178	IPR007110	Ig1	end	178	17	17	outside_annotated_domains	True	0.733	
CBG16	msa_aligned_position	supported_comparable	22	alligator_mississippiensis,ambystoma_mexicanum,anolis_carolinensis,bos_taurus,callithrix_jacchus,chrysemys_picta_bellii,danio_rerio,equus_caballus,felis_catus,gallus_gallus,macaca_mulatta,monodelphis_domestica,oreochromis_niloticus,ornithorhynchus_anatinus,oryctolagus_cuniculus,oryzias_latipes,ovis_aries,pan_troglodytes,pongo_abelii,rattus_norvegicus,sus_scrofa,taeniopygia_guttata	356	example	ovis_aries	Ovis aries	XP_060260490.1	XM_060404507.1	XP_060260490.1:E2_E3	XP_060260490.1:exon2	XP_060260490.1:exon3	E2 → E3	145	356	mapped	IPR007110:64-128	IPR007110	Ig1	end	128	17	17	outside_annotated_domains	True	0.733	
CBG16	msa_aligned_position	supported_comparable	22	alligator_mississippiensis,ambystoma_mexicanum,anolis_carolinensis,bos_taurus,callithrix_jacchus,chrysemys_picta_bellii,danio_rerio,equus_caballus,felis_catus,gallus_gallus,macaca_mulatta,monodelphis_domestica,oreochromis_niloticus,ornithorhynchus_anatinus,oryctolagus_cuniculus,oryzias_latipes,ovis_aries,pan_troglodytes,pongo_abelii,rattus_norvegicus,sus_scrofa,taeniopygia_guttata	356	example	monodelphis_domestica	Monodelphis domestica	XP_056659242.1	XM_056803264.1	XP_056659242.1:E2_E3	XP_056659242.1:exon2	XP_056659242.1:exon3	E2 → E3	145	356	mapped	IPR013098:65-142	IPR013098	Ig1	end	142	3	3	near_domain_edge	True	0.733	
CBG16	msa_aligned_position	supported_comparable	22	alligator_mississippiensis,ambystoma_mexicanum,anolis_carolinensis,bos_taurus,callithrix_jacchus,chrysemys_picta_bellii,danio_rerio,equus_caballus,felis_catus,gallus_gallus,macaca_mulatta,monodelphis_domestica,oreochromis_niloticus,ornithorhynchus_anatinus,oryctolagus_cuniculus,oryzias_latipes,ovis_aries,pan_troglodytes,pongo_abelii,rattus_norvegicus,sus_scrofa,taeniopygia_guttata	356	example	ornithorhynchus_anatinus	Ornithorhynchus anatinus	XP_028936644.1	XM_029080811.2	XP_028936644.1:E2_E3	XP_028936644.1:exon2	XP_028936644.1:exon3	E2 → E3	145	356	mapped	IPR013151:69-137	IPR013151	Ig1	end	137	8	8	outside_annotated_domains	True	0.733	
CBG16	msa_aligned_position	supported_comparable	22	alligator_mississippiensis,ambystoma_mexicanum,anolis_carolinensis,bos_taurus,callithrix_jacchus,chrysemys_picta_bellii,danio_rerio,equus_caballus,felis_catus,gallus_gallus,macaca_mulatta,monodelphis_domestica,oreochromis_niloticus,ornithorhynchus_anatinus,oryctolagus_cuniculus,oryzias_latipes,ovis_aries,pan_troglodytes,pongo_abelii,rattus_norvegicus,sus_scrofa,taeniopygia_guttata	356	example	gallus_gallus	Gallus gallus	NP_990650.2	NM_205319.4	NP_990650.2:E2_E3	NP_990650.2:exon2	NP_990650.2:exon3	E2 → E3	148	356	mapped	IPR007110:67-131	IPR007110	Ig1	end	131	17	17	outside_annotated_domains	True	0.733	
CBG16	msa_aligned_position	supported_comparable	22	alligator_mississippiensis,ambystoma_mexicanum,anolis_carolinensis,bos_taurus,callithrix_jacchus,chrysemys_picta_bellii,danio_rerio,equus_caballus,felis_catus,gallus_gallus,macaca_mulatta,monodelphis_domestica,oreochromis_niloticus,ornithorhynchus_anatinus,oryctolagus_cuniculus,oryzias_latipes,ovis_aries,pan_troglodytes,pongo_abelii,rattus_norvegicus,sus_scrofa,taeniopygia_guttata	356	example	taeniopygia_guttata	Taeniopygia guttata	XP_072787409.1	XM_072931308.1	XP_072787409.1:E3_E4	XP_072787409.1:exon3	XP_072787409.1:exon4	E3 → E4	196	356	mapped	IPR007110:115-179	IPR007110	Ig1	end	179	17	17	outside_annotated_domains	True	0.733	
CBG16	msa_aligned_position	supported_comparable	22	alligator_mississippiensis,ambystoma_mexicanum,anolis_carolinensis,bos_taurus,callithrix_jacchus,chrysemys_picta_bellii,danio_rerio,equus_caballus,felis_catus,gallus_gallus,macaca_mulatta,monodelphis_domestica,oreochromis_niloticus,ornithorhynchus_anatinus,oryctolagus_cuniculus,oryzias_latipes,ovis_aries,pan_troglodytes,pongo_abelii,rattus_norvegicus,sus_scrofa,taeniopygia_guttata	356	example	anolis_carolinensis	Anolis carolinensis	XP_062832081.1	XM_062976011.1	XP_062832081.1:E3_E4	XP_062832081.1:exon3	XP_062832081.1:exon4	E3 → E4	179	356	mapped	IPR007110:102-166	IPR007110	Ig1	end	166	13	13	outside_annotated_domains	True	0.733	
CBG16	msa_aligned_position	supported_comparable	22	alligator_mississippiensis,ambystoma_mexicanum,anolis_carolinensis,bos_taurus,callithrix_jacchus,chrysemys_picta_bellii,danio_rerio,equus_caballus,felis_catus,gallus_gallus,macaca_mulatta,monodelphis_domestica,oreochromis_niloticus,ornithorhynchus_anatinus,oryctolagus_cuniculus,oryzias_latipes,ovis_aries,pan_troglodytes,pongo_abelii,rattus_norvegicus,sus_scrofa,taeniopygia_guttata	356	example	alligator_mississippiensis	Alligator mississippiensis	XP_006266188.1	XM_006266126.4	XP_006266188.1:E2_E3	XP_006266188.1:exon2	XP_006266188.1:exon3	E2 → E3	148	356	mapped	IPR007110:67-131	IPR007110	Ig1	end	131	17	17	outside_annotated_domains	True	0.733	
CBG16	msa_aligned_position	supported_comparable	22	alligator_mississippiensis,ambystoma_mexicanum,anolis_carolinensis,bos_taurus,callithrix_jacchus,chrysemys_picta_bellii,danio_rerio,equus_caballus,felis_catus,gallus_gallus,macaca_mulatta,monodelphis_domestica,oreochromis_niloticus,ornithorhynchus_anatinus,oryctolagus_cuniculus,oryzias_latipes,ovis_aries,pan_troglodytes,pongo_abelii,rattus_norvegicus,sus_scrofa,taeniopygia_guttata	356	example	chrysemys_picta_bellii	Chrysemys picta bellii	XP_065408413.1	XM_065552341.1	XP_065408413.1:E2_E3	XP_065408413.1:exon2	XP_065408413.1:exon3	E2 → E3	146	356	mapped	IPR007110:67-129	IPR007110	Ig1	end	129	17	17	outside_annotated_domains	True	0.733	
CBG16	msa_aligned_position	supported_comparable	22	alligator_mississippiensis,ambystoma_mexicanum,anolis_carolinensis,bos_taurus,callithrix_jacchus,chrysemys_picta_bellii,danio_rerio,equus_caballus,felis_catus,gallus_gallus,macaca_mulatta,monodelphis_domestica,oreochromis_niloticus,ornithorhynchus_anatinus,oryctolagus_cuniculus,oryzias_latipes,ovis_aries,pan_troglodytes,pongo_abelii,rattus_norvegicus,sus_scrofa,taeniopygia_guttata	356	example	ambystoma_mexicanum	Ambystoma mexicanum	XP_069468056.1	XM_069611955.1	XP_069468056.1:E2_E3	XP_069468056.1:exon2	XP_069468056.1:exon3	E2 → E3	145	356	mapped	IPR007110:58-144	IPR007110	Ig1	end	144	1	1	near_domain_edge	True	0.733	
CBG16	msa_aligned_position	supported_comparable	22	alligator_mississippiensis,ambystoma_mexicanum,anolis_carolinensis,bos_taurus,callithrix_jacchus,chrysemys_picta_bellii,danio_rerio,equus_caballus,felis_catus,gallus_gallus,macaca_mulatta,monodelphis_domestica,oreochromis_niloticus,ornithorhynchus_anatinus,oryctolagus_cuniculus,oryzias_latipes,ovis_aries,pan_troglodytes,pongo_abelii,rattus_norvegicus,sus_scrofa,taeniopygia_guttata	356	example	danio_rerio	Danio rerio	XP_068081038.1	XM_068224937.2	XP_068081038.1:E2_E3	XP_068081038.1:exon2	XP_068081038.1:exon3	E2 → E3	150	356	mapped	IPR013098:75-137	IPR013098	Ig1	end	137	13	13	outside_annotated_domains	True	0.733	
CBG16	msa_aligned_position	supported_comparable	22	alligator_mississippiensis,ambystoma_mexicanum,anolis_carolinensis,bos_taurus,callithrix_jacchus,chrysemys_picta_bellii,danio_rerio,equus_caballus,felis_catus,gallus_gallus,macaca_mulatta,monodelphis_domestica,oreochromis_niloticus,ornithorhynchus_anatinus,oryctolagus_cuniculus,oryzias_latipes,ovis_aries,pan_troglodytes,pongo_abelii,rattus_norvegicus,sus_scrofa,taeniopygia_guttata	356	example	oryzias_latipes	Oryzias latipes	XP_078787744.1	XM_078931618.1	XP_078787744.1:E2_E3	XP_078787744.1:exon2	XP_078787744.1:exon3	E2 → E3	143	356	mapped	IPR007110:67-128	IPR007110	Ig1	end	128	15	15	outside_annotated_domains	True	0.733	
CBG16	msa_aligned_position	supported_comparable	22	alligator_mississippiensis,ambystoma_mexicanum,anolis_carolinensis,bos_taurus,callithrix_jacchus,chrysemys_picta_bellii,danio_rerio,equus_caballus,felis_catus,gallus_gallus,macaca_mulatta,monodelphis_domestica,oreochromis_niloticus,ornithorhynchus_anatinus,oryctolagus_cuniculus,oryzias_latipes,ovis_aries,pan_troglodytes,pongo_abelii,rattus_norvegicus,sus_scrofa,taeniopygia_guttata	356	example	oreochromis_niloticus	Oreochromis niloticus	ENSONIP00000063320	ENSONIT00000047381	ENSONIP00000063320:E2_E3	ENSONIP00000063320:exon2	ENSONIP00000063320:exon3	E2 → E3	125	356	mapped	IPR007110:49-110	IPR007110	Ig1	end	110	15	15	outside_annotated_domains	True	0.733	
CBG17	msa_aligned_position	supported_comparable	22	alligator_mississippiensis,ambystoma_mexicanum,anolis_carolinensis,bos_taurus,callithrix_jacchus,chrysemys_picta_bellii,danio_rerio,equus_caballus,felis_catus,gallus_gallus,macaca_mulatta,monodelphis_domestica,oreochromis_niloticus,ornithorhynchus_anatinus,oryctolagus_cuniculus,oryzias_latipes,ovis_aries,pan_troglodytes,pongo_abelii,rattus_norvegicus,sus_scrofa,taeniopygia_guttata	388	example	pan_troglodytes	Pan troglodytes	XP_054516514.1	XM_054660539.2	XP_054516514.1:E3_E4	XP_054516514.1:exon3	XP_054516514.1:exon4	E3 → E4	171	388	mapped	IPR013098:190-267	IPR013098	Ig2	start	190	-19	19	outside_annotated_domains	True	0.733	
CBG17	msa_aligned_position	supported_comparable	22	alligator_mississippiensis,ambystoma_mexicanum,anolis_carolinensis,bos_taurus,callithrix_jacchus,chrysemys_picta_bellii,danio_rerio,equus_caballus,felis_catus,gallus_gallus,macaca_mulatta,monodelphis_domestica,oreochromis_niloticus,ornithorhynchus_anatinus,oryctolagus_cuniculus,oryzias_latipes,ovis_aries,pan_troglodytes,pongo_abelii,rattus_norvegicus,sus_scrofa,taeniopygia_guttata	388	example	pongo_abelii	Pongo abelii	XP_024108704.1	XM_024252936	XP_024108704.1:E3_E4	XP_024108704.1:exon3	XP_024108704.1:exon4	E3 → E4	171	388	mapped	IPR013098:190-267	IPR013098	Ig2	start	190	-19	19	outside_annotated_domains	True	0.733	
CBG17	msa_aligned_position	supported_comparable	22	alligator_mississippiensis,ambystoma_mexicanum,anolis_carolinensis,bos_taurus,callithrix_jacchus,chrysemys_picta_bellii,danio_rerio,equus_caballus,felis_catus,gallus_gallus,macaca_mulatta,monodelphis_domestica,oreochromis_niloticus,ornithorhynchus_anatinus,oryctolagus_cuniculus,oryzias_latipes,ovis_aries,pan_troglodytes,pongo_abelii,rattus_norvegicus,sus_scrofa,taeniopygia_guttata	388	example	macaca_mulatta	Macaca mulatta	XP_077803775.1	XM_077947649.1	XP_077803775.1:E3_E4	XP_077803775.1:exon3	XP_077803775.1:exon4	E3 → E4	171	388	mapped	IPR013098:190-267	IPR013098	Ig2	start	190	-19	19	outside_annotated_domains	True	0.733	
CBG17	msa_aligned_position	supported_comparable	22	alligator_mississippiensis,ambystoma_mexicanum,anolis_carolinensis,bos_taurus,callithrix_jacchus,chrysemys_picta_bellii,danio_rerio,equus_caballus,felis_catus,gallus_gallus,macaca_mulatta,monodelphis_domestica,oreochromis_niloticus,ornithorhynchus_anatinus,oryctolagus_cuniculus,oryzias_latipes,ovis_aries,pan_troglodytes,pongo_abelii,rattus_norvegicus,sus_scrofa,taeniopygia_guttata	388	example	callithrix_jacchus	Callithrix jacchus	XP_078202765.1	XM_078346639.1	XP_078202765.1:E3_E4	XP_078202765.1:exon3	XP_078202765.1:exon4	E3 → E4	171	388	mapped	IPR013098:190-267	IPR013098	Ig2	start	190	-19	19	outside_annotated_domains	True	0.733	
CBG17	msa_aligned_position	supported_comparable	22	alligator_mississippiensis,ambystoma_mexicanum,anolis_carolinensis,bos_taurus,callithrix_jacchus,chrysemys_picta_bellii,danio_rerio,equus_caballus,felis_catus,gallus_gallus,macaca_mulatta,monodelphis_domestica,oreochromis_niloticus,ornithorhynchus_anatinus,oryctolagus_cuniculus,oryzias_latipes,ovis_aries,pan_troglodytes,pongo_abelii,rattus_norvegicus,sus_scrofa,taeniopygia_guttata	388	example	rattus_norvegicus	Rattus norvegicus	XP_063137149.1	XM_063281079.1	XP_063137149.1:E3_E4	XP_063137149.1:exon3	XP_063137149.1:exon4	E3 → E4	171	388	mapped	IPR013098:190-267	IPR013098	Ig2	start	190	-19	19	outside_annotated_domains	True	0.733	
CBG17	msa_aligned_position	supported_comparable	22	alligator_mississippiensis,ambystoma_mexicanum,anolis_carolinensis,bos_taurus,callithrix_jacchus,chrysemys_picta_bellii,danio_rerio,equus_caballus,felis_catus,gallus_gallus,macaca_mulatta,monodelphis_domestica,oreochromis_niloticus,ornithorhynchus_anatinus,oryctolagus_cuniculus,oryzias_latipes,ovis_aries,pan_troglodytes,pongo_abelii,rattus_norvegicus,sus_scrofa,taeniopygia_guttata	388	example	oryctolagus_cuniculus	Oryctolagus cuniculus	XP_069913096.1	XM_070056995.1	XP_069913096.1:E3_E4	XP_069913096.1:exon3	XP_069913096.1:exon4	E3 → E4	171	388	mapped	IPR013098:190-267	IPR013098	Ig2	start	190	-19	19	outside_annotated_domains	True	0.733	
CBG17	msa_aligned_position	supported_comparable	22	alligator_mississippiensis,ambystoma_mexicanum,anolis_carolinensis,bos_taurus,callithrix_jacchus,chrysemys_picta_bellii,danio_rerio,equus_caballus,felis_catus,gallus_gallus,macaca_mulatta,monodelphis_domestica,oreochromis_niloticus,ornithorhynchus_anatinus,oryctolagus_cuniculus,oryzias_latipes,ovis_aries,pan_troglodytes,pongo_abelii,rattus_norvegicus,sus_scrofa,taeniopygia_guttata	388	example	felis_catus	Felis catus	XP_044896695.1	XM_045040760.1	XP_044896695.1:E3_E4	XP_044896695.1:exon3	XP_044896695.1:exon4	E3 → E4	171	388	mapped	IPR013098:190-267	IPR013098	Ig2	start	190	-19	19	outside_annotated_domains	True	0.733	
CBG17	msa_aligned_position	supported_comparable	22	alligator_mississippiensis,ambystoma_mexicanum,anolis_carolinensis,bos_taurus,callithrix_jacchus,chrysemys_picta_bellii,danio_rerio,equus_caballus,felis_catus,gallus_gallus,macaca_mulatta,monodelphis_domestica,oreochromis_niloticus,ornithorhynchus_anatinus,oryctolagus_cuniculus,oryzias_latipes,ovis_aries,pan_troglodytes,pongo_abelii,rattus_norvegicus,sus_scrofa,taeniopygia_guttata	388	example	bos_taurus	Bos taurus	XP_059737724.1	XM_059881741.1	XP_059737724.1:E3_E4	XP_059737724.1:exon3	XP_059737724.1:exon4	E3 → E4	171	388	mapped	IPR013098:190-267	IPR013098	Ig2	start	190	-19	19	outside_annotated_domains	True	0.733	
CBG17	msa_aligned_position	supported_comparable	22	alligator_mississippiensis,ambystoma_mexicanum,anolis_carolinensis,bos_taurus,callithrix_jacchus,chrysemys_picta_bellii,danio_rerio,equus_caballus,felis_catus,gallus_gallus,macaca_mulatta,monodelphis_domestica,oreochromis_niloticus,ornithorhynchus_anatinus,oryctolagus_cuniculus,oryzias_latipes,ovis_aries,pan_troglodytes,pongo_abelii,rattus_norvegicus,sus_scrofa,taeniopygia_guttata	388	example	sus_scrofa	Sus scrofa	XP_084849197.1	XM_084993071.1	XP_084849197.1:E3_E4	XP_084849197.1:exon3	XP_084849197.1:exon4	E3 → E4	171	388	mapped	IPR013098:190-267	IPR013098	Ig2	start	190	-19	19	outside_annotated_domains	True	0.733	
CBG17	msa_aligned_position	supported_comparable	22	alligator_mississippiensis,ambystoma_mexicanum,anolis_carolinensis,bos_taurus,callithrix_jacchus,chrysemys_picta_bellii,danio_rerio,equus_caballus,felis_catus,gallus_gallus,macaca_mulatta,monodelphis_domestica,oreochromis_niloticus,ornithorhynchus_anatinus,oryctolagus_cuniculus,oryzias_latipes,ovis_aries,pan_troglodytes,pongo_abelii,rattus_norvegicus,sus_scrofa,taeniopygia_guttata	388	example	equus_caballus	Equus caballus	XP_014588430.1	XM_014732944.3	XP_014588430.1:E4_E5	XP_014588430.1:exon4	XP_014588430.1:exon5	E4 → E5	221	388	mapped	IPR013098:240-317	IPR013098	Ig2	start	240	-19	19	outside_annotated_domains	True	0.733	
CBG17	msa_aligned_position	supported_comparable	22	alligator_mississippiensis,ambystoma_mexicanum,anolis_carolinensis,bos_taurus,callithrix_jacchus,chrysemys_picta_bellii,danio_rerio,equus_caballus,felis_catus,gallus_gallus,macaca_mulatta,monodelphis_domestica,oreochromis_niloticus,ornithorhynchus_anatinus,oryctolagus_cuniculus,oryzias_latipes,ovis_aries,pan_troglodytes,pongo_abelii,rattus_norvegicus,sus_scrofa,taeniopygia_guttata	388	example	ovis_aries	Ovis aries	XP_060260490.1	XM_060404507.1	XP_060260490.1:E3_E4	XP_060260490.1:exon3	XP_060260490.1:exon4	E3 → E4	171	388	mapped	IPR013098:190-267	IPR013098	Ig2	start	190	-19	19	outside_annotated_domains	True	0.733	
CBG17	msa_aligned_position	supported_comparable	22	alligator_mississippiensis,ambystoma_mexicanum,anolis_carolinensis,bos_taurus,callithrix_jacchus,chrysemys_picta_bellii,danio_rerio,equus_caballus,felis_catus,gallus_gallus,macaca_mulatta,monodelphis_domestica,oreochromis_niloticus,ornithorhynchus_anatinus,oryctolagus_cuniculus,oryzias_latipes,ovis_aries,pan_troglodytes,pongo_abelii,rattus_norvegicus,sus_scrofa,taeniopygia_guttata	388	example	monodelphis_domestica	Monodelphis domestica	XP_056659242.1	XM_056803264.1	XP_056659242.1:E3_E4	XP_056659242.1:exon3	XP_056659242.1:exon4	E3 → E4	170	388	mapped	IPR013098:189-266	IPR013098	Ig2	start	189	-19	19	outside_annotated_domains	True	0.733	
CBG17	msa_aligned_position	supported_comparable	22	alligator_mississippiensis,ambystoma_mexicanum,anolis_carolinensis,bos_taurus,callithrix_jacchus,chrysemys_picta_bellii,danio_rerio,equus_caballus,felis_catus,gallus_gallus,macaca_mulatta,monodelphis_domestica,oreochromis_niloticus,ornithorhynchus_anatinus,oryctolagus_cuniculus,oryzias_latipes,ovis_aries,pan_troglodytes,pongo_abelii,rattus_norvegicus,sus_scrofa,taeniopygia_guttata	388	example	ornithorhynchus_anatinus	Ornithorhynchus anatinus	XP_028936644.1	XM_029080811.2	XP_028936644.1:E3_E4	XP_028936644.1:exon3	XP_028936644.1:exon4	E3 → E4	170	388	mapped	IPR013098:189-266	IPR013098	Ig2	start	189	-19	19	outside_annotated_domains	True	0.733	
CBG17	msa_aligned_position	supported_comparable	22	alligator_mississippiensis,ambystoma_mexicanum,anolis_carolinensis,bos_taurus,callithrix_jacchus,chrysemys_picta_bellii,danio_rerio,equus_caballus,felis_catus,gallus_gallus,macaca_mulatta,monodelphis_domestica,oreochromis_niloticus,ornithorhynchus_anatinus,oryctolagus_cuniculus,oryzias_latipes,ovis_aries,pan_troglodytes,pongo_abelii,rattus_norvegicus,sus_scrofa,taeniopygia_guttata	388	example	gallus_gallus	Gallus gallus	NP_990650.2	NM_205319.4	NP_990650.2:E3_E4	NP_990650.2:exon3	NP_990650.2:exon4	E3 → E4	173	388	mapped	IPR013098:192-269	IPR013098	Ig2	start	192	-19	19	outside_annotated_domains	True	0.733	
CBG17	msa_aligned_position	supported_comparable	22	alligator_mississippiensis,ambystoma_mexicanum,anolis_carolinensis,bos_taurus,callithrix_jacchus,chrysemys_picta_bellii,danio_rerio,equus_caballus,felis_catus,gallus_gallus,macaca_mulatta,monodelphis_domestica,oreochromis_niloticus,ornithorhynchus_anatinus,oryctolagus_cuniculus,oryzias_latipes,ovis_aries,pan_troglodytes,pongo_abelii,rattus_norvegicus,sus_scrofa,taeniopygia_guttata	388	example	taeniopygia_guttata	Taeniopygia guttata	XP_072787409.1	XM_072931308.1	XP_072787409.1:E4_E5	XP_072787409.1:exon4	XP_072787409.1:exon5	E4 → E5	221	388	mapped	IPR013098:240-317	IPR013098	Ig2	start	240	-19	19	outside_annotated_domains	True	0.733	
CBG17	msa_aligned_position	supported_comparable	22	alligator_mississippiensis,ambystoma_mexicanum,anolis_carolinensis,bos_taurus,callithrix_jacchus,chrysemys_picta_bellii,danio_rerio,equus_caballus,felis_catus,gallus_gallus,macaca_mulatta,monodelphis_domestica,oreochromis_niloticus,ornithorhynchus_anatinus,oryctolagus_cuniculus,oryzias_latipes,ovis_aries,pan_troglodytes,pongo_abelii,rattus_norvegicus,sus_scrofa,taeniopygia_guttata	388	example	anolis_carolinensis	Anolis carolinensis	XP_062832081.1	XM_062976011.1	XP_062832081.1:E4_E5	XP_062832081.1:exon4	XP_062832081.1:exon5	E4 → E5	204	388	mapped	IPR013098:223-300	IPR013098	Ig2	start	223	-19	19	outside_annotated_domains	True	0.733	
CBG17	msa_aligned_position	supported_comparable	22	alligator_mississippiensis,ambystoma_mexicanum,anolis_carolinensis,bos_taurus,callithrix_jacchus,chrysemys_picta_bellii,danio_rerio,equus_caballus,felis_catus,gallus_gallus,macaca_mulatta,monodelphis_domestica,oreochromis_niloticus,ornithorhynchus_anatinus,oryctolagus_cuniculus,oryzias_latipes,ovis_aries,pan_troglodytes,pongo_abelii,rattus_norvegicus,sus_scrofa,taeniopygia_guttata	388	example	alligator_mississippiensis	Alligator mississippiensis	XP_006266188.1	XM_006266126.4	XP_006266188.1:E3_E4	XP_006266188.1:exon3	XP_006266188.1:exon4	E3 → E4	173	388	mapped	IPR013098:192-269	IPR013098	Ig2	start	192	-19	19	outside_annotated_domains	True	0.733	
CBG17	msa_aligned_position	supported_comparable	22	alligator_mississippiensis,ambystoma_mexicanum,anolis_carolinensis,bos_taurus,callithrix_jacchus,chrysemys_picta_bellii,danio_rerio,equus_caballus,felis_catus,gallus_gallus,macaca_mulatta,monodelphis_domestica,oreochromis_niloticus,ornithorhynchus_anatinus,oryctolagus_cuniculus,oryzias_latipes,ovis_aries,pan_troglodytes,pongo_abelii,rattus_norvegicus,sus_scrofa,taeniopygia_guttata	388	example	chrysemys_picta_bellii	Chrysemys picta bellii	XP_065408413.1	XM_065552341.1	XP_065408413.1:E3_E4	XP_065408413.1:exon3	XP_065408413.1:exon4	E3 → E4	171	388	mapped	IPR013098:190-267	IPR013098	Ig2	start	190	-19	19	outside_annotated_domains	True	0.733	
CBG17	msa_aligned_position	supported_comparable	22	alligator_mississippiensis,ambystoma_mexicanum,anolis_carolinensis,bos_taurus,callithrix_jacchus,chrysemys_picta_bellii,danio_rerio,equus_caballus,felis_catus,gallus_gallus,macaca_mulatta,monodelphis_domestica,oreochromis_niloticus,ornithorhynchus_anatinus,oryctolagus_cuniculus,oryzias_latipes,ovis_aries,pan_troglodytes,pongo_abelii,rattus_norvegicus,sus_scrofa,taeniopygia_guttata	388	example	ambystoma_mexicanum	Ambystoma mexicanum	XP_069468056.1	XM_069611955.1	XP_069468056.1:E3_E4	XP_069468056.1:exon3	XP_069468056.1:exon4	E3 → E4	170	388	mapped	IPR013098:189-266	IPR013098	Ig2	start	189	-19	19	outside_annotated_domains	True	0.733	
CBG17	msa_aligned_position	supported_comparable	22	alligator_mississippiensis,ambystoma_mexicanum,anolis_carolinensis,bos_taurus,callithrix_jacchus,chrysemys_picta_bellii,danio_rerio,equus_caballus,felis_catus,gallus_gallus,macaca_mulatta,monodelphis_domestica,oreochromis_niloticus,ornithorhynchus_anatinus,oryctolagus_cuniculus,oryzias_latipes,ovis_aries,pan_troglodytes,pongo_abelii,rattus_norvegicus,sus_scrofa,taeniopygia_guttata	388	example	danio_rerio	Danio rerio	XP_068081038.1	XM_068224937.2	XP_068081038.1:E3_E4	XP_068081038.1:exon3	XP_068081038.1:exon4	E3 → E4	175	388	mapped	IPR013098:193-271	IPR013098	Ig2	start	193	-18	18	outside_annotated_domains	True	0.733	
CBG17	msa_aligned_position	supported_comparable	22	alligator_mississippiensis,ambystoma_mexicanum,anolis_carolinensis,bos_taurus,callithrix_jacchus,chrysemys_picta_bellii,danio_rerio,equus_caballus,felis_catus,gallus_gallus,macaca_mulatta,monodelphis_domestica,oreochromis_niloticus,ornithorhynchus_anatinus,oryctolagus_cuniculus,oryzias_latipes,ovis_aries,pan_troglodytes,pongo_abelii,rattus_norvegicus,sus_scrofa,taeniopygia_guttata	388	example	oryzias_latipes	Oryzias latipes	XP_078787744.1	XM_078931618.1	XP_078787744.1:E3_E4	XP_078787744.1:exon3	XP_078787744.1:exon4	E3 → E4	168	388	mapped	IPR013098:187-264	IPR013098	Ig2	start	187	-19	19	outside_annotated_domains	True	0.733	
CBG17	msa_aligned_position	supported_comparable	22	alligator_mississippiensis,ambystoma_mexicanum,anolis_carolinensis,bos_taurus,callithrix_jacchus,chrysemys_picta_bellii,danio_rerio,equus_caballus,felis_catus,gallus_gallus,macaca_mulatta,monodelphis_domestica,oreochromis_niloticus,ornithorhynchus_anatinus,oryctolagus_cuniculus,oryzias_latipes,ovis_aries,pan_troglodytes,pongo_abelii,rattus_norvegicus,sus_scrofa,taeniopygia_guttata	388	example	oreochromis_niloticus	Oreochromis niloticus	ENSONIP00000063320	ENSONIT00000047381	ENSONIP00000063320:E3_E4	ENSONIP00000063320:exon3	ENSONIP00000063320:exon4	E3 → E4	150	388	mapped	IPR013098:168-246	IPR013098	Ig2	start	168	-18	18	outside_annotated_domains	True	0.733	
CBG18	msa_aligned_position	supported_comparable	22	alligator_mississippiensis,ambystoma_mexicanum,anolis_carolinensis,bos_taurus,callithrix_jacchus,chrysemys_picta_bellii,danio_rerio,equus_caballus,felis_catus,gallus_gallus,macaca_mulatta,monodelphis_domestica,oreochromis_niloticus,ornithorhynchus_anatinus,oryctolagus_cuniculus,oryzias_latipes,ovis_aries,pan_troglodytes,pongo_abelii,rattus_norvegicus,sus_scrofa,taeniopygia_guttata	444	example	pan_troglodytes	Pan troglodytes	XP_054516514.1	XM_054660539.2	XP_054516514.1:E4_E5	XP_054516514.1:exon4	XP_054516514.1:exon5	E4 → E5	227	444	mapped	IPR013098:190-267	IPR013098	Ig2	start	190	37	37	inside_domain	True	0.733	
CBG18	msa_aligned_position	supported_comparable	22	alligator_mississippiensis,ambystoma_mexicanum,anolis_carolinensis,bos_taurus,callithrix_jacchus,chrysemys_picta_bellii,danio_rerio,equus_caballus,felis_catus,gallus_gallus,macaca_mulatta,monodelphis_domestica,oreochromis_niloticus,ornithorhynchus_anatinus,oryctolagus_cuniculus,oryzias_latipes,ovis_aries,pan_troglodytes,pongo_abelii,rattus_norvegicus,sus_scrofa,taeniopygia_guttata	444	example	pongo_abelii	Pongo abelii	XP_024108704.1	XM_024252936	XP_024108704.1:E4_E5	XP_024108704.1:exon4	XP_024108704.1:exon5	E4 → E5	227	444	mapped	IPR013098:190-267	IPR013098	Ig2	start	190	37	37	inside_domain	True	0.733	
CBG18	msa_aligned_position	supported_comparable	22	alligator_mississippiensis,ambystoma_mexicanum,anolis_carolinensis,bos_taurus,callithrix_jacchus,chrysemys_picta_bellii,danio_rerio,equus_caballus,felis_catus,gallus_gallus,macaca_mulatta,monodelphis_domestica,oreochromis_niloticus,ornithorhynchus_anatinus,oryctolagus_cuniculus,oryzias_latipes,ovis_aries,pan_troglodytes,pongo_abelii,rattus_norvegicus,sus_scrofa,taeniopygia_guttata	444	example	macaca_mulatta	Macaca mulatta	XP_077803775.1	XM_077947649.1	XP_077803775.1:E4_E5	XP_077803775.1:exon4	XP_077803775.1:exon5	E4 → E5	227	444	mapped	IPR013098:190-267	IPR013098	Ig2	start	190	37	37	inside_domain	True	0.733	
CBG18	msa_aligned_position	supported_comparable	22	alligator_mississippiensis,ambystoma_mexicanum,anolis_carolinensis,bos_taurus,callithrix_jacchus,chrysemys_picta_bellii,danio_rerio,equus_caballus,felis_catus,gallus_gallus,macaca_mulatta,monodelphis_domestica,oreochromis_niloticus,ornithorhynchus_anatinus,oryctolagus_cuniculus,oryzias_latipes,ovis_aries,pan_troglodytes,pongo_abelii,rattus_norvegicus,sus_scrofa,taeniopygia_guttata	444	example	callithrix_jacchus	Callithrix jacchus	XP_078202765.1	XM_078346639.1	XP_078202765.1:E4_E5	XP_078202765.1:exon4	XP_078202765.1:exon5	E4 → E5	227	444	mapped	IPR013098:190-267	IPR013098	Ig2	start	190	37	37	inside_domain	True	0.733	
CBG18	msa_aligned_position	supported_comparable	22	alligator_mississippiensis,ambystoma_mexicanum,anolis_carolinensis,bos_taurus,callithrix_jacchus,chrysemys_picta_bellii,danio_rerio,equus_caballus,felis_catus,gallus_gallus,macaca_mulatta,monodelphis_domestica,oreochromis_niloticus,ornithorhynchus_anatinus,oryctolagus_cuniculus,oryzias_latipes,ovis_aries,pan_troglodytes,pongo_abelii,rattus_norvegicus,sus_scrofa,taeniopygia_guttata	444	example	rattus_norvegicus	Rattus norvegicus	XP_063137149.1	XM_063281079.1	XP_063137149.1:E4_E5	XP_063137149.1:exon4	XP_063137149.1:exon5	E4 → E5	227	444	mapped	IPR013098:190-267	IPR013098	Ig2	start	190	37	37	inside_domain	True	0.733	
CBG18	msa_aligned_position	supported_comparable	22	alligator_mississippiensis,ambystoma_mexicanum,anolis_carolinensis,bos_taurus,callithrix_jacchus,chrysemys_picta_bellii,danio_rerio,equus_caballus,felis_catus,gallus_gallus,macaca_mulatta,monodelphis_domestica,oreochromis_niloticus,ornithorhynchus_anatinus,oryctolagus_cuniculus,oryzias_latipes,ovis_aries,pan_troglodytes,pongo_abelii,rattus_norvegicus,sus_scrofa,taeniopygia_guttata	444	example	oryctolagus_cuniculus	Oryctolagus cuniculus	XP_069913096.1	XM_070056995.1	XP_069913096.1:E4_E5	XP_069913096.1:exon4	XP_069913096.1:exon5	E4 → E5	227	444	mapped	IPR013098:190-267	IPR013098	Ig2	start	190	37	37	inside_domain	True	0.733	
CBG18	msa_aligned_position	supported_comparable	22	alligator_mississippiensis,ambystoma_mexicanum,anolis_carolinensis,bos_taurus,callithrix_jacchus,chrysemys_picta_bellii,danio_rerio,equus_caballus,felis_catus,gallus_gallus,macaca_mulatta,monodelphis_domestica,oreochromis_niloticus,ornithorhynchus_anatinus,oryctolagus_cuniculus,oryzias_latipes,ovis_aries,pan_troglodytes,pongo_abelii,rattus_norvegicus,sus_scrofa,taeniopygia_guttata	444	example	felis_catus	Felis catus	XP_044896695.1	XM_045040760.1	XP_044896695.1:E4_E5	XP_044896695.1:exon4	XP_044896695.1:exon5	E4 → E5	227	444	mapped	IPR013098:190-267	IPR013098	Ig2	start	190	37	37	inside_domain	True	0.733	
CBG18	msa_aligned_position	supported_comparable	22	alligator_mississippiensis,ambystoma_mexicanum,anolis_carolinensis,bos_taurus,callithrix_jacchus,chrysemys_picta_bellii,danio_rerio,equus_caballus,felis_catus,gallus_gallus,macaca_mulatta,monodelphis_domestica,oreochromis_niloticus,ornithorhynchus_anatinus,oryctolagus_cuniculus,oryzias_latipes,ovis_aries,pan_troglodytes,pongo_abelii,rattus_norvegicus,sus_scrofa,taeniopygia_guttata	444	example	bos_taurus	Bos taurus	XP_059737724.1	XM_059881741.1	XP_059737724.1:E4_E5	XP_059737724.1:exon4	XP_059737724.1:exon5	E4 → E5	227	444	mapped	IPR013098:190-267	IPR013098	Ig2	start	190	37	37	inside_domain	True	0.733	
CBG18	msa_aligned_position	supported_comparable	22	alligator_mississippiensis,ambystoma_mexicanum,anolis_carolinensis,bos_taurus,callithrix_jacchus,chrysemys_picta_bellii,danio_rerio,equus_caballus,felis_catus,gallus_gallus,macaca_mulatta,monodelphis_domestica,oreochromis_niloticus,ornithorhynchus_anatinus,oryctolagus_cuniculus,oryzias_latipes,ovis_aries,pan_troglodytes,pongo_abelii,rattus_norvegicus,sus_scrofa,taeniopygia_guttata	444	example	sus_scrofa	Sus scrofa	XP_084849197.1	XM_084993071.1	XP_084849197.1:E4_E5	XP_084849197.1:exon4	XP_084849197.1:exon5	E4 → E5	227	444	mapped	IPR013098:190-267	IPR013098	Ig2	start	190	37	37	inside_domain	True	0.733	
CBG18	msa_aligned_position	supported_comparable	22	alligator_mississippiensis,ambystoma_mexicanum,anolis_carolinensis,bos_taurus,callithrix_jacchus,chrysemys_picta_bellii,danio_rerio,equus_caballus,felis_catus,gallus_gallus,macaca_mulatta,monodelphis_domestica,oreochromis_niloticus,ornithorhynchus_anatinus,oryctolagus_cuniculus,oryzias_latipes,ovis_aries,pan_troglodytes,pongo_abelii,rattus_norvegicus,sus_scrofa,taeniopygia_guttata	444	example	equus_caballus	Equus caballus	XP_014588430.1	XM_014732944.3	XP_014588430.1:E5_E6	XP_014588430.1:exon5	XP_014588430.1:exon6	E5 → E6	277	444	mapped	IPR013098:240-317	IPR013098	Ig2	start	240	37	37	inside_domain	True	0.733	
CBG18	msa_aligned_position	supported_comparable	22	alligator_mississippiensis,ambystoma_mexicanum,anolis_carolinensis,bos_taurus,callithrix_jacchus,chrysemys_picta_bellii,danio_rerio,equus_caballus,felis_catus,gallus_gallus,macaca_mulatta,monodelphis_domestica,oreochromis_niloticus,ornithorhynchus_anatinus,oryctolagus_cuniculus,oryzias_latipes,ovis_aries,pan_troglodytes,pongo_abelii,rattus_norvegicus,sus_scrofa,taeniopygia_guttata	444	example	ovis_aries	Ovis aries	XP_060260490.1	XM_060404507.1	XP_060260490.1:E4_E5	XP_060260490.1:exon4	XP_060260490.1:exon5	E4 → E5	227	444	mapped	IPR013098:190-267	IPR013098	Ig2	start	190	37	37	inside_domain	True	0.733	
CBG18	msa_aligned_position	supported_comparable	22	alligator_mississippiensis,ambystoma_mexicanum,anolis_carolinensis,bos_taurus,callithrix_jacchus,chrysemys_picta_bellii,danio_rerio,equus_caballus,felis_catus,gallus_gallus,macaca_mulatta,monodelphis_domestica,oreochromis_niloticus,ornithorhynchus_anatinus,oryctolagus_cuniculus,oryzias_latipes,ovis_aries,pan_troglodytes,pongo_abelii,rattus_norvegicus,sus_scrofa,taeniopygia_guttata	444	example	monodelphis_domestica	Monodelphis domestica	XP_056659242.1	XM_056803264.1	XP_056659242.1:E4_E5	XP_056659242.1:exon4	XP_056659242.1:exon5	E4 → E5	226	444	mapped	IPR013098:189-266	IPR013098	Ig2	start	189	37	37	inside_domain	True	0.733	
CBG18	msa_aligned_position	supported_comparable	22	alligator_mississippiensis,ambystoma_mexicanum,anolis_carolinensis,bos_taurus,callithrix_jacchus,chrysemys_picta_bellii,danio_rerio,equus_caballus,felis_catus,gallus_gallus,macaca_mulatta,monodelphis_domestica,oreochromis_niloticus,ornithorhynchus_anatinus,oryctolagus_cuniculus,oryzias_latipes,ovis_aries,pan_troglodytes,pongo_abelii,rattus_norvegicus,sus_scrofa,taeniopygia_guttata	444	example	ornithorhynchus_anatinus	Ornithorhynchus anatinus	XP_028936644.1	XM_029080811.2	XP_028936644.1:E4_E5	XP_028936644.1:exon4	XP_028936644.1:exon5	E4 → E5	226	444	mapped	IPR013098:189-266	IPR013098	Ig2	start	189	37	37	inside_domain	True	0.733	
CBG18	msa_aligned_position	supported_comparable	22	alligator_mississippiensis,ambystoma_mexicanum,anolis_carolinensis,bos_taurus,callithrix_jacchus,chrysemys_picta_bellii,danio_rerio,equus_caballus,felis_catus,gallus_gallus,macaca_mulatta,monodelphis_domestica,oreochromis_niloticus,ornithorhynchus_anatinus,oryctolagus_cuniculus,oryzias_latipes,ovis_aries,pan_troglodytes,pongo_abelii,rattus_norvegicus,sus_scrofa,taeniopygia_guttata	444	example	gallus_gallus	Gallus gallus	NP_990650.2	NM_205319.4	NP_990650.2:E4_E5	NP_990650.2:exon4	NP_990650.2:exon5	E4 → E5	229	444	mapped	IPR013098:192-269	IPR013098	Ig2	start	192	37	37	inside_domain	True	0.733	
CBG18	msa_aligned_position	supported_comparable	22	alligator_mississippiensis,ambystoma_mexicanum,anolis_carolinensis,bos_taurus,callithrix_jacchus,chrysemys_picta_bellii,danio_rerio,equus_caballus,felis_catus,gallus_gallus,macaca_mulatta,monodelphis_domestica,oreochromis_niloticus,ornithorhynchus_anatinus,oryctolagus_cuniculus,oryzias_latipes,ovis_aries,pan_troglodytes,pongo_abelii,rattus_norvegicus,sus_scrofa,taeniopygia_guttata	444	example	taeniopygia_guttata	Taeniopygia guttata	XP_072787409.1	XM_072931308.1	XP_072787409.1:E5_E6	XP_072787409.1:exon5	XP_072787409.1:exon6	E5 → E6	277	444	mapped	IPR013098:240-317	IPR013098	Ig2	start	240	37	37	inside_domain	True	0.733	
CBG18	msa_aligned_position	supported_comparable	22	alligator_mississippiensis,ambystoma_mexicanum,anolis_carolinensis,bos_taurus,callithrix_jacchus,chrysemys_picta_bellii,danio_rerio,equus_caballus,felis_catus,gallus_gallus,macaca_mulatta,monodelphis_domestica,oreochromis_niloticus,ornithorhynchus_anatinus,oryctolagus_cuniculus,oryzias_latipes,ovis_aries,pan_troglodytes,pongo_abelii,rattus_norvegicus,sus_scrofa,taeniopygia_guttata	444	example	anolis_carolinensis	Anolis carolinensis	XP_062832081.1	XM_062976011.1	XP_062832081.1:E5_E6	XP_062832081.1:exon5	XP_062832081.1:exon6	E5 → E6	260	444	mapped	IPR013098:223-300	IPR013098	Ig2	start	223	37	37	inside_domain	True	0.733	
CBG18	msa_aligned_position	supported_comparable	22	alligator_mississippiensis,ambystoma_mexicanum,anolis_carolinensis,bos_taurus,callithrix_jacchus,chrysemys_picta_bellii,danio_rerio,equus_caballus,felis_catus,gallus_gallus,macaca_mulatta,monodelphis_domestica,oreochromis_niloticus,ornithorhynchus_anatinus,oryctolagus_cuniculus,oryzias_latipes,ovis_aries,pan_troglodytes,pongo_abelii,rattus_norvegicus,sus_scrofa,taeniopygia_guttata	444	example	alligator_mississippiensis	Alligator mississippiensis	XP_006266188.1	XM_006266126.4	XP_006266188.1:E4_E5	XP_006266188.1:exon4	XP_006266188.1:exon5	E4 → E5	229	444	mapped	IPR013098:192-269	IPR013098	Ig2	start	192	37	37	inside_domain	True	0.733	
CBG18	msa_aligned_position	supported_comparable	22	alligator_mississippiensis,ambystoma_mexicanum,anolis_carolinensis,bos_taurus,callithrix_jacchus,chrysemys_picta_bellii,danio_rerio,equus_caballus,felis_catus,gallus_gallus,macaca_mulatta,monodelphis_domestica,oreochromis_niloticus,ornithorhynchus_anatinus,oryctolagus_cuniculus,oryzias_latipes,ovis_aries,pan_troglodytes,pongo_abelii,rattus_norvegicus,sus_scrofa,taeniopygia_guttata	444	example	chrysemys_picta_bellii	Chrysemys picta bellii	XP_065408413.1	XM_065552341.1	XP_065408413.1:E4_E5	XP_065408413.1:exon4	XP_065408413.1:exon5	E4 → E5	227	444	mapped	IPR013098:190-267	IPR013098	Ig2	start	190	37	37	inside_domain	True	0.733	
CBG18	msa_aligned_position	supported_comparable	22	alligator_mississippiensis,ambystoma_mexicanum,anolis_carolinensis,bos_taurus,callithrix_jacchus,chrysemys_picta_bellii,danio_rerio,equus_caballus,felis_catus,gallus_gallus,macaca_mulatta,monodelphis_domestica,oreochromis_niloticus,ornithorhynchus_anatinus,oryctolagus_cuniculus,oryzias_latipes,ovis_aries,pan_troglodytes,pongo_abelii,rattus_norvegicus,sus_scrofa,taeniopygia_guttata	444	example	ambystoma_mexicanum	Ambystoma mexicanum	XP_069468056.1	XM_069611955.1	XP_069468056.1:E4_E5	XP_069468056.1:exon4	XP_069468056.1:exon5	E4 → E5	226	444	mapped	IPR013098:189-266	IPR013098	Ig2	start	189	37	37	inside_domain	True	0.733	
CBG18	msa_aligned_position	supported_comparable	22	alligator_mississippiensis,ambystoma_mexicanum,anolis_carolinensis,bos_taurus,callithrix_jacchus,chrysemys_picta_bellii,danio_rerio,equus_caballus,felis_catus,gallus_gallus,macaca_mulatta,monodelphis_domestica,oreochromis_niloticus,ornithorhynchus_anatinus,oryctolagus_cuniculus,oryzias_latipes,ovis_aries,pan_troglodytes,pongo_abelii,rattus_norvegicus,sus_scrofa,taeniopygia_guttata	444	example	danio_rerio	Danio rerio	XP_068081038.1	XM_068224937.2	XP_068081038.1:E4_E5	XP_068081038.1:exon4	XP_068081038.1:exon5	E4 → E5	231	444	mapped	IPR013098:193-271	IPR013098	Ig2	start	193	38	38	inside_domain	True	0.733	
CBG18	msa_aligned_position	supported_comparable	22	alligator_mississippiensis,ambystoma_mexicanum,anolis_carolinensis,bos_taurus,callithrix_jacchus,chrysemys_picta_bellii,danio_rerio,equus_caballus,felis_catus,gallus_gallus,macaca_mulatta,monodelphis_domestica,oreochromis_niloticus,ornithorhynchus_anatinus,oryctolagus_cuniculus,oryzias_latipes,ovis_aries,pan_troglodytes,pongo_abelii,rattus_norvegicus,sus_scrofa,taeniopygia_guttata	444	example	oryzias_latipes	Oryzias latipes	XP_078787744.1	XM_078931618.1	XP_078787744.1:E4_E5	XP_078787744.1:exon4	XP_078787744.1:exon5	E4 → E5	224	444	mapped	IPR013098:187-264	IPR013098	Ig2	start	187	37	37	inside_domain	True	0.733	
CBG18	msa_aligned_position	supported_comparable	22	alligator_mississippiensis,ambystoma_mexicanum,anolis_carolinensis,bos_taurus,callithrix_jacchus,chrysemys_picta_bellii,danio_rerio,equus_caballus,felis_catus,gallus_gallus,macaca_mulatta,monodelphis_domestica,oreochromis_niloticus,ornithorhynchus_anatinus,oryctolagus_cuniculus,oryzias_latipes,ovis_aries,pan_troglodytes,pongo_abelii,rattus_norvegicus,sus_scrofa,taeniopygia_guttata	444	example	oreochromis_niloticus	Oreochromis niloticus	ENSONIP00000063320	ENSONIT00000047381	ENSONIP00000063320:E4_E5	ENSONIP00000063320:exon4	ENSONIP00000063320:exon5	E4 → E5	206	444	mapped	IPR013098:168-246	IPR013098	Ig2	start	168	38	38	inside_domain	True	0.733	
CBG19	msa_aligned_position	supported_comparable	22	alligator_mississippiensis,ambystoma_mexicanum,anolis_carolinensis,bos_taurus,callithrix_jacchus,chrysemys_picta_bellii,danio_rerio,equus_caballus,felis_catus,gallus_gallus,macaca_mulatta,monodelphis_domestica,oreochromis_niloticus,ornithorhynchus_anatinus,oryctolagus_cuniculus,oryzias_latipes,ovis_aries,pan_troglodytes,pongo_abelii,rattus_norvegicus,sus_scrofa,taeniopygia_guttata	486	example	pan_troglodytes	Pan troglodytes	XP_054516514.1	XM_054660539.2	XP_054516514.1:E5_E6	XP_054516514.1:exon5	XP_054516514.1:exon6	E5 → E6	269	486	mapped	IPR013098:190-267	IPR013098	Ig2	end	267	2	2	near_domain_edge	True	0.733	
CBG19	msa_aligned_position	supported_comparable	22	alligator_mississippiensis,ambystoma_mexicanum,anolis_carolinensis,bos_taurus,callithrix_jacchus,chrysemys_picta_bellii,danio_rerio,equus_caballus,felis_catus,gallus_gallus,macaca_mulatta,monodelphis_domestica,oreochromis_niloticus,ornithorhynchus_anatinus,oryctolagus_cuniculus,oryzias_latipes,ovis_aries,pan_troglodytes,pongo_abelii,rattus_norvegicus,sus_scrofa,taeniopygia_guttata	486	example	pongo_abelii	Pongo abelii	XP_024108704.1	XM_024252936	XP_024108704.1:E5_E6	XP_024108704.1:exon5	XP_024108704.1:exon6	E5 → E6	269	486	mapped	IPR013098:190-267	IPR013098	Ig2	end	267	2	2	near_domain_edge	True	0.733	
CBG19	msa_aligned_position	supported_comparable	22	alligator_mississippiensis,ambystoma_mexicanum,anolis_carolinensis,bos_taurus,callithrix_jacchus,chrysemys_picta_bellii,danio_rerio,equus_caballus,felis_catus,gallus_gallus,macaca_mulatta,monodelphis_domestica,oreochromis_niloticus,ornithorhynchus_anatinus,oryctolagus_cuniculus,oryzias_latipes,ovis_aries,pan_troglodytes,pongo_abelii,rattus_norvegicus,sus_scrofa,taeniopygia_guttata	486	example	macaca_mulatta	Macaca mulatta	XP_077803775.1	XM_077947649.1	XP_077803775.1:E5_E6	XP_077803775.1:exon5	XP_077803775.1:exon6	E5 → E6	269	486	mapped	IPR013098:190-267	IPR013098	Ig2	end	267	2	2	near_domain_edge	True	0.733	
CBG19	msa_aligned_position	supported_comparable	22	alligator_mississippiensis,ambystoma_mexicanum,anolis_carolinensis,bos_taurus,callithrix_jacchus,chrysemys_picta_bellii,danio_rerio,equus_caballus,felis_catus,gallus_gallus,macaca_mulatta,monodelphis_domestica,oreochromis_niloticus,ornithorhynchus_anatinus,oryctolagus_cuniculus,oryzias_latipes,ovis_aries,pan_troglodytes,pongo_abelii,rattus_norvegicus,sus_scrofa,taeniopygia_guttata	486	example	callithrix_jacchus	Callithrix jacchus	XP_078202765.1	XM_078346639.1	XP_078202765.1:E5_E6	XP_078202765.1:exon5	XP_078202765.1:exon6	E5 → E6	269	486	mapped	IPR013098:190-267	IPR013098	Ig2	end	267	2	2	near_domain_edge	True	0.733	
CBG19	msa_aligned_position	supported_comparable	22	alligator_mississippiensis,ambystoma_mexicanum,anolis_carolinensis,bos_taurus,callithrix_jacchus,chrysemys_picta_bellii,danio_rerio,equus_caballus,felis_catus,gallus_gallus,macaca_mulatta,monodelphis_domestica,oreochromis_niloticus,ornithorhynchus_anatinus,oryctolagus_cuniculus,oryzias_latipes,ovis_aries,pan_troglodytes,pongo_abelii,rattus_norvegicus,sus_scrofa,taeniopygia_guttata	486	example	rattus_norvegicus	Rattus norvegicus	XP_063137149.1	XM_063281079.1	XP_063137149.1:E5_E6	XP_063137149.1:exon5	XP_063137149.1:exon6	E5 → E6	269	486	mapped	IPR013098:190-267	IPR013098	Ig2	end	267	2	2	near_domain_edge	True	0.733	
CBG19	msa_aligned_position	supported_comparable	22	alligator_mississippiensis,ambystoma_mexicanum,anolis_carolinensis,bos_taurus,callithrix_jacchus,chrysemys_picta_bellii,danio_rerio,equus_caballus,felis_catus,gallus_gallus,macaca_mulatta,monodelphis_domestica,oreochromis_niloticus,ornithorhynchus_anatinus,oryctolagus_cuniculus,oryzias_latipes,ovis_aries,pan_troglodytes,pongo_abelii,rattus_norvegicus,sus_scrofa,taeniopygia_guttata	486	example	oryctolagus_cuniculus	Oryctolagus cuniculus	XP_069913096.1	XM_070056995.1	XP_069913096.1:E5_E6	XP_069913096.1:exon5	XP_069913096.1:exon6	E5 → E6	269	486	mapped	IPR013098:190-267	IPR013098	Ig2	end	267	2	2	near_domain_edge	True	0.733	
CBG19	msa_aligned_position	supported_comparable	22	alligator_mississippiensis,ambystoma_mexicanum,anolis_carolinensis,bos_taurus,callithrix_jacchus,chrysemys_picta_bellii,danio_rerio,equus_caballus,felis_catus,gallus_gallus,macaca_mulatta,monodelphis_domestica,oreochromis_niloticus,ornithorhynchus_anatinus,oryctolagus_cuniculus,oryzias_latipes,ovis_aries,pan_troglodytes,pongo_abelii,rattus_norvegicus,sus_scrofa,taeniopygia_guttata	486	example	felis_catus	Felis catus	XP_044896695.1	XM_045040760.1	XP_044896695.1:E5_E6	XP_044896695.1:exon5	XP_044896695.1:exon6	E5 → E6	269	486	mapped	IPR013098:190-267	IPR013098	Ig2	end	267	2	2	near_domain_edge	True	0.733	
CBG19	msa_aligned_position	supported_comparable	22	alligator_mississippiensis,ambystoma_mexicanum,anolis_carolinensis,bos_taurus,callithrix_jacchus,chrysemys_picta_bellii,danio_rerio,equus_caballus,felis_catus,gallus_gallus,macaca_mulatta,monodelphis_domestica,oreochromis_niloticus,ornithorhynchus_anatinus,oryctolagus_cuniculus,oryzias_latipes,ovis_aries,pan_troglodytes,pongo_abelii,rattus_norvegicus,sus_scrofa,taeniopygia_guttata	486	example	bos_taurus	Bos taurus	XP_059737724.1	XM_059881741.1	XP_059737724.1:E5_E6	XP_059737724.1:exon5	XP_059737724.1:exon6	E5 → E6	269	486	mapped	IPR013098:190-267	IPR013098	Ig2	end	267	2	2	near_domain_edge	True	0.733	
CBG19	msa_aligned_position	supported_comparable	22	alligator_mississippiensis,ambystoma_mexicanum,anolis_carolinensis,bos_taurus,callithrix_jacchus,chrysemys_picta_bellii,danio_rerio,equus_caballus,felis_catus,gallus_gallus,macaca_mulatta,monodelphis_domestica,oreochromis_niloticus,ornithorhynchus_anatinus,oryctolagus_cuniculus,oryzias_latipes,ovis_aries,pan_troglodytes,pongo_abelii,rattus_norvegicus,sus_scrofa,taeniopygia_guttata	486	example	sus_scrofa	Sus scrofa	XP_084849197.1	XM_084993071.1	XP_084849197.1:E5_E6	XP_084849197.1:exon5	XP_084849197.1:exon6	E5 → E6	269	486	mapped	IPR013098:190-267	IPR013098	Ig2	end	267	2	2	near_domain_edge	True	0.733	
CBG19	msa_aligned_position	supported_comparable	22	alligator_mississippiensis,ambystoma_mexicanum,anolis_carolinensis,bos_taurus,callithrix_jacchus,chrysemys_picta_bellii,danio_rerio,equus_caballus,felis_catus,gallus_gallus,macaca_mulatta,monodelphis_domestica,oreochromis_niloticus,ornithorhynchus_anatinus,oryctolagus_cuniculus,oryzias_latipes,ovis_aries,pan_troglodytes,pongo_abelii,rattus_norvegicus,sus_scrofa,taeniopygia_guttata	486	example	equus_caballus	Equus caballus	XP_014588430.1	XM_014732944.3	XP_014588430.1:E6_E7	XP_014588430.1:exon6	XP_014588430.1:exon7	E6 → E7	319	486	mapped	IPR013098:240-317	IPR013098	Ig2	end	317	2	2	near_domain_edge	True	0.733	
CBG19	msa_aligned_position	supported_comparable	22	alligator_mississippiensis,ambystoma_mexicanum,anolis_carolinensis,bos_taurus,callithrix_jacchus,chrysemys_picta_bellii,danio_rerio,equus_caballus,felis_catus,gallus_gallus,macaca_mulatta,monodelphis_domestica,oreochromis_niloticus,ornithorhynchus_anatinus,oryctolagus_cuniculus,oryzias_latipes,ovis_aries,pan_troglodytes,pongo_abelii,rattus_norvegicus,sus_scrofa,taeniopygia_guttata	486	example	ovis_aries	Ovis aries	XP_060260490.1	XM_060404507.1	XP_060260490.1:E5_E6	XP_060260490.1:exon5	XP_060260490.1:exon6	E5 → E6	269	486	mapped	IPR013098:190-267	IPR013098	Ig2	end	267	2	2	near_domain_edge	True	0.733	
CBG19	msa_aligned_position	supported_comparable	22	alligator_mississippiensis,ambystoma_mexicanum,anolis_carolinensis,bos_taurus,callithrix_jacchus,chrysemys_picta_bellii,danio_rerio,equus_caballus,felis_catus,gallus_gallus,macaca_mulatta,monodelphis_domestica,oreochromis_niloticus,ornithorhynchus_anatinus,oryctolagus_cuniculus,oryzias_latipes,ovis_aries,pan_troglodytes,pongo_abelii,rattus_norvegicus,sus_scrofa,taeniopygia_guttata	486	example	monodelphis_domestica	Monodelphis domestica	XP_056659242.1	XM_056803264.1	XP_056659242.1:E5_E6	XP_056659242.1:exon5	XP_056659242.1:exon6	E5 → E6	268	486	mapped	IPR013098:189-266	IPR013098	Ig2	end	266	2	2	near_domain_edge	True	0.733	
CBG19	msa_aligned_position	supported_comparable	22	alligator_mississippiensis,ambystoma_mexicanum,anolis_carolinensis,bos_taurus,callithrix_jacchus,chrysemys_picta_bellii,danio_rerio,equus_caballus,felis_catus,gallus_gallus,macaca_mulatta,monodelphis_domestica,oreochromis_niloticus,ornithorhynchus_anatinus,oryctolagus_cuniculus,oryzias_latipes,ovis_aries,pan_troglodytes,pongo_abelii,rattus_norvegicus,sus_scrofa,taeniopygia_guttata	486	example	ornithorhynchus_anatinus	Ornithorhynchus anatinus	XP_028936644.1	XM_029080811.2	XP_028936644.1:E5_E6	XP_028936644.1:exon5	XP_028936644.1:exon6	E5 → E6	268	486	mapped	IPR013098:189-266	IPR013098	Ig2	end	266	2	2	near_domain_edge	True	0.733	
CBG19	msa_aligned_position	supported_comparable	22	alligator_mississippiensis,ambystoma_mexicanum,anolis_carolinensis,bos_taurus,callithrix_jacchus,chrysemys_picta_bellii,danio_rerio,equus_caballus,felis_catus,gallus_gallus,macaca_mulatta,monodelphis_domestica,oreochromis_niloticus,ornithorhynchus_anatinus,oryctolagus_cuniculus,oryzias_latipes,ovis_aries,pan_troglodytes,pongo_abelii,rattus_norvegicus,sus_scrofa,taeniopygia_guttata	486	example	gallus_gallus	Gallus gallus	NP_990650.2	NM_205319.4	NP_990650.2:E5_E6	NP_990650.2:exon5	NP_990650.2:exon6	E5 → E6	271	486	mapped	IPR013098:192-269	IPR013098	Ig2	end	269	2	2	near_domain_edge	True	0.733	
CBG19	msa_aligned_position	supported_comparable	22	alligator_mississippiensis,ambystoma_mexicanum,anolis_carolinensis,bos_taurus,callithrix_jacchus,chrysemys_picta_bellii,danio_rerio,equus_caballus,felis_catus,gallus_gallus,macaca_mulatta,monodelphis_domestica,oreochromis_niloticus,ornithorhynchus_anatinus,oryctolagus_cuniculus,oryzias_latipes,ovis_aries,pan_troglodytes,pongo_abelii,rattus_norvegicus,sus_scrofa,taeniopygia_guttata	486	example	taeniopygia_guttata	Taeniopygia guttata	XP_072787409.1	XM_072931308.1	XP_072787409.1:E6_E7	XP_072787409.1:exon6	XP_072787409.1:exon7	E6 → E7	319	486	mapped	IPR013098:240-317	IPR013098	Ig2	end	317	2	2	near_domain_edge	True	0.733	
CBG19	msa_aligned_position	supported_comparable	22	alligator_mississippiensis,ambystoma_mexicanum,anolis_carolinensis,bos_taurus,callithrix_jacchus,chrysemys_picta_bellii,danio_rerio,equus_caballus,felis_catus,gallus_gallus,macaca_mulatta,monodelphis_domestica,oreochromis_niloticus,ornithorhynchus_anatinus,oryctolagus_cuniculus,oryzias_latipes,ovis_aries,pan_troglodytes,pongo_abelii,rattus_norvegicus,sus_scrofa,taeniopygia_guttata	486	example	anolis_carolinensis	Anolis carolinensis	XP_062832081.1	XM_062976011.1	XP_062832081.1:E6_E7	XP_062832081.1:exon6	XP_062832081.1:exon7	E6 → E7	302	486	mapped	IPR013098:223-300	IPR013098	Ig2	end	300	2	2	near_domain_edge	True	0.733	
CBG19	msa_aligned_position	supported_comparable	22	alligator_mississippiensis,ambystoma_mexicanum,anolis_carolinensis,bos_taurus,callithrix_jacchus,chrysemys_picta_bellii,danio_rerio,equus_caballus,felis_catus,gallus_gallus,macaca_mulatta,monodelphis_domestica,oreochromis_niloticus,ornithorhynchus_anatinus,oryctolagus_cuniculus,oryzias_latipes,ovis_aries,pan_troglodytes,pongo_abelii,rattus_norvegicus,sus_scrofa,taeniopygia_guttata	486	example	alligator_mississippiensis	Alligator mississippiensis	XP_006266188.1	XM_006266126.4	XP_006266188.1:E5_E6	XP_006266188.1:exon5	XP_006266188.1:exon6	E5 → E6	271	486	mapped	IPR013098:192-269	IPR013098	Ig2	end	269	2	2	near_domain_edge	True	0.733	
CBG19	msa_aligned_position	supported_comparable	22	alligator_mississippiensis,ambystoma_mexicanum,anolis_carolinensis,bos_taurus,callithrix_jacchus,chrysemys_picta_bellii,danio_rerio,equus_caballus,felis_catus,gallus_gallus,macaca_mulatta,monodelphis_domestica,oreochromis_niloticus,ornithorhynchus_anatinus,oryctolagus_cuniculus,oryzias_latipes,ovis_aries,pan_troglodytes,pongo_abelii,rattus_norvegicus,sus_scrofa,taeniopygia_guttata	486	example	chrysemys_picta_bellii	Chrysemys picta bellii	XP_065408413.1	XM_065552341.1	XP_065408413.1:E5_E6	XP_065408413.1:exon5	XP_065408413.1:exon6	E5 → E6	269	486	mapped	IPR013098:190-267	IPR013098	Ig2	end	267	2	2	near_domain_edge	True	0.733	
CBG19	msa_aligned_position	supported_comparable	22	alligator_mississippiensis,ambystoma_mexicanum,anolis_carolinensis,bos_taurus,callithrix_jacchus,chrysemys_picta_bellii,danio_rerio,equus_caballus,felis_catus,gallus_gallus,macaca_mulatta,monodelphis_domestica,oreochromis_niloticus,ornithorhynchus_anatinus,oryctolagus_cuniculus,oryzias_latipes,ovis_aries,pan_troglodytes,pongo_abelii,rattus_norvegicus,sus_scrofa,taeniopygia_guttata	486	example	ambystoma_mexicanum	Ambystoma mexicanum	XP_069468056.1	XM_069611955.1	XP_069468056.1:E5_E6	XP_069468056.1:exon5	XP_069468056.1:exon6	E5 → E6	268	486	mapped	IPR013098:189-266	IPR013098	Ig2	end	266	2	2	near_domain_edge	True	0.733	
CBG19	msa_aligned_position	supported_comparable	22	alligator_mississippiensis,ambystoma_mexicanum,anolis_carolinensis,bos_taurus,callithrix_jacchus,chrysemys_picta_bellii,danio_rerio,equus_caballus,felis_catus,gallus_gallus,macaca_mulatta,monodelphis_domestica,oreochromis_niloticus,ornithorhynchus_anatinus,oryctolagus_cuniculus,oryzias_latipes,ovis_aries,pan_troglodytes,pongo_abelii,rattus_norvegicus,sus_scrofa,taeniopygia_guttata	486	example	danio_rerio	Danio rerio	XP_068081038.1	XM_068224937.2	XP_068081038.1:E5_E6	XP_068081038.1:exon5	XP_068081038.1:exon6	E5 → E6	273	486	mapped	IPR013098:193-271	IPR013098	Ig2	end	271	2	2	near_domain_edge	True	0.733	
CBG19	msa_aligned_position	supported_comparable	22	alligator_mississippiensis,ambystoma_mexicanum,anolis_carolinensis,bos_taurus,callithrix_jacchus,chrysemys_picta_bellii,danio_rerio,equus_caballus,felis_catus,gallus_gallus,macaca_mulatta,monodelphis_domestica,oreochromis_niloticus,ornithorhynchus_anatinus,oryctolagus_cuniculus,oryzias_latipes,ovis_aries,pan_troglodytes,pongo_abelii,rattus_norvegicus,sus_scrofa,taeniopygia_guttata	486	example	oryzias_latipes	Oryzias latipes	XP_078787744.1	XM_078931618.1	XP_078787744.1:E5_E6	XP_078787744.1:exon5	XP_078787744.1:exon6	E5 → E6	266	486	mapped	IPR013098:187-264	IPR013098	Ig2	end	264	2	2	near_domain_edge	True	0.733	
CBG19	msa_aligned_position	supported_comparable	22	alligator_mississippiensis,ambystoma_mexicanum,anolis_carolinensis,bos_taurus,callithrix_jacchus,chrysemys_picta_bellii,danio_rerio,equus_caballus,felis_catus,gallus_gallus,macaca_mulatta,monodelphis_domestica,oreochromis_niloticus,ornithorhynchus_anatinus,oryctolagus_cuniculus,oryzias_latipes,ovis_aries,pan_troglodytes,pongo_abelii,rattus_norvegicus,sus_scrofa,taeniopygia_guttata	486	example	oreochromis_niloticus	Oreochromis niloticus	ENSONIP00000063320	ENSONIT00000047381	ENSONIP00000063320:E5_E6	ENSONIP00000063320:exon5	ENSONIP00000063320:exon6	E5 → E6	248	486	mapped	IPR013098:168-246	IPR013098	Ig2	end	246	2	2	near_domain_edge	True	0.733	
CBG20	msa_aligned_position	supported_comparable	22	alligator_mississippiensis,ambystoma_mexicanum,anolis_carolinensis,bos_taurus,callithrix_jacchus,chrysemys_picta_bellii,danio_rerio,equus_caballus,felis_catus,gallus_gallus,macaca_mulatta,monodelphis_domestica,oreochromis_niloticus,ornithorhynchus_anatinus,oryctolagus_cuniculus,oryzias_latipes,ovis_aries,pan_troglodytes,pongo_abelii,rattus_norvegicus,sus_scrofa,taeniopygia_guttata	549	example	pan_troglodytes	Pan troglodytes	XP_054516514.1	XM_054660539.2	XP_054516514.1:E6_E7	XP_054516514.1:exon6	XP_054516514.1:exon7	E6 → E7	332	549	mapped	IPR007110:285-365	IPR007110	Ig3	end	365	-33	33	inside_domain	True	0.733	
CBG20	msa_aligned_position	supported_comparable	22	alligator_mississippiensis,ambystoma_mexicanum,anolis_carolinensis,bos_taurus,callithrix_jacchus,chrysemys_picta_bellii,danio_rerio,equus_caballus,felis_catus,gallus_gallus,macaca_mulatta,monodelphis_domestica,oreochromis_niloticus,ornithorhynchus_anatinus,oryctolagus_cuniculus,oryzias_latipes,ovis_aries,pan_troglodytes,pongo_abelii,rattus_norvegicus,sus_scrofa,taeniopygia_guttata	549	example	pongo_abelii	Pongo abelii	XP_024108704.1	XM_024252936	XP_024108704.1:E6_E7	XP_024108704.1:exon6	XP_024108704.1:exon7	E6 → E7	332	549	mapped	IPR007110:285-365	IPR007110	Ig3	end	365	-33	33	inside_domain	True	0.733	
CBG20	msa_aligned_position	supported_comparable	22	alligator_mississippiensis,ambystoma_mexicanum,anolis_carolinensis,bos_taurus,callithrix_jacchus,chrysemys_picta_bellii,danio_rerio,equus_caballus,felis_catus,gallus_gallus,macaca_mulatta,monodelphis_domestica,oreochromis_niloticus,ornithorhynchus_anatinus,oryctolagus_cuniculus,oryzias_latipes,ovis_aries,pan_troglodytes,pongo_abelii,rattus_norvegicus,sus_scrofa,taeniopygia_guttata	549	example	macaca_mulatta	Macaca mulatta	XP_077803775.1	XM_077947649.1	XP_077803775.1:E6_E7	XP_077803775.1:exon6	XP_077803775.1:exon7	E6 → E7	332	549	mapped	IPR007110:285-365	IPR007110	Ig3	end	365	-33	33	inside_domain	True	0.733	
CBG20	msa_aligned_position	supported_comparable	22	alligator_mississippiensis,ambystoma_mexicanum,anolis_carolinensis,bos_taurus,callithrix_jacchus,chrysemys_picta_bellii,danio_rerio,equus_caballus,felis_catus,gallus_gallus,macaca_mulatta,monodelphis_domestica,oreochromis_niloticus,ornithorhynchus_anatinus,oryctolagus_cuniculus,oryzias_latipes,ovis_aries,pan_troglodytes,pongo_abelii,rattus_norvegicus,sus_scrofa,taeniopygia_guttata	549	example	callithrix_jacchus	Callithrix jacchus	XP_078202765.1	XM_078346639.1	XP_078202765.1:E6_E7	XP_078202765.1:exon6	XP_078202765.1:exon7	E6 → E7	332	549	mapped	IPR007110:285-365	IPR007110	Ig3	end	365	-33	33	inside_domain	True	0.733	
CBG20	msa_aligned_position	supported_comparable	22	alligator_mississippiensis,ambystoma_mexicanum,anolis_carolinensis,bos_taurus,callithrix_jacchus,chrysemys_picta_bellii,danio_rerio,equus_caballus,felis_catus,gallus_gallus,macaca_mulatta,monodelphis_domestica,oreochromis_niloticus,ornithorhynchus_anatinus,oryctolagus_cuniculus,oryzias_latipes,ovis_aries,pan_troglodytes,pongo_abelii,rattus_norvegicus,sus_scrofa,taeniopygia_guttata	549	example	rattus_norvegicus	Rattus norvegicus	XP_063137149.1	XM_063281079.1	XP_063137149.1:E6_E7	XP_063137149.1:exon6	XP_063137149.1:exon7	E6 → E7	332	549	mapped	IPR007110:285-365	IPR007110	Ig3	end	365	-33	33	inside_domain	True	0.733	
CBG20	msa_aligned_position	supported_comparable	22	alligator_mississippiensis,ambystoma_mexicanum,anolis_carolinensis,bos_taurus,callithrix_jacchus,chrysemys_picta_bellii,danio_rerio,equus_caballus,felis_catus,gallus_gallus,macaca_mulatta,monodelphis_domestica,oreochromis_niloticus,ornithorhynchus_anatinus,oryctolagus_cuniculus,oryzias_latipes,ovis_aries,pan_troglodytes,pongo_abelii,rattus_norvegicus,sus_scrofa,taeniopygia_guttata	549	example	oryctolagus_cuniculus	Oryctolagus cuniculus	XP_069913096.1	XM_070056995.1	XP_069913096.1:E6_E7	XP_069913096.1:exon6	XP_069913096.1:exon7	E6 → E7	332	549	mapped	IPR007110:285-365	IPR007110	Ig3	end	365	-33	33	inside_domain	True	0.733	
CBG20	msa_aligned_position	supported_comparable	22	alligator_mississippiensis,ambystoma_mexicanum,anolis_carolinensis,bos_taurus,callithrix_jacchus,chrysemys_picta_bellii,danio_rerio,equus_caballus,felis_catus,gallus_gallus,macaca_mulatta,monodelphis_domestica,oreochromis_niloticus,ornithorhynchus_anatinus,oryctolagus_cuniculus,oryzias_latipes,ovis_aries,pan_troglodytes,pongo_abelii,rattus_norvegicus,sus_scrofa,taeniopygia_guttata	549	example	felis_catus	Felis catus	XP_044896695.1	XM_045040760.1	XP_044896695.1:E6_E7	XP_044896695.1:exon6	XP_044896695.1:exon7	E6 → E7	332	549	mapped	IPR007110:285-365	IPR007110	Ig3	end	365	-33	33	inside_domain	True	0.733	
CBG20	msa_aligned_position	supported_comparable	22	alligator_mississippiensis,ambystoma_mexicanum,anolis_carolinensis,bos_taurus,callithrix_jacchus,chrysemys_picta_bellii,danio_rerio,equus_caballus,felis_catus,gallus_gallus,macaca_mulatta,monodelphis_domestica,oreochromis_niloticus,ornithorhynchus_anatinus,oryctolagus_cuniculus,oryzias_latipes,ovis_aries,pan_troglodytes,pongo_abelii,rattus_norvegicus,sus_scrofa,taeniopygia_guttata	549	example	bos_taurus	Bos taurus	XP_059737724.1	XM_059881741.1	XP_059737724.1:E6_E7	XP_059737724.1:exon6	XP_059737724.1:exon7	E6 → E7	332	549	mapped	IPR007110:285-365	IPR007110	Ig3	end	365	-33	33	inside_domain	True	0.733	
CBG20	msa_aligned_position	supported_comparable	22	alligator_mississippiensis,ambystoma_mexicanum,anolis_carolinensis,bos_taurus,callithrix_jacchus,chrysemys_picta_bellii,danio_rerio,equus_caballus,felis_catus,gallus_gallus,macaca_mulatta,monodelphis_domestica,oreochromis_niloticus,ornithorhynchus_anatinus,oryctolagus_cuniculus,oryzias_latipes,ovis_aries,pan_troglodytes,pongo_abelii,rattus_norvegicus,sus_scrofa,taeniopygia_guttata	549	example	sus_scrofa	Sus scrofa	XP_084849197.1	XM_084993071.1	XP_084849197.1:E6_E7	XP_084849197.1:exon6	XP_084849197.1:exon7	E6 → E7	332	549	mapped	IPR007110:285-365	IPR007110	Ig3	end	365	-33	33	inside_domain	True	0.733	
CBG20	msa_aligned_position	supported_comparable	22	alligator_mississippiensis,ambystoma_mexicanum,anolis_carolinensis,bos_taurus,callithrix_jacchus,chrysemys_picta_bellii,danio_rerio,equus_caballus,felis_catus,gallus_gallus,macaca_mulatta,monodelphis_domestica,oreochromis_niloticus,ornithorhynchus_anatinus,oryctolagus_cuniculus,oryzias_latipes,ovis_aries,pan_troglodytes,pongo_abelii,rattus_norvegicus,sus_scrofa,taeniopygia_guttata	549	example	equus_caballus	Equus caballus	XP_014588430.1	XM_014732944.3	XP_014588430.1:E7_E8	XP_014588430.1:exon7	XP_014588430.1:exon8	E7 → E8	382	549	mapped	IPR007110:335-415	IPR007110	Ig3	end	415	-33	33	inside_domain	True	0.733	
CBG20	msa_aligned_position	supported_comparable	22	alligator_mississippiensis,ambystoma_mexicanum,anolis_carolinensis,bos_taurus,callithrix_jacchus,chrysemys_picta_bellii,danio_rerio,equus_caballus,felis_catus,gallus_gallus,macaca_mulatta,monodelphis_domestica,oreochromis_niloticus,ornithorhynchus_anatinus,oryctolagus_cuniculus,oryzias_latipes,ovis_aries,pan_troglodytes,pongo_abelii,rattus_norvegicus,sus_scrofa,taeniopygia_guttata	549	example	ovis_aries	Ovis aries	XP_060260490.1	XM_060404507.1	XP_060260490.1:E6_E7	XP_060260490.1:exon6	XP_060260490.1:exon7	E6 → E7	332	549	mapped	IPR007110:285-365	IPR007110	Ig3	end	365	-33	33	inside_domain	True	0.733	
CBG20	msa_aligned_position	supported_comparable	22	alligator_mississippiensis,ambystoma_mexicanum,anolis_carolinensis,bos_taurus,callithrix_jacchus,chrysemys_picta_bellii,danio_rerio,equus_caballus,felis_catus,gallus_gallus,macaca_mulatta,monodelphis_domestica,oreochromis_niloticus,ornithorhynchus_anatinus,oryctolagus_cuniculus,oryzias_latipes,ovis_aries,pan_troglodytes,pongo_abelii,rattus_norvegicus,sus_scrofa,taeniopygia_guttata	549	example	monodelphis_domestica	Monodelphis domestica	XP_056659242.1	XM_056803264.1	XP_056659242.1:E6_E7	XP_056659242.1:exon6	XP_056659242.1:exon7	E6 → E7	331	549	mapped	IPR007110:284-364	IPR007110	Ig3	end	364	-33	33	inside_domain	True	0.733	
CBG20	msa_aligned_position	supported_comparable	22	alligator_mississippiensis,ambystoma_mexicanum,anolis_carolinensis,bos_taurus,callithrix_jacchus,chrysemys_picta_bellii,danio_rerio,equus_caballus,felis_catus,gallus_gallus,macaca_mulatta,monodelphis_domestica,oreochromis_niloticus,ornithorhynchus_anatinus,oryctolagus_cuniculus,oryzias_latipes,ovis_aries,pan_troglodytes,pongo_abelii,rattus_norvegicus,sus_scrofa,taeniopygia_guttata	549	example	ornithorhynchus_anatinus	Ornithorhynchus anatinus	XP_028936644.1	XM_029080811.2	XP_028936644.1:E6_E7	XP_028936644.1:exon6	XP_028936644.1:exon7	E6 → E7	331	549	mapped	IPR007110:284-364	IPR007110	Ig3	end	364	-33	33	inside_domain	True	0.733	
CBG20	msa_aligned_position	supported_comparable	22	alligator_mississippiensis,ambystoma_mexicanum,anolis_carolinensis,bos_taurus,callithrix_jacchus,chrysemys_picta_bellii,danio_rerio,equus_caballus,felis_catus,gallus_gallus,macaca_mulatta,monodelphis_domestica,oreochromis_niloticus,ornithorhynchus_anatinus,oryctolagus_cuniculus,oryzias_latipes,ovis_aries,pan_troglodytes,pongo_abelii,rattus_norvegicus,sus_scrofa,taeniopygia_guttata	549	example	gallus_gallus	Gallus gallus	NP_990650.2	NM_205319.4	NP_990650.2:E6_E7	NP_990650.2:exon6	NP_990650.2:exon7	E6 → E7	334	549	mapped	IPR007110:286-367	IPR007110	Ig3	end	367	-33	33	inside_domain	True	0.733	
CBG20	msa_aligned_position	supported_comparable	22	alligator_mississippiensis,ambystoma_mexicanum,anolis_carolinensis,bos_taurus,callithrix_jacchus,chrysemys_picta_bellii,danio_rerio,equus_caballus,felis_catus,gallus_gallus,macaca_mulatta,monodelphis_domestica,oreochromis_niloticus,ornithorhynchus_anatinus,oryctolagus_cuniculus,oryzias_latipes,ovis_aries,pan_troglodytes,pongo_abelii,rattus_norvegicus,sus_scrofa,taeniopygia_guttata	549	example	taeniopygia_guttata	Taeniopygia guttata	XP_072787409.1	XM_072931308.1	XP_072787409.1:E7_E8	XP_072787409.1:exon7	XP_072787409.1:exon8	E7 → E8	382	549	mapped	IPR007110:334-415	IPR007110	Ig3	end	415	-33	33	inside_domain	True	0.733	
CBG20	msa_aligned_position	supported_comparable	22	alligator_mississippiensis,ambystoma_mexicanum,anolis_carolinensis,bos_taurus,callithrix_jacchus,chrysemys_picta_bellii,danio_rerio,equus_caballus,felis_catus,gallus_gallus,macaca_mulatta,monodelphis_domestica,oreochromis_niloticus,ornithorhynchus_anatinus,oryctolagus_cuniculus,oryzias_latipes,ovis_aries,pan_troglodytes,pongo_abelii,rattus_norvegicus,sus_scrofa,taeniopygia_guttata	549	example	anolis_carolinensis	Anolis carolinensis	XP_062832081.1	XM_062976011.1	XP_062832081.1:E7_E8	XP_062832081.1:exon7	XP_062832081.1:exon8	E7 → E8	365	549	mapped	IPR013098:315-411	IPR013098	Ig3	end	411	-46	46	inside_domain	True	0.733	
CBG20	msa_aligned_position	supported_comparable	22	alligator_mississippiensis,ambystoma_mexicanum,anolis_carolinensis,bos_taurus,callithrix_jacchus,chrysemys_picta_bellii,danio_rerio,equus_caballus,felis_catus,gallus_gallus,macaca_mulatta,monodelphis_domestica,oreochromis_niloticus,ornithorhynchus_anatinus,oryctolagus_cuniculus,oryzias_latipes,ovis_aries,pan_troglodytes,pongo_abelii,rattus_norvegicus,sus_scrofa,taeniopygia_guttata	549	example	alligator_mississippiensis	Alligator mississippiensis	XP_006266188.1	XM_006266126.4	XP_006266188.1:E6_E7	XP_006266188.1:exon6	XP_006266188.1:exon7	E6 → E7	334	549	mapped	IPR013098:284-380	IPR013098	Ig3	end	380	-46	46	inside_domain	True	0.733	
CBG20	msa_aligned_position	supported_comparable	22	alligator_mississippiensis,ambystoma_mexicanum,anolis_carolinensis,bos_taurus,callithrix_jacchus,chrysemys_picta_bellii,danio_rerio,equus_caballus,felis_catus,gallus_gallus,macaca_mulatta,monodelphis_domestica,oreochromis_niloticus,ornithorhynchus_anatinus,oryctolagus_cuniculus,oryzias_latipes,ovis_aries,pan_troglodytes,pongo_abelii,rattus_norvegicus,sus_scrofa,taeniopygia_guttata	549	example	chrysemys_picta_bellii	Chrysemys picta bellii	XP_065408413.1	XM_065552341.1	XP_065408413.1:E6_E7	XP_065408413.1:exon6	XP_065408413.1:exon7	E6 → E7	332	549	mapped	IPR007110:284-365	IPR007110	Ig3	end	365	-33	33	inside_domain	True	0.733	
CBG20	msa_aligned_position	supported_comparable	22	alligator_mississippiensis,ambystoma_mexicanum,anolis_carolinensis,bos_taurus,callithrix_jacchus,chrysemys_picta_bellii,danio_rerio,equus_caballus,felis_catus,gallus_gallus,macaca_mulatta,monodelphis_domestica,oreochromis_niloticus,ornithorhynchus_anatinus,oryctolagus_cuniculus,oryzias_latipes,ovis_aries,pan_troglodytes,pongo_abelii,rattus_norvegicus,sus_scrofa,taeniopygia_guttata	549	example	ambystoma_mexicanum	Ambystoma mexicanum	XP_069468056.1	XM_069611955.1	XP_069468056.1:E6_E7	XP_069468056.1:exon6	XP_069468056.1:exon7	E6 → E7	331	549	mapped	IPR013098:281-377	IPR013098	Ig3	end	377	-46	46	inside_domain	True	0.733	
CBG20	msa_aligned_position	supported_comparable	22	alligator_mississippiensis,ambystoma_mexicanum,anolis_carolinensis,bos_taurus,callithrix_jacchus,chrysemys_picta_bellii,danio_rerio,equus_caballus,felis_catus,gallus_gallus,macaca_mulatta,monodelphis_domestica,oreochromis_niloticus,ornithorhynchus_anatinus,oryctolagus_cuniculus,oryzias_latipes,ovis_aries,pan_troglodytes,pongo_abelii,rattus_norvegicus,sus_scrofa,taeniopygia_guttata	549	example	danio_rerio	Danio rerio	XP_068081038.1	XM_068224937.2	XP_068081038.1:E6_E7	XP_068081038.1:exon6	XP_068081038.1:exon7	E6 → E7	336	549	mapped	IPR013098:286-382	IPR013098	Ig3	end	382	-46	46	inside_domain	True	0.733	
CBG20	msa_aligned_position	supported_comparable	22	alligator_mississippiensis,ambystoma_mexicanum,anolis_carolinensis,bos_taurus,callithrix_jacchus,chrysemys_picta_bellii,danio_rerio,equus_caballus,felis_catus,gallus_gallus,macaca_mulatta,monodelphis_domestica,oreochromis_niloticus,ornithorhynchus_anatinus,oryctolagus_cuniculus,oryzias_latipes,ovis_aries,pan_troglodytes,pongo_abelii,rattus_norvegicus,sus_scrofa,taeniopygia_guttata	549	example	oryzias_latipes	Oryzias latipes	XP_078787744.1	XM_078931618.1	XP_078787744.1:E6_E7	XP_078787744.1:exon6	XP_078787744.1:exon7	E6 → E7	329	549	mapped	IPR013098:279-375	IPR013098	Ig3	end	375	-46	46	inside_domain	True	0.733	
CBG20	msa_aligned_position	supported_comparable	22	alligator_mississippiensis,ambystoma_mexicanum,anolis_carolinensis,bos_taurus,callithrix_jacchus,chrysemys_picta_bellii,danio_rerio,equus_caballus,felis_catus,gallus_gallus,macaca_mulatta,monodelphis_domestica,oreochromis_niloticus,ornithorhynchus_anatinus,oryctolagus_cuniculus,oryzias_latipes,ovis_aries,pan_troglodytes,pongo_abelii,rattus_norvegicus,sus_scrofa,taeniopygia_guttata	549	example	oreochromis_niloticus	Oreochromis niloticus	ENSONIP00000063320	ENSONIT00000047381	ENSONIP00000063320:E6_E7	ENSONIP00000063320:exon6	ENSONIP00000063320:exon7	E6 → E7	311	549	mapped	IPR013098:261-357	IPR013098	Ig3	end	357	-46	46	inside_domain	True	0.733	
CBG21	msa_aligned_position	supported_comparable	16	alligator_mississippiensis,ambystoma_mexicanum,bos_taurus,callithrix_jacchus,equus_caballus,felis_catus,gallus_gallus,macaca_mulatta,monodelphis_domestica,ornithorhynchus_anatinus,oryctolagus_cuniculus,ovis_aries,pan_troglodytes,rattus_norvegicus,sus_scrofa,taeniopygia_guttata	604	example	pan_troglodytes	Pan troglodytes	XP_054516514.1	XM_054660539.2	XP_054516514.1:E7_E8	XP_054516514.1:exon7	XP_054516514.1:exon8	E7 → E8	382	604	mapped	IPR007110:285-365	IPR007110	Ig3	end	365	17	17	outside_annotated_domains	True	0.533	
CBG21	msa_aligned_position	supported_comparable	16	alligator_mississippiensis,ambystoma_mexicanum,bos_taurus,callithrix_jacchus,equus_caballus,felis_catus,gallus_gallus,macaca_mulatta,monodelphis_domestica,ornithorhynchus_anatinus,oryctolagus_cuniculus,ovis_aries,pan_troglodytes,rattus_norvegicus,sus_scrofa,taeniopygia_guttata	604	example	macaca_mulatta	Macaca mulatta	XP_077803775.1	XM_077947649.1	XP_077803775.1:E7_E8	XP_077803775.1:exon7	XP_077803775.1:exon8	E7 → E8	382	604	mapped	IPR007110:285-365	IPR007110	Ig3	end	365	17	17	outside_annotated_domains	True	0.533	
CBG21	msa_aligned_position	supported_comparable	16	alligator_mississippiensis,ambystoma_mexicanum,bos_taurus,callithrix_jacchus,equus_caballus,felis_catus,gallus_gallus,macaca_mulatta,monodelphis_domestica,ornithorhynchus_anatinus,oryctolagus_cuniculus,ovis_aries,pan_troglodytes,rattus_norvegicus,sus_scrofa,taeniopygia_guttata	604	example	callithrix_jacchus	Callithrix jacchus	XP_078202765.1	XM_078346639.1	XP_078202765.1:E7_E8	XP_078202765.1:exon7	XP_078202765.1:exon8	E7 → E8	382	604	mapped	IPR007110:285-365	IPR007110	Ig3	end	365	17	17	outside_annotated_domains	True	0.533	
CBG21	msa_aligned_position	supported_comparable	16	alligator_mississippiensis,ambystoma_mexicanum,bos_taurus,callithrix_jacchus,equus_caballus,felis_catus,gallus_gallus,macaca_mulatta,monodelphis_domestica,ornithorhynchus_anatinus,oryctolagus_cuniculus,ovis_aries,pan_troglodytes,rattus_norvegicus,sus_scrofa,taeniopygia_guttata	604	example	rattus_norvegicus	Rattus norvegicus	XP_063137149.1	XM_063281079.1	XP_063137149.1:E7_E8	XP_063137149.1:exon7	XP_063137149.1:exon8	E7 → E8	382	604	mapped	IPR007110:285-365	IPR007110	Ig3	end	365	17	17	outside_annotated_domains	True	0.533	
CBG21	msa_aligned_position	supported_comparable	16	alligator_mississippiensis,ambystoma_mexicanum,bos_taurus,callithrix_jacchus,equus_caballus,felis_catus,gallus_gallus,macaca_mulatta,monodelphis_domestica,ornithorhynchus_anatinus,oryctolagus_cuniculus,ovis_aries,pan_troglodytes,rattus_norvegicus,sus_scrofa,taeniopygia_guttata	604	example	oryctolagus_cuniculus	Oryctolagus cuniculus	XP_069913096.1	XM_070056995.1	XP_069913096.1:E7_E8	XP_069913096.1:exon7	XP_069913096.1:exon8	E7 → E8	382	604	mapped	IPR007110:285-365	IPR007110	Ig3	end	365	17	17	outside_annotated_domains	True	0.533	
CBG21	msa_aligned_position	supported_comparable	16	alligator_mississippiensis,ambystoma_mexicanum,bos_taurus,callithrix_jacchus,equus_caballus,felis_catus,gallus_gallus,macaca_mulatta,monodelphis_domestica,ornithorhynchus_anatinus,oryctolagus_cuniculus,ovis_aries,pan_troglodytes,rattus_norvegicus,sus_scrofa,taeniopygia_guttata	604	example	felis_catus	Felis catus	XP_044896695.1	XM_045040760.1	XP_044896695.1:E7_E8	XP_044896695.1:exon7	XP_044896695.1:exon8	E7 → E8	382	604	mapped	IPR007110:285-365	IPR007110	Ig3	end	365	17	17	outside_annotated_domains	True	0.533	
CBG21	msa_aligned_position	supported_comparable	16	alligator_mississippiensis,ambystoma_mexicanum,bos_taurus,callithrix_jacchus,equus_caballus,felis_catus,gallus_gallus,macaca_mulatta,monodelphis_domestica,ornithorhynchus_anatinus,oryctolagus_cuniculus,ovis_aries,pan_troglodytes,rattus_norvegicus,sus_scrofa,taeniopygia_guttata	604	example	bos_taurus	Bos taurus	XP_059737724.1	XM_059881741.1	XP_059737724.1:E7_E8	XP_059737724.1:exon7	XP_059737724.1:exon8	E7 → E8	382	604	mapped	IPR007110:285-365	IPR007110	Ig3	end	365	17	17	outside_annotated_domains	True	0.533	
CBG21	msa_aligned_position	supported_comparable	16	alligator_mississippiensis,ambystoma_mexicanum,bos_taurus,callithrix_jacchus,equus_caballus,felis_catus,gallus_gallus,macaca_mulatta,monodelphis_domestica,ornithorhynchus_anatinus,oryctolagus_cuniculus,ovis_aries,pan_troglodytes,rattus_norvegicus,sus_scrofa,taeniopygia_guttata	604	example	sus_scrofa	Sus scrofa	XP_084849197.1	XM_084993071.1	XP_084849197.1:E7_E8	XP_084849197.1:exon7	XP_084849197.1:exon8	E7 → E8	382	604	mapped	IPR007110:285-365	IPR007110	Ig3	end	365	17	17	outside_annotated_domains	True	0.533	
CBG21	msa_aligned_position	supported_comparable	16	alligator_mississippiensis,ambystoma_mexicanum,bos_taurus,callithrix_jacchus,equus_caballus,felis_catus,gallus_gallus,macaca_mulatta,monodelphis_domestica,ornithorhynchus_anatinus,oryctolagus_cuniculus,ovis_aries,pan_troglodytes,rattus_norvegicus,sus_scrofa,taeniopygia_guttata	604	example	equus_caballus	Equus caballus	XP_014588430.1	XM_014732944.3	XP_014588430.1:E8_E9	XP_014588430.1:exon8	XP_014588430.1:exon9	E8 → E9	432	604	mapped	IPR007110:335-415	IPR007110	Ig3	end	415	17	17	outside_annotated_domains	True	0.533	
CBG21	msa_aligned_position	supported_comparable	16	alligator_mississippiensis,ambystoma_mexicanum,bos_taurus,callithrix_jacchus,equus_caballus,felis_catus,gallus_gallus,macaca_mulatta,monodelphis_domestica,ornithorhynchus_anatinus,oryctolagus_cuniculus,ovis_aries,pan_troglodytes,rattus_norvegicus,sus_scrofa,taeniopygia_guttata	604	example	ovis_aries	Ovis aries	XP_060260490.1	XM_060404507.1	XP_060260490.1:E7_E8	XP_060260490.1:exon7	XP_060260490.1:exon8	E7 → E8	382	604	mapped	IPR007110:285-365	IPR007110	Ig3	end	365	17	17	outside_annotated_domains	True	0.533	
CBG21	msa_aligned_position	supported_comparable	16	alligator_mississippiensis,ambystoma_mexicanum,bos_taurus,callithrix_jacchus,equus_caballus,felis_catus,gallus_gallus,macaca_mulatta,monodelphis_domestica,ornithorhynchus_anatinus,oryctolagus_cuniculus,ovis_aries,pan_troglodytes,rattus_norvegicus,sus_scrofa,taeniopygia_guttata	604	example	monodelphis_domestica	Monodelphis domestica	XP_056659242.1	XM_056803264.1	XP_056659242.1:E7_E8	XP_056659242.1:exon7	XP_056659242.1:exon8	E7 → E8	381	604	mapped	IPR007110:284-364	IPR007110	Ig3	end	364	17	17	outside_annotated_domains	True	0.533	
CBG21	msa_aligned_position	supported_comparable	16	alligator_mississippiensis,ambystoma_mexicanum,bos_taurus,callithrix_jacchus,equus_caballus,felis_catus,gallus_gallus,macaca_mulatta,monodelphis_domestica,ornithorhynchus_anatinus,oryctolagus_cuniculus,ovis_aries,pan_troglodytes,rattus_norvegicus,sus_scrofa,taeniopygia_guttata	604	example	ornithorhynchus_anatinus	Ornithorhynchus anatinus	XP_028936644.1	XM_029080811.2	XP_028936644.1:E7_E8	XP_028936644.1:exon7	XP_028936644.1:exon8	E7 → E8	381	604	mapped	IPR007110:284-364	IPR007110	Ig3	end	364	17	17	outside_annotated_domains	True	0.533	
CBG21	msa_aligned_position	supported_comparable	16	alligator_mississippiensis,ambystoma_mexicanum,bos_taurus,callithrix_jacchus,equus_caballus,felis_catus,gallus_gallus,macaca_mulatta,monodelphis_domestica,ornithorhynchus_anatinus,oryctolagus_cuniculus,ovis_aries,pan_troglodytes,rattus_norvegicus,sus_scrofa,taeniopygia_guttata	604	example	gallus_gallus	Gallus gallus	NP_990650.2	NM_205319.4	NP_990650.2:E7_E8	NP_990650.2:exon7	NP_990650.2:exon8	E7 → E8	384	604	mapped	IPR007110:286-367	IPR007110	Ig3	end	367	17	17	outside_annotated_domains	True	0.533	
CBG21	msa_aligned_position	supported_comparable	16	alligator_mississippiensis,ambystoma_mexicanum,bos_taurus,callithrix_jacchus,equus_caballus,felis_catus,gallus_gallus,macaca_mulatta,monodelphis_domestica,ornithorhynchus_anatinus,oryctolagus_cuniculus,ovis_aries,pan_troglodytes,rattus_norvegicus,sus_scrofa,taeniopygia_guttata	604	example	taeniopygia_guttata	Taeniopygia guttata	XP_072787409.1	XM_072931308.1	XP_072787409.1:E8_E9	XP_072787409.1:exon8	XP_072787409.1:exon9	E8 → E9	432	604	mapped	IPR007110:334-415	IPR007110	Ig3	end	415	17	17	outside_annotated_domains	True	0.533	
CBG21	msa_aligned_position	supported_comparable	16	alligator_mississippiensis,ambystoma_mexicanum,bos_taurus,callithrix_jacchus,equus_caballus,felis_catus,gallus_gallus,macaca_mulatta,monodelphis_domestica,ornithorhynchus_anatinus,oryctolagus_cuniculus,ovis_aries,pan_troglodytes,rattus_norvegicus,sus_scrofa,taeniopygia_guttata	604	example	alligator_mississippiensis	Alligator mississippiensis	XP_006266188.1	XM_006266126.4	XP_006266188.1:E7_E8	XP_006266188.1:exon7	XP_006266188.1:exon8	E7 → E8	384	604	mapped	IPR013098:284-380	IPR013098	Ig3	end	380	4	4	near_domain_edge	True	0.533	
CBG21	msa_aligned_position	supported_comparable	16	alligator_mississippiensis,ambystoma_mexicanum,bos_taurus,callithrix_jacchus,equus_caballus,felis_catus,gallus_gallus,macaca_mulatta,monodelphis_domestica,ornithorhynchus_anatinus,oryctolagus_cuniculus,ovis_aries,pan_troglodytes,rattus_norvegicus,sus_scrofa,taeniopygia_guttata	604	example	ambystoma_mexicanum	Ambystoma mexicanum	XP_069468056.1	XM_069611955.1	XP_069468056.1:E7_E8	XP_069468056.1:exon7	XP_069468056.1:exon8	E7 → E8	380	604	mapped	IPR013098:281-377	IPR013098	Ig3	end	377	3	3	near_domain_edge	True	0.533	
CBG22	msa_aligned_position	supported_comparable	7	bos_taurus,callithrix_jacchus,ovis_aries,pan_troglodytes,rattus_norvegicus,sus_scrofa,taeniopygia_guttata	672	example	pan_troglodytes	Pan troglodytes	XP_054516514.1	XM_054660539.2	XP_054516514.1:E8_E9	XP_054516514.1:exon8	XP_054516514.1:exon9	E8 → E9	450	672	mapped	IPR001245:456-789	IPR001245	kinase	start	456	-6	6	outside_annotated_domains	True	0.233	
CBG22	msa_aligned_position	supported_comparable	7	bos_taurus,callithrix_jacchus,ovis_aries,pan_troglodytes,rattus_norvegicus,sus_scrofa,taeniopygia_guttata	672	example	callithrix_jacchus	Callithrix jacchus	XP_078202765.1	XM_078346639.1	XP_078202765.1:E8_E9	XP_078202765.1:exon8	XP_078202765.1:exon9	E8 → E9	450	672	mapped	IPR001245:456-789	IPR001245	kinase	start	456	-6	6	outside_annotated_domains	True	0.233	
CBG22	msa_aligned_position	supported_comparable	7	bos_taurus,callithrix_jacchus,ovis_aries,pan_troglodytes,rattus_norvegicus,sus_scrofa,taeniopygia_guttata	672	example	rattus_norvegicus	Rattus norvegicus	XP_063137149.1	XM_063281079.1	XP_063137149.1:E8_E9	XP_063137149.1:exon8	XP_063137149.1:exon9	E8 → E9	450	672	mapped	IPR001245:456-789	IPR001245	kinase	start	456	-6	6	outside_annotated_domains	True	0.233	
CBG22	msa_aligned_position	supported_comparable	7	bos_taurus,callithrix_jacchus,ovis_aries,pan_troglodytes,rattus_norvegicus,sus_scrofa,taeniopygia_guttata	672	example	bos_taurus	Bos taurus	XP_059737724.1	XM_059881741.1	XP_059737724.1:E8_E9	XP_059737724.1:exon8	XP_059737724.1:exon9	E8 → E9	450	672	mapped	IPR001245:456-789	IPR001245	kinase	start	456	-6	6	outside_annotated_domains	True	0.233	
CBG22	msa_aligned_position	supported_comparable	7	bos_taurus,callithrix_jacchus,ovis_aries,pan_troglodytes,rattus_norvegicus,sus_scrofa,taeniopygia_guttata	672	example	sus_scrofa	Sus scrofa	XP_084849197.1	XM_084993071.1	XP_084849197.1:E8_E9	XP_084849197.1:exon8	XP_084849197.1:exon9	E8 → E9	450	672	mapped	IPR001245:456-780	IPR001245	kinase	start	456	-6	6	outside_annotated_domains	True	0.233	
CBG22	msa_aligned_position	supported_comparable	7	bos_taurus,callithrix_jacchus,ovis_aries,pan_troglodytes,rattus_norvegicus,sus_scrofa,taeniopygia_guttata	672	example	ovis_aries	Ovis aries	XP_060260490.1	XM_060404507.1	XP_060260490.1:E8_E9	XP_060260490.1:exon8	XP_060260490.1:exon9	E8 → E9	450	672	mapped	IPR001245:456-789	IPR001245	kinase	start	456	-6	6	outside_annotated_domains	True	0.233	
CBG22	msa_aligned_position	supported_comparable	7	bos_taurus,callithrix_jacchus,ovis_aries,pan_troglodytes,rattus_norvegicus,sus_scrofa,taeniopygia_guttata	672	example	taeniopygia_guttata	Taeniopygia guttata	XP_072787409.1	XM_072931308.1	XP_072787409.1:E9_E10	XP_072787409.1:exon9	XP_072787409.1:exon10	E9 → E10	500	672	mapped	IPR001245:506-839	IPR001245	kinase	start	506	-6	6	outside_annotated_domains	True	0.233	
CBG23	msa_aligned_position	supported_comparable	15	alligator_mississippiensis,bos_taurus,callithrix_jacchus,equus_caballus,felis_catus,gallus_gallus,macaca_mulatta,monodelphis_domestica,ornithorhynchus_anatinus,oryctolagus_cuniculus,ovis_aries,pan_troglodytes,rattus_norvegicus,sus_scrofa,taeniopygia_guttata	722	example	pan_troglodytes	Pan troglodytes	XP_054516514.1	XM_054660539.2	XP_054516514.1:E9_E10	XP_054516514.1:exon9	XP_054516514.1:exon10	E9 → E10	500	722	mapped	IPR001245:456-789	IPR001245	kinase	start	456	44	44	inside_domain	True	0.5	
CBG23	msa_aligned_position	supported_comparable	15	alligator_mississippiensis,bos_taurus,callithrix_jacchus,equus_caballus,felis_catus,gallus_gallus,macaca_mulatta,monodelphis_domestica,ornithorhynchus_anatinus,oryctolagus_cuniculus,ovis_aries,pan_troglodytes,rattus_norvegicus,sus_scrofa,taeniopygia_guttata	722	example	macaca_mulatta	Macaca mulatta	XP_077803775.1	XM_077947649.1	XP_077803775.1:E9_E10	XP_077803775.1:exon9	XP_077803775.1:exon10	E9 → E10	498	722	mapped	IPR001245:454-787	IPR001245	kinase	start	454	44	44	inside_domain	True	0.5	
CBG23	msa_aligned_position	supported_comparable	15	alligator_mississippiensis,bos_taurus,callithrix_jacchus,equus_caballus,felis_catus,gallus_gallus,macaca_mulatta,monodelphis_domestica,ornithorhynchus_anatinus,oryctolagus_cuniculus,ovis_aries,pan_troglodytes,rattus_norvegicus,sus_scrofa,taeniopygia_guttata	722	example	callithrix_jacchus	Callithrix jacchus	XP_078202765.1	XM_078346639.1	XP_078202765.1:E9_E10	XP_078202765.1:exon9	XP_078202765.1:exon10	E9 → E10	500	722	mapped	IPR001245:456-789	IPR001245	kinase	start	456	44	44	inside_domain	True	0.5	
CBG23	msa_aligned_position	supported_comparable	15	alligator_mississippiensis,bos_taurus,callithrix_jacchus,equus_caballus,felis_catus,gallus_gallus,macaca_mulatta,monodelphis_domestica,ornithorhynchus_anatinus,oryctolagus_cuniculus,ovis_aries,pan_troglodytes,rattus_norvegicus,sus_scrofa,taeniopygia_guttata	722	example	rattus_norvegicus	Rattus norvegicus	XP_063137149.1	XM_063281079.1	XP_063137149.1:E9_E10	XP_063137149.1:exon9	XP_063137149.1:exon10	E9 → E10	500	722	mapped	IPR001245:456-789	IPR001245	kinase	start	456	44	44	inside_domain	True	0.5	
CBG23	msa_aligned_position	supported_comparable	15	alligator_mississippiensis,bos_taurus,callithrix_jacchus,equus_caballus,felis_catus,gallus_gallus,macaca_mulatta,monodelphis_domestica,ornithorhynchus_anatinus,oryctolagus_cuniculus,ovis_aries,pan_troglodytes,rattus_norvegicus,sus_scrofa,taeniopygia_guttata	722	example	oryctolagus_cuniculus	Oryctolagus cuniculus	XP_069913096.1	XM_070056995.1	XP_069913096.1:E9_E10	XP_069913096.1:exon9	XP_069913096.1:exon10	E9 → E10	500	722	mapped	IPR001245:456-789	IPR001245	kinase	start	456	44	44	inside_domain	True	0.5	
CBG23	msa_aligned_position	supported_comparable	15	alligator_mississippiensis,bos_taurus,callithrix_jacchus,equus_caballus,felis_catus,gallus_gallus,macaca_mulatta,monodelphis_domestica,ornithorhynchus_anatinus,oryctolagus_cuniculus,ovis_aries,pan_troglodytes,rattus_norvegicus,sus_scrofa,taeniopygia_guttata	722	example	felis_catus	Felis catus	XP_044896695.1	XM_045040760.1	XP_044896695.1:E9_E10	XP_044896695.1:exon9	XP_044896695.1:exon10	E9 → E10	500	722	mapped	IPR001245:456-789	IPR001245	kinase	start	456	44	44	inside_domain	True	0.5	
CBG23	msa_aligned_position	supported_comparable	15	alligator_mississippiensis,bos_taurus,callithrix_jacchus,equus_caballus,felis_catus,gallus_gallus,macaca_mulatta,monodelphis_domestica,ornithorhynchus_anatinus,oryctolagus_cuniculus,ovis_aries,pan_troglodytes,rattus_norvegicus,sus_scrofa,taeniopygia_guttata	722	example	bos_taurus	Bos taurus	XP_059737724.1	XM_059881741.1	XP_059737724.1:E9_E10	XP_059737724.1:exon9	XP_059737724.1:exon10	E9 → E10	500	722	mapped	IPR001245:456-789	IPR001245	kinase	start	456	44	44	inside_domain	True	0.5	
CBG23	msa_aligned_position	supported_comparable	15	alligator_mississippiensis,bos_taurus,callithrix_jacchus,equus_caballus,felis_catus,gallus_gallus,macaca_mulatta,monodelphis_domestica,ornithorhynchus_anatinus,oryctolagus_cuniculus,ovis_aries,pan_troglodytes,rattus_norvegicus,sus_scrofa,taeniopygia_guttata	722	example	sus_scrofa	Sus scrofa	XP_084849197.1	XM_084993071.1	XP_084849197.1:E9_E10	XP_084849197.1:exon9	XP_084849197.1:exon10	E9 → E10	500	722	mapped	IPR001245:456-780	IPR001245	kinase	start	456	44	44	inside_domain	True	0.5	
CBG23	msa_aligned_position	supported_comparable	15	alligator_mississippiensis,bos_taurus,callithrix_jacchus,equus_caballus,felis_catus,gallus_gallus,macaca_mulatta,monodelphis_domestica,ornithorhynchus_anatinus,oryctolagus_cuniculus,ovis_aries,pan_troglodytes,rattus_norvegicus,sus_scrofa,taeniopygia_guttata	722	example	equus_caballus	Equus caballus	XP_014588430.1	XM_014732944.3	XP_014588430.1:E10_E11	XP_014588430.1:exon10	XP_014588430.1:exon11	E10 → E11	550	722	mapped	IPR001245:506-839	IPR001245	kinase	start	506	44	44	inside_domain	True	0.5	
CBG23	msa_aligned_position	supported_comparable	15	alligator_mississippiensis,bos_taurus,callithrix_jacchus,equus_caballus,felis_catus,gallus_gallus,macaca_mulatta,monodelphis_domestica,ornithorhynchus_anatinus,oryctolagus_cuniculus,ovis_aries,pan_troglodytes,rattus_norvegicus,sus_scrofa,taeniopygia_guttata	722	example	ovis_aries	Ovis aries	XP_060260490.1	XM_060404507.1	XP_060260490.1:E9_E10	XP_060260490.1:exon9	XP_060260490.1:exon10	E9 → E10	500	722	mapped	IPR001245:456-789	IPR001245	kinase	start	456	44	44	inside_domain	True	0.5	
CBG23	msa_aligned_position	supported_comparable	15	alligator_mississippiensis,bos_taurus,callithrix_jacchus,equus_caballus,felis_catus,gallus_gallus,macaca_mulatta,monodelphis_domestica,ornithorhynchus_anatinus,oryctolagus_cuniculus,ovis_aries,pan_troglodytes,rattus_norvegicus,sus_scrofa,taeniopygia_guttata	722	example	monodelphis_domestica	Monodelphis domestica	XP_056659242.1	XM_056803264.1	XP_056659242.1:E9_E10	XP_056659242.1:exon9	XP_056659242.1:exon10	E9 → E10	499	722	mapped	IPR001245:455-788	IPR001245	kinase	start	455	44	44	inside_domain	True	0.5	
CBG23	msa_aligned_position	supported_comparable	15	alligator_mississippiensis,bos_taurus,callithrix_jacchus,equus_caballus,felis_catus,gallus_gallus,macaca_mulatta,monodelphis_domestica,ornithorhynchus_anatinus,oryctolagus_cuniculus,ovis_aries,pan_troglodytes,rattus_norvegicus,sus_scrofa,taeniopygia_guttata	722	example	ornithorhynchus_anatinus	Ornithorhynchus anatinus	XP_028936644.1	XM_029080811.2	XP_028936644.1:E9_E10	XP_028936644.1:exon9	XP_028936644.1:exon10	E9 → E10	499	722	mapped	IPR001245:455-788	IPR001245	kinase	start	455	44	44	inside_domain	True	0.5	
CBG23	msa_aligned_position	supported_comparable	15	alligator_mississippiensis,bos_taurus,callithrix_jacchus,equus_caballus,felis_catus,gallus_gallus,macaca_mulatta,monodelphis_domestica,ornithorhynchus_anatinus,oryctolagus_cuniculus,ovis_aries,pan_troglodytes,rattus_norvegicus,sus_scrofa,taeniopygia_guttata	722	example	gallus_gallus	Gallus gallus	NP_990650.2	NM_205319.4	NP_990650.2:E9_E10	NP_990650.2:exon9	NP_990650.2:exon10	E9 → E10	502	722	mapped	IPR001245:458-791	IPR001245	kinase	start	458	44	44	inside_domain	True	0.5	
CBG23	msa_aligned_position	supported_comparable	15	alligator_mississippiensis,bos_taurus,callithrix_jacchus,equus_caballus,felis_catus,gallus_gallus,macaca_mulatta,monodelphis_domestica,ornithorhynchus_anatinus,oryctolagus_cuniculus,ovis_aries,pan_troglodytes,rattus_norvegicus,sus_scrofa,taeniopygia_guttata	722	example	taeniopygia_guttata	Taeniopygia guttata	XP_072787409.1	XM_072931308.1	XP_072787409.1:E10_E11	XP_072787409.1:exon10	XP_072787409.1:exon11	E10 → E11	550	722	mapped	IPR001245:506-839	IPR001245	kinase	start	506	44	44	inside_domain	True	0.5	
CBG23	msa_aligned_position	supported_comparable	15	alligator_mississippiensis,bos_taurus,callithrix_jacchus,equus_caballus,felis_catus,gallus_gallus,macaca_mulatta,monodelphis_domestica,ornithorhynchus_anatinus,oryctolagus_cuniculus,ovis_aries,pan_troglodytes,rattus_norvegicus,sus_scrofa,taeniopygia_guttata	722	example	alligator_mississippiensis	Alligator mississippiensis	XP_006266188.1	XM_006266126.4	XP_006266188.1:E9_E10	XP_006266188.1:exon9	XP_006266188.1:exon10	E9 → E10	502	722	mapped	IPR001245:458-791	IPR001245	kinase	start	458	44	44	inside_domain	True	0.5	
CBG24	msa_aligned_position	supported_comparable	15	alligator_mississippiensis,bos_taurus,callithrix_jacchus,equus_caballus,felis_catus,gallus_gallus,macaca_mulatta,monodelphis_domestica,ornithorhynchus_anatinus,oryctolagus_cuniculus,ovis_aries,pan_troglodytes,rattus_norvegicus,sus_scrofa,taeniopygia_guttata	763	example	pan_troglodytes	Pan troglodytes	XP_054516514.1	XM_054660539.2	XP_054516514.1:E10_E11	XP_054516514.1:exon10	XP_054516514.1:exon11	E10 → E11	541	763	mapped	IPR001245:456-789	IPR001245	kinase	start	456	85	85	inside_domain	True	0.5	
CBG24	msa_aligned_position	supported_comparable	15	alligator_mississippiensis,bos_taurus,callithrix_jacchus,equus_caballus,felis_catus,gallus_gallus,macaca_mulatta,monodelphis_domestica,ornithorhynchus_anatinus,oryctolagus_cuniculus,ovis_aries,pan_troglodytes,rattus_norvegicus,sus_scrofa,taeniopygia_guttata	763	example	macaca_mulatta	Macaca mulatta	XP_077803775.1	XM_077947649.1	XP_077803775.1:E10_E11	XP_077803775.1:exon10	XP_077803775.1:exon11	E10 → E11	539	763	mapped	IPR001245:454-787	IPR001245	kinase	start	454	85	85	inside_domain	True	0.5	
CBG24	msa_aligned_position	supported_comparable	15	alligator_mississippiensis,bos_taurus,callithrix_jacchus,equus_caballus,felis_catus,gallus_gallus,macaca_mulatta,monodelphis_domestica,ornithorhynchus_anatinus,oryctolagus_cuniculus,ovis_aries,pan_troglodytes,rattus_norvegicus,sus_scrofa,taeniopygia_guttata	763	example	callithrix_jacchus	Callithrix jacchus	XP_078202765.1	XM_078346639.1	XP_078202765.1:E10_E11	XP_078202765.1:exon10	XP_078202765.1:exon11	E10 → E11	541	763	mapped	IPR001245:456-789	IPR001245	kinase	start	456	85	85	inside_domain	True	0.5	
CBG24	msa_aligned_position	supported_comparable	15	alligator_mississippiensis,bos_taurus,callithrix_jacchus,equus_caballus,felis_catus,gallus_gallus,macaca_mulatta,monodelphis_domestica,ornithorhynchus_anatinus,oryctolagus_cuniculus,ovis_aries,pan_troglodytes,rattus_norvegicus,sus_scrofa,taeniopygia_guttata	763	example	rattus_norvegicus	Rattus norvegicus	XP_063137149.1	XM_063281079.1	XP_063137149.1:E10_E11	XP_063137149.1:exon10	XP_063137149.1:exon11	E10 → E11	541	763	mapped	IPR001245:456-789	IPR001245	kinase	start	456	85	85	inside_domain	True	0.5	
CBG24	msa_aligned_position	supported_comparable	15	alligator_mississippiensis,bos_taurus,callithrix_jacchus,equus_caballus,felis_catus,gallus_gallus,macaca_mulatta,monodelphis_domestica,ornithorhynchus_anatinus,oryctolagus_cuniculus,ovis_aries,pan_troglodytes,rattus_norvegicus,sus_scrofa,taeniopygia_guttata	763	example	oryctolagus_cuniculus	Oryctolagus cuniculus	XP_069913096.1	XM_070056995.1	XP_069913096.1:E10_E11	XP_069913096.1:exon10	XP_069913096.1:exon11	E10 → E11	541	763	mapped	IPR001245:456-789	IPR001245	kinase	start	456	85	85	inside_domain	True	0.5	
CBG24	msa_aligned_position	supported_comparable	15	alligator_mississippiensis,bos_taurus,callithrix_jacchus,equus_caballus,felis_catus,gallus_gallus,macaca_mulatta,monodelphis_domestica,ornithorhynchus_anatinus,oryctolagus_cuniculus,ovis_aries,pan_troglodytes,rattus_norvegicus,sus_scrofa,taeniopygia_guttata	763	example	felis_catus	Felis catus	XP_044896695.1	XM_045040760.1	XP_044896695.1:E10_E11	XP_044896695.1:exon10	XP_044896695.1:exon11	E10 → E11	541	763	mapped	IPR001245:456-789	IPR001245	kinase	start	456	85	85	inside_domain	True	0.5	
CBG24	msa_aligned_position	supported_comparable	15	alligator_mississippiensis,bos_taurus,callithrix_jacchus,equus_caballus,felis_catus,gallus_gallus,macaca_mulatta,monodelphis_domestica,ornithorhynchus_anatinus,oryctolagus_cuniculus,ovis_aries,pan_troglodytes,rattus_norvegicus,sus_scrofa,taeniopygia_guttata	763	example	bos_taurus	Bos taurus	XP_059737724.1	XM_059881741.1	XP_059737724.1:E10_E11	XP_059737724.1:exon10	XP_059737724.1:exon11	E10 → E11	541	763	mapped	IPR001245:456-789	IPR001245	kinase	start	456	85	85	inside_domain	True	0.5	
CBG24	msa_aligned_position	supported_comparable	15	alligator_mississippiensis,bos_taurus,callithrix_jacchus,equus_caballus,felis_catus,gallus_gallus,macaca_mulatta,monodelphis_domestica,ornithorhynchus_anatinus,oryctolagus_cuniculus,ovis_aries,pan_troglodytes,rattus_norvegicus,sus_scrofa,taeniopygia_guttata	763	example	sus_scrofa	Sus scrofa	XP_084849197.1	XM_084993071.1	XP_084849197.1:E10_E11	XP_084849197.1:exon10	XP_084849197.1:exon11	E10 → E11	541	763	mapped	IPR001245:456-780	IPR001245	kinase	start	456	85	85	inside_domain	True	0.5	
CBG24	msa_aligned_position	supported_comparable	15	alligator_mississippiensis,bos_taurus,callithrix_jacchus,equus_caballus,felis_catus,gallus_gallus,macaca_mulatta,monodelphis_domestica,ornithorhynchus_anatinus,oryctolagus_cuniculus,ovis_aries,pan_troglodytes,rattus_norvegicus,sus_scrofa,taeniopygia_guttata	763	example	equus_caballus	Equus caballus	XP_014588430.1	XM_014732944.3	XP_014588430.1:E11_E12	XP_014588430.1:exon11	XP_014588430.1:exon12	E11 → E12	591	763	mapped	IPR001245:506-839	IPR001245	kinase	start	506	85	85	inside_domain	True	0.5	
CBG24	msa_aligned_position	supported_comparable	15	alligator_mississippiensis,bos_taurus,callithrix_jacchus,equus_caballus,felis_catus,gallus_gallus,macaca_mulatta,monodelphis_domestica,ornithorhynchus_anatinus,oryctolagus_cuniculus,ovis_aries,pan_troglodytes,rattus_norvegicus,sus_scrofa,taeniopygia_guttata	763	example	ovis_aries	Ovis aries	XP_060260490.1	XM_060404507.1	XP_060260490.1:E10_E11	XP_060260490.1:exon10	XP_060260490.1:exon11	E10 → E11	541	763	mapped	IPR001245:456-789	IPR001245	kinase	start	456	85	85	inside_domain	True	0.5	
CBG24	msa_aligned_position	supported_comparable	15	alligator_mississippiensis,bos_taurus,callithrix_jacchus,equus_caballus,felis_catus,gallus_gallus,macaca_mulatta,monodelphis_domestica,ornithorhynchus_anatinus,oryctolagus_cuniculus,ovis_aries,pan_troglodytes,rattus_norvegicus,sus_scrofa,taeniopygia_guttata	763	example	monodelphis_domestica	Monodelphis domestica	XP_056659242.1	XM_056803264.1	XP_056659242.1:E10_E11	XP_056659242.1:exon10	XP_056659242.1:exon11	E10 → E11	540	763	mapped	IPR001245:455-788	IPR001245	kinase	start	455	85	85	inside_domain	True	0.5	
CBG24	msa_aligned_position	supported_comparable	15	alligator_mississippiensis,bos_taurus,callithrix_jacchus,equus_caballus,felis_catus,gallus_gallus,macaca_mulatta,monodelphis_domestica,ornithorhynchus_anatinus,oryctolagus_cuniculus,ovis_aries,pan_troglodytes,rattus_norvegicus,sus_scrofa,taeniopygia_guttata	763	example	ornithorhynchus_anatinus	Ornithorhynchus anatinus	XP_028936644.1	XM_029080811.2	XP_028936644.1:E10_E11	XP_028936644.1:exon10	XP_028936644.1:exon11	E10 → E11	540	763	mapped	IPR001245:455-788	IPR001245	kinase	start	455	85	85	inside_domain	True	0.5	
CBG24	msa_aligned_position	supported_comparable	15	alligator_mississippiensis,bos_taurus,callithrix_jacchus,equus_caballus,felis_catus,gallus_gallus,macaca_mulatta,monodelphis_domestica,ornithorhynchus_anatinus,oryctolagus_cuniculus,ovis_aries,pan_troglodytes,rattus_norvegicus,sus_scrofa,taeniopygia_guttata	763	example	gallus_gallus	Gallus gallus	NP_990650.2	NM_205319.4	NP_990650.2:E10_E11	NP_990650.2:exon10	NP_990650.2:exon11	E10 → E11	543	763	mapped	IPR001245:458-791	IPR001245	kinase	start	458	85	85	inside_domain	True	0.5	
CBG24	msa_aligned_position	supported_comparable	15	alligator_mississippiensis,bos_taurus,callithrix_jacchus,equus_caballus,felis_catus,gallus_gallus,macaca_mulatta,monodelphis_domestica,ornithorhynchus_anatinus,oryctolagus_cuniculus,ovis_aries,pan_troglodytes,rattus_norvegicus,sus_scrofa,taeniopygia_guttata	763	example	taeniopygia_guttata	Taeniopygia guttata	XP_072787409.1	XM_072931308.1	XP_072787409.1:E11_E12	XP_072787409.1:exon11	XP_072787409.1:exon12	E11 → E12	591	763	mapped	IPR001245:506-839	IPR001245	kinase	start	506	85	85	inside_domain	True	0.5	
CBG24	msa_aligned_position	supported_comparable	15	alligator_mississippiensis,bos_taurus,callithrix_jacchus,equus_caballus,felis_catus,gallus_gallus,macaca_mulatta,monodelphis_domestica,ornithorhynchus_anatinus,oryctolagus_cuniculus,ovis_aries,pan_troglodytes,rattus_norvegicus,sus_scrofa,taeniopygia_guttata	763	example	alligator_mississippiensis	Alligator mississippiensis	XP_006266188.1	XM_006266126.4	XP_006266188.1:E10_E11	XP_006266188.1:exon10	XP_006266188.1:exon11	E10 → E11	543	763	mapped	IPR001245:458-791	IPR001245	kinase	start	458	85	85	inside_domain	True	0.5	
CBG25	msa_aligned_position	supported_comparable	15	alligator_mississippiensis,bos_taurus,callithrix_jacchus,equus_caballus,felis_catus,gallus_gallus,macaca_mulatta,monodelphis_domestica,ornithorhynchus_anatinus,oryctolagus_cuniculus,ovis_aries,pan_troglodytes,rattus_norvegicus,sus_scrofa,taeniopygia_guttata	800	example	pan_troglodytes	Pan troglodytes	XP_054516514.1	XM_054660539.2	XP_054516514.1:E11_E12	XP_054516514.1:exon11	XP_054516514.1:exon12	E11 → E12	578	800	mapped	IPR001245:456-789	IPR001245	kinase	start	456	122	122	inside_domain	True	0.5	
CBG25	msa_aligned_position	supported_comparable	15	alligator_mississippiensis,bos_taurus,callithrix_jacchus,equus_caballus,felis_catus,gallus_gallus,macaca_mulatta,monodelphis_domestica,ornithorhynchus_anatinus,oryctolagus_cuniculus,ovis_aries,pan_troglodytes,rattus_norvegicus,sus_scrofa,taeniopygia_guttata	800	example	macaca_mulatta	Macaca mulatta	XP_077803775.1	XM_077947649.1	XP_077803775.1:E11_E12	XP_077803775.1:exon11	XP_077803775.1:exon12	E11 → E12	576	800	mapped	IPR001245:454-787	IPR001245	kinase	start	454	122	122	inside_domain	True	0.5	
CBG25	msa_aligned_position	supported_comparable	15	alligator_mississippiensis,bos_taurus,callithrix_jacchus,equus_caballus,felis_catus,gallus_gallus,macaca_mulatta,monodelphis_domestica,ornithorhynchus_anatinus,oryctolagus_cuniculus,ovis_aries,pan_troglodytes,rattus_norvegicus,sus_scrofa,taeniopygia_guttata	800	example	callithrix_jacchus	Callithrix jacchus	XP_078202765.1	XM_078346639.1	XP_078202765.1:E11_E12	XP_078202765.1:exon11	XP_078202765.1:exon12	E11 → E12	578	800	mapped	IPR001245:456-789	IPR001245	kinase	start	456	122	122	inside_domain	True	0.5	
CBG25	msa_aligned_position	supported_comparable	15	alligator_mississippiensis,bos_taurus,callithrix_jacchus,equus_caballus,felis_catus,gallus_gallus,macaca_mulatta,monodelphis_domestica,ornithorhynchus_anatinus,oryctolagus_cuniculus,ovis_aries,pan_troglodytes,rattus_norvegicus,sus_scrofa,taeniopygia_guttata	800	example	rattus_norvegicus	Rattus norvegicus	XP_063137149.1	XM_063281079.1	XP_063137149.1:E11_E12	XP_063137149.1:exon11	XP_063137149.1:exon12	E11 → E12	578	800	mapped	IPR001245:456-789	IPR001245	kinase	start	456	122	122	inside_domain	True	0.5	
CBG25	msa_aligned_position	supported_comparable	15	alligator_mississippiensis,bos_taurus,callithrix_jacchus,equus_caballus,felis_catus,gallus_gallus,macaca_mulatta,monodelphis_domestica,ornithorhynchus_anatinus,oryctolagus_cuniculus,ovis_aries,pan_troglodytes,rattus_norvegicus,sus_scrofa,taeniopygia_guttata	800	example	oryctolagus_cuniculus	Oryctolagus cuniculus	XP_069913096.1	XM_070056995.1	XP_069913096.1:E11_E12	XP_069913096.1:exon11	XP_069913096.1:exon12	E11 → E12	578	800	mapped	IPR001245:456-789	IPR001245	kinase	start	456	122	122	inside_domain	True	0.5	
CBG25	msa_aligned_position	supported_comparable	15	alligator_mississippiensis,bos_taurus,callithrix_jacchus,equus_caballus,felis_catus,gallus_gallus,macaca_mulatta,monodelphis_domestica,ornithorhynchus_anatinus,oryctolagus_cuniculus,ovis_aries,pan_troglodytes,rattus_norvegicus,sus_scrofa,taeniopygia_guttata	800	example	felis_catus	Felis catus	XP_044896695.1	XM_045040760.1	XP_044896695.1:E11_E12	XP_044896695.1:exon11	XP_044896695.1:exon12	E11 → E12	578	800	mapped	IPR001245:456-789	IPR001245	kinase	start	456	122	122	inside_domain	True	0.5	
CBG25	msa_aligned_position	supported_comparable	15	alligator_mississippiensis,bos_taurus,callithrix_jacchus,equus_caballus,felis_catus,gallus_gallus,macaca_mulatta,monodelphis_domestica,ornithorhynchus_anatinus,oryctolagus_cuniculus,ovis_aries,pan_troglodytes,rattus_norvegicus,sus_scrofa,taeniopygia_guttata	800	example	bos_taurus	Bos taurus	XP_059737724.1	XM_059881741.1	XP_059737724.1:E11_E12	XP_059737724.1:exon11	XP_059737724.1:exon12	E11 → E12	578	800	mapped	IPR001245:456-789	IPR001245	kinase	start	456	122	122	inside_domain	True	0.5	
CBG25	msa_aligned_position	supported_comparable	15	alligator_mississippiensis,bos_taurus,callithrix_jacchus,equus_caballus,felis_catus,gallus_gallus,macaca_mulatta,monodelphis_domestica,ornithorhynchus_anatinus,oryctolagus_cuniculus,ovis_aries,pan_troglodytes,rattus_norvegicus,sus_scrofa,taeniopygia_guttata	800	example	sus_scrofa	Sus scrofa	XP_084849197.1	XM_084993071.1	XP_084849197.1:E11_E12	XP_084849197.1:exon11	XP_084849197.1:exon12	E11 → E12	578	800	mapped	IPR001245:456-780	IPR001245	kinase	start	456	122	122	inside_domain	True	0.5	
CBG25	msa_aligned_position	supported_comparable	15	alligator_mississippiensis,bos_taurus,callithrix_jacchus,equus_caballus,felis_catus,gallus_gallus,macaca_mulatta,monodelphis_domestica,ornithorhynchus_anatinus,oryctolagus_cuniculus,ovis_aries,pan_troglodytes,rattus_norvegicus,sus_scrofa,taeniopygia_guttata	800	example	equus_caballus	Equus caballus	XP_014588430.1	XM_014732944.3	XP_014588430.1:E12_E13	XP_014588430.1:exon12	XP_014588430.1:exon13	E12 → E13	628	800	mapped	IPR001245:506-839	IPR001245	kinase	start	506	122	122	inside_domain	True	0.5	
CBG25	msa_aligned_position	supported_comparable	15	alligator_mississippiensis,bos_taurus,callithrix_jacchus,equus_caballus,felis_catus,gallus_gallus,macaca_mulatta,monodelphis_domestica,ornithorhynchus_anatinus,oryctolagus_cuniculus,ovis_aries,pan_troglodytes,rattus_norvegicus,sus_scrofa,taeniopygia_guttata	800	example	ovis_aries	Ovis aries	XP_060260490.1	XM_060404507.1	XP_060260490.1:E11_E12	XP_060260490.1:exon11	XP_060260490.1:exon12	E11 → E12	578	800	mapped	IPR001245:456-789	IPR001245	kinase	start	456	122	122	inside_domain	True	0.5	
CBG25	msa_aligned_position	supported_comparable	15	alligator_mississippiensis,bos_taurus,callithrix_jacchus,equus_caballus,felis_catus,gallus_gallus,macaca_mulatta,monodelphis_domestica,ornithorhynchus_anatinus,oryctolagus_cuniculus,ovis_aries,pan_troglodytes,rattus_norvegicus,sus_scrofa,taeniopygia_guttata	800	example	monodelphis_domestica	Monodelphis domestica	XP_056659242.1	XM_056803264.1	XP_056659242.1:E11_E12	XP_056659242.1:exon11	XP_056659242.1:exon12	E11 → E12	577	800	mapped	IPR001245:455-788	IPR001245	kinase	start	455	122	122	inside_domain	True	0.5	
CBG25	msa_aligned_position	supported_comparable	15	alligator_mississippiensis,bos_taurus,callithrix_jacchus,equus_caballus,felis_catus,gallus_gallus,macaca_mulatta,monodelphis_domestica,ornithorhynchus_anatinus,oryctolagus_cuniculus,ovis_aries,pan_troglodytes,rattus_norvegicus,sus_scrofa,taeniopygia_guttata	800	example	ornithorhynchus_anatinus	Ornithorhynchus anatinus	XP_028936644.1	XM_029080811.2	XP_028936644.1:E11_E12	XP_028936644.1:exon11	XP_028936644.1:exon12	E11 → E12	577	800	mapped	IPR001245:455-788	IPR001245	kinase	start	455	122	122	inside_domain	True	0.5	
CBG25	msa_aligned_position	supported_comparable	15	alligator_mississippiensis,bos_taurus,callithrix_jacchus,equus_caballus,felis_catus,gallus_gallus,macaca_mulatta,monodelphis_domestica,ornithorhynchus_anatinus,oryctolagus_cuniculus,ovis_aries,pan_troglodytes,rattus_norvegicus,sus_scrofa,taeniopygia_guttata	800	example	gallus_gallus	Gallus gallus	NP_990650.2	NM_205319.4	NP_990650.2:E11_E12	NP_990650.2:exon11	NP_990650.2:exon12	E11 → E12	580	800	mapped	IPR001245:458-791	IPR001245	kinase	start	458	122	122	inside_domain	True	0.5	
CBG25	msa_aligned_position	supported_comparable	15	alligator_mississippiensis,bos_taurus,callithrix_jacchus,equus_caballus,felis_catus,gallus_gallus,macaca_mulatta,monodelphis_domestica,ornithorhynchus_anatinus,oryctolagus_cuniculus,ovis_aries,pan_troglodytes,rattus_norvegicus,sus_scrofa,taeniopygia_guttata	800	example	taeniopygia_guttata	Taeniopygia guttata	XP_072787409.1	XM_072931308.1	XP_072787409.1:E12_E13	XP_072787409.1:exon12	XP_072787409.1:exon13	E12 → E13	628	800	mapped	IPR001245:506-839	IPR001245	kinase	start	506	122	122	inside_domain	True	0.5	
CBG25	msa_aligned_position	supported_comparable	15	alligator_mississippiensis,bos_taurus,callithrix_jacchus,equus_caballus,felis_catus,gallus_gallus,macaca_mulatta,monodelphis_domestica,ornithorhynchus_anatinus,oryctolagus_cuniculus,ovis_aries,pan_troglodytes,rattus_norvegicus,sus_scrofa,taeniopygia_guttata	800	example	alligator_mississippiensis	Alligator mississippiensis	XP_006266188.1	XM_006266126.4	XP_006266188.1:E11_E12	XP_006266188.1:exon11	XP_006266188.1:exon12	E11 → E12	580	800	mapped	IPR001245:458-791	IPR001245	kinase	start	458	122	122	inside_domain	True	0.5	
CBG26	msa_aligned_position	supported_comparable	15	alligator_mississippiensis,bos_taurus,callithrix_jacchus,equus_caballus,felis_catus,gallus_gallus,macaca_mulatta,monodelphis_domestica,ornithorhynchus_anatinus,oryctolagus_cuniculus,ovis_aries,pan_troglodytes,rattus_norvegicus,sus_scrofa,taeniopygia_guttata	863	example	pan_troglodytes	Pan troglodytes	XP_054516514.1	XM_054660539.2	XP_054516514.1:E12_E13	XP_054516514.1:exon12	XP_054516514.1:exon13	E12 → E13	641	863	mapped	IPR001245:456-789	IPR001245	kinase	end	789	-148	148	inside_domain	True	0.5	
CBG26	msa_aligned_position	supported_comparable	15	alligator_mississippiensis,bos_taurus,callithrix_jacchus,equus_caballus,felis_catus,gallus_gallus,macaca_mulatta,monodelphis_domestica,ornithorhynchus_anatinus,oryctolagus_cuniculus,ovis_aries,pan_troglodytes,rattus_norvegicus,sus_scrofa,taeniopygia_guttata	863	example	macaca_mulatta	Macaca mulatta	XP_077803775.1	XM_077947649.1	XP_077803775.1:E12_E13	XP_077803775.1:exon12	XP_077803775.1:exon13	E12 → E13	639	863	mapped	IPR001245:454-787	IPR001245	kinase	end	787	-148	148	inside_domain	True	0.5	
CBG26	msa_aligned_position	supported_comparable	15	alligator_mississippiensis,bos_taurus,callithrix_jacchus,equus_caballus,felis_catus,gallus_gallus,macaca_mulatta,monodelphis_domestica,ornithorhynchus_anatinus,oryctolagus_cuniculus,ovis_aries,pan_troglodytes,rattus_norvegicus,sus_scrofa,taeniopygia_guttata	863	example	callithrix_jacchus	Callithrix jacchus	XP_078202765.1	XM_078346639.1	XP_078202765.1:E12_E13	XP_078202765.1:exon12	XP_078202765.1:exon13	E12 → E13	641	863	mapped	IPR001245:456-789	IPR001245	kinase	end	789	-148	148	inside_domain	True	0.5	
CBG26	msa_aligned_position	supported_comparable	15	alligator_mississippiensis,bos_taurus,callithrix_jacchus,equus_caballus,felis_catus,gallus_gallus,macaca_mulatta,monodelphis_domestica,ornithorhynchus_anatinus,oryctolagus_cuniculus,ovis_aries,pan_troglodytes,rattus_norvegicus,sus_scrofa,taeniopygia_guttata	863	example	rattus_norvegicus	Rattus norvegicus	XP_063137149.1	XM_063281079.1	XP_063137149.1:E12_E13	XP_063137149.1:exon12	XP_063137149.1:exon13	E12 → E13	641	863	mapped	IPR001245:456-789	IPR001245	kinase	end	789	-148	148	inside_domain	True	0.5	
CBG26	msa_aligned_position	supported_comparable	15	alligator_mississippiensis,bos_taurus,callithrix_jacchus,equus_caballus,felis_catus,gallus_gallus,macaca_mulatta,monodelphis_domestica,ornithorhynchus_anatinus,oryctolagus_cuniculus,ovis_aries,pan_troglodytes,rattus_norvegicus,sus_scrofa,taeniopygia_guttata	863	example	oryctolagus_cuniculus	Oryctolagus cuniculus	XP_069913096.1	XM_070056995.1	XP_069913096.1:E12_E13	XP_069913096.1:exon12	XP_069913096.1:exon13	E12 → E13	641	863	mapped	IPR001245:456-789	IPR001245	kinase	end	789	-148	148	inside_domain	True	0.5	
CBG26	msa_aligned_position	supported_comparable	15	alligator_mississippiensis,bos_taurus,callithrix_jacchus,equus_caballus,felis_catus,gallus_gallus,macaca_mulatta,monodelphis_domestica,ornithorhynchus_anatinus,oryctolagus_cuniculus,ovis_aries,pan_troglodytes,rattus_norvegicus,sus_scrofa,taeniopygia_guttata	863	example	felis_catus	Felis catus	XP_044896695.1	XM_045040760.1	XP_044896695.1:E12_E13	XP_044896695.1:exon12	XP_044896695.1:exon13	E12 → E13	641	863	mapped	IPR001245:456-789	IPR001245	kinase	end	789	-148	148	inside_domain	True	0.5	
CBG26	msa_aligned_position	supported_comparable	15	alligator_mississippiensis,bos_taurus,callithrix_jacchus,equus_caballus,felis_catus,gallus_gallus,macaca_mulatta,monodelphis_domestica,ornithorhynchus_anatinus,oryctolagus_cuniculus,ovis_aries,pan_troglodytes,rattus_norvegicus,sus_scrofa,taeniopygia_guttata	863	example	bos_taurus	Bos taurus	XP_059737724.1	XM_059881741.1	XP_059737724.1:E12_E13	XP_059737724.1:exon12	XP_059737724.1:exon13	E12 → E13	641	863	mapped	IPR001245:456-789	IPR001245	kinase	end	789	-148	148	inside_domain	True	0.5	
CBG26	msa_aligned_position	supported_comparable	15	alligator_mississippiensis,bos_taurus,callithrix_jacchus,equus_caballus,felis_catus,gallus_gallus,macaca_mulatta,monodelphis_domestica,ornithorhynchus_anatinus,oryctolagus_cuniculus,ovis_aries,pan_troglodytes,rattus_norvegicus,sus_scrofa,taeniopygia_guttata	863	example	sus_scrofa	Sus scrofa	XP_084849197.1	XM_084993071.1	XP_084849197.1:E12_E13	XP_084849197.1:exon12	XP_084849197.1:exon13	E12 → E13	641	863	mapped	IPR001245:456-780	IPR001245	kinase	end	780	-139	139	inside_domain	True	0.5	
CBG26	msa_aligned_position	supported_comparable	15	alligator_mississippiensis,bos_taurus,callithrix_jacchus,equus_caballus,felis_catus,gallus_gallus,macaca_mulatta,monodelphis_domestica,ornithorhynchus_anatinus,oryctolagus_cuniculus,ovis_aries,pan_troglodytes,rattus_norvegicus,sus_scrofa,taeniopygia_guttata	863	example	equus_caballus	Equus caballus	XP_014588430.1	XM_014732944.3	XP_014588430.1:E13_E14	XP_014588430.1:exon13	XP_014588430.1:exon14	E13 → E14	691	863	mapped	IPR001245:506-839	IPR001245	kinase	end	839	-148	148	inside_domain	True	0.5	
CBG26	msa_aligned_position	supported_comparable	15	alligator_mississippiensis,bos_taurus,callithrix_jacchus,equus_caballus,felis_catus,gallus_gallus,macaca_mulatta,monodelphis_domestica,ornithorhynchus_anatinus,oryctolagus_cuniculus,ovis_aries,pan_troglodytes,rattus_norvegicus,sus_scrofa,taeniopygia_guttata	863	example	ovis_aries	Ovis aries	XP_060260490.1	XM_060404507.1	XP_060260490.1:E12_E13	XP_060260490.1:exon12	XP_060260490.1:exon13	E12 → E13	641	863	mapped	IPR001245:456-789	IPR001245	kinase	end	789	-148	148	inside_domain	True	0.5	
CBG26	msa_aligned_position	supported_comparable	15	alligator_mississippiensis,bos_taurus,callithrix_jacchus,equus_caballus,felis_catus,gallus_gallus,macaca_mulatta,monodelphis_domestica,ornithorhynchus_anatinus,oryctolagus_cuniculus,ovis_aries,pan_troglodytes,rattus_norvegicus,sus_scrofa,taeniopygia_guttata	863	example	monodelphis_domestica	Monodelphis domestica	XP_056659242.1	XM_056803264.1	XP_056659242.1:E12_E13	XP_056659242.1:exon12	XP_056659242.1:exon13	E12 → E13	640	863	mapped	IPR001245:455-788	IPR001245	kinase	end	788	-148	148	inside_domain	True	0.5	
CBG26	msa_aligned_position	supported_comparable	15	alligator_mississippiensis,bos_taurus,callithrix_jacchus,equus_caballus,felis_catus,gallus_gallus,macaca_mulatta,monodelphis_domestica,ornithorhynchus_anatinus,oryctolagus_cuniculus,ovis_aries,pan_troglodytes,rattus_norvegicus,sus_scrofa,taeniopygia_guttata	863	example	ornithorhynchus_anatinus	Ornithorhynchus anatinus	XP_028936644.1	XM_029080811.2	XP_028936644.1:E12_E13	XP_028936644.1:exon12	XP_028936644.1:exon13	E12 → E13	640	863	mapped	IPR001245:455-788	IPR001245	kinase	end	788	-148	148	inside_domain	True	0.5	
CBG26	msa_aligned_position	supported_comparable	15	alligator_mississippiensis,bos_taurus,callithrix_jacchus,equus_caballus,felis_catus,gallus_gallus,macaca_mulatta,monodelphis_domestica,ornithorhynchus_anatinus,oryctolagus_cuniculus,ovis_aries,pan_troglodytes,rattus_norvegicus,sus_scrofa,taeniopygia_guttata	863	example	gallus_gallus	Gallus gallus	NP_990650.2	NM_205319.4	NP_990650.2:E12_E13	NP_990650.2:exon12	NP_990650.2:exon13	E12 → E13	643	863	mapped	IPR001245:458-791	IPR001245	kinase	end	791	-148	148	inside_domain	True	0.5	
CBG26	msa_aligned_position	supported_comparable	15	alligator_mississippiensis,bos_taurus,callithrix_jacchus,equus_caballus,felis_catus,gallus_gallus,macaca_mulatta,monodelphis_domestica,ornithorhynchus_anatinus,oryctolagus_cuniculus,ovis_aries,pan_troglodytes,rattus_norvegicus,sus_scrofa,taeniopygia_guttata	863	example	taeniopygia_guttata	Taeniopygia guttata	XP_072787409.1	XM_072931308.1	XP_072787409.1:E13_E14	XP_072787409.1:exon13	XP_072787409.1:exon14	E13 → E14	691	863	mapped	IPR001245:506-839	IPR001245	kinase	end	839	-148	148	inside_domain	True	0.5	
CBG26	msa_aligned_position	supported_comparable	15	alligator_mississippiensis,bos_taurus,callithrix_jacchus,equus_caballus,felis_catus,gallus_gallus,macaca_mulatta,monodelphis_domestica,ornithorhynchus_anatinus,oryctolagus_cuniculus,ovis_aries,pan_troglodytes,rattus_norvegicus,sus_scrofa,taeniopygia_guttata	863	example	alligator_mississippiensis	Alligator mississippiensis	XP_006266188.1	XM_006266126.4	XP_006266188.1:E12_E13	XP_006266188.1:exon12	XP_006266188.1:exon13	E12 → E13	643	863	mapped	IPR001245:458-791	IPR001245	kinase	end	791	-148	148	inside_domain	True	0.5	
CBG27	msa_aligned_position	supported_comparable	15	alligator_mississippiensis,bos_taurus,callithrix_jacchus,equus_caballus,felis_catus,gallus_gallus,macaca_mulatta,monodelphis_domestica,ornithorhynchus_anatinus,oryctolagus_cuniculus,ovis_aries,pan_troglodytes,rattus_norvegicus,sus_scrofa,taeniopygia_guttata	904	example	pan_troglodytes	Pan troglodytes	XP_054516514.1	XM_054660539.2	XP_054516514.1:E13_E14	XP_054516514.1:exon13	XP_054516514.1:exon14	E13 → E14	682	904	mapped	IPR001245:456-789	IPR001245	kinase	end	789	-107	107	inside_domain	True	0.5	
CBG27	msa_aligned_position	supported_comparable	15	alligator_mississippiensis,bos_taurus,callithrix_jacchus,equus_caballus,felis_catus,gallus_gallus,macaca_mulatta,monodelphis_domestica,ornithorhynchus_anatinus,oryctolagus_cuniculus,ovis_aries,pan_troglodytes,rattus_norvegicus,sus_scrofa,taeniopygia_guttata	904	example	macaca_mulatta	Macaca mulatta	XP_077803775.1	XM_077947649.1	XP_077803775.1:E13_E14	XP_077803775.1:exon13	XP_077803775.1:exon14	E13 → E14	680	904	mapped	IPR001245:454-787	IPR001245	kinase	end	787	-107	107	inside_domain	True	0.5	
CBG27	msa_aligned_position	supported_comparable	15	alligator_mississippiensis,bos_taurus,callithrix_jacchus,equus_caballus,felis_catus,gallus_gallus,macaca_mulatta,monodelphis_domestica,ornithorhynchus_anatinus,oryctolagus_cuniculus,ovis_aries,pan_troglodytes,rattus_norvegicus,sus_scrofa,taeniopygia_guttata	904	example	callithrix_jacchus	Callithrix jacchus	XP_078202765.1	XM_078346639.1	XP_078202765.1:E13_E14	XP_078202765.1:exon13	XP_078202765.1:exon14	E13 → E14	682	904	mapped	IPR001245:456-789	IPR001245	kinase	end	789	-107	107	inside_domain	True	0.5	
CBG27	msa_aligned_position	supported_comparable	15	alligator_mississippiensis,bos_taurus,callithrix_jacchus,equus_caballus,felis_catus,gallus_gallus,macaca_mulatta,monodelphis_domestica,ornithorhynchus_anatinus,oryctolagus_cuniculus,ovis_aries,pan_troglodytes,rattus_norvegicus,sus_scrofa,taeniopygia_guttata	904	example	rattus_norvegicus	Rattus norvegicus	XP_063137149.1	XM_063281079.1	XP_063137149.1:E13_E14	XP_063137149.1:exon13	XP_063137149.1:exon14	E13 → E14	682	904	mapped	IPR001245:456-789	IPR001245	kinase	end	789	-107	107	inside_domain	True	0.5	
CBG27	msa_aligned_position	supported_comparable	15	alligator_mississippiensis,bos_taurus,callithrix_jacchus,equus_caballus,felis_catus,gallus_gallus,macaca_mulatta,monodelphis_domestica,ornithorhynchus_anatinus,oryctolagus_cuniculus,ovis_aries,pan_troglodytes,rattus_norvegicus,sus_scrofa,taeniopygia_guttata	904	example	oryctolagus_cuniculus	Oryctolagus cuniculus	XP_069913096.1	XM_070056995.1	XP_069913096.1:E13_E14	XP_069913096.1:exon13	XP_069913096.1:exon14	E13 → E14	682	904	mapped	IPR001245:456-789	IPR001245	kinase	end	789	-107	107	inside_domain	True	0.5	
CBG27	msa_aligned_position	supported_comparable	15	alligator_mississippiensis,bos_taurus,callithrix_jacchus,equus_caballus,felis_catus,gallus_gallus,macaca_mulatta,monodelphis_domestica,ornithorhynchus_anatinus,oryctolagus_cuniculus,ovis_aries,pan_troglodytes,rattus_norvegicus,sus_scrofa,taeniopygia_guttata	904	example	felis_catus	Felis catus	XP_044896695.1	XM_045040760.1	XP_044896695.1:E13_E14	XP_044896695.1:exon13	XP_044896695.1:exon14	E13 → E14	682	904	mapped	IPR001245:456-789	IPR001245	kinase	end	789	-107	107	inside_domain	True	0.5	
CBG27	msa_aligned_position	supported_comparable	15	alligator_mississippiensis,bos_taurus,callithrix_jacchus,equus_caballus,felis_catus,gallus_gallus,macaca_mulatta,monodelphis_domestica,ornithorhynchus_anatinus,oryctolagus_cuniculus,ovis_aries,pan_troglodytes,rattus_norvegicus,sus_scrofa,taeniopygia_guttata	904	example	bos_taurus	Bos taurus	XP_059737724.1	XM_059881741.1	XP_059737724.1:E13_E14	XP_059737724.1:exon13	XP_059737724.1:exon14	E13 → E14	682	904	mapped	IPR001245:456-789	IPR001245	kinase	end	789	-107	107	inside_domain	True	0.5	
CBG27	msa_aligned_position	supported_comparable	15	alligator_mississippiensis,bos_taurus,callithrix_jacchus,equus_caballus,felis_catus,gallus_gallus,macaca_mulatta,monodelphis_domestica,ornithorhynchus_anatinus,oryctolagus_cuniculus,ovis_aries,pan_troglodytes,rattus_norvegicus,sus_scrofa,taeniopygia_guttata	904	example	sus_scrofa	Sus scrofa	XP_084849197.1	XM_084993071.1	XP_084849197.1:E13_E14	XP_084849197.1:exon13	XP_084849197.1:exon14	E13 → E14	682	904	mapped	IPR001245:456-780	IPR001245	kinase	end	780	-98	98	inside_domain	True	0.5	
CBG27	msa_aligned_position	supported_comparable	15	alligator_mississippiensis,bos_taurus,callithrix_jacchus,equus_caballus,felis_catus,gallus_gallus,macaca_mulatta,monodelphis_domestica,ornithorhynchus_anatinus,oryctolagus_cuniculus,ovis_aries,pan_troglodytes,rattus_norvegicus,sus_scrofa,taeniopygia_guttata	904	example	equus_caballus	Equus caballus	XP_014588430.1	XM_014732944.3	XP_014588430.1:E14_E15	XP_014588430.1:exon14	XP_014588430.1:exon15	E14 → E15	732	904	mapped	IPR001245:506-839	IPR001245	kinase	end	839	-107	107	inside_domain	True	0.5	
CBG27	msa_aligned_position	supported_comparable	15	alligator_mississippiensis,bos_taurus,callithrix_jacchus,equus_caballus,felis_catus,gallus_gallus,macaca_mulatta,monodelphis_domestica,ornithorhynchus_anatinus,oryctolagus_cuniculus,ovis_aries,pan_troglodytes,rattus_norvegicus,sus_scrofa,taeniopygia_guttata	904	example	ovis_aries	Ovis aries	XP_060260490.1	XM_060404507.1	XP_060260490.1:E13_E14	XP_060260490.1:exon13	XP_060260490.1:exon14	E13 → E14	682	904	mapped	IPR001245:456-789	IPR001245	kinase	end	789	-107	107	inside_domain	True	0.5	
CBG27	msa_aligned_position	supported_comparable	15	alligator_mississippiensis,bos_taurus,callithrix_jacchus,equus_caballus,felis_catus,gallus_gallus,macaca_mulatta,monodelphis_domestica,ornithorhynchus_anatinus,oryctolagus_cuniculus,ovis_aries,pan_troglodytes,rattus_norvegicus,sus_scrofa,taeniopygia_guttata	904	example	monodelphis_domestica	Monodelphis domestica	XP_056659242.1	XM_056803264.1	XP_056659242.1:E13_E14	XP_056659242.1:exon13	XP_056659242.1:exon14	E13 → E14	681	904	mapped	IPR001245:455-788	IPR001245	kinase	end	788	-107	107	inside_domain	True	0.5	
CBG27	msa_aligned_position	supported_comparable	15	alligator_mississippiensis,bos_taurus,callithrix_jacchus,equus_caballus,felis_catus,gallus_gallus,macaca_mulatta,monodelphis_domestica,ornithorhynchus_anatinus,oryctolagus_cuniculus,ovis_aries,pan_troglodytes,rattus_norvegicus,sus_scrofa,taeniopygia_guttata	904	example	ornithorhynchus_anatinus	Ornithorhynchus anatinus	XP_028936644.1	XM_029080811.2	XP_028936644.1:E13_E14	XP_028936644.1:exon13	XP_028936644.1:exon14	E13 → E14	681	904	mapped	IPR001245:455-788	IPR001245	kinase	end	788	-107	107	inside_domain	True	0.5	
CBG27	msa_aligned_position	supported_comparable	15	alligator_mississippiensis,bos_taurus,callithrix_jacchus,equus_caballus,felis_catus,gallus_gallus,macaca_mulatta,monodelphis_domestica,ornithorhynchus_anatinus,oryctolagus_cuniculus,ovis_aries,pan_troglodytes,rattus_norvegicus,sus_scrofa,taeniopygia_guttata	904	example	gallus_gallus	Gallus gallus	NP_990650.2	NM_205319.4	NP_990650.2:E13_E14	NP_990650.2:exon13	NP_990650.2:exon14	E13 → E14	684	904	mapped	IPR001245:458-791	IPR001245	kinase	end	791	-107	107	inside_domain	True	0.5	
CBG27	msa_aligned_position	supported_comparable	15	alligator_mississippiensis,bos_taurus,callithrix_jacchus,equus_caballus,felis_catus,gallus_gallus,macaca_mulatta,monodelphis_domestica,ornithorhynchus_anatinus,oryctolagus_cuniculus,ovis_aries,pan_troglodytes,rattus_norvegicus,sus_scrofa,taeniopygia_guttata	904	example	taeniopygia_guttata	Taeniopygia guttata	XP_072787409.1	XM_072931308.1	XP_072787409.1:E14_E15	XP_072787409.1:exon14	XP_072787409.1:exon15	E14 → E15	732	904	mapped	IPR001245:506-839	IPR001245	kinase	end	839	-107	107	inside_domain	True	0.5	
CBG27	msa_aligned_position	supported_comparable	15	alligator_mississippiensis,bos_taurus,callithrix_jacchus,equus_caballus,felis_catus,gallus_gallus,macaca_mulatta,monodelphis_domestica,ornithorhynchus_anatinus,oryctolagus_cuniculus,ovis_aries,pan_troglodytes,rattus_norvegicus,sus_scrofa,taeniopygia_guttata	904	example	alligator_mississippiensis	Alligator mississippiensis	XP_006266188.1	XM_006266126.4	XP_006266188.1:E13_E14	XP_006266188.1:exon13	XP_006266188.1:exon14	E13 → E14	684	904	mapped	IPR001245:458-791	IPR001245	kinase	end	791	-107	107	inside_domain	True	0.5	
CBG28	msa_aligned_position	supported_comparable	15	alligator_mississippiensis,bos_taurus,callithrix_jacchus,equus_caballus,felis_catus,gallus_gallus,macaca_mulatta,monodelphis_domestica,ornithorhynchus_anatinus,oryctolagus_cuniculus,ovis_aries,pan_troglodytes,rattus_norvegicus,sus_scrofa,taeniopygia_guttata	928	example	pan_troglodytes	Pan troglodytes	XP_054516514.1	XM_054660539.2	XP_054516514.1:E14_E15	XP_054516514.1:exon14	XP_054516514.1:exon15	E14 → E15	706	928	mapped	IPR001245:456-789	IPR001245	kinase	end	789	-83	83	inside_domain	True	0.5	
CBG28	msa_aligned_position	supported_comparable	15	alligator_mississippiensis,bos_taurus,callithrix_jacchus,equus_caballus,felis_catus,gallus_gallus,macaca_mulatta,monodelphis_domestica,ornithorhynchus_anatinus,oryctolagus_cuniculus,ovis_aries,pan_troglodytes,rattus_norvegicus,sus_scrofa,taeniopygia_guttata	928	example	macaca_mulatta	Macaca mulatta	XP_077803775.1	XM_077947649.1	XP_077803775.1:E14_E15	XP_077803775.1:exon14	XP_077803775.1:exon15	E14 → E15	704	928	mapped	IPR001245:454-787	IPR001245	kinase	end	787	-83	83	inside_domain	True	0.5	
CBG28	msa_aligned_position	supported_comparable	15	alligator_mississippiensis,bos_taurus,callithrix_jacchus,equus_caballus,felis_catus,gallus_gallus,macaca_mulatta,monodelphis_domestica,ornithorhynchus_anatinus,oryctolagus_cuniculus,ovis_aries,pan_troglodytes,rattus_norvegicus,sus_scrofa,taeniopygia_guttata	928	example	callithrix_jacchus	Callithrix jacchus	XP_078202765.1	XM_078346639.1	XP_078202765.1:E14_E15	XP_078202765.1:exon14	XP_078202765.1:exon15	E14 → E15	706	928	mapped	IPR001245:456-789	IPR001245	kinase	end	789	-83	83	inside_domain	True	0.5	
CBG28	msa_aligned_position	supported_comparable	15	alligator_mississippiensis,bos_taurus,callithrix_jacchus,equus_caballus,felis_catus,gallus_gallus,macaca_mulatta,monodelphis_domestica,ornithorhynchus_anatinus,oryctolagus_cuniculus,ovis_aries,pan_troglodytes,rattus_norvegicus,sus_scrofa,taeniopygia_guttata	928	example	rattus_norvegicus	Rattus norvegicus	XP_063137149.1	XM_063281079.1	XP_063137149.1:E14_E15	XP_063137149.1:exon14	XP_063137149.1:exon15	E14 → E15	706	928	mapped	IPR001245:456-789	IPR001245	kinase	end	789	-83	83	inside_domain	True	0.5	
CBG28	msa_aligned_position	supported_comparable	15	alligator_mississippiensis,bos_taurus,callithrix_jacchus,equus_caballus,felis_catus,gallus_gallus,macaca_mulatta,monodelphis_domestica,ornithorhynchus_anatinus,oryctolagus_cuniculus,ovis_aries,pan_troglodytes,rattus_norvegicus,sus_scrofa,taeniopygia_guttata	928	example	oryctolagus_cuniculus	Oryctolagus cuniculus	XP_069913096.1	XM_070056995.1	XP_069913096.1:E14_E15	XP_069913096.1:exon14	XP_069913096.1:exon15	E14 → E15	706	928	mapped	IPR001245:456-789	IPR001245	kinase	end	789	-83	83	inside_domain	True	0.5	
CBG28	msa_aligned_position	supported_comparable	15	alligator_mississippiensis,bos_taurus,callithrix_jacchus,equus_caballus,felis_catus,gallus_gallus,macaca_mulatta,monodelphis_domestica,ornithorhynchus_anatinus,oryctolagus_cuniculus,ovis_aries,pan_troglodytes,rattus_norvegicus,sus_scrofa,taeniopygia_guttata	928	example	felis_catus	Felis catus	XP_044896695.1	XM_045040760.1	XP_044896695.1:E14_E15	XP_044896695.1:exon14	XP_044896695.1:exon15	E14 → E15	706	928	mapped	IPR001245:456-789	IPR001245	kinase	end	789	-83	83	inside_domain	True	0.5	
CBG28	msa_aligned_position	supported_comparable	15	alligator_mississippiensis,bos_taurus,callithrix_jacchus,equus_caballus,felis_catus,gallus_gallus,macaca_mulatta,monodelphis_domestica,ornithorhynchus_anatinus,oryctolagus_cuniculus,ovis_aries,pan_troglodytes,rattus_norvegicus,sus_scrofa,taeniopygia_guttata	928	example	bos_taurus	Bos taurus	XP_059737724.1	XM_059881741.1	XP_059737724.1:E14_E15	XP_059737724.1:exon14	XP_059737724.1:exon15	E14 → E15	706	928	mapped	IPR001245:456-789	IPR001245	kinase	end	789	-83	83	inside_domain	True	0.5	
CBG28	msa_aligned_position	supported_comparable	15	alligator_mississippiensis,bos_taurus,callithrix_jacchus,equus_caballus,felis_catus,gallus_gallus,macaca_mulatta,monodelphis_domestica,ornithorhynchus_anatinus,oryctolagus_cuniculus,ovis_aries,pan_troglodytes,rattus_norvegicus,sus_scrofa,taeniopygia_guttata	928	example	sus_scrofa	Sus scrofa	XP_084849197.1	XM_084993071.1	XP_084849197.1:E14_E15	XP_084849197.1:exon14	XP_084849197.1:exon15	E14 → E15	706	928	mapped	IPR001245:456-780	IPR001245	kinase	end	780	-74	74	inside_domain	True	0.5	
CBG28	msa_aligned_position	supported_comparable	15	alligator_mississippiensis,bos_taurus,callithrix_jacchus,equus_caballus,felis_catus,gallus_gallus,macaca_mulatta,monodelphis_domestica,ornithorhynchus_anatinus,oryctolagus_cuniculus,ovis_aries,pan_troglodytes,rattus_norvegicus,sus_scrofa,taeniopygia_guttata	928	example	equus_caballus	Equus caballus	XP_014588430.1	XM_014732944.3	XP_014588430.1:E15_E16	XP_014588430.1:exon15	XP_014588430.1:exon16	E15 → E16	756	928	mapped	IPR001245:506-839	IPR001245	kinase	end	839	-83	83	inside_domain	True	0.5	
CBG28	msa_aligned_position	supported_comparable	15	alligator_mississippiensis,bos_taurus,callithrix_jacchus,equus_caballus,felis_catus,gallus_gallus,macaca_mulatta,monodelphis_domestica,ornithorhynchus_anatinus,oryctolagus_cuniculus,ovis_aries,pan_troglodytes,rattus_norvegicus,sus_scrofa,taeniopygia_guttata	928	example	ovis_aries	Ovis aries	XP_060260490.1	XM_060404507.1	XP_060260490.1:E14_E15	XP_060260490.1:exon14	XP_060260490.1:exon15	E14 → E15	706	928	mapped	IPR001245:456-789	IPR001245	kinase	end	789	-83	83	inside_domain	True	0.5	
CBG28	msa_aligned_position	supported_comparable	15	alligator_mississippiensis,bos_taurus,callithrix_jacchus,equus_caballus,felis_catus,gallus_gallus,macaca_mulatta,monodelphis_domestica,ornithorhynchus_anatinus,oryctolagus_cuniculus,ovis_aries,pan_troglodytes,rattus_norvegicus,sus_scrofa,taeniopygia_guttata	928	example	monodelphis_domestica	Monodelphis domestica	XP_056659242.1	XM_056803264.1	XP_056659242.1:E14_E15	XP_056659242.1:exon14	XP_056659242.1:exon15	E14 → E15	705	928	mapped	IPR001245:455-788	IPR001245	kinase	end	788	-83	83	inside_domain	True	0.5	
CBG28	msa_aligned_position	supported_comparable	15	alligator_mississippiensis,bos_taurus,callithrix_jacchus,equus_caballus,felis_catus,gallus_gallus,macaca_mulatta,monodelphis_domestica,ornithorhynchus_anatinus,oryctolagus_cuniculus,ovis_aries,pan_troglodytes,rattus_norvegicus,sus_scrofa,taeniopygia_guttata	928	example	ornithorhynchus_anatinus	Ornithorhynchus anatinus	XP_028936644.1	XM_029080811.2	XP_028936644.1:E14_E15	XP_028936644.1:exon14	XP_028936644.1:exon15	E14 → E15	705	928	mapped	IPR001245:455-788	IPR001245	kinase	end	788	-83	83	inside_domain	True	0.5	
CBG28	msa_aligned_position	supported_comparable	15	alligator_mississippiensis,bos_taurus,callithrix_jacchus,equus_caballus,felis_catus,gallus_gallus,macaca_mulatta,monodelphis_domestica,ornithorhynchus_anatinus,oryctolagus_cuniculus,ovis_aries,pan_troglodytes,rattus_norvegicus,sus_scrofa,taeniopygia_guttata	928	example	gallus_gallus	Gallus gallus	NP_990650.2	NM_205319.4	NP_990650.2:E14_E15	NP_990650.2:exon14	NP_990650.2:exon15	E14 → E15	708	928	mapped	IPR001245:458-791	IPR001245	kinase	end	791	-83	83	inside_domain	True	0.5	
CBG28	msa_aligned_position	supported_comparable	15	alligator_mississippiensis,bos_taurus,callithrix_jacchus,equus_caballus,felis_catus,gallus_gallus,macaca_mulatta,monodelphis_domestica,ornithorhynchus_anatinus,oryctolagus_cuniculus,ovis_aries,pan_troglodytes,rattus_norvegicus,sus_scrofa,taeniopygia_guttata	928	example	taeniopygia_guttata	Taeniopygia guttata	XP_072787409.1	XM_072931308.1	XP_072787409.1:E15_E16	XP_072787409.1:exon15	XP_072787409.1:exon16	E15 → E16	756	928	mapped	IPR001245:506-839	IPR001245	kinase	end	839	-83	83	inside_domain	True	0.5	
CBG28	msa_aligned_position	supported_comparable	15	alligator_mississippiensis,bos_taurus,callithrix_jacchus,equus_caballus,felis_catus,gallus_gallus,macaca_mulatta,monodelphis_domestica,ornithorhynchus_anatinus,oryctolagus_cuniculus,ovis_aries,pan_troglodytes,rattus_norvegicus,sus_scrofa,taeniopygia_guttata	928	example	alligator_mississippiensis	Alligator mississippiensis	XP_006266188.1	XM_006266126.4	XP_006266188.1:E14_E15	XP_006266188.1:exon14	XP_006266188.1:exon15	E14 → E15	708	928	mapped	IPR001245:458-791	IPR001245	kinase	end	791	-83	83	inside_domain	True	0.5	
CBG29	msa_aligned_position	supported_comparable	16	alligator_mississippiensis,bos_taurus,callithrix_jacchus,equus_caballus,felis_catus,gallus_gallus,gorilla_gorilla_gorilla,macaca_mulatta,monodelphis_domestica,ornithorhynchus_anatinus,oryctolagus_cuniculus,ovis_aries,pan_troglodytes,rattus_norvegicus,sus_scrofa,taeniopygia_guttata	974	example	pan_troglodytes	Pan troglodytes	XP_054516514.1	XM_054660539.2	XP_054516514.1:E15_E16	XP_054516514.1:exon15	XP_054516514.1:exon16	E15 → E16	752	974	mapped	IPR001245:456-789	IPR001245	kinase	end	789	-37	37	inside_domain	True	0.533	
CBG29	msa_aligned_position	supported_comparable	16	alligator_mississippiensis,bos_taurus,callithrix_jacchus,equus_caballus,felis_catus,gallus_gallus,gorilla_gorilla_gorilla,macaca_mulatta,monodelphis_domestica,ornithorhynchus_anatinus,oryctolagus_cuniculus,ovis_aries,pan_troglodytes,rattus_norvegicus,sus_scrofa,taeniopygia_guttata	974	example	gorilla_gorilla_gorilla	Gorilla gorilla gorilla	XP_004050253.1	XP_004050253.1	XP_004050253.1:E14_E15	XP_004050253.1:exon14	XP_004050253.1:exon15	E14 → E15	635	974	mapped	IPR001245:339-672	IPR001245	kinase	end	672	-37	37	inside_domain	True	0.533	
CBG29	msa_aligned_position	supported_comparable	16	alligator_mississippiensis,bos_taurus,callithrix_jacchus,equus_caballus,felis_catus,gallus_gallus,gorilla_gorilla_gorilla,macaca_mulatta,monodelphis_domestica,ornithorhynchus_anatinus,oryctolagus_cuniculus,ovis_aries,pan_troglodytes,rattus_norvegicus,sus_scrofa,taeniopygia_guttata	974	example	macaca_mulatta	Macaca mulatta	XP_077803775.1	XM_077947649.1	XP_077803775.1:E15_E16	XP_077803775.1:exon15	XP_077803775.1:exon16	E15 → E16	750	974	mapped	IPR001245:454-787	IPR001245	kinase	end	787	-37	37	inside_domain	True	0.533	
CBG29	msa_aligned_position	supported_comparable	16	alligator_mississippiensis,bos_taurus,callithrix_jacchus,equus_caballus,felis_catus,gallus_gallus,gorilla_gorilla_gorilla,macaca_mulatta,monodelphis_domestica,ornithorhynchus_anatinus,oryctolagus_cuniculus,ovis_aries,pan_troglodytes,rattus_norvegicus,sus_scrofa,taeniopygia_guttata	974	example	callithrix_jacchus	Callithrix jacchus	XP_078202765.1	XM_078346639.1	XP_078202765.1:E15_E16	XP_078202765.1:exon15	XP_078202765.1:exon16	E15 → E16	752	974	mapped	IPR001245:456-789	IPR001245	kinase	end	789	-37	37	inside_domain	True	0.533	
CBG29	msa_aligned_position	supported_comparable	16	alligator_mississippiensis,bos_taurus,callithrix_jacchus,equus_caballus,felis_catus,gallus_gallus,gorilla_gorilla_gorilla,macaca_mulatta,monodelphis_domestica,ornithorhynchus_anatinus,oryctolagus_cuniculus,ovis_aries,pan_troglodytes,rattus_norvegicus,sus_scrofa,taeniopygia_guttata	974	example	rattus_norvegicus	Rattus norvegicus	XP_063137149.1	XM_063281079.1	XP_063137149.1:E15_E16	XP_063137149.1:exon15	XP_063137149.1:exon16	E15 → E16	752	974	mapped	IPR001245:456-789	IPR001245	kinase	end	789	-37	37	inside_domain	True	0.533	
CBG29	msa_aligned_position	supported_comparable	16	alligator_mississippiensis,bos_taurus,callithrix_jacchus,equus_caballus,felis_catus,gallus_gallus,gorilla_gorilla_gorilla,macaca_mulatta,monodelphis_domestica,ornithorhynchus_anatinus,oryctolagus_cuniculus,ovis_aries,pan_troglodytes,rattus_norvegicus,sus_scrofa,taeniopygia_guttata	974	example	oryctolagus_cuniculus	Oryctolagus cuniculus	XP_069913096.1	XM_070056995.1	XP_069913096.1:E15_E16	XP_069913096.1:exon15	XP_069913096.1:exon16	E15 → E16	752	974	mapped	IPR001245:456-789	IPR001245	kinase	end	789	-37	37	inside_domain	True	0.533	
CBG29	msa_aligned_position	supported_comparable	16	alligator_mississippiensis,bos_taurus,callithrix_jacchus,equus_caballus,felis_catus,gallus_gallus,gorilla_gorilla_gorilla,macaca_mulatta,monodelphis_domestica,ornithorhynchus_anatinus,oryctolagus_cuniculus,ovis_aries,pan_troglodytes,rattus_norvegicus,sus_scrofa,taeniopygia_guttata	974	example	felis_catus	Felis catus	XP_044896695.1	XM_045040760.1	XP_044896695.1:E15_E16	XP_044896695.1:exon15	XP_044896695.1:exon16	E15 → E16	752	974	mapped	IPR001245:456-789	IPR001245	kinase	end	789	-37	37	inside_domain	True	0.533	
CBG29	msa_aligned_position	supported_comparable	16	alligator_mississippiensis,bos_taurus,callithrix_jacchus,equus_caballus,felis_catus,gallus_gallus,gorilla_gorilla_gorilla,macaca_mulatta,monodelphis_domestica,ornithorhynchus_anatinus,oryctolagus_cuniculus,ovis_aries,pan_troglodytes,rattus_norvegicus,sus_scrofa,taeniopygia_guttata	974	example	bos_taurus	Bos taurus	XP_059737724.1	XM_059881741.1	XP_059737724.1:E15_E16	XP_059737724.1:exon15	XP_059737724.1:exon16	E15 → E16	752	974	mapped	IPR001245:456-789	IPR001245	kinase	end	789	-37	37	inside_domain	True	0.533	
CBG29	msa_aligned_position	supported_comparable	16	alligator_mississippiensis,bos_taurus,callithrix_jacchus,equus_caballus,felis_catus,gallus_gallus,gorilla_gorilla_gorilla,macaca_mulatta,monodelphis_domestica,ornithorhynchus_anatinus,oryctolagus_cuniculus,ovis_aries,pan_troglodytes,rattus_norvegicus,sus_scrofa,taeniopygia_guttata	974	example	sus_scrofa	Sus scrofa	XP_084849197.1	XM_084993071.1	XP_084849197.1:E15_E16	XP_084849197.1:exon15	XP_084849197.1:exon16	E15 → E16	752	974	mapped	IPR001245:456-780	IPR001245	kinase	end	780	-28	28	inside_domain	True	0.533	
CBG29	msa_aligned_position	supported_comparable	16	alligator_mississippiensis,bos_taurus,callithrix_jacchus,equus_caballus,felis_catus,gallus_gallus,gorilla_gorilla_gorilla,macaca_mulatta,monodelphis_domestica,ornithorhynchus_anatinus,oryctolagus_cuniculus,ovis_aries,pan_troglodytes,rattus_norvegicus,sus_scrofa,taeniopygia_guttata	974	example	equus_caballus	Equus caballus	XP_014588430.1	XM_014732944.3	XP_014588430.1:E16_E17	XP_014588430.1:exon16	XP_014588430.1:exon17	E16 → E17	802	974	mapped	IPR001245:506-839	IPR001245	kinase	end	839	-37	37	inside_domain	True	0.533	
CBG29	msa_aligned_position	supported_comparable	16	alligator_mississippiensis,bos_taurus,callithrix_jacchus,equus_caballus,felis_catus,gallus_gallus,gorilla_gorilla_gorilla,macaca_mulatta,monodelphis_domestica,ornithorhynchus_anatinus,oryctolagus_cuniculus,ovis_aries,pan_troglodytes,rattus_norvegicus,sus_scrofa,taeniopygia_guttata	974	example	ovis_aries	Ovis aries	XP_060260490.1	XM_060404507.1	XP_060260490.1:E15_E16	XP_060260490.1:exon15	XP_060260490.1:exon16	E15 → E16	752	974	mapped	IPR001245:456-789	IPR001245	kinase	end	789	-37	37	inside_domain	True	0.533	
CBG29	msa_aligned_position	supported_comparable	16	alligator_mississippiensis,bos_taurus,callithrix_jacchus,equus_caballus,felis_catus,gallus_gallus,gorilla_gorilla_gorilla,macaca_mulatta,monodelphis_domestica,ornithorhynchus_anatinus,oryctolagus_cuniculus,ovis_aries,pan_troglodytes,rattus_norvegicus,sus_scrofa,taeniopygia_guttata	974	example	monodelphis_domestica	Monodelphis domestica	XP_056659242.1	XM_056803264.1	XP_056659242.1:E15_E16	XP_056659242.1:exon15	XP_056659242.1:exon16	E15 → E16	751	974	mapped	IPR001245:455-788	IPR001245	kinase	end	788	-37	37	inside_domain	True	0.533	
CBG29	msa_aligned_position	supported_comparable	16	alligator_mississippiensis,bos_taurus,callithrix_jacchus,equus_caballus,felis_catus,gallus_gallus,gorilla_gorilla_gorilla,macaca_mulatta,monodelphis_domestica,ornithorhynchus_anatinus,oryctolagus_cuniculus,ovis_aries,pan_troglodytes,rattus_norvegicus,sus_scrofa,taeniopygia_guttata	974	example	ornithorhynchus_anatinus	Ornithorhynchus anatinus	XP_028936644.1	XM_029080811.2	XP_028936644.1:E15_E16	XP_028936644.1:exon15	XP_028936644.1:exon16	E15 → E16	751	974	mapped	IPR001245:455-788	IPR001245	kinase	end	788	-37	37	inside_domain	True	0.533	
CBG29	msa_aligned_position	supported_comparable	16	alligator_mississippiensis,bos_taurus,callithrix_jacchus,equus_caballus,felis_catus,gallus_gallus,gorilla_gorilla_gorilla,macaca_mulatta,monodelphis_domestica,ornithorhynchus_anatinus,oryctolagus_cuniculus,ovis_aries,pan_troglodytes,rattus_norvegicus,sus_scrofa,taeniopygia_guttata	974	example	gallus_gallus	Gallus gallus	NP_990650.2	NM_205319.4	NP_990650.2:E15_E16	NP_990650.2:exon15	NP_990650.2:exon16	E15 → E16	754	974	mapped	IPR001245:458-791	IPR001245	kinase	end	791	-37	37	inside_domain	True	0.533	
CBG29	msa_aligned_position	supported_comparable	16	alligator_mississippiensis,bos_taurus,callithrix_jacchus,equus_caballus,felis_catus,gallus_gallus,gorilla_gorilla_gorilla,macaca_mulatta,monodelphis_domestica,ornithorhynchus_anatinus,oryctolagus_cuniculus,ovis_aries,pan_troglodytes,rattus_norvegicus,sus_scrofa,taeniopygia_guttata	974	example	taeniopygia_guttata	Taeniopygia guttata	XP_072787409.1	XM_072931308.1	XP_072787409.1:E16_E17	XP_072787409.1:exon16	XP_072787409.1:exon17	E16 → E17	802	974	mapped	IPR001245:506-839	IPR001245	kinase	end	839	-37	37	inside_domain	True	0.533	
CBG29	msa_aligned_position	supported_comparable	16	alligator_mississippiensis,bos_taurus,callithrix_jacchus,equus_caballus,felis_catus,gallus_gallus,gorilla_gorilla_gorilla,macaca_mulatta,monodelphis_domestica,ornithorhynchus_anatinus,oryctolagus_cuniculus,ovis_aries,pan_troglodytes,rattus_norvegicus,sus_scrofa,taeniopygia_guttata	974	example	alligator_mississippiensis	Alligator mississippiensis	XP_006266188.1	XM_006266126.4	XP_006266188.1:E15_E16	XP_006266188.1:exon15	XP_006266188.1:exon16	E15 → E16	754	974	mapped	IPR001245:458-791	IPR001245	kinase	end	791	-37	37	inside_domain	True	0.533	
CBG30	msa_aligned_position	supported_comparable	16	alligator_mississippiensis,bos_taurus,callithrix_jacchus,equus_caballus,felis_catus,gallus_gallus,macaca_mulatta,monodelphis_domestica,mus_musculus,ornithorhynchus_anatinus,oryctolagus_cuniculus,ovis_aries,pan_troglodytes,rattus_norvegicus,sus_scrofa,taeniopygia_guttata	1009	example	pan_troglodytes	Pan troglodytes	XP_054516514.1	XM_054660539.2	XP_054516514.1:E16_E17	XP_054516514.1:exon16	XP_054516514.1:exon17	E16 → E17	787	1009	mapped	IPR001245:456-789	IPR001245	kinase	end	789	-2	2	near_domain_edge	True	0.533	
CBG30	msa_aligned_position	supported_comparable	16	alligator_mississippiensis,bos_taurus,callithrix_jacchus,equus_caballus,felis_catus,gallus_gallus,macaca_mulatta,monodelphis_domestica,mus_musculus,ornithorhynchus_anatinus,oryctolagus_cuniculus,ovis_aries,pan_troglodytes,rattus_norvegicus,sus_scrofa,taeniopygia_guttata	1009	example	macaca_mulatta	Macaca mulatta	XP_077803775.1	XM_077947649.1	XP_077803775.1:E16_E17	XP_077803775.1:exon16	XP_077803775.1:exon17	E16 → E17	785	1009	mapped	IPR001245:454-787	IPR001245	kinase	end	787	-2	2	near_domain_edge	True	0.533	
CBG30	msa_aligned_position	supported_comparable	16	alligator_mississippiensis,bos_taurus,callithrix_jacchus,equus_caballus,felis_catus,gallus_gallus,macaca_mulatta,monodelphis_domestica,mus_musculus,ornithorhynchus_anatinus,oryctolagus_cuniculus,ovis_aries,pan_troglodytes,rattus_norvegicus,sus_scrofa,taeniopygia_guttata	1009	example	callithrix_jacchus	Callithrix jacchus	XP_078202765.1	XM_078346639.1	XP_078202765.1:E16_E17	XP_078202765.1:exon16	XP_078202765.1:exon17	E16 → E17	787	1009	mapped	IPR001245:456-789	IPR001245	kinase	end	789	-2	2	near_domain_edge	True	0.533	
CBG30	msa_aligned_position	supported_comparable	16	alligator_mississippiensis,bos_taurus,callithrix_jacchus,equus_caballus,felis_catus,gallus_gallus,macaca_mulatta,monodelphis_domestica,mus_musculus,ornithorhynchus_anatinus,oryctolagus_cuniculus,ovis_aries,pan_troglodytes,rattus_norvegicus,sus_scrofa,taeniopygia_guttata	1009	example	mus_musculus	Mus musculus	ENSMUSP00000112430	ENSMUST00000122054	ENSMUSP00000112430:E16_E17	ENSMUSP00000112430:exon16	ENSMUSP00000112430:exon17	E16 → E17	787	1009	mapped	IPR001245:456-789	IPR001245	kinase	end	789	-2	2	near_domain_edge	True	0.533	
CBG30	msa_aligned_position	supported_comparable	16	alligator_mississippiensis,bos_taurus,callithrix_jacchus,equus_caballus,felis_catus,gallus_gallus,macaca_mulatta,monodelphis_domestica,mus_musculus,ornithorhynchus_anatinus,oryctolagus_cuniculus,ovis_aries,pan_troglodytes,rattus_norvegicus,sus_scrofa,taeniopygia_guttata	1009	example	rattus_norvegicus	Rattus norvegicus	XP_063137149.1	XM_063281079.1	XP_063137149.1:E16_E17	XP_063137149.1:exon16	XP_063137149.1:exon17	E16 → E17	787	1009	mapped	IPR001245:456-789	IPR001245	kinase	end	789	-2	2	near_domain_edge	True	0.533	
CBG30	msa_aligned_position	supported_comparable	16	alligator_mississippiensis,bos_taurus,callithrix_jacchus,equus_caballus,felis_catus,gallus_gallus,macaca_mulatta,monodelphis_domestica,mus_musculus,ornithorhynchus_anatinus,oryctolagus_cuniculus,ovis_aries,pan_troglodytes,rattus_norvegicus,sus_scrofa,taeniopygia_guttata	1009	example	oryctolagus_cuniculus	Oryctolagus cuniculus	XP_069913096.1	XM_070056995.1	XP_069913096.1:E16_E17	XP_069913096.1:exon16	XP_069913096.1:exon17	E16 → E17	787	1009	mapped	IPR001245:456-789	IPR001245	kinase	end	789	-2	2	near_domain_edge	True	0.533	
CBG30	msa_aligned_position	supported_comparable	16	alligator_mississippiensis,bos_taurus,callithrix_jacchus,equus_caballus,felis_catus,gallus_gallus,macaca_mulatta,monodelphis_domestica,mus_musculus,ornithorhynchus_anatinus,oryctolagus_cuniculus,ovis_aries,pan_troglodytes,rattus_norvegicus,sus_scrofa,taeniopygia_guttata	1009	example	felis_catus	Felis catus	XP_044896695.1	XM_045040760.1	XP_044896695.1:E16_E17	XP_044896695.1:exon16	XP_044896695.1:exon17	E16 → E17	787	1009	mapped	IPR001245:456-789	IPR001245	kinase	end	789	-2	2	near_domain_edge	True	0.533	
CBG30	msa_aligned_position	supported_comparable	16	alligator_mississippiensis,bos_taurus,callithrix_jacchus,equus_caballus,felis_catus,gallus_gallus,macaca_mulatta,monodelphis_domestica,mus_musculus,ornithorhynchus_anatinus,oryctolagus_cuniculus,ovis_aries,pan_troglodytes,rattus_norvegicus,sus_scrofa,taeniopygia_guttata	1009	example	bos_taurus	Bos taurus	XP_059737724.1	XM_059881741.1	XP_059737724.1:E16_E17	XP_059737724.1:exon16	XP_059737724.1:exon17	E16 → E17	787	1009	mapped	IPR001245:456-789	IPR001245	kinase	end	789	-2	2	near_domain_edge	True	0.533	
CBG30	msa_aligned_position	supported_comparable	16	alligator_mississippiensis,bos_taurus,callithrix_jacchus,equus_caballus,felis_catus,gallus_gallus,macaca_mulatta,monodelphis_domestica,mus_musculus,ornithorhynchus_anatinus,oryctolagus_cuniculus,ovis_aries,pan_troglodytes,rattus_norvegicus,sus_scrofa,taeniopygia_guttata	1009	example	sus_scrofa	Sus scrofa	XP_084849197.1	XM_084993071.1	XP_084849197.1:E16_E17	XP_084849197.1:exon16	XP_084849197.1:exon17	E16 → E17	787	1009	mapped	IPR001245:456-780	IPR001245	kinase	end	780	7	7	outside_annotated_domains	True	0.533	
CBG30	msa_aligned_position	supported_comparable	16	alligator_mississippiensis,bos_taurus,callithrix_jacchus,equus_caballus,felis_catus,gallus_gallus,macaca_mulatta,monodelphis_domestica,mus_musculus,ornithorhynchus_anatinus,oryctolagus_cuniculus,ovis_aries,pan_troglodytes,rattus_norvegicus,sus_scrofa,taeniopygia_guttata	1009	example	equus_caballus	Equus caballus	XP_014588430.1	XM_014732944.3	XP_014588430.1:E17_E18	XP_014588430.1:exon17	XP_014588430.1:exon18	E17 → E18	837	1009	mapped	IPR001245:506-839	IPR001245	kinase	end	839	-2	2	near_domain_edge	True	0.533	
CBG30	msa_aligned_position	supported_comparable	16	alligator_mississippiensis,bos_taurus,callithrix_jacchus,equus_caballus,felis_catus,gallus_gallus,macaca_mulatta,monodelphis_domestica,mus_musculus,ornithorhynchus_anatinus,oryctolagus_cuniculus,ovis_aries,pan_troglodytes,rattus_norvegicus,sus_scrofa,taeniopygia_guttata	1009	example	ovis_aries	Ovis aries	XP_060260490.1	XM_060404507.1	XP_060260490.1:E16_E17	XP_060260490.1:exon16	XP_060260490.1:exon17	E16 → E17	787	1009	mapped	IPR001245:456-789	IPR001245	kinase	end	789	-2	2	near_domain_edge	True	0.533	
CBG30	msa_aligned_position	supported_comparable	16	alligator_mississippiensis,bos_taurus,callithrix_jacchus,equus_caballus,felis_catus,gallus_gallus,macaca_mulatta,monodelphis_domestica,mus_musculus,ornithorhynchus_anatinus,oryctolagus_cuniculus,ovis_aries,pan_troglodytes,rattus_norvegicus,sus_scrofa,taeniopygia_guttata	1009	example	monodelphis_domestica	Monodelphis domestica	XP_056659242.1	XM_056803264.1	XP_056659242.1:E16_E17	XP_056659242.1:exon16	XP_056659242.1:exon17	E16 → E17	786	1009	mapped	IPR001245:455-788	IPR001245	kinase	end	788	-2	2	near_domain_edge	True	0.533	
CBG30	msa_aligned_position	supported_comparable	16	alligator_mississippiensis,bos_taurus,callithrix_jacchus,equus_caballus,felis_catus,gallus_gallus,macaca_mulatta,monodelphis_domestica,mus_musculus,ornithorhynchus_anatinus,oryctolagus_cuniculus,ovis_aries,pan_troglodytes,rattus_norvegicus,sus_scrofa,taeniopygia_guttata	1009	example	ornithorhynchus_anatinus	Ornithorhynchus anatinus	XP_028936644.1	XM_029080811.2	XP_028936644.1:E16_E17	XP_028936644.1:exon16	XP_028936644.1:exon17	E16 → E17	786	1009	mapped	IPR001245:455-788	IPR001245	kinase	end	788	-2	2	near_domain_edge	True	0.533	
CBG30	msa_aligned_position	supported_comparable	16	alligator_mississippiensis,bos_taurus,callithrix_jacchus,equus_caballus,felis_catus,gallus_gallus,macaca_mulatta,monodelphis_domestica,mus_musculus,ornithorhynchus_anatinus,oryctolagus_cuniculus,ovis_aries,pan_troglodytes,rattus_norvegicus,sus_scrofa,taeniopygia_guttata	1009	example	gallus_gallus	Gallus gallus	NP_990650.2	NM_205319.4	NP_990650.2:E16_E17	NP_990650.2:exon16	NP_990650.2:exon17	E16 → E17	789	1009	mapped	IPR001245:458-791	IPR001245	kinase	end	791	-2	2	near_domain_edge	True	0.533	
CBG30	msa_aligned_position	supported_comparable	16	alligator_mississippiensis,bos_taurus,callithrix_jacchus,equus_caballus,felis_catus,gallus_gallus,macaca_mulatta,monodelphis_domestica,mus_musculus,ornithorhynchus_anatinus,oryctolagus_cuniculus,ovis_aries,pan_troglodytes,rattus_norvegicus,sus_scrofa,taeniopygia_guttata	1009	example	taeniopygia_guttata	Taeniopygia guttata	XP_072787409.1	XM_072931308.1	XP_072787409.1:E17_E18	XP_072787409.1:exon17	XP_072787409.1:exon18	E17 → E18	837	1009	mapped	IPR001245:506-839	IPR001245	kinase	end	839	-2	2	near_domain_edge	True	0.533	
CBG30	msa_aligned_position	supported_comparable	16	alligator_mississippiensis,bos_taurus,callithrix_jacchus,equus_caballus,felis_catus,gallus_gallus,macaca_mulatta,monodelphis_domestica,mus_musculus,ornithorhynchus_anatinus,oryctolagus_cuniculus,ovis_aries,pan_troglodytes,rattus_norvegicus,sus_scrofa,taeniopygia_guttata	1009	example	alligator_mississippiensis	Alligator mississippiensis	XP_006266188.1	XM_006266126.4	XP_006266188.1:E16_E17	XP_006266188.1:exon16	XP_006266188.1:exon17	E16 → E17	789	1009	mapped	IPR001245:458-791	IPR001245	kinase	end	791	-2	2	near_domain_edge	True	0.533	
CBG31	msa_aligned_position	supported_comparable	2	gorilla_gorilla_gorilla,mus_musculus	158	example	gorilla_gorilla_gorilla	Gorilla gorilla gorilla	XP_004050253.1	XP_004050253.1	XP_004050253.1:E1_E2	XP_004050253.1:exon1	XP_004050253.1:exon2	E1 → E2	55	158	mapped	IPR013098:75-152	IPR013098	Ig1	start	75	-20	20	outside_annotated_domains	True	0.067	
CBG31	msa_aligned_position	supported_comparable	2	gorilla_gorilla_gorilla,mus_musculus	158	example	mus_musculus	Mus musculus	ENSMUSP00000112430	ENSMUST00000122054	ENSMUSP00000112430:E1_E2	ENSMUSP00000112430:exon1	ENSMUSP00000112430:exon2	E1 → E2	55	158	mapped	IPR007110:64-128	IPR007110	Ig1	start	64	-9	9	outside_annotated_domains	True	0.067	
CBG35	msa_aligned_position	tentative	2	gorilla_gorilla_gorilla,meleagris_gallopavo	533	example	gorilla_gorilla_gorilla	Gorilla gorilla gorilla	XP_004050253.1	XP_004050253.1	XP_004050253.1:E5_E6	XP_004050253.1:exon5	XP_004050253.1:exon6	E5 → E6	201	533	mapped	IPR007110:170-250	IPR007110	Ig2	start	170	31	31	inside_domain	True	0.067	
CBG35	msa_aligned_position	tentative	2	gorilla_gorilla_gorilla,meleagris_gallopavo	533	example	meleagris_gallopavo	Meleagris gallopavo	ENSMGAP00000031571	ENSMGAT00000021846	ENSMGAP00000031571:E3_E4	ENSMGAP00000031571:exon3	ENSMGAP00000031571:exon4	E3 → E4	204	534	mapped	IPR007110:171-252	IPR007110	Ig2	start	171	33	33	inside_domain	True	0.067	
CBG38	msa_aligned_position	tentative	3	gorilla_gorilla_gorilla,mus_musculus,xenopus_tropicalis	682	example	gorilla_gorilla_gorilla	Gorilla gorilla gorilla	XP_004050253.1	XP_004050253.1	XP_004050253.1:E8_E9	XP_004050253.1:exon8	XP_004050253.1:exon9	E8 → E9	343	682	mapped	IPR001245:339-672	IPR001245	kinase	start	339	4	4	near_domain_edge	True	0.1	
CBG38	msa_aligned_position	tentative	3	gorilla_gorilla_gorilla,mus_musculus,xenopus_tropicalis	682	example	mus_musculus	Mus musculus	ENSMUSP00000112430	ENSMUST00000122054	ENSMUSP00000112430:E10_E11	ENSMUSP00000112430:exon10	ENSMUSP00000112430:exon11	E10 → E11	461	683	mapped	IPR001245:456-789	IPR001245	kinase	start	456	5	5	near_domain_edge	True	0.1	
CBG38	msa_aligned_position	tentative	3	gorilla_gorilla_gorilla,mus_musculus,xenopus_tropicalis	682	example	xenopus_tropicalis	Xenopus tropicalis	ENSXETP00000069725	ENSXETT00000071733	ENSXETP00000069725:E10_E11	ENSXETP00000069725:exon10	ENSXETP00000069725:exon11	E10 → E11	530	684	mapped	IPR001245:524-857	IPR001245	kinase	start	524	6	6	inside_domain	True	0.1	
CBG42	msa_aligned_position	supported_comparable	3	anolis_carolinensis,oreochromis_niloticus,pongo_abelii	603	example	pongo_abelii	Pongo abelii	XP_024108704.1	XM_024252936	XP_024108704.1:E7_E8	XP_024108704.1:exon7	XP_024108704.1:exon8	E7 → E8	381	603	mapped	IPR007110:285-365	IPR007110	Ig3	end	365	16	16	outside_annotated_domains	True	0.1	
CBG42	msa_aligned_position	supported_comparable	3	anolis_carolinensis,oreochromis_niloticus,pongo_abelii	603	example	anolis_carolinensis	Anolis carolinensis	XP_062832081.1	XM_062976011.1	XP_062832081.1:E8_E9	XP_062832081.1:exon8	XP_062832081.1:exon9	E8 → E9	414	603	mapped	IPR013098:315-411	IPR013098	Ig3	end	411	3	3	near_domain_edge	True	0.1	
CBG42	msa_aligned_position	supported_comparable	3	anolis_carolinensis,oreochromis_niloticus,pongo_abelii	603	example	oreochromis_niloticus	Oreochromis niloticus	ENSONIP00000063320	ENSONIT00000047381	ENSONIP00000063320:E7_E8	ENSONIP00000063320:exon7	ENSONIP00000063320:exon8	E7 → E8	360	603	mapped	IPR013098:261-357	IPR013098	Ig3	end	357	3	3	near_domain_edge	True	0.1	
CBG43	msa_aligned_position	supported_comparable	4	chrysemys_picta_bellii,oreochromis_niloticus,oryzias_latipes,pongo_abelii	668	example	pongo_abelii	Pongo abelii	XP_024108704.1	XM_024252936	XP_024108704.1:E8_E9	XP_024108704.1:exon8	XP_024108704.1:exon9	E8 → E9	446	668	mapped	IPR001245:454-787	IPR001245	kinase	start	454	-8	8	outside_annotated_domains	True	0.133	
CBG43	msa_aligned_position	supported_comparable	4	chrysemys_picta_bellii,oreochromis_niloticus,oryzias_latipes,pongo_abelii	668	example	chrysemys_picta_bellii	Chrysemys picta bellii	XP_065408413.1	XM_065552341.1	XP_065408413.1:E8_E9	XP_065408413.1:exon8	XP_065408413.1:exon9	E8 → E9	446	668	mapped	IPR001245:456-789	IPR001245	kinase	start	456	-10	10	outside_annotated_domains	True	0.133	
CBG43	msa_aligned_position	supported_comparable	4	chrysemys_picta_bellii,oreochromis_niloticus,oryzias_latipes,pongo_abelii	668	example	oryzias_latipes	Oryzias latipes	XP_078787744.1	XM_078931618.1	XP_078787744.1:E8_E9	XP_078787744.1:exon8	XP_078787744.1:exon9	E8 → E9	442	668	mapped	IPR001245:450-781	IPR001245	kinase	start	450	-8	8	outside_annotated_domains	True	0.133	
CBG43	msa_aligned_position	supported_comparable	4	chrysemys_picta_bellii,oreochromis_niloticus,oryzias_latipes,pongo_abelii	668	example	oreochromis_niloticus	Oreochromis niloticus	ENSONIP00000063320	ENSONIT00000047381	ENSONIP00000063320:E8_E9	ENSONIP00000063320:exon8	ENSONIP00000063320:exon9	E8 → E9	424	668	mapped	IPR001245:431-761	IPR001245	kinase	start	431	-7	7	outside_annotated_domains	True	0.133	
CBG44	msa_aligned_position	supported_comparable	5	ambystoma_mexicanum,anolis_carolinensis,oreochromis_niloticus,pongo_abelii,xenopus_tropicalis	721	example	pongo_abelii	Pongo abelii	XP_024108704.1	XM_024252936	XP_024108704.1:E9_E10	XP_024108704.1:exon9	XP_024108704.1:exon10	E9 → E10	497	721	mapped	IPR001245:454-787	IPR001245	kinase	start	454	43	43	inside_domain	True	0.167	
CBG44	msa_aligned_position	supported_comparable	5	ambystoma_mexicanum,anolis_carolinensis,oreochromis_niloticus,pongo_abelii,xenopus_tropicalis	721	example	anolis_carolinensis	Anolis carolinensis	XP_062832081.1	XM_062976011.1	XP_062832081.1:E10_E11	XP_062832081.1:exon10	XP_062832081.1:exon11	E10 → E11	532	721	mapped	IPR001245:489-822	IPR001245	kinase	start	489	43	43	inside_domain	True	0.167	
CBG44	msa_aligned_position	supported_comparable	5	ambystoma_mexicanum,anolis_carolinensis,oreochromis_niloticus,pongo_abelii,xenopus_tropicalis	721	example	xenopus_tropicalis	Xenopus tropicalis	ENSXETP00000069725	ENSXETT00000071733	ENSXETP00000069725:E11_E12	ENSXETP00000069725:exon11	ENSXETP00000069725:exon12	E11 → E12	567	721	mapped	IPR001245:524-857	IPR001245	kinase	start	524	43	43	inside_domain	True	0.167	
CBG44	msa_aligned_position	supported_comparable	5	ambystoma_mexicanum,anolis_carolinensis,oreochromis_niloticus,pongo_abelii,xenopus_tropicalis	721	example	ambystoma_mexicanum	Ambystoma mexicanum	XP_069468056.1	XM_069611955.1	XP_069468056.1:E9_E10	XP_069468056.1:exon9	XP_069468056.1:exon10	E9 → E10	497	721	mapped	IPR001245:454-787	IPR001245	kinase	start	454	43	43	inside_domain	True	0.167	
CBG44	msa_aligned_position	supported_comparable	5	ambystoma_mexicanum,anolis_carolinensis,oreochromis_niloticus,pongo_abelii,xenopus_tropicalis	721	example	oreochromis_niloticus	Oreochromis niloticus	ENSONIP00000063320	ENSONIT00000047381	ENSONIP00000063320:E9_E10	ENSONIP00000063320:exon9	ENSONIP00000063320:exon10	E9 → E10	471	721	mapped	IPR001245:431-761	IPR001245	kinase	start	431	40	40	inside_domain	True	0.167	
CBG45	msa_aligned_position	supported_comparable	4	ambystoma_mexicanum,anolis_carolinensis,oreochromis_niloticus,pongo_abelii	762	example	pongo_abelii	Pongo abelii	XP_024108704.1	XM_024252936	XP_024108704.1:E10_E11	XP_024108704.1:exon10	XP_024108704.1:exon11	E10 → E11	538	762	mapped	IPR001245:454-787	IPR001245	kinase	start	454	84	84	inside_domain	True	0.133	
CBG45	msa_aligned_position	supported_comparable	4	ambystoma_mexicanum,anolis_carolinensis,oreochromis_niloticus,pongo_abelii	762	example	anolis_carolinensis	Anolis carolinensis	XP_062832081.1	XM_062976011.1	XP_062832081.1:E11_E12	XP_062832081.1:exon11	XP_062832081.1:exon12	E11 → E12	573	762	mapped	IPR001245:489-822	IPR001245	kinase	start	489	84	84	inside_domain	True	0.133	
CBG45	msa_aligned_position	supported_comparable	4	ambystoma_mexicanum,anolis_carolinensis,oreochromis_niloticus,pongo_abelii	762	example	ambystoma_mexicanum	Ambystoma mexicanum	XP_069468056.1	XM_069611955.1	XP_069468056.1:E10_E11	XP_069468056.1:exon10	XP_069468056.1:exon11	E10 → E11	538	762	mapped	IPR001245:454-787	IPR001245	kinase	start	454	84	84	inside_domain	True	0.133	
CBG45	msa_aligned_position	supported_comparable	4	ambystoma_mexicanum,anolis_carolinensis,oreochromis_niloticus,pongo_abelii	762	example	oreochromis_niloticus	Oreochromis niloticus	ENSONIP00000063320	ENSONIT00000047381	ENSONIP00000063320:E10_E11	ENSONIP00000063320:exon10	ENSONIP00000063320:exon11	E10 → E11	512	762	mapped	IPR001245:431-761	IPR001245	kinase	start	431	81	81	inside_domain	True	0.133	
CBG46	msa_aligned_position	supported_comparable	4	ambystoma_mexicanum,anolis_carolinensis,oreochromis_niloticus,pongo_abelii	799	example	pongo_abelii	Pongo abelii	XP_024108704.1	XM_024252936	XP_024108704.1:E11_E12	XP_024108704.1:exon11	XP_024108704.1:exon12	E11 → E12	575	799	mapped	IPR001245:454-787	IPR001245	kinase	start	454	121	121	inside_domain	True	0.133	
CBG46	msa_aligned_position	supported_comparable	4	ambystoma_mexicanum,anolis_carolinensis,oreochromis_niloticus,pongo_abelii	799	example	anolis_carolinensis	Anolis carolinensis	XP_062832081.1	XM_062976011.1	XP_062832081.1:E12_E13	XP_062832081.1:exon12	XP_062832081.1:exon13	E12 → E13	610	799	mapped	IPR001245:489-822	IPR001245	kinase	start	489	121	121	inside_domain	True	0.133	
CBG46	msa_aligned_position	supported_comparable	4	ambystoma_mexicanum,anolis_carolinensis,oreochromis_niloticus,pongo_abelii	799	example	ambystoma_mexicanum	Ambystoma mexicanum	XP_069468056.1	XM_069611955.1	XP_069468056.1:E11_E12	XP_069468056.1:exon11	XP_069468056.1:exon12	E11 → E12	575	799	mapped	IPR001245:454-787	IPR001245	kinase	start	454	121	121	inside_domain	True	0.133	
CBG46	msa_aligned_position	supported_comparable	4	ambystoma_mexicanum,anolis_carolinensis,oreochromis_niloticus,pongo_abelii	799	example	oreochromis_niloticus	Oreochromis niloticus	ENSONIP00000063320	ENSONIT00000047381	ENSONIP00000063320:E11_E12	ENSONIP00000063320:exon11	ENSONIP00000063320:exon12	E11 → E12	549	799	mapped	IPR001245:431-761	IPR001245	kinase	start	431	118	118	inside_domain	True	0.133	
CBG47	msa_aligned_position	supported_comparable	4	ambystoma_mexicanum,anolis_carolinensis,oreochromis_niloticus,pongo_abelii	862	example	pongo_abelii	Pongo abelii	XP_024108704.1	XM_024252936	XP_024108704.1:E12_E13	XP_024108704.1:exon12	XP_024108704.1:exon13	E12 → E13	638	862	mapped	IPR001245:454-787	IPR001245	kinase	end	787	-149	149	inside_domain	True	0.133	
CBG47	msa_aligned_position	supported_comparable	4	ambystoma_mexicanum,anolis_carolinensis,oreochromis_niloticus,pongo_abelii	862	example	anolis_carolinensis	Anolis carolinensis	XP_062832081.1	XM_062976011.1	XP_062832081.1:E13_E14	XP_062832081.1:exon13	XP_062832081.1:exon14	E13 → E14	673	862	mapped	IPR001245:489-822	IPR001245	kinase	end	822	-149	149	inside_domain	True	0.133	
CBG47	msa_aligned_position	supported_comparable	4	ambystoma_mexicanum,anolis_carolinensis,oreochromis_niloticus,pongo_abelii	862	example	ambystoma_mexicanum	Ambystoma mexicanum	XP_069468056.1	XM_069611955.1	XP_069468056.1:E12_E13	XP_069468056.1:exon12	XP_069468056.1:exon13	E12 → E13	638	862	mapped	IPR001245:454-787	IPR001245	kinase	end	787	-149	149	inside_domain	True	0.133	
CBG47	msa_aligned_position	supported_comparable	4	ambystoma_mexicanum,anolis_carolinensis,oreochromis_niloticus,pongo_abelii	862	example	oreochromis_niloticus	Oreochromis niloticus	ENSONIP00000063320	ENSONIT00000047381	ENSONIP00000063320:E12_E13	ENSONIP00000063320:exon12	ENSONIP00000063320:exon13	E12 → E13	612	862	mapped	IPR001245:431-761	IPR001245	kinase	end	761	-149	149	inside_domain	True	0.133	
CBG48	msa_aligned_position	supported_comparable	4	ambystoma_mexicanum,anolis_carolinensis,oreochromis_niloticus,pongo_abelii	903	example	pongo_abelii	Pongo abelii	XP_024108704.1	XM_024252936	XP_024108704.1:E13_E14	XP_024108704.1:exon13	XP_024108704.1:exon14	E13 → E14	679	903	mapped	IPR001245:454-787	IPR001245	kinase	end	787	-108	108	inside_domain	True	0.133	
CBG48	msa_aligned_position	supported_comparable	4	ambystoma_mexicanum,anolis_carolinensis,oreochromis_niloticus,pongo_abelii	903	example	anolis_carolinensis	Anolis carolinensis	XP_062832081.1	XM_062976011.1	XP_062832081.1:E14_E15	XP_062832081.1:exon14	XP_062832081.1:exon15	E14 → E15	714	903	mapped	IPR001245:489-822	IPR001245	kinase	end	822	-108	108	inside_domain	True	0.133	
CBG48	msa_aligned_position	supported_comparable	4	ambystoma_mexicanum,anolis_carolinensis,oreochromis_niloticus,pongo_abelii	903	example	ambystoma_mexicanum	Ambystoma mexicanum	XP_069468056.1	XM_069611955.1	XP_069468056.1:E13_E14	XP_069468056.1:exon13	XP_069468056.1:exon14	E13 → E14	679	903	mapped	IPR001245:454-787	IPR001245	kinase	end	787	-108	108	inside_domain	True	0.133	
CBG48	msa_aligned_position	supported_comparable	4	ambystoma_mexicanum,anolis_carolinensis,oreochromis_niloticus,pongo_abelii	903	example	oreochromis_niloticus	Oreochromis niloticus	ENSONIP00000063320	ENSONIT00000047381	ENSONIP00000063320:E13_E14	ENSONIP00000063320:exon13	ENSONIP00000063320:exon14	E13 → E14	653	903	mapped	IPR001245:431-761	IPR001245	kinase	end	761	-108	108	inside_domain	True	0.133	
CBG49	msa_aligned_position	supported_comparable	4	ambystoma_mexicanum,anolis_carolinensis,oreochromis_niloticus,pongo_abelii	927	example	pongo_abelii	Pongo abelii	XP_024108704.1	XM_024252936	XP_024108704.1:E14_E15	XP_024108704.1:exon14	XP_024108704.1:exon15	E14 → E15	703	927	mapped	IPR001245:454-787	IPR001245	kinase	end	787	-84	84	inside_domain	True	0.133	
CBG49	msa_aligned_position	supported_comparable	4	ambystoma_mexicanum,anolis_carolinensis,oreochromis_niloticus,pongo_abelii	927	example	anolis_carolinensis	Anolis carolinensis	XP_062832081.1	XM_062976011.1	XP_062832081.1:E15_E16	XP_062832081.1:exon15	XP_062832081.1:exon16	E15 → E16	738	927	mapped	IPR001245:489-822	IPR001245	kinase	end	822	-84	84	inside_domain	True	0.133	
CBG49	msa_aligned_position	supported_comparable	4	ambystoma_mexicanum,anolis_carolinensis,oreochromis_niloticus,pongo_abelii	927	example	ambystoma_mexicanum	Ambystoma mexicanum	XP_069468056.1	XM_069611955.1	XP_069468056.1:E14_E15	XP_069468056.1:exon14	XP_069468056.1:exon15	E14 → E15	703	927	mapped	IPR001245:454-787	IPR001245	kinase	end	787	-84	84	inside_domain	True	0.133	
CBG49	msa_aligned_position	supported_comparable	4	ambystoma_mexicanum,anolis_carolinensis,oreochromis_niloticus,pongo_abelii	927	example	oreochromis_niloticus	Oreochromis niloticus	ENSONIP00000063320	ENSONIT00000047381	ENSONIP00000063320:E14_E15	ENSONIP00000063320:exon14	ENSONIP00000063320:exon15	E14 → E15	677	927	mapped	IPR001245:431-761	IPR001245	kinase	end	761	-84	84	inside_domain	True	0.133	
CBG50	msa_aligned_position	supported_comparable	4	ambystoma_mexicanum,anolis_carolinensis,oreochromis_niloticus,pongo_abelii	973	example	pongo_abelii	Pongo abelii	XP_024108704.1	XM_024252936	XP_024108704.1:E15_E16	XP_024108704.1:exon15	XP_024108704.1:exon16	E15 → E16	749	973	mapped	IPR001245:454-787	IPR001245	kinase	end	787	-38	38	inside_domain	True	0.133	
CBG50	msa_aligned_position	supported_comparable	4	ambystoma_mexicanum,anolis_carolinensis,oreochromis_niloticus,pongo_abelii	973	example	anolis_carolinensis	Anolis carolinensis	XP_062832081.1	XM_062976011.1	XP_062832081.1:E16_E17	XP_062832081.1:exon16	XP_062832081.1:exon17	E16 → E17	784	973	mapped	IPR001245:489-822	IPR001245	kinase	end	822	-38	38	inside_domain	True	0.133	
CBG50	msa_aligned_position	supported_comparable	4	ambystoma_mexicanum,anolis_carolinensis,oreochromis_niloticus,pongo_abelii	973	example	ambystoma_mexicanum	Ambystoma mexicanum	XP_069468056.1	XM_069611955.1	XP_069468056.1:E15_E16	XP_069468056.1:exon15	XP_069468056.1:exon16	E15 → E16	749	973	mapped	IPR001245:454-787	IPR001245	kinase	end	787	-38	38	inside_domain	True	0.133	
CBG50	msa_aligned_position	supported_comparable	4	ambystoma_mexicanum,anolis_carolinensis,oreochromis_niloticus,pongo_abelii	973	example	oreochromis_niloticus	Oreochromis niloticus	ENSONIP00000063320	ENSONIT00000047381	ENSONIP00000063320:E15_E16	ENSONIP00000063320:exon15	ENSONIP00000063320:exon16	E15 → E16	723	973	mapped	IPR001245:431-761	IPR001245	kinase	end	761	-38	38	inside_domain	True	0.133	
CBG51	msa_aligned_position	supported_comparable	4	ambystoma_mexicanum,anolis_carolinensis,oreochromis_niloticus,pongo_abelii	1008	example	pongo_abelii	Pongo abelii	XP_024108704.1	XM_024252936	XP_024108704.1:E16_E17	XP_024108704.1:exon16	XP_024108704.1:exon17	E16 → E17	784	1008	mapped	IPR001245:454-787	IPR001245	kinase	end	787	-3	3	near_domain_edge	True	0.133	
CBG51	msa_aligned_position	supported_comparable	4	ambystoma_mexicanum,anolis_carolinensis,oreochromis_niloticus,pongo_abelii	1008	example	anolis_carolinensis	Anolis carolinensis	XP_062832081.1	XM_062976011.1	XP_062832081.1:E17_E18	XP_062832081.1:exon17	XP_062832081.1:exon18	E17 → E18	819	1008	mapped	IPR001245:489-822	IPR001245	kinase	end	822	-3	3	near_domain_edge	True	0.133	
CBG51	msa_aligned_position	supported_comparable	4	ambystoma_mexicanum,anolis_carolinensis,oreochromis_niloticus,pongo_abelii	1008	example	ambystoma_mexicanum	Ambystoma mexicanum	XP_069468056.1	XM_069611955.1	XP_069468056.1:E16_E17	XP_069468056.1:exon16	XP_069468056.1:exon17	E16 → E17	784	1008	mapped	IPR001245:454-787	IPR001245	kinase	end	787	-3	3	near_domain_edge	True	0.133	
CBG51	msa_aligned_position	supported_comparable	4	ambystoma_mexicanum,anolis_carolinensis,oreochromis_niloticus,pongo_abelii	1008	example	oreochromis_niloticus	Oreochromis niloticus	ENSONIP00000063320	ENSONIT00000047381	ENSONIP00000063320:E16_E17	ENSONIP00000063320:exon16	ENSONIP00000063320:exon17	E16 → E17	758	1008	mapped	IPR001245:431-761	IPR001245	kinase	end	761	-3	3	near_domain_edge	True	0.133	
CBG52	msa_aligned_position	supported_comparable	10	alligator_mississippiensis,ambystoma_mexicanum,anolis_carolinensis,equus_caballus,felis_catus,gallus_gallus,macaca_mulatta,monodelphis_domestica,ornithorhynchus_anatinus,oryctolagus_cuniculus	671	example	macaca_mulatta	Macaca mulatta	XP_077803775.1	XM_077947649.1	XP_077803775.1:E8_E9	XP_077803775.1:exon8	XP_077803775.1:exon9	E8 → E9	447	671	mapped	IPR001245:454-787	IPR001245	kinase	start	454	-7	7	outside_annotated_domains	True	0.333	
CBG52	msa_aligned_position	supported_comparable	10	alligator_mississippiensis,ambystoma_mexicanum,anolis_carolinensis,equus_caballus,felis_catus,gallus_gallus,macaca_mulatta,monodelphis_domestica,ornithorhynchus_anatinus,oryctolagus_cuniculus	671	example	oryctolagus_cuniculus	Oryctolagus cuniculus	XP_069913096.1	XM_070056995.1	XP_069913096.1:E8_E9	XP_069913096.1:exon8	XP_069913096.1:exon9	E8 → E9	449	671	mapped	IPR001245:456-789	IPR001245	kinase	start	456	-7	7	outside_annotated_domains	True	0.333	
CBG52	msa_aligned_position	supported_comparable	10	alligator_mississippiensis,ambystoma_mexicanum,anolis_carolinensis,equus_caballus,felis_catus,gallus_gallus,macaca_mulatta,monodelphis_domestica,ornithorhynchus_anatinus,oryctolagus_cuniculus	671	example	felis_catus	Felis catus	XP_044896695.1	XM_045040760.1	XP_044896695.1:E8_E9	XP_044896695.1:exon8	XP_044896695.1:exon9	E8 → E9	449	671	mapped	IPR001245:456-789	IPR001245	kinase	start	456	-7	7	outside_annotated_domains	True	0.333	
CBG52	msa_aligned_position	supported_comparable	10	alligator_mississippiensis,ambystoma_mexicanum,anolis_carolinensis,equus_caballus,felis_catus,gallus_gallus,macaca_mulatta,monodelphis_domestica,ornithorhynchus_anatinus,oryctolagus_cuniculus	671	example	equus_caballus	Equus caballus	XP_014588430.1	XM_014732944.3	XP_014588430.1:E9_E10	XP_014588430.1:exon9	XP_014588430.1:exon10	E9 → E10	499	671	mapped	IPR001245:506-839	IPR001245	kinase	start	506	-7	7	outside_annotated_domains	True	0.333	
CBG52	msa_aligned_position	supported_comparable	10	alligator_mississippiensis,ambystoma_mexicanum,anolis_carolinensis,equus_caballus,felis_catus,gallus_gallus,macaca_mulatta,monodelphis_domestica,ornithorhynchus_anatinus,oryctolagus_cuniculus	671	example	monodelphis_domestica	Monodelphis domestica	XP_056659242.1	XM_056803264.1	XP_056659242.1:E8_E9	XP_056659242.1:exon8	XP_056659242.1:exon9	E8 → E9	448	671	mapped	IPR001245:455-788	IPR001245	kinase	start	455	-7	7	outside_annotated_domains	True	0.333	
CBG52	msa_aligned_position	supported_comparable	10	alligator_mississippiensis,ambystoma_mexicanum,anolis_carolinensis,equus_caballus,felis_catus,gallus_gallus,macaca_mulatta,monodelphis_domestica,ornithorhynchus_anatinus,oryctolagus_cuniculus	671	example	ornithorhynchus_anatinus	Ornithorhynchus anatinus	XP_028936644.1	XM_029080811.2	XP_028936644.1:E8_E9	XP_028936644.1:exon8	XP_028936644.1:exon9	E8 → E9	448	671	mapped	IPR001245:455-788	IPR001245	kinase	start	455	-7	7	outside_annotated_domains	True	0.333	
CBG52	msa_aligned_position	supported_comparable	10	alligator_mississippiensis,ambystoma_mexicanum,anolis_carolinensis,equus_caballus,felis_catus,gallus_gallus,macaca_mulatta,monodelphis_domestica,ornithorhynchus_anatinus,oryctolagus_cuniculus	671	example	gallus_gallus	Gallus gallus	NP_990650.2	NM_205319.4	NP_990650.2:E8_E9	NP_990650.2:exon8	NP_990650.2:exon9	E8 → E9	451	671	mapped	IPR001245:458-791	IPR001245	kinase	start	458	-7	7	outside_annotated_domains	True	0.333	
CBG52	msa_aligned_position	supported_comparable	10	alligator_mississippiensis,ambystoma_mexicanum,anolis_carolinensis,equus_caballus,felis_catus,gallus_gallus,macaca_mulatta,monodelphis_domestica,ornithorhynchus_anatinus,oryctolagus_cuniculus	671	example	anolis_carolinensis	Anolis carolinensis	XP_062832081.1	XM_062976011.1	XP_062832081.1:E9_E10	XP_062832081.1:exon9	XP_062832081.1:exon10	E9 → E10	482	671	mapped	IPR001245:489-822	IPR001245	kinase	start	489	-7	7	outside_annotated_domains	True	0.333	
CBG52	msa_aligned_position	supported_comparable	10	alligator_mississippiensis,ambystoma_mexicanum,anolis_carolinensis,equus_caballus,felis_catus,gallus_gallus,macaca_mulatta,monodelphis_domestica,ornithorhynchus_anatinus,oryctolagus_cuniculus	671	example	alligator_mississippiensis	Alligator mississippiensis	XP_006266188.1	XM_006266126.4	XP_006266188.1:E8_E9	XP_006266188.1:exon8	XP_006266188.1:exon9	E8 → E9	451	671	mapped	IPR001245:458-791	IPR001245	kinase	start	458	-7	7	outside_annotated_domains	True	0.333	
CBG52	msa_aligned_position	supported_comparable	10	alligator_mississippiensis,ambystoma_mexicanum,anolis_carolinensis,equus_caballus,felis_catus,gallus_gallus,macaca_mulatta,monodelphis_domestica,ornithorhynchus_anatinus,oryctolagus_cuniculus	671	example	ambystoma_mexicanum	Ambystoma mexicanum	XP_069468056.1	XM_069611955.1	XP_069468056.1:E8_E9	XP_069468056.1:exon8	XP_069468056.1:exon9	E8 → E9	447	671	mapped	IPR001245:454-787	IPR001245	kinase	start	454	-7	7	outside_annotated_domains	True	0.333	
CBG62	msa_aligned_position	tentative	2	mus_musculus,xenopus_tropicalis	894	example	mus_musculus	Mus musculus	ENSMUSP00000112430	ENSMUST00000122054	ENSMUSP00000112430:E14_E15	ENSMUSP00000112430:exon14	ENSMUSP00000112430:exon15	E14 → E15	672	894	mapped	IPR001245:456-789	IPR001245	kinase	end	789	-117	117	inside_domain	True	0.067	
CBG62	msa_aligned_position	tentative	2	mus_musculus,xenopus_tropicalis	894	example	xenopus_tropicalis	Xenopus tropicalis	ENSXETP00000069725	ENSXETT00000071733	ENSXETP00000069725:E15_E16	ENSXETP00000069725:exon15	ENSXETP00000069725:exon16	E15 → E16	741	895	mapped	IPR001245:524-857	IPR001245	kinase	end	857	-116	116	inside_domain	True	0.067	
CBG72	msa_aligned_position	tentative	2	anolis_carolinensis,taeniopygia_guttata	21	example	taeniopygia_guttata	Taeniopygia guttata	XP_072787409.1	XM_072931308.1	XP_072787409.1:E1_E2	XP_072787409.1:exon1	XP_072787409.1:exon2	E1 → E2	21	21	mapped	IPR007110:115-179	IPR007110	Ig1	start	115	-94	94	outside_annotated_domains	True	0.067	
CBG72	msa_aligned_position	tentative	2	anolis_carolinensis,taeniopygia_guttata	21	example	anolis_carolinensis	Anolis carolinensis	XP_062832081.1	XM_062976011.1	XP_062832081.1:E1_E2	XP_062832081.1:exon1	XP_062832081.1:exon2	E1 → E2	7	22	mapped	IPR007110:102-166	IPR007110	Ig1	start	102	-95	95	outside_annotated_domains	True	0.067	
CBG74	msa_aligned_position	supported_comparable	3	chrysemys_picta_bellii,danio_rerio,oryzias_latipes	598	example	chrysemys_picta_bellii	Chrysemys picta bellii	XP_065408413.1	XM_065552341.1	XP_065408413.1:E7_E8	XP_065408413.1:exon7	XP_065408413.1:exon8	E7 → E8	379	598	mapped	IPR007110:284-365	IPR007110	Ig3	end	365	14	14	outside_annotated_domains	True	0.1	
CBG74	msa_aligned_position	supported_comparable	3	chrysemys_picta_bellii,danio_rerio,oryzias_latipes	598	example	danio_rerio	Danio rerio	XP_068081038.1	XM_068224937.2	XP_068081038.1:E7_E8	XP_068081038.1:exon7	XP_068081038.1:exon8	E7 → E8	383	598	mapped	IPR013098:286-382	IPR013098	Ig3	end	382	1	1	near_domain_edge	True	0.1	
CBG74	msa_aligned_position	supported_comparable	3	chrysemys_picta_bellii,danio_rerio,oryzias_latipes	598	example	oryzias_latipes	Oryzias latipes	XP_078787744.1	XM_078931618.1	XP_078787744.1:E7_E8	XP_078787744.1:exon7	XP_078787744.1:exon8	E7 → E8	376	598	mapped	IPR013098:279-375	IPR013098	Ig3	end	375	1	1	near_domain_edge	True	0.1	
CBG75	msa_aligned_position	supported_comparable	3	chrysemys_picta_bellii,danio_rerio,oryzias_latipes	719	example	chrysemys_picta_bellii	Chrysemys picta bellii	XP_065408413.1	XM_065552341.1	XP_065408413.1:E9_E10	XP_065408413.1:exon9	XP_065408413.1:exon10	E9 → E10	497	719	mapped	IPR001245:456-789	IPR001245	kinase	start	456	41	41	inside_domain	True	0.1	
CBG75	msa_aligned_position	supported_comparable	3	chrysemys_picta_bellii,danio_rerio,oryzias_latipes	719	example	danio_rerio	Danio rerio	XP_068081038.1	XM_068224937.2	XP_068081038.1:E9_E10	XP_068081038.1:exon9	XP_068081038.1:exon10	E9 → E10	497	719	mapped	IPR001245:460-789	IPR001245	kinase	start	460	37	37	inside_domain	True	0.1	
CBG75	msa_aligned_position	supported_comparable	3	chrysemys_picta_bellii,danio_rerio,oryzias_latipes	719	example	oryzias_latipes	Oryzias latipes	XP_078787744.1	XM_078931618.1	XP_078787744.1:E9_E10	XP_078787744.1:exon9	XP_078787744.1:exon10	E9 → E10	489	719	mapped	IPR001245:450-781	IPR001245	kinase	start	450	39	39	inside_domain	True	0.1	
CBG76	msa_aligned_position	supported_comparable	3	chrysemys_picta_bellii,danio_rerio,oryzias_latipes	760	example	chrysemys_picta_bellii	Chrysemys picta bellii	XP_065408413.1	XM_065552341.1	XP_065408413.1:E10_E11	XP_065408413.1:exon10	XP_065408413.1:exon11	E10 → E11	538	760	mapped	IPR001245:456-789	IPR001245	kinase	start	456	82	82	inside_domain	True	0.1	
CBG76	msa_aligned_position	supported_comparable	3	chrysemys_picta_bellii,danio_rerio,oryzias_latipes	760	example	danio_rerio	Danio rerio	XP_068081038.1	XM_068224937.2	XP_068081038.1:E10_E11	XP_068081038.1:exon10	XP_068081038.1:exon11	E10 → E11	538	760	mapped	IPR001245:460-789	IPR001245	kinase	start	460	78	78	inside_domain	True	0.1	
CBG76	msa_aligned_position	supported_comparable	3	chrysemys_picta_bellii,danio_rerio,oryzias_latipes	760	example	oryzias_latipes	Oryzias latipes	XP_078787744.1	XM_078931618.1	XP_078787744.1:E10_E11	XP_078787744.1:exon10	XP_078787744.1:exon11	E10 → E11	530	760	mapped	IPR001245:450-781	IPR001245	kinase	start	450	80	80	inside_domain	True	0.1	
CBG77	msa_aligned_position	supported_comparable	3	chrysemys_picta_bellii,danio_rerio,oryzias_latipes	797	example	chrysemys_picta_bellii	Chrysemys picta bellii	XP_065408413.1	XM_065552341.1	XP_065408413.1:E11_E12	XP_065408413.1:exon11	XP_065408413.1:exon12	E11 → E12	575	797	mapped	IPR001245:456-789	IPR001245	kinase	start	456	119	119	inside_domain	True	0.1	
CBG77	msa_aligned_position	supported_comparable	3	chrysemys_picta_bellii,danio_rerio,oryzias_latipes	797	example	danio_rerio	Danio rerio	XP_068081038.1	XM_068224937.2	XP_068081038.1:E11_E12	XP_068081038.1:exon11	XP_068081038.1:exon12	E11 → E12	575	797	mapped	IPR001245:460-789	IPR001245	kinase	start	460	115	115	inside_domain	True	0.1	
CBG77	msa_aligned_position	supported_comparable	3	chrysemys_picta_bellii,danio_rerio,oryzias_latipes	797	example	oryzias_latipes	Oryzias latipes	XP_078787744.1	XM_078931618.1	XP_078787744.1:E11_E12	XP_078787744.1:exon11	XP_078787744.1:exon12	E11 → E12	567	797	mapped	IPR001245:450-781	IPR001245	kinase	start	450	117	117	inside_domain	True	0.1	
CBG78	msa_aligned_position	supported_comparable	3	chrysemys_picta_bellii,danio_rerio,oryzias_latipes	860	example	chrysemys_picta_bellii	Chrysemys picta bellii	XP_065408413.1	XM_065552341.1	XP_065408413.1:E12_E13	XP_065408413.1:exon12	XP_065408413.1:exon13	E12 → E13	638	860	mapped	IPR001245:456-789	IPR001245	kinase	end	789	-151	151	inside_domain	True	0.1	
CBG78	msa_aligned_position	supported_comparable	3	chrysemys_picta_bellii,danio_rerio,oryzias_latipes	860	example	danio_rerio	Danio rerio	XP_068081038.1	XM_068224937.2	XP_068081038.1:E12_E13	XP_068081038.1:exon12	XP_068081038.1:exon13	E12 → E13	638	860	mapped	IPR001245:460-789	IPR001245	kinase	end	789	-151	151	inside_domain	True	0.1	
CBG78	msa_aligned_position	supported_comparable	3	chrysemys_picta_bellii,danio_rerio,oryzias_latipes	860	example	oryzias_latipes	Oryzias latipes	XP_078787744.1	XM_078931618.1	XP_078787744.1:E12_E13	XP_078787744.1:exon12	XP_078787744.1:exon13	E12 → E13	630	860	mapped	IPR001245:450-781	IPR001245	kinase	end	781	-151	151	inside_domain	True	0.1	
CBG79	msa_aligned_position	supported_comparable	3	chrysemys_picta_bellii,danio_rerio,oryzias_latipes	901	example	chrysemys_picta_bellii	Chrysemys picta bellii	XP_065408413.1	XM_065552341.1	XP_065408413.1:E13_E14	XP_065408413.1:exon13	XP_065408413.1:exon14	E13 → E14	679	901	mapped	IPR001245:456-789	IPR001245	kinase	end	789	-110	110	inside_domain	True	0.1	
CBG79	msa_aligned_position	supported_comparable	3	chrysemys_picta_bellii,danio_rerio,oryzias_latipes	901	example	danio_rerio	Danio rerio	XP_068081038.1	XM_068224937.2	XP_068081038.1:E13_E14	XP_068081038.1:exon13	XP_068081038.1:exon14	E13 → E14	679	901	mapped	IPR001245:460-789	IPR001245	kinase	end	789	-110	110	inside_domain	True	0.1	
CBG79	msa_aligned_position	supported_comparable	3	chrysemys_picta_bellii,danio_rerio,oryzias_latipes	901	example	oryzias_latipes	Oryzias latipes	XP_078787744.1	XM_078931618.1	XP_078787744.1:E13_E14	XP_078787744.1:exon13	XP_078787744.1:exon14	E13 → E14	671	901	mapped	IPR001245:450-781	IPR001245	kinase	end	781	-110	110	inside_domain	True	0.1	
CBG80	msa_aligned_position	supported_comparable	3	chrysemys_picta_bellii,danio_rerio,oryzias_latipes	925	example	chrysemys_picta_bellii	Chrysemys picta bellii	XP_065408413.1	XM_065552341.1	XP_065408413.1:E14_E15	XP_065408413.1:exon14	XP_065408413.1:exon15	E14 → E15	703	925	mapped	IPR001245:456-789	IPR001245	kinase	end	789	-86	86	inside_domain	True	0.1	
CBG80	msa_aligned_position	supported_comparable	3	chrysemys_picta_bellii,danio_rerio,oryzias_latipes	925	example	danio_rerio	Danio rerio	XP_068081038.1	XM_068224937.2	XP_068081038.1:E14_E15	XP_068081038.1:exon14	XP_068081038.1:exon15	E14 → E15	703	925	mapped	IPR001245:460-789	IPR001245	kinase	end	789	-86	86	inside_domain	True	0.1	
CBG80	msa_aligned_position	supported_comparable	3	chrysemys_picta_bellii,danio_rerio,oryzias_latipes	925	example	oryzias_latipes	Oryzias latipes	XP_078787744.1	XM_078931618.1	XP_078787744.1:E14_E15	XP_078787744.1:exon14	XP_078787744.1:exon15	E14 → E15	695	925	mapped	IPR001245:450-781	IPR001245	kinase	end	781	-86	86	inside_domain	True	0.1	
CBG81	msa_aligned_position	supported_comparable	3	chrysemys_picta_bellii,danio_rerio,oryzias_latipes	971	example	chrysemys_picta_bellii	Chrysemys picta bellii	XP_065408413.1	XM_065552341.1	XP_065408413.1:E15_E16	XP_065408413.1:exon15	XP_065408413.1:exon16	E15 → E16	749	971	mapped	IPR001245:456-789	IPR001245	kinase	end	789	-40	40	inside_domain	True	0.1	
CBG81	msa_aligned_position	supported_comparable	3	chrysemys_picta_bellii,danio_rerio,oryzias_latipes	971	example	danio_rerio	Danio rerio	XP_068081038.1	XM_068224937.2	XP_068081038.1:E15_E16	XP_068081038.1:exon15	XP_068081038.1:exon16	E15 → E16	749	971	mapped	IPR001245:460-789	IPR001245	kinase	end	789	-40	40	inside_domain	True	0.1	
CBG81	msa_aligned_position	supported_comparable	3	chrysemys_picta_bellii,danio_rerio,oryzias_latipes	971	example	oryzias_latipes	Oryzias latipes	XP_078787744.1	XM_078931618.1	XP_078787744.1:E15_E16	XP_078787744.1:exon15	XP_078787744.1:exon16	E15 → E16	741	971	mapped	IPR001245:450-781	IPR001245	kinase	end	781	-40	40	inside_domain	True	0.1	
CBG82	msa_aligned_position	supported_comparable	3	chrysemys_picta_bellii,danio_rerio,oryzias_latipes	1006	example	chrysemys_picta_bellii	Chrysemys picta bellii	XP_065408413.1	XM_065552341.1	XP_065408413.1:E16_E17	XP_065408413.1:exon16	XP_065408413.1:exon17	E16 → E17	784	1006	mapped	IPR001245:456-789	IPR001245	kinase	end	789	-5	5	near_domain_edge	True	0.1	
CBG82	msa_aligned_position	supported_comparable	3	chrysemys_picta_bellii,danio_rerio,oryzias_latipes	1006	example	danio_rerio	Danio rerio	XP_068081038.1	XM_068224937.2	XP_068081038.1:E16_E17	XP_068081038.1:exon16	XP_068081038.1:exon17	E16 → E17	784	1006	mapped	IPR001245:460-789	IPR001245	kinase	end	789	-5	5	near_domain_edge	True	0.1	
CBG82	msa_aligned_position	supported_comparable	3	chrysemys_picta_bellii,danio_rerio,oryzias_latipes	1006	example	oryzias_latipes	Oryzias latipes	XP_078787744.1	XM_078931618.1	XP_078787744.1:E16_E17	XP_078787744.1:exon16	XP_078787744.1:exon17	E16 → E17	776	1006	mapped	IPR001245:450-781	IPR001245	kinase	end	781	-5	5	near_domain_edge	True	0.1	
CBG84	msa_aligned_position	tentative	2	mus_musculus,xenopus_tropicalis	301	example	xenopus_tropicalis	Xenopus tropicalis	ENSXETP00000069725	ENSXETT00000071733	ENSXETP00000069725:E3_E4	ENSXETP00000069725:exon3	ENSXETP00000069725:exon4	E3 → E4	163	301	mapped	IPR013151:144-205	IPR013151	Ig1	start	144	19	19	inside_domain	True	0.067	
CBG84	msa_aligned_position	tentative	2	mus_musculus,xenopus_tropicalis	301	example	mus_musculus	Mus musculus	ENSMUSP00000112430	ENSMUST00000122054	ENSMUSP00000112430:E2_E3	ENSMUSP00000112430:exon2	ENSMUSP00000112430:exon3	E2 → E3	91	302	mapped	IPR007110:64-128	IPR007110	Ig1	start	64	27	27	inside_domain	True	0.067	
CBG91	msa_aligned_position	tentative	3	gorilla_gorilla_gorilla,meleagris_gallopavo,xenopus_tropicalis	849	example	xenopus_tropicalis	Xenopus tropicalis	ENSXETP00000069725	ENSXETT00000071733	ENSXETP00000069725:E14_E15	ENSXETP00000069725:exon14	ENSXETP00000069725:exon15	E14 → E15	695	849	mapped	IPR001245:524-857	IPR001245	kinase	end	857	-162	162	inside_domain	True	0.1	
CBG91	msa_aligned_position	tentative	3	gorilla_gorilla_gorilla,meleagris_gallopavo,xenopus_tropicalis	849	example	gorilla_gorilla_gorilla	Gorilla gorilla gorilla	XP_004050253.1	XP_004050253.1	XP_004050253.1:E11_E12	XP_004050253.1:exon11	XP_004050253.1:exon12	E11 → E12	511	850	mapped	IPR001245:339-672	IPR001245	kinase	end	672	-161	161	inside_domain	True	0.1	
CBG91	msa_aligned_position	tentative	3	gorilla_gorilla_gorilla,meleagris_gallopavo,xenopus_tropicalis	849	example	meleagris_gallopavo	Meleagris gallopavo	ENSMGAP00000031571	ENSMGAT00000021846	ENSMGAP00000031571:E9_E10	ENSMGAP00000031571:exon9	ENSMGAP00000031571:exon10	E9 → E10	514	851	mapped	IPR001245:341-627	IPR001245	kinase	end	627	-113	113	inside_domain	True	0.1	
CBG97	msa_aligned_position	tentative	2	gasterosteus_aculeatus,xenopus_tropicalis	274	example	gasterosteus_aculeatus	Gasterosteus aculeatus	ENSGACP00000061458	ENSGACT00000067656	ENSGACP00000061458:E4_E5	ENSGACP00000061458:exon4	ENSGACP00000061458:exon5	E4 → E5	176	274	mapped	IPR013098:74-168	IPR013098	Ig1	end	168	8	8	outside_annotated_domains	True	0.067	
CBG97	msa_aligned_position	tentative	2	gasterosteus_aculeatus,xenopus_tropicalis	274	example	xenopus_tropicalis	Xenopus tropicalis	ENSXETP00000069725	ENSXETT00000071733	ENSXETP00000069725:E2_E3	ENSXETP00000069725:exon2	ENSXETP00000069725:exon3	E2 → E3	138	276	mapped	IPR013151:144-205	IPR013151	Ig1	start	144	-6	6	outside_annotated_domains	True	0.067	
CBG101	msa_aligned_position	tentative	2	gasterosteus_aculeatus,xenopus_tropicalis	472	example	gasterosteus_aculeatus	Gasterosteus aculeatus	ENSGACP00000061458	ENSGACT00000067656	ENSGACP00000061458:E8_E9	ENSGACP00000061458:exon8	ENSGACP00000061458:exon9	E8 → E9	364	472	mapped	IPR013098:299-376	IPR013098	Ig2	end	376	-12	12	inside_domain	True	0.067	
CBG101	msa_aligned_position	tentative	2	gasterosteus_aculeatus,xenopus_tropicalis	472	example	xenopus_tropicalis	Xenopus tropicalis	ENSXETP00000069725	ENSXETT00000071733	ENSXETP00000069725:E6_E7	ENSXETP00000069725:exon6	ENSXETP00000069725:exon7	E6 → E7	324	473	mapped	IPR013098:257-335	IPR013098	Ig2	end	335	-11	11	inside_domain	True	0.067	
CBG102	msa_aligned_position	tentative	2	gasterosteus_aculeatus,homo_sapiens	537	example	gasterosteus_aculeatus	Gasterosteus aculeatus	ENSGACP00000061458	ENSGACT00000067656	ENSGACP00000061458:E9_E10	ENSGACP00000061458:exon9	ENSGACP00000061458:exon10	E9 → E10	429	537	mapped	IPR013098:391-487	IPR013098	Ig3	start	391	38	38	inside_domain	True	0.067	
CBG102	msa_aligned_position	tentative	2	gasterosteus_aculeatus,homo_sapiens	537	example	homo_sapiens	Homo sapiens	ENSP00000351276	ENST00000358487	ENSP00000351276:E7_E8	ENSP00000351276:exon7	ENSP00000351276:exon8	E7 → E8	302	538	mapped	IPR007110:266-346	IPR007110	Ig3	start	266	36	36	inside_domain	True	0.067	
CBG105	msa_aligned_position	tentative	2	gasterosteus_aculeatus,meleagris_gallopavo	696	example	gasterosteus_aculeatus	Gasterosteus aculeatus	ENSGACP00000061458	ENSGACT00000067656	ENSGACP00000061458:E12_E13	ENSGACP00000061458:exon12	ENSGACP00000061458:exon13	E12 → E13	580	696	mapped	IPR001245:561-882	IPR001245	kinase	start	561	19	19	inside_domain	True	0.067	
CBG105	msa_aligned_position	tentative	2	gasterosteus_aculeatus,meleagris_gallopavo	696	example	meleagris_gallopavo	Meleagris gallopavo	ENSMGAP00000031571	ENSMGAT00000021846	ENSMGAP00000031571:E6_E7	ENSMGAP00000031571:exon6	ENSMGAP00000031571:exon7	E6 → E7	361	698	mapped	IPR001245:341-627	IPR001245	kinase	start	341	20	20	inside_domain	True	0.067	
CBG107	msa_aligned_position	tentative	2	gasterosteus_aculeatus,xenopus_tropicalis	782	example	gasterosteus_aculeatus	Gasterosteus aculeatus	ENSGACP00000061458	ENSGACT00000067656	ENSGACP00000061458:E14_E15	ENSGACP00000061458:exon14	ENSGACP00000061458:exon15	E14 → E15	662	782	mapped	IPR001245:561-882	IPR001245	kinase	start	561	101	101	inside_domain	True	0.067	
CBG107	msa_aligned_position	tentative	2	gasterosteus_aculeatus,xenopus_tropicalis	782	example	xenopus_tropicalis	Xenopus tropicalis	ENSXETP00000069725	ENSXETT00000071733	ENSXETP00000069725:E12_E13	ENSXETP00000069725:exon12	ENSXETP00000069725:exon13	E12 → E13	630	784	mapped	IPR001245:524-857	IPR001245	kinase	start	524	106	106	inside_domain	True	0.067	
CBG109	msa_aligned_position	tentative	2	gasterosteus_aculeatus,homo_sapiens	912	example	gasterosteus_aculeatus	Gasterosteus aculeatus	ENSGACP00000061458	ENSGACT00000067656	ENSGACP00000061458:E16_E17	ENSGACP00000061458:exon16	ENSGACP00000061458:exon17	E16 → E17	792	912	mapped	IPR001245:561-882	IPR001245	kinase	end	882	-90	90	inside_domain	True	0.067	
CBG109	msa_aligned_position	tentative	2	gasterosteus_aculeatus,homo_sapiens	912	example	homo_sapiens	Homo sapiens	ENSP00000351276	ENST00000358487	ENSP00000351276:E14_E15	ENSP00000351276:exon14	ENSP00000351276:exon15	E14 → E15	672	913	mapped	IPR001245:437-770	IPR001245	kinase	end	770	-98	98	inside_domain	True	0.067	
CBG113	msa_aligned_position	tentative	2	mus_musculus,takifugu_rubripes	346	example	takifugu_rubripes	Takifugu rubripes	ENSTRUP00000045145	ENSTRUT00000045297	ENSTRUP00000045145:E3_E4	ENSTRUP00000045145:exon3	ENSTRUP00000045145:exon4	E3 → E4	137	346	mapped	IPR007110:71-132	IPR007110	Ig1	end	132	5	5	near_domain_edge	True	0.067	
CBG113	msa_aligned_position	tentative	2	mus_musculus,takifugu_rubripes	346	example	mus_musculus	Mus musculus	ENSMUSP00000112430	ENSMUST00000122054	ENSMUSP00000112430:E3_E4	ENSMUSP00000112430:exon3	ENSMUSP00000112430:exon4	E3 → E4	137	348	mapped	IPR007110:64-128	IPR007110	Ig1	end	128	9	9	outside_annotated_domains	True	0.067	
CBG123	msa_aligned_position	tentative	2	gorilla_gorilla_gorilla,takifugu_rubripes	890	example	takifugu_rubripes	Takifugu rubripes	ENSTRUP00000045145	ENSTRUT00000045297	ENSTRUP00000045145:E14_E15	ENSTRUP00000045145:exon14	ENSTRUP00000045145:exon15	E14 → E15	666	890	mapped	IPR001245:456-787	IPR001245	kinase	end	787	-121	121	inside_domain	True	0.067	
CBG123	msa_aligned_position	tentative	2	gorilla_gorilla_gorilla,takifugu_rubripes	890	example	gorilla_gorilla_gorilla	Gorilla gorilla gorilla	XP_004050253.1	XP_004050253.1	XP_004050253.1:E12_E13	XP_004050253.1:exon12	XP_004050253.1:exon13	E12 → E13	552	891	mapped	IPR001245:339-672	IPR001245	kinase	end	672	-120	120	inside_domain	True	0.067	
