species	isoform	final_isoform_label	validated_exon_type	final_claim_status_after_rescue	visual_review_flag	final_plot_status	protein_length	feature_type	exon_or_cds_id	feature_label	block_start_aa	block_end_aa	is_IIIb_cassette	is_IIIc_cassette	cassette_start_aa	cassette_end_aa	boundary_left_precision	boundary_right_precision	source_coordinate_table
homo_sapiens	IIIb	IIIb	IIIb	primary_claim_supported_with_minor_flags	false	primary_minor_flags	822	CDS	ENSE00001847306	CDS1	1	55	false	false	314	359			11_publication_figures_pre_interpro/tables/figure2_exon_to_protein_architecture_tracks.tsv
homo_sapiens	IIIb	IIIb	IIIb	primary_claim_supported_with_minor_flags	false	primary_minor_flags	822	CDS	ENSE00003790431	CDS2	56	91	false	false	314	359			11_publication_figures_pre_interpro/tables/figure2_exon_to_protein_architecture_tracks.tsv
homo_sapiens	IIIb	IIIb	IIIb	primary_claim_supported_with_minor_flags	false	primary_minor_flags	822	CDS	ENSE00003680367	CDS3	91	137	false	false	314	359			11_publication_figures_pre_interpro/tables/figure2_exon_to_protein_architecture_tracks.tsv
homo_sapiens	IIIb	IIIb	IIIb	primary_claim_supported_with_minor_flags	false	primary_minor_flags	822	CDS	ENSE00003547346	CDS4	137	160	false	false	314	359			11_publication_figures_pre_interpro/tables/figure2_exon_to_protein_architecture_tracks.tsv
homo_sapiens	IIIb	IIIb	IIIb	primary_claim_supported_with_minor_flags	false	primary_minor_flags	822	CDS	ENSE00003618465	CDS5	161	201	false	false	314	359			11_publication_figures_pre_interpro/tables/figure2_exon_to_protein_architecture_tracks.tsv
homo_sapiens	IIIb	IIIb	IIIb	primary_claim_supported_with_minor_flags	false	primary_minor_flags	822	CDS	ENSE00003525972	CDS6	202	265	false	false	314	359			11_publication_figures_pre_interpro/tables/figure2_exon_to_protein_architecture_tracks.tsv
homo_sapiens	IIIb	IIIb	IIIb	primary_claim_supported_with_minor_flags	false	primary_minor_flags	822	CDS	ENSE00003486661	CDS7	265	302	false	false	314	359			11_publication_figures_pre_interpro/tables/figure2_exon_to_protein_architecture_tracks.tsv
homo_sapiens	IIIb	IIIb	IIIb	primary_claim_supported_with_minor_flags	false	primary_minor_flags	822	CDS	ENSE00003631185	CDS8	302	343	false	false	314	359			11_publication_figures_pre_interpro/tables/figure2_exon_to_protein_architecture_tracks.tsv
homo_sapiens	IIIb	IIIb	IIIb	primary_claim_supported_with_minor_flags	false	primary_minor_flags	822	CDS	ENSE00003553724	IIIb cassette	343	393	true	false	314	359	unknown_codon_phase	unknown_codon_phase	11_publication_figures_pre_interpro/tables/figure2_exon_to_protein_architecture_tracks.tsv
homo_sapiens	IIIb	IIIb	IIIb	primary_claim_supported_with_minor_flags	false	primary_minor_flags	822	CDS	ENSE00003629514	CDS10	394	461	false	false	314	359			11_publication_figures_pre_interpro/tables/figure2_exon_to_protein_architecture_tracks.tsv
homo_sapiens	IIIb	IIIb	IIIb	primary_claim_supported_with_minor_flags	false	primary_minor_flags	822	CDS	ENSE00003608712	CDS11	461	509	false	false	314	359			11_publication_figures_pre_interpro/tables/figure2_exon_to_protein_architecture_tracks.tsv
homo_sapiens	IIIb	IIIb	IIIb	primary_claim_supported_with_minor_flags	false	primary_minor_flags	822	CDS	ENSE00003530900	CDS12	510	573	false	false	314	359			11_publication_figures_pre_interpro/tables/figure2_exon_to_protein_architecture_tracks.tsv
homo_sapiens	IIIb	IIIb	IIIb	primary_claim_supported_with_minor_flags	false	primary_minor_flags	822	CDS	ENSE00003681829	CDS13	573	614	false	false	314	359			11_publication_figures_pre_interpro/tables/figure2_exon_to_protein_architecture_tracks.tsv
homo_sapiens	IIIb	IIIb	IIIb	primary_claim_supported_with_minor_flags	false	primary_minor_flags	822	CDS	ENSE00003589679	CDS14	615	671	false	false	314	359			11_publication_figures_pre_interpro/tables/figure2_exon_to_protein_architecture_tracks.tsv
homo_sapiens	IIIb	IIIb	IIIb	primary_claim_supported_with_minor_flags	false	primary_minor_flags	822	CDS	ENSE00003637083	CDS15	671	697	false	false	314	359			11_publication_figures_pre_interpro/tables/figure2_exon_to_protein_architecture_tracks.tsv
homo_sapiens	IIIb	IIIb	IIIb	primary_claim_supported_with_minor_flags	false	primary_minor_flags	822	CDS	ENSE00003488412	CDS16	697	786	false	false	314	359			11_publication_figures_pre_interpro/tables/figure2_exon_to_protein_architecture_tracks.tsv
homo_sapiens	IIIb	IIIb	IIIb	primary_claim_supported_with_minor_flags	false	primary_minor_flags	822	CDS	ENSE00003567716	CDS17	786	822	false	false	314	359			11_publication_figures_pre_interpro/tables/figure2_exon_to_protein_architecture_tracks.tsv
homo_sapiens	IIIc	IIIc	IIIc	primary_claim_supported_with_minor_flags	false	primary_minor_flags	821	CDS	ENSE00001847306	CDS1	1	55	false	false	314	361			11_publication_figures_pre_interpro/tables/figure2_exon_to_protein_architecture_tracks.tsv
homo_sapiens	IIIc	IIIc	IIIc	primary_claim_supported_with_minor_flags	false	primary_minor_flags	821	CDS	ENSE00003790431	CDS2	56	91	false	false	314	361			11_publication_figures_pre_interpro/tables/figure2_exon_to_protein_architecture_tracks.tsv
homo_sapiens	IIIc	IIIc	IIIc	primary_claim_supported_with_minor_flags	false	primary_minor_flags	821	CDS	ENSE00003680367	CDS3	91	137	false	false	314	361			11_publication_figures_pre_interpro/tables/figure2_exon_to_protein_architecture_tracks.tsv
homo_sapiens	IIIc	IIIc	IIIc	primary_claim_supported_with_minor_flags	false	primary_minor_flags	821	CDS	ENSE00003547346	CDS4	137	160	false	false	314	361			11_publication_figures_pre_interpro/tables/figure2_exon_to_protein_architecture_tracks.tsv
homo_sapiens	IIIc	IIIc	IIIc	primary_claim_supported_with_minor_flags	false	primary_minor_flags	821	CDS	ENSE00003618465	CDS5	161	201	false	false	314	361			11_publication_figures_pre_interpro/tables/figure2_exon_to_protein_architecture_tracks.tsv
homo_sapiens	IIIc	IIIc	IIIc	primary_claim_supported_with_minor_flags	false	primary_minor_flags	821	CDS	ENSE00003525972	CDS6	202	265	false	false	314	361			11_publication_figures_pre_interpro/tables/figure2_exon_to_protein_architecture_tracks.tsv
homo_sapiens	IIIc	IIIc	IIIc	primary_claim_supported_with_minor_flags	false	primary_minor_flags	821	CDS	ENSE00003486661	CDS7	265	302	false	false	314	361			11_publication_figures_pre_interpro/tables/figure2_exon_to_protein_architecture_tracks.tsv
homo_sapiens	IIIc	IIIc	IIIc	primary_claim_supported_with_minor_flags	false	primary_minor_flags	821	CDS	ENSE00003631185	IIIc cassette	302	343	false	true	314	361	unknown_codon_phase	unknown_codon_phase	11_publication_figures_pre_interpro/tables/figure2_exon_to_protein_architecture_tracks.tsv
homo_sapiens	IIIc	IIIc	IIIc	primary_claim_supported_with_minor_flags	false	primary_minor_flags	821	CDS	ENSE00003553724	CDS9	343	393	false	false	314	361			11_publication_figures_pre_interpro/tables/figure2_exon_to_protein_architecture_tracks.tsv
homo_sapiens	IIIc	IIIc	IIIc	primary_claim_supported_with_minor_flags	false	primary_minor_flags	821	CDS	ENSE00003629514	CDS10	394	461	false	false	314	361			11_publication_figures_pre_interpro/tables/figure2_exon_to_protein_architecture_tracks.tsv
homo_sapiens	IIIc	IIIc	IIIc	primary_claim_supported_with_minor_flags	false	primary_minor_flags	821	CDS	ENSE00003605080	CDS11	461	510	false	false	314	361			11_publication_figures_pre_interpro/tables/figure2_exon_to_protein_architecture_tracks.tsv
homo_sapiens	IIIc	IIIc	IIIc	primary_claim_supported_with_minor_flags	false	primary_minor_flags	821	CDS	ENSE00003530900	CDS12	511	574	false	false	314	361			11_publication_figures_pre_interpro/tables/figure2_exon_to_protein_architecture_tracks.tsv
homo_sapiens	IIIc	IIIc	IIIc	primary_claim_supported_with_minor_flags	false	primary_minor_flags	821	CDS	ENSE00003681829	CDS13	574	615	false	false	314	361			11_publication_figures_pre_interpro/tables/figure2_exon_to_protein_architecture_tracks.tsv
homo_sapiens	IIIc	IIIc	IIIc	primary_claim_supported_with_minor_flags	false	primary_minor_flags	821	CDS	ENSE00003589679	CDS14	616	672	false	false	314	361			11_publication_figures_pre_interpro/tables/figure2_exon_to_protein_architecture_tracks.tsv
homo_sapiens	IIIc	IIIc	IIIc	primary_claim_supported_with_minor_flags	false	primary_minor_flags	821	CDS	ENSE00003637083	CDS15	672	698	false	false	314	361			11_publication_figures_pre_interpro/tables/figure2_exon_to_protein_architecture_tracks.tsv
homo_sapiens	IIIc	IIIc	IIIc	primary_claim_supported_with_minor_flags	false	primary_minor_flags	821	CDS	ENSE00003488412	CDS16	698	787	false	false	314	361			11_publication_figures_pre_interpro/tables/figure2_exon_to_protein_architecture_tracks.tsv
homo_sapiens	IIIc	IIIc	IIIc	primary_claim_supported_with_minor_flags	false	primary_minor_flags	821	CDS	ENSE00003567716	CDS17	787	823	false	false	314	361			11_publication_figures_pre_interpro/tables/figure2_exon_to_protein_architecture_tracks.tsv
pan_troglodytes	IIIb	IIIb	IIIb	primary_claim_supported_with_minor_flags	false	primary_minor_flags	841	CDS	cds-XP_054516514.1	CDS1	1	56	false	false	333	378			11_publication_figures_pre_interpro/tables/figure2_exon_to_protein_architecture_tracks.tsv
pan_troglodytes	IIIb	IIIb	IIIb	primary_claim_supported_with_minor_flags	false	primary_minor_flags	841	CDS	cds-XP_054516514.1	CDS2	56	145	false	false	333	378			11_publication_figures_pre_interpro/tables/figure2_exon_to_protein_architecture_tracks.tsv
pan_troglodytes	IIIb	IIIb	IIIb	primary_claim_supported_with_minor_flags	false	primary_minor_flags	841	CDS	cds-XP_054516514.1	CDS3	145	171	false	false	333	378			11_publication_figures_pre_interpro/tables/figure2_exon_to_protein_architecture_tracks.tsv
pan_troglodytes	IIIb	IIIb	IIIb	primary_claim_supported_with_minor_flags	false	primary_minor_flags	841	CDS	cds-XP_054516514.1	CDS4	171	227	false	false	333	378			11_publication_figures_pre_interpro/tables/figure2_exon_to_protein_architecture_tracks.tsv
pan_troglodytes	IIIb	IIIb	IIIb	primary_claim_supported_with_minor_flags	false	primary_minor_flags	841	CDS	cds-XP_054516514.1	CDS5	228	269	false	false	333	378			11_publication_figures_pre_interpro/tables/figure2_exon_to_protein_architecture_tracks.tsv
pan_troglodytes	IIIb	IIIb	IIIb	primary_claim_supported_with_minor_flags	false	primary_minor_flags	841	CDS	cds-XP_054516514.1	CDS6	269	332	false	false	333	378			11_publication_figures_pre_interpro/tables/figure2_exon_to_protein_architecture_tracks.tsv
pan_troglodytes	IIIb	IIIb	IIIb	primary_claim_supported_with_minor_flags	false	primary_minor_flags	841	CDS	cds-XP_054516514.1	IIIb cassette	333	381	true	false	333	378	exact	codon_split	11_publication_figures_pre_interpro/tables/figure2_exon_to_protein_architecture_tracks.tsv
pan_troglodytes	IIIb	IIIb	IIIb	primary_claim_supported_with_minor_flags	false	primary_minor_flags	841	CDS	cds-XP_054516514.1	CDS8	381	449	false	false	333	378			11_publication_figures_pre_interpro/tables/figure2_exon_to_protein_architecture_tracks.tsv
pan_troglodytes	IIIb	IIIb	IIIb	primary_claim_supported_with_minor_flags	false	primary_minor_flags	841	CDS	cds-XP_054516514.1	CDS9	449	499	false	false	333	378			11_publication_figures_pre_interpro/tables/figure2_exon_to_protein_architecture_tracks.tsv
pan_troglodytes	IIIb	IIIb	IIIb	primary_claim_supported_with_minor_flags	false	primary_minor_flags	841	CDS	cds-XP_054516514.1	CDS10	499	540	false	false	333	378			11_publication_figures_pre_interpro/tables/figure2_exon_to_protein_architecture_tracks.tsv
pan_troglodytes	IIIb	IIIb	IIIb	primary_claim_supported_with_minor_flags	false	primary_minor_flags	841	CDS	cds-XP_054516514.1	CDS11	540	577	false	false	333	378			11_publication_figures_pre_interpro/tables/figure2_exon_to_protein_architecture_tracks.tsv
pan_troglodytes	IIIb	IIIb	IIIb	primary_claim_supported_with_minor_flags	false	primary_minor_flags	841	CDS	cds-XP_054516514.1	CDS12	577	640	false	false	333	378			11_publication_figures_pre_interpro/tables/figure2_exon_to_protein_architecture_tracks.tsv
pan_troglodytes	IIIb	IIIb	IIIb	primary_claim_supported_with_minor_flags	false	primary_minor_flags	841	CDS	cds-XP_054516514.1	CDS13	641	681	false	false	333	378			11_publication_figures_pre_interpro/tables/figure2_exon_to_protein_architecture_tracks.tsv
pan_troglodytes	IIIb	IIIb	IIIb	primary_claim_supported_with_minor_flags	false	primary_minor_flags	841	CDS	cds-XP_054516514.1	CDS14	682	705	false	false	333	378			11_publication_figures_pre_interpro/tables/figure2_exon_to_protein_architecture_tracks.tsv
pan_troglodytes	IIIb	IIIb	IIIb	primary_claim_supported_with_minor_flags	false	primary_minor_flags	841	CDS	cds-XP_054516514.1	CDS15	705	751	false	false	333	378			11_publication_figures_pre_interpro/tables/figure2_exon_to_protein_architecture_tracks.tsv
pan_troglodytes	IIIb	IIIb	IIIb	primary_claim_supported_with_minor_flags	false	primary_minor_flags	841	CDS	cds-XP_054516514.1	CDS16	751	786	false	false	333	378			11_publication_figures_pre_interpro/tables/figure2_exon_to_protein_architecture_tracks.tsv
pan_troglodytes	IIIb	IIIb	IIIb	primary_claim_supported_with_minor_flags	false	primary_minor_flags	841	CDS	cds-XP_054516514.1	CDS17	787	841	false	false	333	378			11_publication_figures_pre_interpro/tables/figure2_exon_to_protein_architecture_tracks.tsv
pan_troglodytes	IIIc	IIIc	IIIc	primary_claim_supported_with_minor_flags	false	primary_minor_flags	840	CDS	cds-XP_054516513.1	CDS1	1	56	false	false	333	380			11_publication_figures_pre_interpro/tables/figure2_exon_to_protein_architecture_tracks.tsv
pan_troglodytes	IIIc	IIIc	IIIc	primary_claim_supported_with_minor_flags	false	primary_minor_flags	840	CDS	cds-XP_054516513.1	CDS2	56	145	false	false	333	380			11_publication_figures_pre_interpro/tables/figure2_exon_to_protein_architecture_tracks.tsv
pan_troglodytes	IIIc	IIIc	IIIc	primary_claim_supported_with_minor_flags	false	primary_minor_flags	840	CDS	cds-XP_054516513.1	CDS3	145	171	false	false	333	380			11_publication_figures_pre_interpro/tables/figure2_exon_to_protein_architecture_tracks.tsv
pan_troglodytes	IIIc	IIIc	IIIc	primary_claim_supported_with_minor_flags	false	primary_minor_flags	840	CDS	cds-XP_054516513.1	CDS4	171	227	false	false	333	380			11_publication_figures_pre_interpro/tables/figure2_exon_to_protein_architecture_tracks.tsv
pan_troglodytes	IIIc	IIIc	IIIc	primary_claim_supported_with_minor_flags	false	primary_minor_flags	840	CDS	cds-XP_054516513.1	CDS5	228	269	false	false	333	380			11_publication_figures_pre_interpro/tables/figure2_exon_to_protein_architecture_tracks.tsv
pan_troglodytes	IIIc	IIIc	IIIc	primary_claim_supported_with_minor_flags	false	primary_minor_flags	840	CDS	cds-XP_054516513.1	CDS6	269	332	false	false	333	380			11_publication_figures_pre_interpro/tables/figure2_exon_to_protein_architecture_tracks.tsv
pan_troglodytes	IIIc	IIIc	IIIc	primary_claim_supported_with_minor_flags	false	primary_minor_flags	840	CDS	cds-XP_054516513.1	IIIc cassette	333	382	false	true	333	380	exact	codon_split	11_publication_figures_pre_interpro/tables/figure2_exon_to_protein_architecture_tracks.tsv
pan_troglodytes	IIIc	IIIc	IIIc	primary_claim_supported_with_minor_flags	false	primary_minor_flags	840	CDS	cds-XP_054516513.1	CDS8	382	450	false	false	333	380			11_publication_figures_pre_interpro/tables/figure2_exon_to_protein_architecture_tracks.tsv
pan_troglodytes	IIIc	IIIc	IIIc	primary_claim_supported_with_minor_flags	false	primary_minor_flags	840	CDS	cds-XP_054516513.1	CDS9	450	500	false	false	333	380			11_publication_figures_pre_interpro/tables/figure2_exon_to_protein_architecture_tracks.tsv
pan_troglodytes	IIIc	IIIc	IIIc	primary_claim_supported_with_minor_flags	false	primary_minor_flags	840	CDS	cds-XP_054516513.1	CDS10	500	541	false	false	333	380			11_publication_figures_pre_interpro/tables/figure2_exon_to_protein_architecture_tracks.tsv
pan_troglodytes	IIIc	IIIc	IIIc	primary_claim_supported_with_minor_flags	false	primary_minor_flags	840	CDS	cds-XP_054516513.1	CDS11	541	578	false	false	333	380			11_publication_figures_pre_interpro/tables/figure2_exon_to_protein_architecture_tracks.tsv
pan_troglodytes	IIIc	IIIc	IIIc	primary_claim_supported_with_minor_flags	false	primary_minor_flags	840	CDS	cds-XP_054516513.1	CDS12	578	641	false	false	333	380			11_publication_figures_pre_interpro/tables/figure2_exon_to_protein_architecture_tracks.tsv
pan_troglodytes	IIIc	IIIc	IIIc	primary_claim_supported_with_minor_flags	false	primary_minor_flags	840	CDS	cds-XP_054516513.1	CDS13	642	682	false	false	333	380			11_publication_figures_pre_interpro/tables/figure2_exon_to_protein_architecture_tracks.tsv
pan_troglodytes	IIIc	IIIc	IIIc	primary_claim_supported_with_minor_flags	false	primary_minor_flags	840	CDS	cds-XP_054516513.1	CDS14	683	706	false	false	333	380			11_publication_figures_pre_interpro/tables/figure2_exon_to_protein_architecture_tracks.tsv
pan_troglodytes	IIIc	IIIc	IIIc	primary_claim_supported_with_minor_flags	false	primary_minor_flags	840	CDS	cds-XP_054516513.1	CDS15	706	752	false	false	333	380			11_publication_figures_pre_interpro/tables/figure2_exon_to_protein_architecture_tracks.tsv
pan_troglodytes	IIIc	IIIc	IIIc	primary_claim_supported_with_minor_flags	false	primary_minor_flags	840	CDS	cds-XP_054516513.1	CDS16	752	787	false	false	333	380			11_publication_figures_pre_interpro/tables/figure2_exon_to_protein_architecture_tracks.tsv
pan_troglodytes	IIIc	IIIc	IIIc	primary_claim_supported_with_minor_flags	false	primary_minor_flags	840	CDS	cds-XP_054516513.1	CDS17	788	842	false	false	333	380			11_publication_figures_pre_interpro/tables/figure2_exon_to_protein_architecture_tracks.tsv
gorilla_gorilla_gorilla	IIIb	IIIb	IIIb	primary_claim_supported_with_minor_flags	false	primary_minor_flags	670	CDS	ENSGGOE00000364763	CDS1	1	55	false	false	225	270			11_publication_figures_pre_interpro/tables/figure2_exon_to_protein_architecture_tracks.tsv
gorilla_gorilla_gorilla	IIIb	IIIb	IIIb	primary_claim_supported_with_minor_flags	false	primary_minor_flags	670	CDS	ENSGGOE00000085567	CDS2	56	91	false	false	225	270			11_publication_figures_pre_interpro/tables/figure2_exon_to_protein_architecture_tracks.tsv
gorilla_gorilla_gorilla	IIIb	IIIb	IIIb	primary_claim_supported_with_minor_flags	false	primary_minor_flags	670	CDS	ENSGGOE00000085558	CDS3	91	137	false	false	225	270			11_publication_figures_pre_interpro/tables/figure2_exon_to_protein_architecture_tracks.tsv
gorilla_gorilla_gorilla	IIIb	IIIb	IIIb	primary_claim_supported_with_minor_flags	false	primary_minor_flags	670	CDS	ENSGGOE00000257876	CDS4	137	160	false	false	225	270			11_publication_figures_pre_interpro/tables/figure2_exon_to_protein_architecture_tracks.tsv
gorilla_gorilla_gorilla	IIIb	IIIb	IIIb	primary_claim_supported_with_minor_flags	false	primary_minor_flags	670	CDS	ENSGGOE00000085546	CDS5	161	201	false	false	225	270			11_publication_figures_pre_interpro/tables/figure2_exon_to_protein_architecture_tracks.tsv
gorilla_gorilla_gorilla	IIIb	IIIb	IIIb	primary_claim_supported_with_minor_flags	false	primary_minor_flags	670	CDS	ENSGGOE00000200870	CDS6	202	265	false	false	225	270			11_publication_figures_pre_interpro/tables/figure2_exon_to_protein_architecture_tracks.tsv
gorilla_gorilla_gorilla	IIIb	IIIb	IIIb	primary_claim_supported_with_minor_flags	false	primary_minor_flags	670	CDS	ENSGGOE00000085538	CDS7	265	302	false	false	225	270			11_publication_figures_pre_interpro/tables/figure2_exon_to_protein_architecture_tracks.tsv
gorilla_gorilla_gorilla	IIIb	IIIb	IIIb	primary_claim_supported_with_minor_flags	false	primary_minor_flags	670	CDS	ENSGGOE00000222220	CDS8	302	343	false	false	225	270			11_publication_figures_pre_interpro/tables/figure2_exon_to_protein_architecture_tracks.tsv
gorilla_gorilla_gorilla	IIIb	IIIb	IIIb	primary_claim_supported_with_minor_flags	false	primary_minor_flags	670	CDS	ENSGGOE00000085520	CDS9	343	393	false	false	225	270			11_publication_figures_pre_interpro/tables/figure2_exon_to_protein_architecture_tracks.tsv
gorilla_gorilla_gorilla	IIIb	IIIb	IIIb	primary_claim_supported_with_minor_flags	false	primary_minor_flags	670	CDS	ENSGGOE00000085504	IIIb cassette	394	461	true	false	225	270	unknown_codon_phase	unknown_codon_phase	11_publication_figures_pre_interpro/tables/figure2_exon_to_protein_architecture_tracks.tsv
gorilla_gorilla_gorilla	IIIb	IIIb	IIIb	primary_claim_supported_with_minor_flags	false	primary_minor_flags	670	CDS	ENSGGOE00000085477	CDS11	461	502	false	false	225	270			11_publication_figures_pre_interpro/tables/figure2_exon_to_protein_architecture_tracks.tsv
gorilla_gorilla_gorilla	IIIb	IIIb	IIIb	primary_claim_supported_with_minor_flags	false	primary_minor_flags	670	CDS	ENSGGOE00000085471	CDS12	503	559	false	false	225	270			11_publication_figures_pre_interpro/tables/figure2_exon_to_protein_architecture_tracks.tsv
gorilla_gorilla_gorilla	IIIb	IIIb	IIIb	primary_claim_supported_with_minor_flags	false	primary_minor_flags	670	CDS	ENSGGOE00000085467	CDS13	559	585	false	false	225	270			11_publication_figures_pre_interpro/tables/figure2_exon_to_protein_architecture_tracks.tsv
gorilla_gorilla_gorilla	IIIb	IIIb	IIIb	primary_claim_supported_with_minor_flags	false	primary_minor_flags	670	CDS	ENSGGOE00000085461	CDS14	585	674	false	false	225	270			11_publication_figures_pre_interpro/tables/figure2_exon_to_protein_architecture_tracks.tsv
gorilla_gorilla_gorilla	IIIb	IIIb	IIIb	primary_claim_supported_with_minor_flags	false	primary_minor_flags	670	CDS	ENSGGOE00000368240	CDS15	674	710	false	false	225	270			11_publication_figures_pre_interpro/tables/figure2_exon_to_protein_architecture_tracks.tsv
gorilla_gorilla_gorilla	IIIc	IIIc	IIIc	primary_claim_supported_with_minor_flags	false	primary_minor_flags	723	CDS	ENSGGOE00000364763	CDS1	1	55	false	false	218	265			11_publication_figures_pre_interpro/tables/figure2_exon_to_protein_architecture_tracks.tsv
gorilla_gorilla_gorilla	IIIc	IIIc	IIIc	primary_claim_supported_with_minor_flags	false	primary_minor_flags	723	CDS	ENSGGOE00000085567	CDS2	56	91	false	false	218	265			11_publication_figures_pre_interpro/tables/figure2_exon_to_protein_architecture_tracks.tsv
gorilla_gorilla_gorilla	IIIc	IIIc	IIIc	primary_claim_supported_with_minor_flags	false	primary_minor_flags	723	CDS	ENSGGOE00000085558	CDS3	91	137	false	false	218	265			11_publication_figures_pre_interpro/tables/figure2_exon_to_protein_architecture_tracks.tsv
gorilla_gorilla_gorilla	IIIc	IIIc	IIIc	primary_claim_supported_with_minor_flags	false	primary_minor_flags	723	CDS	ENSGGOE00000257876	CDS4	137	160	false	false	218	265			11_publication_figures_pre_interpro/tables/figure2_exon_to_protein_architecture_tracks.tsv
gorilla_gorilla_gorilla	IIIc	IIIc	IIIc	primary_claim_supported_with_minor_flags	false	primary_minor_flags	723	CDS	ENSGGOE00000085546	CDS5	161	201	false	false	218	265			11_publication_figures_pre_interpro/tables/figure2_exon_to_protein_architecture_tracks.tsv
gorilla_gorilla_gorilla	IIIc	IIIc	IIIc	primary_claim_supported_with_minor_flags	false	primary_minor_flags	723	CDS	ENSGGOE00000200870	IIIc cassette	202	265	false	true	218	265	unknown_codon_phase	unknown_codon_phase	11_publication_figures_pre_interpro/tables/figure2_exon_to_protein_architecture_tracks.tsv
gorilla_gorilla_gorilla	IIIc	IIIc	IIIc	primary_claim_supported_with_minor_flags	false	primary_minor_flags	723	CDS	ENSGGOE00000085538	CDS7	265	302	false	false	218	265			11_publication_figures_pre_interpro/tables/figure2_exon_to_protein_architecture_tracks.tsv
gorilla_gorilla_gorilla	IIIc	IIIc	IIIc	primary_claim_supported_with_minor_flags	false	primary_minor_flags	723	CDS	ENSGGOE00000222220	CDS8	302	343	false	false	218	265			11_publication_figures_pre_interpro/tables/figure2_exon_to_protein_architecture_tracks.tsv
gorilla_gorilla_gorilla	IIIc	IIIc	IIIc	primary_claim_supported_with_minor_flags	false	primary_minor_flags	723	CDS	ENSGGOE00000309068	CDS9	343	398	false	false	218	265			11_publication_figures_pre_interpro/tables/figure2_exon_to_protein_architecture_tracks.tsv
gorilla_gorilla_gorilla	IIIc	IIIc	IIIc	primary_claim_supported_with_minor_flags	false	primary_minor_flags	723	CDS	ENSGGOE00000213399	CDS10	398	447	false	false	218	265			11_publication_figures_pre_interpro/tables/figure2_exon_to_protein_architecture_tracks.tsv
gorilla_gorilla_gorilla	IIIc	IIIc	IIIc	primary_claim_supported_with_minor_flags	false	primary_minor_flags	723	CDS	ENSGGOE00000085485	CDS11	448	511	false	false	218	265			11_publication_figures_pre_interpro/tables/figure2_exon_to_protein_architecture_tracks.tsv
gorilla_gorilla_gorilla	IIIc	IIIc	IIIc	primary_claim_supported_with_minor_flags	false	primary_minor_flags	723	CDS	ENSGGOE00000085477	CDS12	511	552	false	false	218	265			11_publication_figures_pre_interpro/tables/figure2_exon_to_protein_architecture_tracks.tsv
gorilla_gorilla_gorilla	IIIc	IIIc	IIIc	primary_claim_supported_with_minor_flags	false	primary_minor_flags	723	CDS	ENSGGOE00000085471	CDS13	553	609	false	false	218	265			11_publication_figures_pre_interpro/tables/figure2_exon_to_protein_architecture_tracks.tsv
gorilla_gorilla_gorilla	IIIc	IIIc	IIIc	primary_claim_supported_with_minor_flags	false	primary_minor_flags	723	CDS	ENSGGOE00000085467	CDS14	609	635	false	false	218	265			11_publication_figures_pre_interpro/tables/figure2_exon_to_protein_architecture_tracks.tsv
gorilla_gorilla_gorilla	IIIc	IIIc	IIIc	primary_claim_supported_with_minor_flags	false	primary_minor_flags	723	CDS	ENSGGOE00000368240	CDS15	635	671	false	false	218	265			11_publication_figures_pre_interpro/tables/figure2_exon_to_protein_architecture_tracks.tsv
pongo_abelii	IIIb	IIIb	unresolved	supplement_review	true	supplement_review	838	CDS	cds-XP_024108704.1	CDS1	1	56	false	false	334	380			11_publication_figures_pre_interpro/tables/figure2_exon_to_protein_architecture_tracks.tsv
pongo_abelii	IIIb	IIIb	unresolved	supplement_review	true	supplement_review	838	CDS	cds-XP_024108704.1	CDS2	56	145	false	false	334	380			11_publication_figures_pre_interpro/tables/figure2_exon_to_protein_architecture_tracks.tsv
pongo_abelii	IIIb	IIIb	unresolved	supplement_review	true	supplement_review	838	CDS	cds-XP_024108704.1	CDS3	145	171	false	false	334	380			11_publication_figures_pre_interpro/tables/figure2_exon_to_protein_architecture_tracks.tsv
pongo_abelii	IIIb	IIIb	unresolved	supplement_review	true	supplement_review	838	CDS	cds-XP_024108704.1	CDS4	171	227	false	false	334	380			11_publication_figures_pre_interpro/tables/figure2_exon_to_protein_architecture_tracks.tsv
pongo_abelii	IIIb	IIIb	unresolved	supplement_review	true	supplement_review	838	CDS	cds-XP_024108704.1	CDS5	228	269	false	false	334	380			11_publication_figures_pre_interpro/tables/figure2_exon_to_protein_architecture_tracks.tsv
pongo_abelii	IIIb	IIIb	unresolved	supplement_review	true	supplement_review	838	CDS	cds-XP_024108704.1	CDS6	269	332	false	false	334	380			11_publication_figures_pre_interpro/tables/figure2_exon_to_protein_architecture_tracks.tsv
pongo_abelii	IIIb	IIIb	unresolved	supplement_review	true	supplement_review	838	CDS	cds-XP_024108704.1	CDS7	333	381	false	false	334	380			11_publication_figures_pre_interpro/tables/figure2_exon_to_protein_architecture_tracks.tsv
pongo_abelii	IIIb	IIIb	unresolved	supplement_review	true	supplement_review	838	CDS	cds-XP_024108704.1	IIIb cassette	381	446	true	false	334	380	codon_split	codon_split	11_publication_figures_pre_interpro/tables/figure2_exon_to_protein_architecture_tracks.tsv
pongo_abelii	IIIb	IIIb	unresolved	supplement_review	true	supplement_review	838	CDS	cds-XP_024108704.1	CDS9	447	497	false	false	334	380			11_publication_figures_pre_interpro/tables/figure2_exon_to_protein_architecture_tracks.tsv
pongo_abelii	IIIb	IIIb	unresolved	supplement_review	true	supplement_review	838	CDS	cds-XP_024108704.1	CDS10	497	538	false	false	334	380			11_publication_figures_pre_interpro/tables/figure2_exon_to_protein_architecture_tracks.tsv
pongo_abelii	IIIb	IIIb	unresolved	supplement_review	true	supplement_review	838	CDS	cds-XP_024108704.1	CDS11	538	575	false	false	334	380			11_publication_figures_pre_interpro/tables/figure2_exon_to_protein_architecture_tracks.tsv
pongo_abelii	IIIb	IIIb	unresolved	supplement_review	true	supplement_review	838	CDS	cds-XP_024108704.1	CDS12	575	638	false	false	334	380			11_publication_figures_pre_interpro/tables/figure2_exon_to_protein_architecture_tracks.tsv
pongo_abelii	IIIb	IIIb	unresolved	supplement_review	true	supplement_review	838	CDS	cds-XP_024108704.1	CDS13	639	679	false	false	334	380			11_publication_figures_pre_interpro/tables/figure2_exon_to_protein_architecture_tracks.tsv
pongo_abelii	IIIb	IIIb	unresolved	supplement_review	true	supplement_review	838	CDS	cds-XP_024108704.1	CDS14	680	703	false	false	334	380			11_publication_figures_pre_interpro/tables/figure2_exon_to_protein_architecture_tracks.tsv
pongo_abelii	IIIb	IIIb	unresolved	supplement_review	true	supplement_review	838	CDS	cds-XP_024108704.1	CDS15	703	749	false	false	334	380			11_publication_figures_pre_interpro/tables/figure2_exon_to_protein_architecture_tracks.tsv
pongo_abelii	IIIb	IIIb	unresolved	supplement_review	true	supplement_review	838	CDS	cds-XP_024108704.1	CDS16	749	784	false	false	334	380			11_publication_figures_pre_interpro/tables/figure2_exon_to_protein_architecture_tracks.tsv
pongo_abelii	IIIb	IIIb	unresolved	supplement_review	true	supplement_review	838	CDS	cds-XP_024108704.1	CDS17	785	839	false	false	334	380			11_publication_figures_pre_interpro/tables/figure2_exon_to_protein_architecture_tracks.tsv
pongo_abelii	IIIc	IIIc	IIIc	primary_claim_supported_with_minor_flags	false	primary_minor_flags	838	CDS	cds-NP_001124693.2	CDS1	1	56	false	false	333	380			11_publication_figures_pre_interpro/tables/figure2_exon_to_protein_architecture_tracks.tsv
pongo_abelii	IIIc	IIIc	IIIc	primary_claim_supported_with_minor_flags	false	primary_minor_flags	838	CDS	cds-NP_001124693.2	CDS2	56	145	false	false	333	380			11_publication_figures_pre_interpro/tables/figure2_exon_to_protein_architecture_tracks.tsv
pongo_abelii	IIIc	IIIc	IIIc	primary_claim_supported_with_minor_flags	false	primary_minor_flags	838	CDS	cds-NP_001124693.2	CDS3	145	171	false	false	333	380			11_publication_figures_pre_interpro/tables/figure2_exon_to_protein_architecture_tracks.tsv
pongo_abelii	IIIc	IIIc	IIIc	primary_claim_supported_with_minor_flags	false	primary_minor_flags	838	CDS	cds-NP_001124693.2	CDS4	171	227	false	false	333	380			11_publication_figures_pre_interpro/tables/figure2_exon_to_protein_architecture_tracks.tsv
pongo_abelii	IIIc	IIIc	IIIc	primary_claim_supported_with_minor_flags	false	primary_minor_flags	838	CDS	cds-NP_001124693.2	CDS5	228	269	false	false	333	380			11_publication_figures_pre_interpro/tables/figure2_exon_to_protein_architecture_tracks.tsv
pongo_abelii	IIIc	IIIc	IIIc	primary_claim_supported_with_minor_flags	false	primary_minor_flags	838	CDS	cds-NP_001124693.2	CDS6	269	332	false	false	333	380			11_publication_figures_pre_interpro/tables/figure2_exon_to_protein_architecture_tracks.tsv
pongo_abelii	IIIc	IIIc	IIIc	primary_claim_supported_with_minor_flags	false	primary_minor_flags	838	CDS	cds-NP_001124693.2	CDS7	333	381	false	false	333	380			11_publication_figures_pre_interpro/tables/figure2_exon_to_protein_architecture_tracks.tsv
pongo_abelii	IIIc	IIIc	IIIc	primary_claim_supported_with_minor_flags	false	primary_minor_flags	838	CDS	cds-NP_001124693.2	IIIc cassette	381	448	false	true	333	380	codon_split	codon_split	11_publication_figures_pre_interpro/tables/figure2_exon_to_protein_architecture_tracks.tsv
pongo_abelii	IIIc	IIIc	IIIc	primary_claim_supported_with_minor_flags	false	primary_minor_flags	838	CDS	cds-NP_001124693.2	CDS9	449	499	false	false	333	380			11_publication_figures_pre_interpro/tables/figure2_exon_to_protein_architecture_tracks.tsv
pongo_abelii	IIIc	IIIc	IIIc	primary_claim_supported_with_minor_flags	false	primary_minor_flags	838	CDS	cds-NP_001124693.2	CDS10	499	540	false	false	333	380			11_publication_figures_pre_interpro/tables/figure2_exon_to_protein_architecture_tracks.tsv
pongo_abelii	IIIc	IIIc	IIIc	primary_claim_supported_with_minor_flags	false	primary_minor_flags	838	CDS	cds-NP_001124693.2	CDS11	540	577	false	false	333	380			11_publication_figures_pre_interpro/tables/figure2_exon_to_protein_architecture_tracks.tsv
pongo_abelii	IIIc	IIIc	IIIc	primary_claim_supported_with_minor_flags	false	primary_minor_flags	838	CDS	cds-NP_001124693.2	CDS12	577	640	false	false	333	380			11_publication_figures_pre_interpro/tables/figure2_exon_to_protein_architecture_tracks.tsv
pongo_abelii	IIIc	IIIc	IIIc	primary_claim_supported_with_minor_flags	false	primary_minor_flags	838	CDS	cds-NP_001124693.2	CDS13	641	681	false	false	333	380			11_publication_figures_pre_interpro/tables/figure2_exon_to_protein_architecture_tracks.tsv
pongo_abelii	IIIc	IIIc	IIIc	primary_claim_supported_with_minor_flags	false	primary_minor_flags	838	CDS	cds-NP_001124693.2	CDS14	682	705	false	false	333	380			11_publication_figures_pre_interpro/tables/figure2_exon_to_protein_architecture_tracks.tsv
pongo_abelii	IIIc	IIIc	IIIc	primary_claim_supported_with_minor_flags	false	primary_minor_flags	838	CDS	cds-NP_001124693.2	CDS15	705	751	false	false	333	380			11_publication_figures_pre_interpro/tables/figure2_exon_to_protein_architecture_tracks.tsv
pongo_abelii	IIIc	IIIc	IIIc	primary_claim_supported_with_minor_flags	false	primary_minor_flags	838	CDS	cds-NP_001124693.2	CDS16	751	786	false	false	333	380			11_publication_figures_pre_interpro/tables/figure2_exon_to_protein_architecture_tracks.tsv
pongo_abelii	IIIc	IIIc	IIIc	primary_claim_supported_with_minor_flags	false	primary_minor_flags	838	CDS	cds-NP_001124693.2	CDS17	787	841	false	false	333	380			11_publication_figures_pre_interpro/tables/figure2_exon_to_protein_architecture_tracks.tsv
macaca_mulatta	IIIb	IIIb	IIIb	primary_claim_supported_with_minor_flags	false	primary_minor_flags	839	CDS	cds-XP_077803775.1	CDS1	1	56	false	false	333	378			11_publication_figures_pre_interpro/tables/figure2_exon_to_protein_architecture_tracks.tsv
macaca_mulatta	IIIb	IIIb	IIIb	primary_claim_supported_with_minor_flags	false	primary_minor_flags	839	CDS	cds-XP_077803775.1	CDS2	56	145	false	false	333	378			11_publication_figures_pre_interpro/tables/figure2_exon_to_protein_architecture_tracks.tsv
macaca_mulatta	IIIb	IIIb	IIIb	primary_claim_supported_with_minor_flags	false	primary_minor_flags	839	CDS	cds-XP_077803775.1	CDS3	145	171	false	false	333	378			11_publication_figures_pre_interpro/tables/figure2_exon_to_protein_architecture_tracks.tsv
macaca_mulatta	IIIb	IIIb	IIIb	primary_claim_supported_with_minor_flags	false	primary_minor_flags	839	CDS	cds-XP_077803775.1	CDS4	171	227	false	false	333	378			11_publication_figures_pre_interpro/tables/figure2_exon_to_protein_architecture_tracks.tsv
macaca_mulatta	IIIb	IIIb	IIIb	primary_claim_supported_with_minor_flags	false	primary_minor_flags	839	CDS	cds-XP_077803775.1	CDS5	228	269	false	false	333	378			11_publication_figures_pre_interpro/tables/figure2_exon_to_protein_architecture_tracks.tsv
macaca_mulatta	IIIb	IIIb	IIIb	primary_claim_supported_with_minor_flags	false	primary_minor_flags	839	CDS	cds-XP_077803775.1	CDS6	269	332	false	false	333	378			11_publication_figures_pre_interpro/tables/figure2_exon_to_protein_architecture_tracks.tsv
macaca_mulatta	IIIb	IIIb	IIIb	primary_claim_supported_with_minor_flags	false	primary_minor_flags	839	CDS	cds-XP_077803775.1	IIIb cassette	333	381	true	false	333	378	exact	codon_split	11_publication_figures_pre_interpro/tables/figure2_exon_to_protein_architecture_tracks.tsv
macaca_mulatta	IIIb	IIIb	IIIb	primary_claim_supported_with_minor_flags	false	primary_minor_flags	839	CDS	cds-XP_077803775.1	CDS8	381	446	false	false	333	378			11_publication_figures_pre_interpro/tables/figure2_exon_to_protein_architecture_tracks.tsv
macaca_mulatta	IIIb	IIIb	IIIb	primary_claim_supported_with_minor_flags	false	primary_minor_flags	839	CDS	cds-XP_077803775.1	CDS9	447	497	false	false	333	378			11_publication_figures_pre_interpro/tables/figure2_exon_to_protein_architecture_tracks.tsv
macaca_mulatta	IIIb	IIIb	IIIb	primary_claim_supported_with_minor_flags	false	primary_minor_flags	839	CDS	cds-XP_077803775.1	CDS10	497	538	false	false	333	378			11_publication_figures_pre_interpro/tables/figure2_exon_to_protein_architecture_tracks.tsv
macaca_mulatta	IIIb	IIIb	IIIb	primary_claim_supported_with_minor_flags	false	primary_minor_flags	839	CDS	cds-XP_077803775.1	CDS11	538	575	false	false	333	378			11_publication_figures_pre_interpro/tables/figure2_exon_to_protein_architecture_tracks.tsv
macaca_mulatta	IIIb	IIIb	IIIb	primary_claim_supported_with_minor_flags	false	primary_minor_flags	839	CDS	cds-XP_077803775.1	CDS12	575	638	false	false	333	378			11_publication_figures_pre_interpro/tables/figure2_exon_to_protein_architecture_tracks.tsv
macaca_mulatta	IIIb	IIIb	IIIb	primary_claim_supported_with_minor_flags	false	primary_minor_flags	839	CDS	cds-XP_077803775.1	CDS13	639	679	false	false	333	378			11_publication_figures_pre_interpro/tables/figure2_exon_to_protein_architecture_tracks.tsv
macaca_mulatta	IIIb	IIIb	IIIb	primary_claim_supported_with_minor_flags	false	primary_minor_flags	839	CDS	cds-XP_077803775.1	CDS14	680	703	false	false	333	378			11_publication_figures_pre_interpro/tables/figure2_exon_to_protein_architecture_tracks.tsv
macaca_mulatta	IIIb	IIIb	IIIb	primary_claim_supported_with_minor_flags	false	primary_minor_flags	839	CDS	cds-XP_077803775.1	CDS15	703	749	false	false	333	378			11_publication_figures_pre_interpro/tables/figure2_exon_to_protein_architecture_tracks.tsv
macaca_mulatta	IIIb	IIIb	IIIb	primary_claim_supported_with_minor_flags	false	primary_minor_flags	839	CDS	cds-XP_077803775.1	CDS16	749	784	false	false	333	378			11_publication_figures_pre_interpro/tables/figure2_exon_to_protein_architecture_tracks.tsv
macaca_mulatta	IIIb	IIIb	IIIb	primary_claim_supported_with_minor_flags	false	primary_minor_flags	839	CDS	cds-XP_077803775.1	CDS17	785	839	false	false	333	378			11_publication_figures_pre_interpro/tables/figure2_exon_to_protein_architecture_tracks.tsv
macaca_mulatta	IIIc	IIIc	IIIc	primary_claim_supported_with_minor_flags	false	primary_minor_flags	838	CDS	cds-XP_015003815.1	CDS1	1	56	false	false	333	380			11_publication_figures_pre_interpro/tables/figure2_exon_to_protein_architecture_tracks.tsv
macaca_mulatta	IIIc	IIIc	IIIc	primary_claim_supported_with_minor_flags	false	primary_minor_flags	838	CDS	cds-XP_015003815.1	CDS2	56	145	false	false	333	380			11_publication_figures_pre_interpro/tables/figure2_exon_to_protein_architecture_tracks.tsv
macaca_mulatta	IIIc	IIIc	IIIc	primary_claim_supported_with_minor_flags	false	primary_minor_flags	838	CDS	cds-XP_015003815.1	CDS3	145	171	false	false	333	380			11_publication_figures_pre_interpro/tables/figure2_exon_to_protein_architecture_tracks.tsv
macaca_mulatta	IIIc	IIIc	IIIc	primary_claim_supported_with_minor_flags	false	primary_minor_flags	838	CDS	cds-XP_015003815.1	CDS4	171	227	false	false	333	380			11_publication_figures_pre_interpro/tables/figure2_exon_to_protein_architecture_tracks.tsv
macaca_mulatta	IIIc	IIIc	IIIc	primary_claim_supported_with_minor_flags	false	primary_minor_flags	838	CDS	cds-XP_015003815.1	CDS5	228	269	false	false	333	380			11_publication_figures_pre_interpro/tables/figure2_exon_to_protein_architecture_tracks.tsv
macaca_mulatta	IIIc	IIIc	IIIc	primary_claim_supported_with_minor_flags	false	primary_minor_flags	838	CDS	cds-XP_015003815.1	CDS6	269	332	false	false	333	380			11_publication_figures_pre_interpro/tables/figure2_exon_to_protein_architecture_tracks.tsv
macaca_mulatta	IIIc	IIIc	IIIc	primary_claim_supported_with_minor_flags	false	primary_minor_flags	838	CDS	cds-XP_015003815.1	IIIc cassette	333	382	false	true	333	380	exact	codon_split	11_publication_figures_pre_interpro/tables/figure2_exon_to_protein_architecture_tracks.tsv
macaca_mulatta	IIIc	IIIc	IIIc	primary_claim_supported_with_minor_flags	false	primary_minor_flags	838	CDS	cds-XP_015003815.1	CDS8	382	447	false	false	333	380			11_publication_figures_pre_interpro/tables/figure2_exon_to_protein_architecture_tracks.tsv
macaca_mulatta	IIIc	IIIc	IIIc	primary_claim_supported_with_minor_flags	false	primary_minor_flags	838	CDS	cds-XP_015003815.1	CDS9	448	498	false	false	333	380			11_publication_figures_pre_interpro/tables/figure2_exon_to_protein_architecture_tracks.tsv
macaca_mulatta	IIIc	IIIc	IIIc	primary_claim_supported_with_minor_flags	false	primary_minor_flags	838	CDS	cds-XP_015003815.1	CDS10	498	539	false	false	333	380			11_publication_figures_pre_interpro/tables/figure2_exon_to_protein_architecture_tracks.tsv
macaca_mulatta	IIIc	IIIc	IIIc	primary_claim_supported_with_minor_flags	false	primary_minor_flags	838	CDS	cds-XP_015003815.1	CDS11	539	576	false	false	333	380			11_publication_figures_pre_interpro/tables/figure2_exon_to_protein_architecture_tracks.tsv
macaca_mulatta	IIIc	IIIc	IIIc	primary_claim_supported_with_minor_flags	false	primary_minor_flags	838	CDS	cds-XP_015003815.1	CDS12	576	639	false	false	333	380			11_publication_figures_pre_interpro/tables/figure2_exon_to_protein_architecture_tracks.tsv
macaca_mulatta	IIIc	IIIc	IIIc	primary_claim_supported_with_minor_flags	false	primary_minor_flags	838	CDS	cds-XP_015003815.1	CDS13	640	680	false	false	333	380			11_publication_figures_pre_interpro/tables/figure2_exon_to_protein_architecture_tracks.tsv
macaca_mulatta	IIIc	IIIc	IIIc	primary_claim_supported_with_minor_flags	false	primary_minor_flags	838	CDS	cds-XP_015003815.1	CDS14	681	704	false	false	333	380			11_publication_figures_pre_interpro/tables/figure2_exon_to_protein_architecture_tracks.tsv
macaca_mulatta	IIIc	IIIc	IIIc	primary_claim_supported_with_minor_flags	false	primary_minor_flags	838	CDS	cds-XP_015003815.1	CDS15	704	750	false	false	333	380			11_publication_figures_pre_interpro/tables/figure2_exon_to_protein_architecture_tracks.tsv
macaca_mulatta	IIIc	IIIc	IIIc	primary_claim_supported_with_minor_flags	false	primary_minor_flags	838	CDS	cds-XP_015003815.1	CDS16	750	785	false	false	333	380			11_publication_figures_pre_interpro/tables/figure2_exon_to_protein_architecture_tracks.tsv
macaca_mulatta	IIIc	IIIc	IIIc	primary_claim_supported_with_minor_flags	false	primary_minor_flags	838	CDS	cds-XP_015003815.1	CDS17	786	840	false	false	333	380			11_publication_figures_pre_interpro/tables/figure2_exon_to_protein_architecture_tracks.tsv
callithrix_jacchus	IIIb	IIIb	IIIb	primary_claim_supported_with_minor_flags	false	primary_minor_flags	841	CDS	cds-XP_078202765.1	CDS1	1	56	false	false	333	378			11_publication_figures_pre_interpro/tables/figure2_exon_to_protein_architecture_tracks.tsv
callithrix_jacchus	IIIb	IIIb	IIIb	primary_claim_supported_with_minor_flags	false	primary_minor_flags	841	CDS	cds-XP_078202765.1	CDS2	56	145	false	false	333	378			11_publication_figures_pre_interpro/tables/figure2_exon_to_protein_architecture_tracks.tsv
callithrix_jacchus	IIIb	IIIb	IIIb	primary_claim_supported_with_minor_flags	false	primary_minor_flags	841	CDS	cds-XP_078202765.1	CDS3	145	171	false	false	333	378			11_publication_figures_pre_interpro/tables/figure2_exon_to_protein_architecture_tracks.tsv
callithrix_jacchus	IIIb	IIIb	IIIb	primary_claim_supported_with_minor_flags	false	primary_minor_flags	841	CDS	cds-XP_078202765.1	CDS4	171	227	false	false	333	378			11_publication_figures_pre_interpro/tables/figure2_exon_to_protein_architecture_tracks.tsv
callithrix_jacchus	IIIb	IIIb	IIIb	primary_claim_supported_with_minor_flags	false	primary_minor_flags	841	CDS	cds-XP_078202765.1	CDS5	228	269	false	false	333	378			11_publication_figures_pre_interpro/tables/figure2_exon_to_protein_architecture_tracks.tsv
callithrix_jacchus	IIIb	IIIb	IIIb	primary_claim_supported_with_minor_flags	false	primary_minor_flags	841	CDS	cds-XP_078202765.1	CDS6	269	332	false	false	333	378			11_publication_figures_pre_interpro/tables/figure2_exon_to_protein_architecture_tracks.tsv
callithrix_jacchus	IIIb	IIIb	IIIb	primary_claim_supported_with_minor_flags	false	primary_minor_flags	841	CDS	cds-XP_078202765.1	IIIb cassette	333	381	true	false	333	378	exact	codon_split	11_publication_figures_pre_interpro/tables/figure2_exon_to_protein_architecture_tracks.tsv
callithrix_jacchus	IIIb	IIIb	IIIb	primary_claim_supported_with_minor_flags	false	primary_minor_flags	841	CDS	cds-XP_078202765.1	CDS8	381	449	false	false	333	378			11_publication_figures_pre_interpro/tables/figure2_exon_to_protein_architecture_tracks.tsv
callithrix_jacchus	IIIb	IIIb	IIIb	primary_claim_supported_with_minor_flags	false	primary_minor_flags	841	CDS	cds-XP_078202765.1	CDS9	449	499	false	false	333	378			11_publication_figures_pre_interpro/tables/figure2_exon_to_protein_architecture_tracks.tsv
callithrix_jacchus	IIIb	IIIb	IIIb	primary_claim_supported_with_minor_flags	false	primary_minor_flags	841	CDS	cds-XP_078202765.1	CDS10	499	540	false	false	333	378			11_publication_figures_pre_interpro/tables/figure2_exon_to_protein_architecture_tracks.tsv
callithrix_jacchus	IIIb	IIIb	IIIb	primary_claim_supported_with_minor_flags	false	primary_minor_flags	841	CDS	cds-XP_078202765.1	CDS11	540	577	false	false	333	378			11_publication_figures_pre_interpro/tables/figure2_exon_to_protein_architecture_tracks.tsv
callithrix_jacchus	IIIb	IIIb	IIIb	primary_claim_supported_with_minor_flags	false	primary_minor_flags	841	CDS	cds-XP_078202765.1	CDS12	577	640	false	false	333	378			11_publication_figures_pre_interpro/tables/figure2_exon_to_protein_architecture_tracks.tsv
callithrix_jacchus	IIIb	IIIb	IIIb	primary_claim_supported_with_minor_flags	false	primary_minor_flags	841	CDS	cds-XP_078202765.1	CDS13	641	681	false	false	333	378			11_publication_figures_pre_interpro/tables/figure2_exon_to_protein_architecture_tracks.tsv
callithrix_jacchus	IIIb	IIIb	IIIb	primary_claim_supported_with_minor_flags	false	primary_minor_flags	841	CDS	cds-XP_078202765.1	CDS14	682	705	false	false	333	378			11_publication_figures_pre_interpro/tables/figure2_exon_to_protein_architecture_tracks.tsv
callithrix_jacchus	IIIb	IIIb	IIIb	primary_claim_supported_with_minor_flags	false	primary_minor_flags	841	CDS	cds-XP_078202765.1	CDS15	705	751	false	false	333	378			11_publication_figures_pre_interpro/tables/figure2_exon_to_protein_architecture_tracks.tsv
callithrix_jacchus	IIIb	IIIb	IIIb	primary_claim_supported_with_minor_flags	false	primary_minor_flags	841	CDS	cds-XP_078202765.1	CDS16	751	786	false	false	333	378			11_publication_figures_pre_interpro/tables/figure2_exon_to_protein_architecture_tracks.tsv
callithrix_jacchus	IIIb	IIIb	IIIb	primary_claim_supported_with_minor_flags	false	primary_minor_flags	841	CDS	cds-XP_078202765.1	CDS17	787	841	false	false	333	378			11_publication_figures_pre_interpro/tables/figure2_exon_to_protein_architecture_tracks.tsv
callithrix_jacchus	IIIc	IIIc	IIIc	primary_claim_supported_with_minor_flags	false	primary_minor_flags	840	CDS	cds-XP_078202760.1	CDS1	1	56	false	false	333	380			11_publication_figures_pre_interpro/tables/figure2_exon_to_protein_architecture_tracks.tsv
callithrix_jacchus	IIIc	IIIc	IIIc	primary_claim_supported_with_minor_flags	false	primary_minor_flags	840	CDS	cds-XP_078202760.1	CDS2	56	145	false	false	333	380			11_publication_figures_pre_interpro/tables/figure2_exon_to_protein_architecture_tracks.tsv
callithrix_jacchus	IIIc	IIIc	IIIc	primary_claim_supported_with_minor_flags	false	primary_minor_flags	840	CDS	cds-XP_078202760.1	CDS3	145	171	false	false	333	380			11_publication_figures_pre_interpro/tables/figure2_exon_to_protein_architecture_tracks.tsv
callithrix_jacchus	IIIc	IIIc	IIIc	primary_claim_supported_with_minor_flags	false	primary_minor_flags	840	CDS	cds-XP_078202760.1	CDS4	171	227	false	false	333	380			11_publication_figures_pre_interpro/tables/figure2_exon_to_protein_architecture_tracks.tsv
callithrix_jacchus	IIIc	IIIc	IIIc	primary_claim_supported_with_minor_flags	false	primary_minor_flags	840	CDS	cds-XP_078202760.1	CDS5	228	269	false	false	333	380			11_publication_figures_pre_interpro/tables/figure2_exon_to_protein_architecture_tracks.tsv
callithrix_jacchus	IIIc	IIIc	IIIc	primary_claim_supported_with_minor_flags	false	primary_minor_flags	840	CDS	cds-XP_078202760.1	CDS6	269	332	false	false	333	380			11_publication_figures_pre_interpro/tables/figure2_exon_to_protein_architecture_tracks.tsv
callithrix_jacchus	IIIc	IIIc	IIIc	primary_claim_supported_with_minor_flags	false	primary_minor_flags	840	CDS	cds-XP_078202760.1	IIIc cassette	333	382	false	true	333	380	exact	codon_split	11_publication_figures_pre_interpro/tables/figure2_exon_to_protein_architecture_tracks.tsv
callithrix_jacchus	IIIc	IIIc	IIIc	primary_claim_supported_with_minor_flags	false	primary_minor_flags	840	CDS	cds-XP_078202760.1	CDS8	382	450	false	false	333	380			11_publication_figures_pre_interpro/tables/figure2_exon_to_protein_architecture_tracks.tsv
callithrix_jacchus	IIIc	IIIc	IIIc	primary_claim_supported_with_minor_flags	false	primary_minor_flags	840	CDS	cds-XP_078202760.1	CDS9	450	500	false	false	333	380			11_publication_figures_pre_interpro/tables/figure2_exon_to_protein_architecture_tracks.tsv
callithrix_jacchus	IIIc	IIIc	IIIc	primary_claim_supported_with_minor_flags	false	primary_minor_flags	840	CDS	cds-XP_078202760.1	CDS10	500	541	false	false	333	380			11_publication_figures_pre_interpro/tables/figure2_exon_to_protein_architecture_tracks.tsv
callithrix_jacchus	IIIc	IIIc	IIIc	primary_claim_supported_with_minor_flags	false	primary_minor_flags	840	CDS	cds-XP_078202760.1	CDS11	541	578	false	false	333	380			11_publication_figures_pre_interpro/tables/figure2_exon_to_protein_architecture_tracks.tsv
callithrix_jacchus	IIIc	IIIc	IIIc	primary_claim_supported_with_minor_flags	false	primary_minor_flags	840	CDS	cds-XP_078202760.1	CDS12	578	641	false	false	333	380			11_publication_figures_pre_interpro/tables/figure2_exon_to_protein_architecture_tracks.tsv
callithrix_jacchus	IIIc	IIIc	IIIc	primary_claim_supported_with_minor_flags	false	primary_minor_flags	840	CDS	cds-XP_078202760.1	CDS13	642	682	false	false	333	380			11_publication_figures_pre_interpro/tables/figure2_exon_to_protein_architecture_tracks.tsv
callithrix_jacchus	IIIc	IIIc	IIIc	primary_claim_supported_with_minor_flags	false	primary_minor_flags	840	CDS	cds-XP_078202760.1	CDS14	683	706	false	false	333	380			11_publication_figures_pre_interpro/tables/figure2_exon_to_protein_architecture_tracks.tsv
callithrix_jacchus	IIIc	IIIc	IIIc	primary_claim_supported_with_minor_flags	false	primary_minor_flags	840	CDS	cds-XP_078202760.1	CDS15	706	752	false	false	333	380			11_publication_figures_pre_interpro/tables/figure2_exon_to_protein_architecture_tracks.tsv
callithrix_jacchus	IIIc	IIIc	IIIc	primary_claim_supported_with_minor_flags	false	primary_minor_flags	840	CDS	cds-XP_078202760.1	CDS16	752	787	false	false	333	380			11_publication_figures_pre_interpro/tables/figure2_exon_to_protein_architecture_tracks.tsv
callithrix_jacchus	IIIc	IIIc	IIIc	primary_claim_supported_with_minor_flags	false	primary_minor_flags	840	CDS	cds-XP_078202760.1	CDS17	788	842	false	false	333	380			11_publication_figures_pre_interpro/tables/figure2_exon_to_protein_architecture_tracks.tsv
mus_musculus	IIIb	IIIb	IIIb	primary_claim_supported_with_minor_flags	false	primary_minor_flags	822	CDS	ENSMUSE00002190761	CDS1	1	55	false	false	314	359			11_publication_figures_pre_interpro/tables/figure2_exon_to_protein_architecture_tracks.tsv
mus_musculus	IIIb	IIIb	IIIb	primary_claim_supported_with_minor_flags	false	primary_minor_flags	822	CDS	ENSMUSE00001300180	CDS2	56	91	false	false	314	359			11_publication_figures_pre_interpro/tables/figure2_exon_to_protein_architecture_tracks.tsv
mus_musculus	IIIb	IIIb	IIIb	primary_claim_supported_with_minor_flags	false	primary_minor_flags	822	CDS	ENSMUSE00001260255	CDS3	91	137	false	false	314	359			11_publication_figures_pre_interpro/tables/figure2_exon_to_protein_architecture_tracks.tsv
mus_musculus	IIIb	IIIb	IIIb	primary_claim_supported_with_minor_flags	false	primary_minor_flags	822	CDS	ENSMUSE00001291209	CDS4	137	160	false	false	314	359			11_publication_figures_pre_interpro/tables/figure2_exon_to_protein_architecture_tracks.tsv
mus_musculus	IIIb	IIIb	IIIb	primary_claim_supported_with_minor_flags	false	primary_minor_flags	822	CDS	ENSMUSE00001280560	CDS5	161	201	false	false	314	359			11_publication_figures_pre_interpro/tables/figure2_exon_to_protein_architecture_tracks.tsv
mus_musculus	IIIb	IIIb	IIIb	primary_claim_supported_with_minor_flags	false	primary_minor_flags	822	CDS	ENSMUSE00001266623	CDS6	202	265	false	false	314	359			11_publication_figures_pre_interpro/tables/figure2_exon_to_protein_architecture_tracks.tsv
mus_musculus	IIIb	IIIb	IIIb	primary_claim_supported_with_minor_flags	false	primary_minor_flags	822	CDS	ENSMUSE00001230110	CDS7	265	302	false	false	314	359			11_publication_figures_pre_interpro/tables/figure2_exon_to_protein_architecture_tracks.tsv
mus_musculus	IIIb	IIIb	IIIb	primary_claim_supported_with_minor_flags	false	primary_minor_flags	822	CDS	ENSMUSE00001212325	CDS8	302	343	false	false	314	359			11_publication_figures_pre_interpro/tables/figure2_exon_to_protein_architecture_tracks.tsv
mus_musculus	IIIb	IIIb	IIIb	primary_claim_supported_with_minor_flags	false	primary_minor_flags	822	CDS	ENSMUSE00001205116	IIIb cassette	343	393	true	false	314	359	unknown_codon_phase	unknown_codon_phase	11_publication_figures_pre_interpro/tables/figure2_exon_to_protein_architecture_tracks.tsv
mus_musculus	IIIb	IIIb	IIIb	primary_claim_supported_with_minor_flags	false	primary_minor_flags	822	CDS	ENSMUSE00001244509	CDS10	394	461	false	false	314	359			11_publication_figures_pre_interpro/tables/figure2_exon_to_protein_architecture_tracks.tsv
mus_musculus	IIIb	IIIb	IIIb	primary_claim_supported_with_minor_flags	false	primary_minor_flags	822	CDS	ENSMUSE00000484156	CDS11	461	509	false	false	314	359			11_publication_figures_pre_interpro/tables/figure2_exon_to_protein_architecture_tracks.tsv
mus_musculus	IIIb	IIIb	IIIb	primary_claim_supported_with_minor_flags	false	primary_minor_flags	822	CDS	ENSMUSE00001249471	CDS12	510	573	false	false	314	359			11_publication_figures_pre_interpro/tables/figure2_exon_to_protein_architecture_tracks.tsv
mus_musculus	IIIb	IIIb	IIIb	primary_claim_supported_with_minor_flags	false	primary_minor_flags	822	CDS	ENSMUSE00001266239	CDS13	573	614	false	false	314	359			11_publication_figures_pre_interpro/tables/figure2_exon_to_protein_architecture_tracks.tsv
mus_musculus	IIIb	IIIb	IIIb	primary_claim_supported_with_minor_flags	false	primary_minor_flags	822	CDS	ENSMUSE00000462396	CDS14	615	671	false	false	314	359			11_publication_figures_pre_interpro/tables/figure2_exon_to_protein_architecture_tracks.tsv
mus_musculus	IIIb	IIIb	IIIb	primary_claim_supported_with_minor_flags	false	primary_minor_flags	822	CDS	ENSMUSE00000498100	CDS15	671	697	false	false	314	359			11_publication_figures_pre_interpro/tables/figure2_exon_to_protein_architecture_tracks.tsv
mus_musculus	IIIb	IIIb	IIIb	primary_claim_supported_with_minor_flags	false	primary_minor_flags	822	CDS	ENSMUSE00001280590	CDS16	697	786	false	false	314	359			11_publication_figures_pre_interpro/tables/figure2_exon_to_protein_architecture_tracks.tsv
mus_musculus	IIIb	IIIb	IIIb	primary_claim_supported_with_minor_flags	false	primary_minor_flags	822	CDS	ENSMUSE00001221549	CDS17	786	841	false	false	314	359			11_publication_figures_pre_interpro/tables/figure2_exon_to_protein_architecture_tracks.tsv
mus_musculus	IIIc	IIIc	IIIc	primary_claim_supported_with_minor_flags	false	primary_minor_flags	840	CDS	ENSMUSE00001076804	CDS1	1	55	false	false	333	380			11_publication_figures_pre_interpro/tables/figure2_exon_to_protein_architecture_tracks.tsv
mus_musculus	IIIc	IIIc	IIIc	primary_claim_supported_with_minor_flags	false	primary_minor_flags	840	CDS	ENSMUSE00001300180	CDS2	56	91	false	false	333	380			11_publication_figures_pre_interpro/tables/figure2_exon_to_protein_architecture_tracks.tsv
mus_musculus	IIIc	IIIc	IIIc	primary_claim_supported_with_minor_flags	false	primary_minor_flags	840	CDS	ENSMUSE00001260255	CDS3	91	137	false	false	333	380			11_publication_figures_pre_interpro/tables/figure2_exon_to_protein_architecture_tracks.tsv
mus_musculus	IIIc	IIIc	IIIc	primary_claim_supported_with_minor_flags	false	primary_minor_flags	840	CDS	ENSMUSE00001291209	CDS4	137	160	false	false	333	380			11_publication_figures_pre_interpro/tables/figure2_exon_to_protein_architecture_tracks.tsv
mus_musculus	IIIc	IIIc	IIIc	primary_claim_supported_with_minor_flags	false	primary_minor_flags	840	CDS	ENSMUSE00001280560	CDS5	161	201	false	false	333	380			11_publication_figures_pre_interpro/tables/figure2_exon_to_protein_architecture_tracks.tsv
mus_musculus	IIIc	IIIc	IIIc	primary_claim_supported_with_minor_flags	false	primary_minor_flags	840	CDS	ENSMUSE00001266623	CDS6	202	265	false	false	333	380			11_publication_figures_pre_interpro/tables/figure2_exon_to_protein_architecture_tracks.tsv
mus_musculus	IIIc	IIIc	IIIc	primary_claim_supported_with_minor_flags	false	primary_minor_flags	840	CDS	ENSMUSE00001230110	CDS7	265	302	false	false	333	380			11_publication_figures_pre_interpro/tables/figure2_exon_to_protein_architecture_tracks.tsv
mus_musculus	IIIc	IIIc	IIIc	primary_claim_supported_with_minor_flags	false	primary_minor_flags	840	CDS	ENSMUSE00001212325	IIIc cassette	302	343	false	true	333	380	unknown_codon_phase	unknown_codon_phase	11_publication_figures_pre_interpro/tables/figure2_exon_to_protein_architecture_tracks.tsv
mus_musculus	IIIc	IIIc	IIIc	primary_claim_supported_with_minor_flags	false	primary_minor_flags	840	CDS	ENSMUSE00001205116	CDS9	343	393	false	false	333	380			11_publication_figures_pre_interpro/tables/figure2_exon_to_protein_architecture_tracks.tsv
mus_musculus	IIIc	IIIc	IIIc	primary_claim_supported_with_minor_flags	false	primary_minor_flags	840	CDS	ENSMUSE00001244509	CDS10	394	461	false	false	333	380			11_publication_figures_pre_interpro/tables/figure2_exon_to_protein_architecture_tracks.tsv
mus_musculus	IIIc	IIIc	IIIc	primary_claim_supported_with_minor_flags	false	primary_minor_flags	840	CDS	ENSMUSE00000382019	CDS11	461	510	false	false	333	380			11_publication_figures_pre_interpro/tables/figure2_exon_to_protein_architecture_tracks.tsv
mus_musculus	IIIc	IIIc	IIIc	primary_claim_supported_with_minor_flags	false	primary_minor_flags	840	CDS	ENSMUSE00001249471	CDS12	511	574	false	false	333	380			11_publication_figures_pre_interpro/tables/figure2_exon_to_protein_architecture_tracks.tsv
mus_musculus	IIIc	IIIc	IIIc	primary_claim_supported_with_minor_flags	false	primary_minor_flags	840	CDS	ENSMUSE00001266239	CDS13	574	615	false	false	333	380			11_publication_figures_pre_interpro/tables/figure2_exon_to_protein_architecture_tracks.tsv
mus_musculus	IIIc	IIIc	IIIc	primary_claim_supported_with_minor_flags	false	primary_minor_flags	840	CDS	ENSMUSE00000462396	CDS14	616	672	false	false	333	380			11_publication_figures_pre_interpro/tables/figure2_exon_to_protein_architecture_tracks.tsv
mus_musculus	IIIc	IIIc	IIIc	primary_claim_supported_with_minor_flags	false	primary_minor_flags	840	CDS	ENSMUSE00000498100	CDS15	672	698	false	false	333	380			11_publication_figures_pre_interpro/tables/figure2_exon_to_protein_architecture_tracks.tsv
mus_musculus	IIIc	IIIc	IIIc	primary_claim_supported_with_minor_flags	false	primary_minor_flags	840	CDS	ENSMUSE00001280590	CDS16	698	787	false	false	333	380			11_publication_figures_pre_interpro/tables/figure2_exon_to_protein_architecture_tracks.tsv
mus_musculus	IIIc	IIIc	IIIc	primary_claim_supported_with_minor_flags	false	primary_minor_flags	840	CDS	ENSMUSE00000716564	CDS17	787	823	false	false	333	380			11_publication_figures_pre_interpro/tables/figure2_exon_to_protein_architecture_tracks.tsv
rattus_norvegicus	IIIb	IIIb	IIIb	primary_claim_supported_with_minor_flags	false	primary_minor_flags	841	CDS	cds-XP_063137149.1	CDS1	1	56	false	false	333	378			11_publication_figures_pre_interpro/tables/figure2_exon_to_protein_architecture_tracks.tsv
rattus_norvegicus	IIIb	IIIb	IIIb	primary_claim_supported_with_minor_flags	false	primary_minor_flags	841	CDS	cds-XP_063137149.1	CDS2	56	145	false	false	333	378			11_publication_figures_pre_interpro/tables/figure2_exon_to_protein_architecture_tracks.tsv
rattus_norvegicus	IIIb	IIIb	IIIb	primary_claim_supported_with_minor_flags	false	primary_minor_flags	841	CDS	cds-XP_063137149.1	CDS3	145	171	false	false	333	378			11_publication_figures_pre_interpro/tables/figure2_exon_to_protein_architecture_tracks.tsv
rattus_norvegicus	IIIb	IIIb	IIIb	primary_claim_supported_with_minor_flags	false	primary_minor_flags	841	CDS	cds-XP_063137149.1	CDS4	171	227	false	false	333	378			11_publication_figures_pre_interpro/tables/figure2_exon_to_protein_architecture_tracks.tsv
rattus_norvegicus	IIIb	IIIb	IIIb	primary_claim_supported_with_minor_flags	false	primary_minor_flags	841	CDS	cds-XP_063137149.1	CDS5	228	269	false	false	333	378			11_publication_figures_pre_interpro/tables/figure2_exon_to_protein_architecture_tracks.tsv
rattus_norvegicus	IIIb	IIIb	IIIb	primary_claim_supported_with_minor_flags	false	primary_minor_flags	841	CDS	cds-XP_063137149.1	CDS6	269	332	false	false	333	378			11_publication_figures_pre_interpro/tables/figure2_exon_to_protein_architecture_tracks.tsv
rattus_norvegicus	IIIb	IIIb	IIIb	primary_claim_supported_with_minor_flags	false	primary_minor_flags	841	CDS	cds-XP_063137149.1	IIIb cassette	333	381	true	false	333	378	exact	codon_split	11_publication_figures_pre_interpro/tables/figure2_exon_to_protein_architecture_tracks.tsv
rattus_norvegicus	IIIb	IIIb	IIIb	primary_claim_supported_with_minor_flags	false	primary_minor_flags	841	CDS	cds-XP_063137149.1	CDS8	381	449	false	false	333	378			11_publication_figures_pre_interpro/tables/figure2_exon_to_protein_architecture_tracks.tsv
rattus_norvegicus	IIIb	IIIb	IIIb	primary_claim_supported_with_minor_flags	false	primary_minor_flags	841	CDS	cds-XP_063137149.1	CDS9	449	499	false	false	333	378			11_publication_figures_pre_interpro/tables/figure2_exon_to_protein_architecture_tracks.tsv
rattus_norvegicus	IIIb	IIIb	IIIb	primary_claim_supported_with_minor_flags	false	primary_minor_flags	841	CDS	cds-XP_063137149.1	CDS10	499	540	false	false	333	378			11_publication_figures_pre_interpro/tables/figure2_exon_to_protein_architecture_tracks.tsv
rattus_norvegicus	IIIb	IIIb	IIIb	primary_claim_supported_with_minor_flags	false	primary_minor_flags	841	CDS	cds-XP_063137149.1	CDS11	540	577	false	false	333	378			11_publication_figures_pre_interpro/tables/figure2_exon_to_protein_architecture_tracks.tsv
rattus_norvegicus	IIIb	IIIb	IIIb	primary_claim_supported_with_minor_flags	false	primary_minor_flags	841	CDS	cds-XP_063137149.1	CDS12	577	640	false	false	333	378			11_publication_figures_pre_interpro/tables/figure2_exon_to_protein_architecture_tracks.tsv
rattus_norvegicus	IIIb	IIIb	IIIb	primary_claim_supported_with_minor_flags	false	primary_minor_flags	841	CDS	cds-XP_063137149.1	CDS13	641	681	false	false	333	378			11_publication_figures_pre_interpro/tables/figure2_exon_to_protein_architecture_tracks.tsv
rattus_norvegicus	IIIb	IIIb	IIIb	primary_claim_supported_with_minor_flags	false	primary_minor_flags	841	CDS	cds-XP_063137149.1	CDS14	682	705	false	false	333	378			11_publication_figures_pre_interpro/tables/figure2_exon_to_protein_architecture_tracks.tsv
rattus_norvegicus	IIIb	IIIb	IIIb	primary_claim_supported_with_minor_flags	false	primary_minor_flags	841	CDS	cds-XP_063137149.1	CDS15	705	751	false	false	333	378			11_publication_figures_pre_interpro/tables/figure2_exon_to_protein_architecture_tracks.tsv
rattus_norvegicus	IIIb	IIIb	IIIb	primary_claim_supported_with_minor_flags	false	primary_minor_flags	841	CDS	cds-XP_063137149.1	CDS16	751	786	false	false	333	378			11_publication_figures_pre_interpro/tables/figure2_exon_to_protein_architecture_tracks.tsv
rattus_norvegicus	IIIb	IIIb	IIIb	primary_claim_supported_with_minor_flags	false	primary_minor_flags	841	CDS	cds-XP_063137149.1	CDS17	787	841	false	false	333	378			11_publication_figures_pre_interpro/tables/figure2_exon_to_protein_architecture_tracks.tsv
rattus_norvegicus	IIIc	IIIc	IIIc	primary_claim_supported_with_minor_flags	false	primary_minor_flags	840	CDS	cds-XP_063137148.1	CDS1	1	56	false	false	333	380			11_publication_figures_pre_interpro/tables/figure2_exon_to_protein_architecture_tracks.tsv
rattus_norvegicus	IIIc	IIIc	IIIc	primary_claim_supported_with_minor_flags	false	primary_minor_flags	840	CDS	cds-XP_063137148.1	CDS2	56	145	false	false	333	380			11_publication_figures_pre_interpro/tables/figure2_exon_to_protein_architecture_tracks.tsv
rattus_norvegicus	IIIc	IIIc	IIIc	primary_claim_supported_with_minor_flags	false	primary_minor_flags	840	CDS	cds-XP_063137148.1	CDS3	145	171	false	false	333	380			11_publication_figures_pre_interpro/tables/figure2_exon_to_protein_architecture_tracks.tsv
rattus_norvegicus	IIIc	IIIc	IIIc	primary_claim_supported_with_minor_flags	false	primary_minor_flags	840	CDS	cds-XP_063137148.1	CDS4	171	227	false	false	333	380			11_publication_figures_pre_interpro/tables/figure2_exon_to_protein_architecture_tracks.tsv
rattus_norvegicus	IIIc	IIIc	IIIc	primary_claim_supported_with_minor_flags	false	primary_minor_flags	840	CDS	cds-XP_063137148.1	CDS5	228	269	false	false	333	380			11_publication_figures_pre_interpro/tables/figure2_exon_to_protein_architecture_tracks.tsv
rattus_norvegicus	IIIc	IIIc	IIIc	primary_claim_supported_with_minor_flags	false	primary_minor_flags	840	CDS	cds-XP_063137148.1	CDS6	269	332	false	false	333	380			11_publication_figures_pre_interpro/tables/figure2_exon_to_protein_architecture_tracks.tsv
rattus_norvegicus	IIIc	IIIc	IIIc	primary_claim_supported_with_minor_flags	false	primary_minor_flags	840	CDS	cds-XP_063137148.1	IIIc cassette	333	382	false	true	333	380	exact	codon_split	11_publication_figures_pre_interpro/tables/figure2_exon_to_protein_architecture_tracks.tsv
rattus_norvegicus	IIIc	IIIc	IIIc	primary_claim_supported_with_minor_flags	false	primary_minor_flags	840	CDS	cds-XP_063137148.1	CDS8	382	450	false	false	333	380			11_publication_figures_pre_interpro/tables/figure2_exon_to_protein_architecture_tracks.tsv
rattus_norvegicus	IIIc	IIIc	IIIc	primary_claim_supported_with_minor_flags	false	primary_minor_flags	840	CDS	cds-XP_063137148.1	CDS9	450	500	false	false	333	380			11_publication_figures_pre_interpro/tables/figure2_exon_to_protein_architecture_tracks.tsv
rattus_norvegicus	IIIc	IIIc	IIIc	primary_claim_supported_with_minor_flags	false	primary_minor_flags	840	CDS	cds-XP_063137148.1	CDS10	500	541	false	false	333	380			11_publication_figures_pre_interpro/tables/figure2_exon_to_protein_architecture_tracks.tsv
rattus_norvegicus	IIIc	IIIc	IIIc	primary_claim_supported_with_minor_flags	false	primary_minor_flags	840	CDS	cds-XP_063137148.1	CDS11	541	578	false	false	333	380			11_publication_figures_pre_interpro/tables/figure2_exon_to_protein_architecture_tracks.tsv
rattus_norvegicus	IIIc	IIIc	IIIc	primary_claim_supported_with_minor_flags	false	primary_minor_flags	840	CDS	cds-XP_063137148.1	CDS12	578	641	false	false	333	380			11_publication_figures_pre_interpro/tables/figure2_exon_to_protein_architecture_tracks.tsv
rattus_norvegicus	IIIc	IIIc	IIIc	primary_claim_supported_with_minor_flags	false	primary_minor_flags	840	CDS	cds-XP_063137148.1	CDS13	642	682	false	false	333	380			11_publication_figures_pre_interpro/tables/figure2_exon_to_protein_architecture_tracks.tsv
rattus_norvegicus	IIIc	IIIc	IIIc	primary_claim_supported_with_minor_flags	false	primary_minor_flags	840	CDS	cds-XP_063137148.1	CDS14	683	706	false	false	333	380			11_publication_figures_pre_interpro/tables/figure2_exon_to_protein_architecture_tracks.tsv
rattus_norvegicus	IIIc	IIIc	IIIc	primary_claim_supported_with_minor_flags	false	primary_minor_flags	840	CDS	cds-XP_063137148.1	CDS15	706	752	false	false	333	380			11_publication_figures_pre_interpro/tables/figure2_exon_to_protein_architecture_tracks.tsv
rattus_norvegicus	IIIc	IIIc	IIIc	primary_claim_supported_with_minor_flags	false	primary_minor_flags	840	CDS	cds-XP_063137148.1	CDS16	752	787	false	false	333	380			11_publication_figures_pre_interpro/tables/figure2_exon_to_protein_architecture_tracks.tsv
rattus_norvegicus	IIIc	IIIc	IIIc	primary_claim_supported_with_minor_flags	false	primary_minor_flags	840	CDS	cds-XP_063137148.1	CDS17	788	842	false	false	333	380			11_publication_figures_pre_interpro/tables/figure2_exon_to_protein_architecture_tracks.tsv
oryctolagus_cuniculus	IIIb	IIIb	IIIb	primary_claim_supported_with_minor_flags	false	primary_minor_flags	841	CDS	cds-XP_069913096.1	CDS1	1	56	false	false	333	378			11_publication_figures_pre_interpro/tables/figure2_exon_to_protein_architecture_tracks.tsv
oryctolagus_cuniculus	IIIb	IIIb	IIIb	primary_claim_supported_with_minor_flags	false	primary_minor_flags	841	CDS	cds-XP_069913096.1	CDS2	56	145	false	false	333	378			11_publication_figures_pre_interpro/tables/figure2_exon_to_protein_architecture_tracks.tsv
oryctolagus_cuniculus	IIIb	IIIb	IIIb	primary_claim_supported_with_minor_flags	false	primary_minor_flags	841	CDS	cds-XP_069913096.1	CDS3	145	171	false	false	333	378			11_publication_figures_pre_interpro/tables/figure2_exon_to_protein_architecture_tracks.tsv
oryctolagus_cuniculus	IIIb	IIIb	IIIb	primary_claim_supported_with_minor_flags	false	primary_minor_flags	841	CDS	cds-XP_069913096.1	CDS4	171	227	false	false	333	378			11_publication_figures_pre_interpro/tables/figure2_exon_to_protein_architecture_tracks.tsv
oryctolagus_cuniculus	IIIb	IIIb	IIIb	primary_claim_supported_with_minor_flags	false	primary_minor_flags	841	CDS	cds-XP_069913096.1	CDS5	228	269	false	false	333	378			11_publication_figures_pre_interpro/tables/figure2_exon_to_protein_architecture_tracks.tsv
oryctolagus_cuniculus	IIIb	IIIb	IIIb	primary_claim_supported_with_minor_flags	false	primary_minor_flags	841	CDS	cds-XP_069913096.1	CDS6	269	332	false	false	333	378			11_publication_figures_pre_interpro/tables/figure2_exon_to_protein_architecture_tracks.tsv
oryctolagus_cuniculus	IIIb	IIIb	IIIb	primary_claim_supported_with_minor_flags	false	primary_minor_flags	841	CDS	cds-XP_069913096.1	IIIb cassette	333	381	true	false	333	378	exact	codon_split	11_publication_figures_pre_interpro/tables/figure2_exon_to_protein_architecture_tracks.tsv
oryctolagus_cuniculus	IIIb	IIIb	IIIb	primary_claim_supported_with_minor_flags	false	primary_minor_flags	841	CDS	cds-XP_069913096.1	CDS8	381	448	false	false	333	378			11_publication_figures_pre_interpro/tables/figure2_exon_to_protein_architecture_tracks.tsv
oryctolagus_cuniculus	IIIb	IIIb	IIIb	primary_claim_supported_with_minor_flags	false	primary_minor_flags	841	CDS	cds-XP_069913096.1	CDS9	449	499	false	false	333	378			11_publication_figures_pre_interpro/tables/figure2_exon_to_protein_architecture_tracks.tsv
oryctolagus_cuniculus	IIIb	IIIb	IIIb	primary_claim_supported_with_minor_flags	false	primary_minor_flags	841	CDS	cds-XP_069913096.1	CDS10	499	540	false	false	333	378			11_publication_figures_pre_interpro/tables/figure2_exon_to_protein_architecture_tracks.tsv
oryctolagus_cuniculus	IIIb	IIIb	IIIb	primary_claim_supported_with_minor_flags	false	primary_minor_flags	841	CDS	cds-XP_069913096.1	CDS11	540	577	false	false	333	378			11_publication_figures_pre_interpro/tables/figure2_exon_to_protein_architecture_tracks.tsv
oryctolagus_cuniculus	IIIb	IIIb	IIIb	primary_claim_supported_with_minor_flags	false	primary_minor_flags	841	CDS	cds-XP_069913096.1	CDS12	577	640	false	false	333	378			11_publication_figures_pre_interpro/tables/figure2_exon_to_protein_architecture_tracks.tsv
oryctolagus_cuniculus	IIIb	IIIb	IIIb	primary_claim_supported_with_minor_flags	false	primary_minor_flags	841	CDS	cds-XP_069913096.1	CDS13	641	681	false	false	333	378			11_publication_figures_pre_interpro/tables/figure2_exon_to_protein_architecture_tracks.tsv
oryctolagus_cuniculus	IIIb	IIIb	IIIb	primary_claim_supported_with_minor_flags	false	primary_minor_flags	841	CDS	cds-XP_069913096.1	CDS14	682	705	false	false	333	378			11_publication_figures_pre_interpro/tables/figure2_exon_to_protein_architecture_tracks.tsv
oryctolagus_cuniculus	IIIb	IIIb	IIIb	primary_claim_supported_with_minor_flags	false	primary_minor_flags	841	CDS	cds-XP_069913096.1	CDS15	705	751	false	false	333	378			11_publication_figures_pre_interpro/tables/figure2_exon_to_protein_architecture_tracks.tsv
oryctolagus_cuniculus	IIIb	IIIb	IIIb	primary_claim_supported_with_minor_flags	false	primary_minor_flags	841	CDS	cds-XP_069913096.1	CDS16	751	786	false	false	333	378			11_publication_figures_pre_interpro/tables/figure2_exon_to_protein_architecture_tracks.tsv
oryctolagus_cuniculus	IIIb	IIIb	IIIb	primary_claim_supported_with_minor_flags	false	primary_minor_flags	841	CDS	cds-XP_069913096.1	CDS17	787	841	false	false	333	378			11_publication_figures_pre_interpro/tables/figure2_exon_to_protein_architecture_tracks.tsv
oryctolagus_cuniculus	IIIc	IIIc	IIIc	primary_claim_supported_with_minor_flags	false	primary_minor_flags	840	CDS	cds-XP_069913100.1	CDS1	1	56	false	false	333	380			11_publication_figures_pre_interpro/tables/figure2_exon_to_protein_architecture_tracks.tsv
oryctolagus_cuniculus	IIIc	IIIc	IIIc	primary_claim_supported_with_minor_flags	false	primary_minor_flags	840	CDS	cds-XP_069913100.1	CDS2	56	145	false	false	333	380			11_publication_figures_pre_interpro/tables/figure2_exon_to_protein_architecture_tracks.tsv
oryctolagus_cuniculus	IIIc	IIIc	IIIc	primary_claim_supported_with_minor_flags	false	primary_minor_flags	840	CDS	cds-XP_069913100.1	CDS3	145	171	false	false	333	380			11_publication_figures_pre_interpro/tables/figure2_exon_to_protein_architecture_tracks.tsv
oryctolagus_cuniculus	IIIc	IIIc	IIIc	primary_claim_supported_with_minor_flags	false	primary_minor_flags	840	CDS	cds-XP_069913100.1	CDS4	171	227	false	false	333	380			11_publication_figures_pre_interpro/tables/figure2_exon_to_protein_architecture_tracks.tsv
oryctolagus_cuniculus	IIIc	IIIc	IIIc	primary_claim_supported_with_minor_flags	false	primary_minor_flags	840	CDS	cds-XP_069913100.1	CDS5	228	269	false	false	333	380			11_publication_figures_pre_interpro/tables/figure2_exon_to_protein_architecture_tracks.tsv
oryctolagus_cuniculus	IIIc	IIIc	IIIc	primary_claim_supported_with_minor_flags	false	primary_minor_flags	840	CDS	cds-XP_069913100.1	CDS6	269	332	false	false	333	380			11_publication_figures_pre_interpro/tables/figure2_exon_to_protein_architecture_tracks.tsv
oryctolagus_cuniculus	IIIc	IIIc	IIIc	primary_claim_supported_with_minor_flags	false	primary_minor_flags	840	CDS	cds-XP_069913100.1	IIIc cassette	333	382	false	true	333	380	exact	codon_split	11_publication_figures_pre_interpro/tables/figure2_exon_to_protein_architecture_tracks.tsv
oryctolagus_cuniculus	IIIc	IIIc	IIIc	primary_claim_supported_with_minor_flags	false	primary_minor_flags	840	CDS	cds-XP_069913100.1	CDS8	382	449	false	false	333	380			11_publication_figures_pre_interpro/tables/figure2_exon_to_protein_architecture_tracks.tsv
oryctolagus_cuniculus	IIIc	IIIc	IIIc	primary_claim_supported_with_minor_flags	false	primary_minor_flags	840	CDS	cds-XP_069913100.1	CDS9	450	500	false	false	333	380			11_publication_figures_pre_interpro/tables/figure2_exon_to_protein_architecture_tracks.tsv
oryctolagus_cuniculus	IIIc	IIIc	IIIc	primary_claim_supported_with_minor_flags	false	primary_minor_flags	840	CDS	cds-XP_069913100.1	CDS10	500	541	false	false	333	380			11_publication_figures_pre_interpro/tables/figure2_exon_to_protein_architecture_tracks.tsv
oryctolagus_cuniculus	IIIc	IIIc	IIIc	primary_claim_supported_with_minor_flags	false	primary_minor_flags	840	CDS	cds-XP_069913100.1	CDS11	541	578	false	false	333	380			11_publication_figures_pre_interpro/tables/figure2_exon_to_protein_architecture_tracks.tsv
oryctolagus_cuniculus	IIIc	IIIc	IIIc	primary_claim_supported_with_minor_flags	false	primary_minor_flags	840	CDS	cds-XP_069913100.1	CDS12	578	641	false	false	333	380			11_publication_figures_pre_interpro/tables/figure2_exon_to_protein_architecture_tracks.tsv
oryctolagus_cuniculus	IIIc	IIIc	IIIc	primary_claim_supported_with_minor_flags	false	primary_minor_flags	840	CDS	cds-XP_069913100.1	CDS13	642	682	false	false	333	380			11_publication_figures_pre_interpro/tables/figure2_exon_to_protein_architecture_tracks.tsv
oryctolagus_cuniculus	IIIc	IIIc	IIIc	primary_claim_supported_with_minor_flags	false	primary_minor_flags	840	CDS	cds-XP_069913100.1	CDS14	683	706	false	false	333	380			11_publication_figures_pre_interpro/tables/figure2_exon_to_protein_architecture_tracks.tsv
oryctolagus_cuniculus	IIIc	IIIc	IIIc	primary_claim_supported_with_minor_flags	false	primary_minor_flags	840	CDS	cds-XP_069913100.1	CDS15	706	752	false	false	333	380			11_publication_figures_pre_interpro/tables/figure2_exon_to_protein_architecture_tracks.tsv
oryctolagus_cuniculus	IIIc	IIIc	IIIc	primary_claim_supported_with_minor_flags	false	primary_minor_flags	840	CDS	cds-XP_069913100.1	CDS16	752	787	false	false	333	380			11_publication_figures_pre_interpro/tables/figure2_exon_to_protein_architecture_tracks.tsv
oryctolagus_cuniculus	IIIc	IIIc	IIIc	primary_claim_supported_with_minor_flags	false	primary_minor_flags	840	CDS	cds-XP_069913100.1	CDS17	788	842	false	false	333	380			11_publication_figures_pre_interpro/tables/figure2_exon_to_protein_architecture_tracks.tsv
canis_lupus_familiaris	IIIb	IIIb	IIIb	primary_claim_supported_with_minor_flags	false	primary_minor_flags	707	CDS	ENSCAFE00845161802	CDS1	1	55	false	false	199	244			11_publication_figures_pre_interpro/tables/figure2_exon_to_protein_architecture_tracks.tsv
canis_lupus_familiaris	IIIb	IIIb	IIIb	primary_claim_supported_with_minor_flags	false	primary_minor_flags	707	CDS	ENSCAFE00845160771	CDS2	56	91	false	false	199	244			11_publication_figures_pre_interpro/tables/figure2_exon_to_protein_architecture_tracks.tsv
canis_lupus_familiaris	IIIb	IIIb	IIIb	primary_claim_supported_with_minor_flags	false	primary_minor_flags	707	CDS	ENSCAFE00845160764	CDS3	91	137	false	false	199	244			11_publication_figures_pre_interpro/tables/figure2_exon_to_protein_architecture_tracks.tsv
canis_lupus_familiaris	IIIb	IIIb	IIIb	primary_claim_supported_with_minor_flags	false	primary_minor_flags	707	CDS	ENSCAFE00845160753	CDS4	137	160	false	false	199	244			11_publication_figures_pre_interpro/tables/figure2_exon_to_protein_architecture_tracks.tsv
canis_lupus_familiaris	IIIb	IIIb	IIIb	primary_claim_supported_with_minor_flags	false	primary_minor_flags	707	CDS	ENSCAFE00845160750	CDS5	161	201	false	false	199	244			11_publication_figures_pre_interpro/tables/figure2_exon_to_protein_architecture_tracks.tsv
canis_lupus_familiaris	IIIb	IIIb	IIIb	primary_claim_supported_with_minor_flags	false	primary_minor_flags	707	CDS	ENSCAFE00845160746	CDS6	202	265	false	false	199	244			11_publication_figures_pre_interpro/tables/figure2_exon_to_protein_architecture_tracks.tsv
canis_lupus_familiaris	IIIb	IIIb	IIIb	primary_claim_supported_with_minor_flags	false	primary_minor_flags	707	CDS	ENSCAFE00845160744	CDS7	265	302	false	false	199	244			11_publication_figures_pre_interpro/tables/figure2_exon_to_protein_architecture_tracks.tsv
canis_lupus_familiaris	IIIb	IIIb	IIIb	primary_claim_supported_with_minor_flags	false	primary_minor_flags	707	CDS	ENSCAFE00845160735	CDS8	302	343	false	false	199	244			11_publication_figures_pre_interpro/tables/figure2_exon_to_protein_architecture_tracks.tsv
canis_lupus_familiaris	IIIb	IIIb	IIIb	primary_claim_supported_with_minor_flags	false	primary_minor_flags	707	CDS	ENSCAFE00845160731	CDS9	343	393	false	false	199	244			11_publication_figures_pre_interpro/tables/figure2_exon_to_protein_architecture_tracks.tsv
canis_lupus_familiaris	IIIb	IIIb	IIIb	primary_claim_supported_with_minor_flags	false	primary_minor_flags	707	CDS	ENSCAFE00845160728	IIIb cassette	394	461	true	false	199	244	unknown_codon_phase	unknown_codon_phase	11_publication_figures_pre_interpro/tables/figure2_exon_to_protein_architecture_tracks.tsv
canis_lupus_familiaris	IIIb	IIIb	IIIb	primary_claim_supported_with_minor_flags	false	primary_minor_flags	707	CDS	ENSCAFE00845160721	CDS11	461	502	false	false	199	244			11_publication_figures_pre_interpro/tables/figure2_exon_to_protein_architecture_tracks.tsv
canis_lupus_familiaris	IIIb	IIIb	IIIb	primary_claim_supported_with_minor_flags	false	primary_minor_flags	707	CDS	ENSCAFE00845160718	CDS12	503	559	false	false	199	244			11_publication_figures_pre_interpro/tables/figure2_exon_to_protein_architecture_tracks.tsv
canis_lupus_familiaris	IIIb	IIIb	IIIb	primary_claim_supported_with_minor_flags	false	primary_minor_flags	707	CDS	ENSCAFE00845160715	CDS13	559	585	false	false	199	244			11_publication_figures_pre_interpro/tables/figure2_exon_to_protein_architecture_tracks.tsv
canis_lupus_familiaris	IIIb	IIIb	IIIb	primary_claim_supported_with_minor_flags	false	primary_minor_flags	707	CDS	ENSCAFE00845160711	CDS14	585	674	false	false	199	244			11_publication_figures_pre_interpro/tables/figure2_exon_to_protein_architecture_tracks.tsv
canis_lupus_familiaris	IIIb	IIIb	IIIb	primary_claim_supported_with_minor_flags	false	primary_minor_flags	707	CDS	ENSCAFE00845160519	CDS15	674	710	false	false	199	244			11_publication_figures_pre_interpro/tables/figure2_exon_to_protein_architecture_tracks.tsv
canis_lupus_familiaris	IIIc	IIIc	unresolved	supplement_review	true	supplement_review	705	CDS	ENSCAFE00845161802	CDS1	1	55	false	false	394	457			11_publication_figures_pre_interpro/tables/figure2_exon_to_protein_architecture_tracks.tsv
canis_lupus_familiaris	IIIc	IIIc	unresolved	supplement_review	true	supplement_review	705	CDS	ENSCAFE00845160771	CDS2	56	91	false	false	394	457			11_publication_figures_pre_interpro/tables/figure2_exon_to_protein_architecture_tracks.tsv
canis_lupus_familiaris	IIIc	IIIc	unresolved	supplement_review	true	supplement_review	705	CDS	ENSCAFE00845160764	CDS3	91	137	false	false	394	457			11_publication_figures_pre_interpro/tables/figure2_exon_to_protein_architecture_tracks.tsv
canis_lupus_familiaris	IIIc	IIIc	unresolved	supplement_review	true	supplement_review	705	CDS	ENSCAFE00845160753	CDS4	137	160	false	false	394	457			11_publication_figures_pre_interpro/tables/figure2_exon_to_protein_architecture_tracks.tsv
canis_lupus_familiaris	IIIc	IIIc	unresolved	supplement_review	true	supplement_review	705	CDS	ENSCAFE00845160750	CDS5	161	201	false	false	394	457			11_publication_figures_pre_interpro/tables/figure2_exon_to_protein_architecture_tracks.tsv
canis_lupus_familiaris	IIIc	IIIc	unresolved	supplement_review	true	supplement_review	705	CDS	ENSCAFE00845160746	CDS6	202	265	false	false	394	457			11_publication_figures_pre_interpro/tables/figure2_exon_to_protein_architecture_tracks.tsv
canis_lupus_familiaris	IIIc	IIIc	unresolved	supplement_review	true	supplement_review	705	CDS	ENSCAFE00845160744	CDS7	265	302	false	false	394	457			11_publication_figures_pre_interpro/tables/figure2_exon_to_protein_architecture_tracks.tsv
canis_lupus_familiaris	IIIc	IIIc	unresolved	supplement_review	true	supplement_review	705	CDS	ENSCAFE00845160735	CDS8	302	343	false	false	394	457			11_publication_figures_pre_interpro/tables/figure2_exon_to_protein_architecture_tracks.tsv
canis_lupus_familiaris	IIIc	IIIc	unresolved	supplement_review	true	supplement_review	705	CDS	ENSCAFE00845160731	CDS9	343	393	false	false	394	457			11_publication_figures_pre_interpro/tables/figure2_exon_to_protein_architecture_tracks.tsv
canis_lupus_familiaris	IIIc	IIIc	unresolved	supplement_review	true	supplement_review	705	CDS	ENSCAFE00845160726	IIIc cassette	394	457	false	true	394	457	unknown_codon_phase	unknown_codon_phase	11_publication_figures_pre_interpro/tables/figure2_exon_to_protein_architecture_tracks.tsv
canis_lupus_familiaris	IIIc	IIIc	unresolved	supplement_review	true	supplement_review	705	CDS	ENSCAFE00845160721	CDS11	457	498	false	false	394	457			11_publication_figures_pre_interpro/tables/figure2_exon_to_protein_architecture_tracks.tsv
canis_lupus_familiaris	IIIc	IIIc	unresolved	supplement_review	true	supplement_review	705	CDS	ENSCAFE00845160718	CDS12	499	555	false	false	394	457			11_publication_figures_pre_interpro/tables/figure2_exon_to_protein_architecture_tracks.tsv
canis_lupus_familiaris	IIIc	IIIc	unresolved	supplement_review	true	supplement_review	705	CDS	ENSCAFE00845160715	CDS13	555	581	false	false	394	457			11_publication_figures_pre_interpro/tables/figure2_exon_to_protein_architecture_tracks.tsv
canis_lupus_familiaris	IIIc	IIIc	unresolved	supplement_review	true	supplement_review	705	CDS	ENSCAFE00845160711	CDS14	581	670	false	false	394	457			11_publication_figures_pre_interpro/tables/figure2_exon_to_protein_architecture_tracks.tsv
canis_lupus_familiaris	IIIc	IIIc	unresolved	supplement_review	true	supplement_review	705	CDS	ENSCAFE00845160519	CDS15	670	706	false	false	394	457			11_publication_figures_pre_interpro/tables/figure2_exon_to_protein_architecture_tracks.tsv
felis_catus	IIIb	IIIb	IIIb	primary_claim_supported_with_minor_flags	false	primary_minor_flags	841	CDS	cds-XP_044896695.1	CDS1	1	57	false	false	333	378			11_publication_figures_pre_interpro/tables/figure2_exon_to_protein_architecture_tracks.tsv
felis_catus	IIIb	IIIb	IIIb	primary_claim_supported_with_minor_flags	false	primary_minor_flags	841	CDS	cds-XP_044896695.1	CDS2	57	146	false	false	333	378			11_publication_figures_pre_interpro/tables/figure2_exon_to_protein_architecture_tracks.tsv
felis_catus	IIIb	IIIb	IIIb	primary_claim_supported_with_minor_flags	false	primary_minor_flags	841	CDS	cds-XP_044896695.1	CDS3	146	171	false	false	333	378			11_publication_figures_pre_interpro/tables/figure2_exon_to_protein_architecture_tracks.tsv
felis_catus	IIIb	IIIb	IIIb	primary_claim_supported_with_minor_flags	false	primary_minor_flags	841	CDS	cds-XP_044896695.1	CDS4	171	227	false	false	333	378			11_publication_figures_pre_interpro/tables/figure2_exon_to_protein_architecture_tracks.tsv
felis_catus	IIIb	IIIb	IIIb	primary_claim_supported_with_minor_flags	false	primary_minor_flags	841	CDS	cds-XP_044896695.1	CDS5	228	269	false	false	333	378			11_publication_figures_pre_interpro/tables/figure2_exon_to_protein_architecture_tracks.tsv
felis_catus	IIIb	IIIb	IIIb	primary_claim_supported_with_minor_flags	false	primary_minor_flags	841	CDS	cds-XP_044896695.1	CDS6	269	332	false	false	333	378			11_publication_figures_pre_interpro/tables/figure2_exon_to_protein_architecture_tracks.tsv
felis_catus	IIIb	IIIb	IIIb	primary_claim_supported_with_minor_flags	false	primary_minor_flags	841	CDS	cds-XP_044896695.1	IIIb cassette	333	381	true	false	333	378	exact	codon_split	11_publication_figures_pre_interpro/tables/figure2_exon_to_protein_architecture_tracks.tsv
felis_catus	IIIb	IIIb	IIIb	primary_claim_supported_with_minor_flags	false	primary_minor_flags	841	CDS	cds-XP_044896695.1	CDS8	381	448	false	false	333	378			11_publication_figures_pre_interpro/tables/figure2_exon_to_protein_architecture_tracks.tsv
felis_catus	IIIb	IIIb	IIIb	primary_claim_supported_with_minor_flags	false	primary_minor_flags	841	CDS	cds-XP_044896695.1	CDS9	449	499	false	false	333	378			11_publication_figures_pre_interpro/tables/figure2_exon_to_protein_architecture_tracks.tsv
felis_catus	IIIb	IIIb	IIIb	primary_claim_supported_with_minor_flags	false	primary_minor_flags	841	CDS	cds-XP_044896695.1	CDS10	499	540	false	false	333	378			11_publication_figures_pre_interpro/tables/figure2_exon_to_protein_architecture_tracks.tsv
felis_catus	IIIb	IIIb	IIIb	primary_claim_supported_with_minor_flags	false	primary_minor_flags	841	CDS	cds-XP_044896695.1	CDS11	540	577	false	false	333	378			11_publication_figures_pre_interpro/tables/figure2_exon_to_protein_architecture_tracks.tsv
felis_catus	IIIb	IIIb	IIIb	primary_claim_supported_with_minor_flags	false	primary_minor_flags	841	CDS	cds-XP_044896695.1	CDS12	577	640	false	false	333	378			11_publication_figures_pre_interpro/tables/figure2_exon_to_protein_architecture_tracks.tsv
felis_catus	IIIb	IIIb	IIIb	primary_claim_supported_with_minor_flags	false	primary_minor_flags	841	CDS	cds-XP_044896695.1	CDS13	641	681	false	false	333	378			11_publication_figures_pre_interpro/tables/figure2_exon_to_protein_architecture_tracks.tsv
felis_catus	IIIb	IIIb	IIIb	primary_claim_supported_with_minor_flags	false	primary_minor_flags	841	CDS	cds-XP_044896695.1	CDS14	682	705	false	false	333	378			11_publication_figures_pre_interpro/tables/figure2_exon_to_protein_architecture_tracks.tsv
felis_catus	IIIb	IIIb	IIIb	primary_claim_supported_with_minor_flags	false	primary_minor_flags	841	CDS	cds-XP_044896695.1	CDS15	705	751	false	false	333	378			11_publication_figures_pre_interpro/tables/figure2_exon_to_protein_architecture_tracks.tsv
felis_catus	IIIb	IIIb	IIIb	primary_claim_supported_with_minor_flags	false	primary_minor_flags	841	CDS	cds-XP_044896695.1	CDS16	751	786	false	false	333	378			11_publication_figures_pre_interpro/tables/figure2_exon_to_protein_architecture_tracks.tsv
felis_catus	IIIb	IIIb	IIIb	primary_claim_supported_with_minor_flags	false	primary_minor_flags	841	CDS	cds-XP_044896695.1	CDS17	787	841	false	false	333	378			11_publication_figures_pre_interpro/tables/figure2_exon_to_protein_architecture_tracks.tsv
felis_catus	IIIc	IIIc	IIIc	primary_claim_supported_with_minor_flags	false	primary_minor_flags	840	CDS	cds-XP_044896694.1	CDS1	1	57	false	false	333	380			11_publication_figures_pre_interpro/tables/figure2_exon_to_protein_architecture_tracks.tsv
felis_catus	IIIc	IIIc	IIIc	primary_claim_supported_with_minor_flags	false	primary_minor_flags	840	CDS	cds-XP_044896694.1	CDS2	57	146	false	false	333	380			11_publication_figures_pre_interpro/tables/figure2_exon_to_protein_architecture_tracks.tsv
felis_catus	IIIc	IIIc	IIIc	primary_claim_supported_with_minor_flags	false	primary_minor_flags	840	CDS	cds-XP_044896694.1	CDS3	146	171	false	false	333	380			11_publication_figures_pre_interpro/tables/figure2_exon_to_protein_architecture_tracks.tsv
felis_catus	IIIc	IIIc	IIIc	primary_claim_supported_with_minor_flags	false	primary_minor_flags	840	CDS	cds-XP_044896694.1	CDS4	171	227	false	false	333	380			11_publication_figures_pre_interpro/tables/figure2_exon_to_protein_architecture_tracks.tsv
felis_catus	IIIc	IIIc	IIIc	primary_claim_supported_with_minor_flags	false	primary_minor_flags	840	CDS	cds-XP_044896694.1	CDS5	228	269	false	false	333	380			11_publication_figures_pre_interpro/tables/figure2_exon_to_protein_architecture_tracks.tsv
felis_catus	IIIc	IIIc	IIIc	primary_claim_supported_with_minor_flags	false	primary_minor_flags	840	CDS	cds-XP_044896694.1	CDS6	269	332	false	false	333	380			11_publication_figures_pre_interpro/tables/figure2_exon_to_protein_architecture_tracks.tsv
felis_catus	IIIc	IIIc	IIIc	primary_claim_supported_with_minor_flags	false	primary_minor_flags	840	CDS	cds-XP_044896694.1	IIIc cassette	333	382	false	true	333	380	exact	codon_split	11_publication_figures_pre_interpro/tables/figure2_exon_to_protein_architecture_tracks.tsv
felis_catus	IIIc	IIIc	IIIc	primary_claim_supported_with_minor_flags	false	primary_minor_flags	840	CDS	cds-XP_044896694.1	CDS8	382	449	false	false	333	380			11_publication_figures_pre_interpro/tables/figure2_exon_to_protein_architecture_tracks.tsv
felis_catus	IIIc	IIIc	IIIc	primary_claim_supported_with_minor_flags	false	primary_minor_flags	840	CDS	cds-XP_044896694.1	CDS9	450	500	false	false	333	380			11_publication_figures_pre_interpro/tables/figure2_exon_to_protein_architecture_tracks.tsv
felis_catus	IIIc	IIIc	IIIc	primary_claim_supported_with_minor_flags	false	primary_minor_flags	840	CDS	cds-XP_044896694.1	CDS10	500	541	false	false	333	380			11_publication_figures_pre_interpro/tables/figure2_exon_to_protein_architecture_tracks.tsv
felis_catus	IIIc	IIIc	IIIc	primary_claim_supported_with_minor_flags	false	primary_minor_flags	840	CDS	cds-XP_044896694.1	CDS11	541	578	false	false	333	380			11_publication_figures_pre_interpro/tables/figure2_exon_to_protein_architecture_tracks.tsv
felis_catus	IIIc	IIIc	IIIc	primary_claim_supported_with_minor_flags	false	primary_minor_flags	840	CDS	cds-XP_044896694.1	CDS12	578	641	false	false	333	380			11_publication_figures_pre_interpro/tables/figure2_exon_to_protein_architecture_tracks.tsv
felis_catus	IIIc	IIIc	IIIc	primary_claim_supported_with_minor_flags	false	primary_minor_flags	840	CDS	cds-XP_044896694.1	CDS13	642	682	false	false	333	380			11_publication_figures_pre_interpro/tables/figure2_exon_to_protein_architecture_tracks.tsv
felis_catus	IIIc	IIIc	IIIc	primary_claim_supported_with_minor_flags	false	primary_minor_flags	840	CDS	cds-XP_044896694.1	CDS14	683	706	false	false	333	380			11_publication_figures_pre_interpro/tables/figure2_exon_to_protein_architecture_tracks.tsv
felis_catus	IIIc	IIIc	IIIc	primary_claim_supported_with_minor_flags	false	primary_minor_flags	840	CDS	cds-XP_044896694.1	CDS15	706	752	false	false	333	380			11_publication_figures_pre_interpro/tables/figure2_exon_to_protein_architecture_tracks.tsv
felis_catus	IIIc	IIIc	IIIc	primary_claim_supported_with_minor_flags	false	primary_minor_flags	840	CDS	cds-XP_044896694.1	CDS16	752	787	false	false	333	380			11_publication_figures_pre_interpro/tables/figure2_exon_to_protein_architecture_tracks.tsv
felis_catus	IIIc	IIIc	IIIc	primary_claim_supported_with_minor_flags	false	primary_minor_flags	840	CDS	cds-XP_044896694.1	CDS17	788	842	false	false	333	380			11_publication_figures_pre_interpro/tables/figure2_exon_to_protein_architecture_tracks.tsv
equus_caballus	IIIb	IIIb	IIIb	primary_claim_supported_with_minor_flags	false	primary_minor_flags	887	CDS	cds-XP_014588430.1	CDS1	1	9	false	false	383	428			11_publication_figures_pre_interpro/tables/figure2_exon_to_protein_architecture_tracks.tsv
equus_caballus	IIIb	IIIb	IIIb	primary_claim_supported_with_minor_flags	false	primary_minor_flags	887	CDS	cds-XP_014588430.1	CDS2	9	106	false	false	383	428			11_publication_figures_pre_interpro/tables/figure2_exon_to_protein_architecture_tracks.tsv
equus_caballus	IIIb	IIIb	IIIb	primary_claim_supported_with_minor_flags	false	primary_minor_flags	887	CDS	cds-XP_014588430.1	CDS3	106	195	false	false	383	428			11_publication_figures_pre_interpro/tables/figure2_exon_to_protein_architecture_tracks.tsv
equus_caballus	IIIb	IIIb	IIIb	primary_claim_supported_with_minor_flags	false	primary_minor_flags	887	CDS	cds-XP_014588430.1	CDS4	195	221	false	false	383	428			11_publication_figures_pre_interpro/tables/figure2_exon_to_protein_architecture_tracks.tsv
equus_caballus	IIIb	IIIb	IIIb	primary_claim_supported_with_minor_flags	false	primary_minor_flags	887	CDS	cds-XP_014588430.1	CDS5	221	277	false	false	383	428			11_publication_figures_pre_interpro/tables/figure2_exon_to_protein_architecture_tracks.tsv
equus_caballus	IIIb	IIIb	IIIb	primary_claim_supported_with_minor_flags	false	primary_minor_flags	887	CDS	cds-XP_014588430.1	CDS6	278	319	false	false	383	428			11_publication_figures_pre_interpro/tables/figure2_exon_to_protein_architecture_tracks.tsv
equus_caballus	IIIb	IIIb	IIIb	primary_claim_supported_with_minor_flags	false	primary_minor_flags	887	CDS	cds-XP_014588430.1	CDS7	319	382	false	false	383	428			11_publication_figures_pre_interpro/tables/figure2_exon_to_protein_architecture_tracks.tsv
equus_caballus	IIIb	IIIb	IIIb	primary_claim_supported_with_minor_flags	false	primary_minor_flags	887	CDS	cds-XP_014588430.1	IIIb cassette	383	431	true	false	383	428	exact	codon_split	11_publication_figures_pre_interpro/tables/figure2_exon_to_protein_architecture_tracks.tsv
equus_caballus	IIIb	IIIb	IIIb	primary_claim_supported_with_minor_flags	false	primary_minor_flags	887	CDS	cds-XP_014588430.1	CDS9	431	498	false	false	383	428			11_publication_figures_pre_interpro/tables/figure2_exon_to_protein_architecture_tracks.tsv
equus_caballus	IIIb	IIIb	IIIb	primary_claim_supported_with_minor_flags	false	primary_minor_flags	887	CDS	cds-XP_014588430.1	CDS10	499	549	false	false	383	428			11_publication_figures_pre_interpro/tables/figure2_exon_to_protein_architecture_tracks.tsv
equus_caballus	IIIb	IIIb	IIIb	primary_claim_supported_with_minor_flags	false	primary_minor_flags	887	CDS	cds-XP_014588430.1	CDS11	549	590	false	false	383	428			11_publication_figures_pre_interpro/tables/figure2_exon_to_protein_architecture_tracks.tsv
equus_caballus	IIIb	IIIb	IIIb	primary_claim_supported_with_minor_flags	false	primary_minor_flags	887	CDS	cds-XP_014588430.1	CDS12	590	627	false	false	383	428			11_publication_figures_pre_interpro/tables/figure2_exon_to_protein_architecture_tracks.tsv
equus_caballus	IIIb	IIIb	IIIb	primary_claim_supported_with_minor_flags	false	primary_minor_flags	887	CDS	cds-XP_014588430.1	CDS13	627	690	false	false	383	428			11_publication_figures_pre_interpro/tables/figure2_exon_to_protein_architecture_tracks.tsv
equus_caballus	IIIb	IIIb	IIIb	primary_claim_supported_with_minor_flags	false	primary_minor_flags	887	CDS	cds-XP_014588430.1	CDS14	691	731	false	false	383	428			11_publication_figures_pre_interpro/tables/figure2_exon_to_protein_architecture_tracks.tsv
equus_caballus	IIIb	IIIb	IIIb	primary_claim_supported_with_minor_flags	false	primary_minor_flags	887	CDS	cds-XP_014588430.1	CDS15	732	755	false	false	383	428			11_publication_figures_pre_interpro/tables/figure2_exon_to_protein_architecture_tracks.tsv
equus_caballus	IIIb	IIIb	IIIb	primary_claim_supported_with_minor_flags	false	primary_minor_flags	887	CDS	cds-XP_014588430.1	CDS16	755	801	false	false	383	428			11_publication_figures_pre_interpro/tables/figure2_exon_to_protein_architecture_tracks.tsv
equus_caballus	IIIb	IIIb	IIIb	primary_claim_supported_with_minor_flags	false	primary_minor_flags	887	CDS	cds-XP_014588430.1	CDS17	801	836	false	false	383	428			11_publication_figures_pre_interpro/tables/figure2_exon_to_protein_architecture_tracks.tsv
equus_caballus	IIIb	IIIb	IIIb	primary_claim_supported_with_minor_flags	false	primary_minor_flags	887	CDS	cds-XP_014588430.1	CDS18	837	887	false	false	383	428			11_publication_figures_pre_interpro/tables/figure2_exon_to_protein_architecture_tracks.tsv
equus_caballus	IIIc	IIIc	IIIc	primary_claim_supported_with_minor_flags	false	primary_minor_flags	886	CDS	cds-XP_014588429.1	CDS1	1	9	false	false	383	430			11_publication_figures_pre_interpro/tables/figure2_exon_to_protein_architecture_tracks.tsv
equus_caballus	IIIc	IIIc	IIIc	primary_claim_supported_with_minor_flags	false	primary_minor_flags	886	CDS	cds-XP_014588429.1	CDS2	9	106	false	false	383	430			11_publication_figures_pre_interpro/tables/figure2_exon_to_protein_architecture_tracks.tsv
equus_caballus	IIIc	IIIc	IIIc	primary_claim_supported_with_minor_flags	false	primary_minor_flags	886	CDS	cds-XP_014588429.1	CDS3	106	195	false	false	383	430			11_publication_figures_pre_interpro/tables/figure2_exon_to_protein_architecture_tracks.tsv
equus_caballus	IIIc	IIIc	IIIc	primary_claim_supported_with_minor_flags	false	primary_minor_flags	886	CDS	cds-XP_014588429.1	CDS4	195	221	false	false	383	430			11_publication_figures_pre_interpro/tables/figure2_exon_to_protein_architecture_tracks.tsv
equus_caballus	IIIc	IIIc	IIIc	primary_claim_supported_with_minor_flags	false	primary_minor_flags	886	CDS	cds-XP_014588429.1	CDS5	221	277	false	false	383	430			11_publication_figures_pre_interpro/tables/figure2_exon_to_protein_architecture_tracks.tsv
equus_caballus	IIIc	IIIc	IIIc	primary_claim_supported_with_minor_flags	false	primary_minor_flags	886	CDS	cds-XP_014588429.1	CDS6	278	319	false	false	383	430			11_publication_figures_pre_interpro/tables/figure2_exon_to_protein_architecture_tracks.tsv
equus_caballus	IIIc	IIIc	IIIc	primary_claim_supported_with_minor_flags	false	primary_minor_flags	886	CDS	cds-XP_014588429.1	CDS7	319	382	false	false	383	430			11_publication_figures_pre_interpro/tables/figure2_exon_to_protein_architecture_tracks.tsv
equus_caballus	IIIc	IIIc	IIIc	primary_claim_supported_with_minor_flags	false	primary_minor_flags	886	CDS	cds-XP_014588429.1	IIIc cassette	383	432	false	true	383	430	exact	codon_split	11_publication_figures_pre_interpro/tables/figure2_exon_to_protein_architecture_tracks.tsv
equus_caballus	IIIc	IIIc	IIIc	primary_claim_supported_with_minor_flags	false	primary_minor_flags	886	CDS	cds-XP_014588429.1	CDS9	432	499	false	false	383	430			11_publication_figures_pre_interpro/tables/figure2_exon_to_protein_architecture_tracks.tsv
equus_caballus	IIIc	IIIc	IIIc	primary_claim_supported_with_minor_flags	false	primary_minor_flags	886	CDS	cds-XP_014588429.1	CDS10	500	550	false	false	383	430			11_publication_figures_pre_interpro/tables/figure2_exon_to_protein_architecture_tracks.tsv
equus_caballus	IIIc	IIIc	IIIc	primary_claim_supported_with_minor_flags	false	primary_minor_flags	886	CDS	cds-XP_014588429.1	CDS11	550	591	false	false	383	430			11_publication_figures_pre_interpro/tables/figure2_exon_to_protein_architecture_tracks.tsv
equus_caballus	IIIc	IIIc	IIIc	primary_claim_supported_with_minor_flags	false	primary_minor_flags	886	CDS	cds-XP_014588429.1	CDS12	591	628	false	false	383	430			11_publication_figures_pre_interpro/tables/figure2_exon_to_protein_architecture_tracks.tsv
equus_caballus	IIIc	IIIc	IIIc	primary_claim_supported_with_minor_flags	false	primary_minor_flags	886	CDS	cds-XP_014588429.1	CDS13	628	691	false	false	383	430			11_publication_figures_pre_interpro/tables/figure2_exon_to_protein_architecture_tracks.tsv
equus_caballus	IIIc	IIIc	IIIc	primary_claim_supported_with_minor_flags	false	primary_minor_flags	886	CDS	cds-XP_014588429.1	CDS14	692	732	false	false	383	430			11_publication_figures_pre_interpro/tables/figure2_exon_to_protein_architecture_tracks.tsv
equus_caballus	IIIc	IIIc	IIIc	primary_claim_supported_with_minor_flags	false	primary_minor_flags	886	CDS	cds-XP_014588429.1	CDS15	733	756	false	false	383	430			11_publication_figures_pre_interpro/tables/figure2_exon_to_protein_architecture_tracks.tsv
equus_caballus	IIIc	IIIc	IIIc	primary_claim_supported_with_minor_flags	false	primary_minor_flags	886	CDS	cds-XP_014588429.1	CDS16	756	802	false	false	383	430			11_publication_figures_pre_interpro/tables/figure2_exon_to_protein_architecture_tracks.tsv
equus_caballus	IIIc	IIIc	IIIc	primary_claim_supported_with_minor_flags	false	primary_minor_flags	886	CDS	cds-XP_014588429.1	CDS17	802	837	false	false	383	430			11_publication_figures_pre_interpro/tables/figure2_exon_to_protein_architecture_tracks.tsv
equus_caballus	IIIc	IIIc	IIIc	primary_claim_supported_with_minor_flags	false	primary_minor_flags	886	CDS	cds-XP_014588429.1	CDS18	838	888	false	false	383	430			11_publication_figures_pre_interpro/tables/figure2_exon_to_protein_architecture_tracks.tsv
sus_scrofa	IIIb	IIIb	IIIb	primary_claim_supported_with_minor_flags	false	primary_minor_flags	841	CDS	cds-XP_084849197.1	CDS1	1	56	false	false	333	378			11_publication_figures_pre_interpro/tables/figure2_exon_to_protein_architecture_tracks.tsv
sus_scrofa	IIIb	IIIb	IIIb	primary_claim_supported_with_minor_flags	false	primary_minor_flags	841	CDS	cds-XP_084849197.1	CDS2	56	145	false	false	333	378			11_publication_figures_pre_interpro/tables/figure2_exon_to_protein_architecture_tracks.tsv
sus_scrofa	IIIb	IIIb	IIIb	primary_claim_supported_with_minor_flags	false	primary_minor_flags	841	CDS	cds-XP_084849197.1	CDS3	145	171	false	false	333	378			11_publication_figures_pre_interpro/tables/figure2_exon_to_protein_architecture_tracks.tsv
sus_scrofa	IIIb	IIIb	IIIb	primary_claim_supported_with_minor_flags	false	primary_minor_flags	841	CDS	cds-XP_084849197.1	CDS4	171	227	false	false	333	378			11_publication_figures_pre_interpro/tables/figure2_exon_to_protein_architecture_tracks.tsv
sus_scrofa	IIIb	IIIb	IIIb	primary_claim_supported_with_minor_flags	false	primary_minor_flags	841	CDS	cds-XP_084849197.1	CDS5	228	269	false	false	333	378			11_publication_figures_pre_interpro/tables/figure2_exon_to_protein_architecture_tracks.tsv
sus_scrofa	IIIb	IIIb	IIIb	primary_claim_supported_with_minor_flags	false	primary_minor_flags	841	CDS	cds-XP_084849197.1	CDS6	269	332	false	false	333	378			11_publication_figures_pre_interpro/tables/figure2_exon_to_protein_architecture_tracks.tsv
sus_scrofa	IIIb	IIIb	IIIb	primary_claim_supported_with_minor_flags	false	primary_minor_flags	841	CDS	cds-XP_084849197.1	IIIb cassette	333	381	true	false	333	378	exact	codon_split	11_publication_figures_pre_interpro/tables/figure2_exon_to_protein_architecture_tracks.tsv
sus_scrofa	IIIb	IIIb	IIIb	primary_claim_supported_with_minor_flags	false	primary_minor_flags	841	CDS	cds-XP_084849197.1	CDS8	381	449	false	false	333	378			11_publication_figures_pre_interpro/tables/figure2_exon_to_protein_architecture_tracks.tsv
sus_scrofa	IIIb	IIIb	IIIb	primary_claim_supported_with_minor_flags	false	primary_minor_flags	841	CDS	cds-XP_084849197.1	CDS9	449	499	false	false	333	378			11_publication_figures_pre_interpro/tables/figure2_exon_to_protein_architecture_tracks.tsv
sus_scrofa	IIIb	IIIb	IIIb	primary_claim_supported_with_minor_flags	false	primary_minor_flags	841	CDS	cds-XP_084849197.1	CDS10	499	540	false	false	333	378			11_publication_figures_pre_interpro/tables/figure2_exon_to_protein_architecture_tracks.tsv
sus_scrofa	IIIb	IIIb	IIIb	primary_claim_supported_with_minor_flags	false	primary_minor_flags	841	CDS	cds-XP_084849197.1	CDS11	540	577	false	false	333	378			11_publication_figures_pre_interpro/tables/figure2_exon_to_protein_architecture_tracks.tsv
sus_scrofa	IIIb	IIIb	IIIb	primary_claim_supported_with_minor_flags	false	primary_minor_flags	841	CDS	cds-XP_084849197.1	CDS12	577	640	false	false	333	378			11_publication_figures_pre_interpro/tables/figure2_exon_to_protein_architecture_tracks.tsv
sus_scrofa	IIIb	IIIb	IIIb	primary_claim_supported_with_minor_flags	false	primary_minor_flags	841	CDS	cds-XP_084849197.1	CDS13	641	681	false	false	333	378			11_publication_figures_pre_interpro/tables/figure2_exon_to_protein_architecture_tracks.tsv
sus_scrofa	IIIb	IIIb	IIIb	primary_claim_supported_with_minor_flags	false	primary_minor_flags	841	CDS	cds-XP_084849197.1	CDS14	682	705	false	false	333	378			11_publication_figures_pre_interpro/tables/figure2_exon_to_protein_architecture_tracks.tsv
sus_scrofa	IIIb	IIIb	IIIb	primary_claim_supported_with_minor_flags	false	primary_minor_flags	841	CDS	cds-XP_084849197.1	CDS15	705	751	false	false	333	378			11_publication_figures_pre_interpro/tables/figure2_exon_to_protein_architecture_tracks.tsv
sus_scrofa	IIIb	IIIb	IIIb	primary_claim_supported_with_minor_flags	false	primary_minor_flags	841	CDS	cds-XP_084849197.1	CDS16	751	786	false	false	333	378			11_publication_figures_pre_interpro/tables/figure2_exon_to_protein_architecture_tracks.tsv
sus_scrofa	IIIb	IIIb	IIIb	primary_claim_supported_with_minor_flags	false	primary_minor_flags	841	CDS	cds-XP_084849197.1	CDS17	787	841	false	false	333	378			11_publication_figures_pre_interpro/tables/figure2_exon_to_protein_architecture_tracks.tsv
sus_scrofa	IIIc	IIIc	IIIc	primary_claim_supported_with_minor_flags	false	primary_minor_flags	840	CDS	cds-XP_084849194.1	CDS1	1	56	false	false	333	380			11_publication_figures_pre_interpro/tables/figure2_exon_to_protein_architecture_tracks.tsv
sus_scrofa	IIIc	IIIc	IIIc	primary_claim_supported_with_minor_flags	false	primary_minor_flags	840	CDS	cds-XP_084849194.1	CDS2	56	145	false	false	333	380			11_publication_figures_pre_interpro/tables/figure2_exon_to_protein_architecture_tracks.tsv
sus_scrofa	IIIc	IIIc	IIIc	primary_claim_supported_with_minor_flags	false	primary_minor_flags	840	CDS	cds-XP_084849194.1	CDS3	145	171	false	false	333	380			11_publication_figures_pre_interpro/tables/figure2_exon_to_protein_architecture_tracks.tsv
sus_scrofa	IIIc	IIIc	IIIc	primary_claim_supported_with_minor_flags	false	primary_minor_flags	840	CDS	cds-XP_084849194.1	CDS4	171	227	false	false	333	380			11_publication_figures_pre_interpro/tables/figure2_exon_to_protein_architecture_tracks.tsv
sus_scrofa	IIIc	IIIc	IIIc	primary_claim_supported_with_minor_flags	false	primary_minor_flags	840	CDS	cds-XP_084849194.1	CDS5	228	269	false	false	333	380			11_publication_figures_pre_interpro/tables/figure2_exon_to_protein_architecture_tracks.tsv
sus_scrofa	IIIc	IIIc	IIIc	primary_claim_supported_with_minor_flags	false	primary_minor_flags	840	CDS	cds-XP_084849194.1	CDS6	269	332	false	false	333	380			11_publication_figures_pre_interpro/tables/figure2_exon_to_protein_architecture_tracks.tsv
sus_scrofa	IIIc	IIIc	IIIc	primary_claim_supported_with_minor_flags	false	primary_minor_flags	840	CDS	cds-XP_084849194.1	IIIc cassette	333	382	false	true	333	380	exact	codon_split	11_publication_figures_pre_interpro/tables/figure2_exon_to_protein_architecture_tracks.tsv
sus_scrofa	IIIc	IIIc	IIIc	primary_claim_supported_with_minor_flags	false	primary_minor_flags	840	CDS	cds-XP_084849194.1	CDS8	382	450	false	false	333	380			11_publication_figures_pre_interpro/tables/figure2_exon_to_protein_architecture_tracks.tsv
sus_scrofa	IIIc	IIIc	IIIc	primary_claim_supported_with_minor_flags	false	primary_minor_flags	840	CDS	cds-XP_084849194.1	CDS9	450	500	false	false	333	380			11_publication_figures_pre_interpro/tables/figure2_exon_to_protein_architecture_tracks.tsv
sus_scrofa	IIIc	IIIc	IIIc	primary_claim_supported_with_minor_flags	false	primary_minor_flags	840	CDS	cds-XP_084849194.1	CDS10	500	541	false	false	333	380			11_publication_figures_pre_interpro/tables/figure2_exon_to_protein_architecture_tracks.tsv
sus_scrofa	IIIc	IIIc	IIIc	primary_claim_supported_with_minor_flags	false	primary_minor_flags	840	CDS	cds-XP_084849194.1	CDS11	541	578	false	false	333	380			11_publication_figures_pre_interpro/tables/figure2_exon_to_protein_architecture_tracks.tsv
sus_scrofa	IIIc	IIIc	IIIc	primary_claim_supported_with_minor_flags	false	primary_minor_flags	840	CDS	cds-XP_084849194.1	CDS12	578	641	false	false	333	380			11_publication_figures_pre_interpro/tables/figure2_exon_to_protein_architecture_tracks.tsv
sus_scrofa	IIIc	IIIc	IIIc	primary_claim_supported_with_minor_flags	false	primary_minor_flags	840	CDS	cds-XP_084849194.1	CDS13	642	682	false	false	333	380			11_publication_figures_pre_interpro/tables/figure2_exon_to_protein_architecture_tracks.tsv
sus_scrofa	IIIc	IIIc	IIIc	primary_claim_supported_with_minor_flags	false	primary_minor_flags	840	CDS	cds-XP_084849194.1	CDS14	683	706	false	false	333	380			11_publication_figures_pre_interpro/tables/figure2_exon_to_protein_architecture_tracks.tsv
sus_scrofa	IIIc	IIIc	IIIc	primary_claim_supported_with_minor_flags	false	primary_minor_flags	840	CDS	cds-XP_084849194.1	CDS15	706	752	false	false	333	380			11_publication_figures_pre_interpro/tables/figure2_exon_to_protein_architecture_tracks.tsv
sus_scrofa	IIIc	IIIc	IIIc	primary_claim_supported_with_minor_flags	false	primary_minor_flags	840	CDS	cds-XP_084849194.1	CDS16	752	787	false	false	333	380			11_publication_figures_pre_interpro/tables/figure2_exon_to_protein_architecture_tracks.tsv
sus_scrofa	IIIc	IIIc	IIIc	primary_claim_supported_with_minor_flags	false	primary_minor_flags	840	CDS	cds-XP_084849194.1	CDS17	788	842	false	false	333	380			11_publication_figures_pre_interpro/tables/figure2_exon_to_protein_architecture_tracks.tsv
bos_taurus	IIIb	IIIb	IIIb	primary_claim_supported_with_minor_flags	false	primary_minor_flags	841	CDS	cds-XP_059737724.1	CDS1	1	56	false	false	333	378			11_publication_figures_pre_interpro/tables/figure2_exon_to_protein_architecture_tracks.tsv
bos_taurus	IIIb	IIIb	IIIb	primary_claim_supported_with_minor_flags	false	primary_minor_flags	841	CDS	cds-XP_059737724.1	CDS2	56	145	false	false	333	378			11_publication_figures_pre_interpro/tables/figure2_exon_to_protein_architecture_tracks.tsv
bos_taurus	IIIb	IIIb	IIIb	primary_claim_supported_with_minor_flags	false	primary_minor_flags	841	CDS	cds-XP_059737724.1	CDS3	145	171	false	false	333	378			11_publication_figures_pre_interpro/tables/figure2_exon_to_protein_architecture_tracks.tsv
bos_taurus	IIIb	IIIb	IIIb	primary_claim_supported_with_minor_flags	false	primary_minor_flags	841	CDS	cds-XP_059737724.1	CDS4	171	227	false	false	333	378			11_publication_figures_pre_interpro/tables/figure2_exon_to_protein_architecture_tracks.tsv
bos_taurus	IIIb	IIIb	IIIb	primary_claim_supported_with_minor_flags	false	primary_minor_flags	841	CDS	cds-XP_059737724.1	CDS5	228	269	false	false	333	378			11_publication_figures_pre_interpro/tables/figure2_exon_to_protein_architecture_tracks.tsv
bos_taurus	IIIb	IIIb	IIIb	primary_claim_supported_with_minor_flags	false	primary_minor_flags	841	CDS	cds-XP_059737724.1	CDS6	269	332	false	false	333	378			11_publication_figures_pre_interpro/tables/figure2_exon_to_protein_architecture_tracks.tsv
bos_taurus	IIIb	IIIb	IIIb	primary_claim_supported_with_minor_flags	false	primary_minor_flags	841	CDS	cds-XP_059737724.1	IIIb cassette	333	381	true	false	333	378	exact	codon_split	11_publication_figures_pre_interpro/tables/figure2_exon_to_protein_architecture_tracks.tsv
bos_taurus	IIIb	IIIb	IIIb	primary_claim_supported_with_minor_flags	false	primary_minor_flags	841	CDS	cds-XP_059737724.1	CDS8	381	449	false	false	333	378			11_publication_figures_pre_interpro/tables/figure2_exon_to_protein_architecture_tracks.tsv
bos_taurus	IIIb	IIIb	IIIb	primary_claim_supported_with_minor_flags	false	primary_minor_flags	841	CDS	cds-XP_059737724.1	CDS9	449	499	false	false	333	378			11_publication_figures_pre_interpro/tables/figure2_exon_to_protein_architecture_tracks.tsv
bos_taurus	IIIb	IIIb	IIIb	primary_claim_supported_with_minor_flags	false	primary_minor_flags	841	CDS	cds-XP_059737724.1	CDS10	499	540	false	false	333	378			11_publication_figures_pre_interpro/tables/figure2_exon_to_protein_architecture_tracks.tsv
bos_taurus	IIIb	IIIb	IIIb	primary_claim_supported_with_minor_flags	false	primary_minor_flags	841	CDS	cds-XP_059737724.1	CDS11	540	577	false	false	333	378			11_publication_figures_pre_interpro/tables/figure2_exon_to_protein_architecture_tracks.tsv
bos_taurus	IIIb	IIIb	IIIb	primary_claim_supported_with_minor_flags	false	primary_minor_flags	841	CDS	cds-XP_059737724.1	CDS12	577	640	false	false	333	378			11_publication_figures_pre_interpro/tables/figure2_exon_to_protein_architecture_tracks.tsv
bos_taurus	IIIb	IIIb	IIIb	primary_claim_supported_with_minor_flags	false	primary_minor_flags	841	CDS	cds-XP_059737724.1	CDS13	641	681	false	false	333	378			11_publication_figures_pre_interpro/tables/figure2_exon_to_protein_architecture_tracks.tsv
bos_taurus	IIIb	IIIb	IIIb	primary_claim_supported_with_minor_flags	false	primary_minor_flags	841	CDS	cds-XP_059737724.1	CDS14	682	705	false	false	333	378			11_publication_figures_pre_interpro/tables/figure2_exon_to_protein_architecture_tracks.tsv
bos_taurus	IIIb	IIIb	IIIb	primary_claim_supported_with_minor_flags	false	primary_minor_flags	841	CDS	cds-XP_059737724.1	CDS15	705	751	false	false	333	378			11_publication_figures_pre_interpro/tables/figure2_exon_to_protein_architecture_tracks.tsv
bos_taurus	IIIb	IIIb	IIIb	primary_claim_supported_with_minor_flags	false	primary_minor_flags	841	CDS	cds-XP_059737724.1	CDS16	751	786	false	false	333	378			11_publication_figures_pre_interpro/tables/figure2_exon_to_protein_architecture_tracks.tsv
bos_taurus	IIIb	IIIb	IIIb	primary_claim_supported_with_minor_flags	false	primary_minor_flags	841	CDS	cds-XP_059737724.1	CDS17	787	841	false	false	333	378			11_publication_figures_pre_interpro/tables/figure2_exon_to_protein_architecture_tracks.tsv
bos_taurus	IIIc	IIIc	IIIc	primary_claim_supported_with_minor_flags	false	primary_minor_flags	840	CDS	cds-XP_059737723.1	CDS1	1	56	false	false	333	380			11_publication_figures_pre_interpro/tables/figure2_exon_to_protein_architecture_tracks.tsv
bos_taurus	IIIc	IIIc	IIIc	primary_claim_supported_with_minor_flags	false	primary_minor_flags	840	CDS	cds-XP_059737723.1	CDS2	56	145	false	false	333	380			11_publication_figures_pre_interpro/tables/figure2_exon_to_protein_architecture_tracks.tsv
bos_taurus	IIIc	IIIc	IIIc	primary_claim_supported_with_minor_flags	false	primary_minor_flags	840	CDS	cds-XP_059737723.1	CDS3	145	171	false	false	333	380			11_publication_figures_pre_interpro/tables/figure2_exon_to_protein_architecture_tracks.tsv
bos_taurus	IIIc	IIIc	IIIc	primary_claim_supported_with_minor_flags	false	primary_minor_flags	840	CDS	cds-XP_059737723.1	CDS4	171	227	false	false	333	380			11_publication_figures_pre_interpro/tables/figure2_exon_to_protein_architecture_tracks.tsv
bos_taurus	IIIc	IIIc	IIIc	primary_claim_supported_with_minor_flags	false	primary_minor_flags	840	CDS	cds-XP_059737723.1	CDS5	228	269	false	false	333	380			11_publication_figures_pre_interpro/tables/figure2_exon_to_protein_architecture_tracks.tsv
bos_taurus	IIIc	IIIc	IIIc	primary_claim_supported_with_minor_flags	false	primary_minor_flags	840	CDS	cds-XP_059737723.1	CDS6	269	332	false	false	333	380			11_publication_figures_pre_interpro/tables/figure2_exon_to_protein_architecture_tracks.tsv
bos_taurus	IIIc	IIIc	IIIc	primary_claim_supported_with_minor_flags	false	primary_minor_flags	840	CDS	cds-XP_059737723.1	IIIc cassette	333	382	false	true	333	380	exact	codon_split	11_publication_figures_pre_interpro/tables/figure2_exon_to_protein_architecture_tracks.tsv
bos_taurus	IIIc	IIIc	IIIc	primary_claim_supported_with_minor_flags	false	primary_minor_flags	840	CDS	cds-XP_059737723.1	CDS8	382	450	false	false	333	380			11_publication_figures_pre_interpro/tables/figure2_exon_to_protein_architecture_tracks.tsv
bos_taurus	IIIc	IIIc	IIIc	primary_claim_supported_with_minor_flags	false	primary_minor_flags	840	CDS	cds-XP_059737723.1	CDS9	450	500	false	false	333	380			11_publication_figures_pre_interpro/tables/figure2_exon_to_protein_architecture_tracks.tsv
bos_taurus	IIIc	IIIc	IIIc	primary_claim_supported_with_minor_flags	false	primary_minor_flags	840	CDS	cds-XP_059737723.1	CDS10	500	541	false	false	333	380			11_publication_figures_pre_interpro/tables/figure2_exon_to_protein_architecture_tracks.tsv
bos_taurus	IIIc	IIIc	IIIc	primary_claim_supported_with_minor_flags	false	primary_minor_flags	840	CDS	cds-XP_059737723.1	CDS11	541	578	false	false	333	380			11_publication_figures_pre_interpro/tables/figure2_exon_to_protein_architecture_tracks.tsv
bos_taurus	IIIc	IIIc	IIIc	primary_claim_supported_with_minor_flags	false	primary_minor_flags	840	CDS	cds-XP_059737723.1	CDS12	578	641	false	false	333	380			11_publication_figures_pre_interpro/tables/figure2_exon_to_protein_architecture_tracks.tsv
bos_taurus	IIIc	IIIc	IIIc	primary_claim_supported_with_minor_flags	false	primary_minor_flags	840	CDS	cds-XP_059737723.1	CDS13	642	682	false	false	333	380			11_publication_figures_pre_interpro/tables/figure2_exon_to_protein_architecture_tracks.tsv
bos_taurus	IIIc	IIIc	IIIc	primary_claim_supported_with_minor_flags	false	primary_minor_flags	840	CDS	cds-XP_059737723.1	CDS14	683	706	false	false	333	380			11_publication_figures_pre_interpro/tables/figure2_exon_to_protein_architecture_tracks.tsv
bos_taurus	IIIc	IIIc	IIIc	primary_claim_supported_with_minor_flags	false	primary_minor_flags	840	CDS	cds-XP_059737723.1	CDS15	706	752	false	false	333	380			11_publication_figures_pre_interpro/tables/figure2_exon_to_protein_architecture_tracks.tsv
bos_taurus	IIIc	IIIc	IIIc	primary_claim_supported_with_minor_flags	false	primary_minor_flags	840	CDS	cds-XP_059737723.1	CDS16	752	787	false	false	333	380			11_publication_figures_pre_interpro/tables/figure2_exon_to_protein_architecture_tracks.tsv
bos_taurus	IIIc	IIIc	IIIc	primary_claim_supported_with_minor_flags	false	primary_minor_flags	840	CDS	cds-XP_059737723.1	CDS17	788	842	false	false	333	380			11_publication_figures_pre_interpro/tables/figure2_exon_to_protein_architecture_tracks.tsv
ovis_aries	IIIb	IIIb	IIIb	primary_claim_supported_with_minor_flags	false	primary_minor_flags	841	CDS	cds-XP_060260490.1	CDS1	1	56	false	false	333	378			11_publication_figures_pre_interpro/tables/figure2_exon_to_protein_architecture_tracks.tsv
ovis_aries	IIIb	IIIb	IIIb	primary_claim_supported_with_minor_flags	false	primary_minor_flags	841	CDS	cds-XP_060260490.1	CDS2	56	145	false	false	333	378			11_publication_figures_pre_interpro/tables/figure2_exon_to_protein_architecture_tracks.tsv
ovis_aries	IIIb	IIIb	IIIb	primary_claim_supported_with_minor_flags	false	primary_minor_flags	841	CDS	cds-XP_060260490.1	CDS3	145	171	false	false	333	378			11_publication_figures_pre_interpro/tables/figure2_exon_to_protein_architecture_tracks.tsv
ovis_aries	IIIb	IIIb	IIIb	primary_claim_supported_with_minor_flags	false	primary_minor_flags	841	CDS	cds-XP_060260490.1	CDS4	171	227	false	false	333	378			11_publication_figures_pre_interpro/tables/figure2_exon_to_protein_architecture_tracks.tsv
ovis_aries	IIIb	IIIb	IIIb	primary_claim_supported_with_minor_flags	false	primary_minor_flags	841	CDS	cds-XP_060260490.1	CDS5	228	269	false	false	333	378			11_publication_figures_pre_interpro/tables/figure2_exon_to_protein_architecture_tracks.tsv
ovis_aries	IIIb	IIIb	IIIb	primary_claim_supported_with_minor_flags	false	primary_minor_flags	841	CDS	cds-XP_060260490.1	CDS6	269	332	false	false	333	378			11_publication_figures_pre_interpro/tables/figure2_exon_to_protein_architecture_tracks.tsv
ovis_aries	IIIb	IIIb	IIIb	primary_claim_supported_with_minor_flags	false	primary_minor_flags	841	CDS	cds-XP_060260490.1	IIIb cassette	333	381	true	false	333	378	exact	codon_split	11_publication_figures_pre_interpro/tables/figure2_exon_to_protein_architecture_tracks.tsv
ovis_aries	IIIb	IIIb	IIIb	primary_claim_supported_with_minor_flags	false	primary_minor_flags	841	CDS	cds-XP_060260490.1	CDS8	381	449	false	false	333	378			11_publication_figures_pre_interpro/tables/figure2_exon_to_protein_architecture_tracks.tsv
ovis_aries	IIIb	IIIb	IIIb	primary_claim_supported_with_minor_flags	false	primary_minor_flags	841	CDS	cds-XP_060260490.1	CDS9	449	499	false	false	333	378			11_publication_figures_pre_interpro/tables/figure2_exon_to_protein_architecture_tracks.tsv
ovis_aries	IIIb	IIIb	IIIb	primary_claim_supported_with_minor_flags	false	primary_minor_flags	841	CDS	cds-XP_060260490.1	CDS10	499	540	false	false	333	378			11_publication_figures_pre_interpro/tables/figure2_exon_to_protein_architecture_tracks.tsv
ovis_aries	IIIb	IIIb	IIIb	primary_claim_supported_with_minor_flags	false	primary_minor_flags	841	CDS	cds-XP_060260490.1	CDS11	540	577	false	false	333	378			11_publication_figures_pre_interpro/tables/figure2_exon_to_protein_architecture_tracks.tsv
ovis_aries	IIIb	IIIb	IIIb	primary_claim_supported_with_minor_flags	false	primary_minor_flags	841	CDS	cds-XP_060260490.1	CDS12	577	640	false	false	333	378			11_publication_figures_pre_interpro/tables/figure2_exon_to_protein_architecture_tracks.tsv
ovis_aries	IIIb	IIIb	IIIb	primary_claim_supported_with_minor_flags	false	primary_minor_flags	841	CDS	cds-XP_060260490.1	CDS13	641	681	false	false	333	378			11_publication_figures_pre_interpro/tables/figure2_exon_to_protein_architecture_tracks.tsv
ovis_aries	IIIb	IIIb	IIIb	primary_claim_supported_with_minor_flags	false	primary_minor_flags	841	CDS	cds-XP_060260490.1	CDS14	682	705	false	false	333	378			11_publication_figures_pre_interpro/tables/figure2_exon_to_protein_architecture_tracks.tsv
ovis_aries	IIIb	IIIb	IIIb	primary_claim_supported_with_minor_flags	false	primary_minor_flags	841	CDS	cds-XP_060260490.1	CDS15	705	751	false	false	333	378			11_publication_figures_pre_interpro/tables/figure2_exon_to_protein_architecture_tracks.tsv
ovis_aries	IIIb	IIIb	IIIb	primary_claim_supported_with_minor_flags	false	primary_minor_flags	841	CDS	cds-XP_060260490.1	CDS16	751	786	false	false	333	378			11_publication_figures_pre_interpro/tables/figure2_exon_to_protein_architecture_tracks.tsv
ovis_aries	IIIb	IIIb	IIIb	primary_claim_supported_with_minor_flags	false	primary_minor_flags	841	CDS	cds-XP_060260490.1	CDS17	787	841	false	false	333	378			11_publication_figures_pre_interpro/tables/figure2_exon_to_protein_architecture_tracks.tsv
ovis_aries	IIIc	IIIc	IIIc	primary_claim_supported_with_minor_flags	false	primary_minor_flags	840	CDS	cds-XP_060260488.1	CDS1	1	56	false	false	333	380			11_publication_figures_pre_interpro/tables/figure2_exon_to_protein_architecture_tracks.tsv
ovis_aries	IIIc	IIIc	IIIc	primary_claim_supported_with_minor_flags	false	primary_minor_flags	840	CDS	cds-XP_060260488.1	CDS2	56	145	false	false	333	380			11_publication_figures_pre_interpro/tables/figure2_exon_to_protein_architecture_tracks.tsv
ovis_aries	IIIc	IIIc	IIIc	primary_claim_supported_with_minor_flags	false	primary_minor_flags	840	CDS	cds-XP_060260488.1	CDS3	145	171	false	false	333	380			11_publication_figures_pre_interpro/tables/figure2_exon_to_protein_architecture_tracks.tsv
ovis_aries	IIIc	IIIc	IIIc	primary_claim_supported_with_minor_flags	false	primary_minor_flags	840	CDS	cds-XP_060260488.1	CDS4	171	227	false	false	333	380			11_publication_figures_pre_interpro/tables/figure2_exon_to_protein_architecture_tracks.tsv
ovis_aries	IIIc	IIIc	IIIc	primary_claim_supported_with_minor_flags	false	primary_minor_flags	840	CDS	cds-XP_060260488.1	CDS5	228	269	false	false	333	380			11_publication_figures_pre_interpro/tables/figure2_exon_to_protein_architecture_tracks.tsv
ovis_aries	IIIc	IIIc	IIIc	primary_claim_supported_with_minor_flags	false	primary_minor_flags	840	CDS	cds-XP_060260488.1	CDS6	269	332	false	false	333	380			11_publication_figures_pre_interpro/tables/figure2_exon_to_protein_architecture_tracks.tsv
ovis_aries	IIIc	IIIc	IIIc	primary_claim_supported_with_minor_flags	false	primary_minor_flags	840	CDS	cds-XP_060260488.1	IIIc cassette	333	382	false	true	333	380	exact	codon_split	11_publication_figures_pre_interpro/tables/figure2_exon_to_protein_architecture_tracks.tsv
ovis_aries	IIIc	IIIc	IIIc	primary_claim_supported_with_minor_flags	false	primary_minor_flags	840	CDS	cds-XP_060260488.1	CDS8	382	450	false	false	333	380			11_publication_figures_pre_interpro/tables/figure2_exon_to_protein_architecture_tracks.tsv
ovis_aries	IIIc	IIIc	IIIc	primary_claim_supported_with_minor_flags	false	primary_minor_flags	840	CDS	cds-XP_060260488.1	CDS9	450	500	false	false	333	380			11_publication_figures_pre_interpro/tables/figure2_exon_to_protein_architecture_tracks.tsv
ovis_aries	IIIc	IIIc	IIIc	primary_claim_supported_with_minor_flags	false	primary_minor_flags	840	CDS	cds-XP_060260488.1	CDS10	500	541	false	false	333	380			11_publication_figures_pre_interpro/tables/figure2_exon_to_protein_architecture_tracks.tsv
ovis_aries	IIIc	IIIc	IIIc	primary_claim_supported_with_minor_flags	false	primary_minor_flags	840	CDS	cds-XP_060260488.1	CDS11	541	578	false	false	333	380			11_publication_figures_pre_interpro/tables/figure2_exon_to_protein_architecture_tracks.tsv
ovis_aries	IIIc	IIIc	IIIc	primary_claim_supported_with_minor_flags	false	primary_minor_flags	840	CDS	cds-XP_060260488.1	CDS12	578	641	false	false	333	380			11_publication_figures_pre_interpro/tables/figure2_exon_to_protein_architecture_tracks.tsv
ovis_aries	IIIc	IIIc	IIIc	primary_claim_supported_with_minor_flags	false	primary_minor_flags	840	CDS	cds-XP_060260488.1	CDS13	642	682	false	false	333	380			11_publication_figures_pre_interpro/tables/figure2_exon_to_protein_architecture_tracks.tsv
ovis_aries	IIIc	IIIc	IIIc	primary_claim_supported_with_minor_flags	false	primary_minor_flags	840	CDS	cds-XP_060260488.1	CDS14	683	706	false	false	333	380			11_publication_figures_pre_interpro/tables/figure2_exon_to_protein_architecture_tracks.tsv
ovis_aries	IIIc	IIIc	IIIc	primary_claim_supported_with_minor_flags	false	primary_minor_flags	840	CDS	cds-XP_060260488.1	CDS15	706	752	false	false	333	380			11_publication_figures_pre_interpro/tables/figure2_exon_to_protein_architecture_tracks.tsv
ovis_aries	IIIc	IIIc	IIIc	primary_claim_supported_with_minor_flags	false	primary_minor_flags	840	CDS	cds-XP_060260488.1	CDS16	752	787	false	false	333	380			11_publication_figures_pre_interpro/tables/figure2_exon_to_protein_architecture_tracks.tsv
ovis_aries	IIIc	IIIc	IIIc	primary_claim_supported_with_minor_flags	false	primary_minor_flags	840	CDS	cds-XP_060260488.1	CDS17	788	842	false	false	333	380			11_publication_figures_pre_interpro/tables/figure2_exon_to_protein_architecture_tracks.tsv
monodelphis_domestica	IIIb	IIIb	IIIb	primary_claim_supported_with_minor_flags	false	primary_minor_flags	840	CDS	cds-XP_056659242.1	CDS1	1	56	false	false	332	377			11_publication_figures_pre_interpro/tables/figure2_exon_to_protein_architecture_tracks.tsv
monodelphis_domestica	IIIb	IIIb	IIIb	primary_claim_supported_with_minor_flags	false	primary_minor_flags	840	CDS	cds-XP_056659242.1	CDS2	56	145	false	false	332	377			11_publication_figures_pre_interpro/tables/figure2_exon_to_protein_architecture_tracks.tsv
monodelphis_domestica	IIIb	IIIb	IIIb	primary_claim_supported_with_minor_flags	false	primary_minor_flags	840	CDS	cds-XP_056659242.1	CDS3	145	170	false	false	332	377			11_publication_figures_pre_interpro/tables/figure2_exon_to_protein_architecture_tracks.tsv
monodelphis_domestica	IIIb	IIIb	IIIb	primary_claim_supported_with_minor_flags	false	primary_minor_flags	840	CDS	cds-XP_056659242.1	CDS4	170	226	false	false	332	377			11_publication_figures_pre_interpro/tables/figure2_exon_to_protein_architecture_tracks.tsv
monodelphis_domestica	IIIb	IIIb	IIIb	primary_claim_supported_with_minor_flags	false	primary_minor_flags	840	CDS	cds-XP_056659242.1	CDS5	227	268	false	false	332	377			11_publication_figures_pre_interpro/tables/figure2_exon_to_protein_architecture_tracks.tsv
monodelphis_domestica	IIIb	IIIb	IIIb	primary_claim_supported_with_minor_flags	false	primary_minor_flags	840	CDS	cds-XP_056659242.1	CDS6	268	331	false	false	332	377			11_publication_figures_pre_interpro/tables/figure2_exon_to_protein_architecture_tracks.tsv
monodelphis_domestica	IIIb	IIIb	IIIb	primary_claim_supported_with_minor_flags	false	primary_minor_flags	840	CDS	cds-XP_056659242.1	IIIb cassette	332	380	true	false	332	377	exact	codon_split	11_publication_figures_pre_interpro/tables/figure2_exon_to_protein_architecture_tracks.tsv
monodelphis_domestica	IIIb	IIIb	IIIb	primary_claim_supported_with_minor_flags	false	primary_minor_flags	840	CDS	cds-XP_056659242.1	CDS8	380	447	false	false	332	377			11_publication_figures_pre_interpro/tables/figure2_exon_to_protein_architecture_tracks.tsv
monodelphis_domestica	IIIb	IIIb	IIIb	primary_claim_supported_with_minor_flags	false	primary_minor_flags	840	CDS	cds-XP_056659242.1	CDS9	448	498	false	false	332	377			11_publication_figures_pre_interpro/tables/figure2_exon_to_protein_architecture_tracks.tsv
monodelphis_domestica	IIIb	IIIb	IIIb	primary_claim_supported_with_minor_flags	false	primary_minor_flags	840	CDS	cds-XP_056659242.1	CDS10	498	539	false	false	332	377			11_publication_figures_pre_interpro/tables/figure2_exon_to_protein_architecture_tracks.tsv
monodelphis_domestica	IIIb	IIIb	IIIb	primary_claim_supported_with_minor_flags	false	primary_minor_flags	840	CDS	cds-XP_056659242.1	CDS11	539	576	false	false	332	377			11_publication_figures_pre_interpro/tables/figure2_exon_to_protein_architecture_tracks.tsv
monodelphis_domestica	IIIb	IIIb	IIIb	primary_claim_supported_with_minor_flags	false	primary_minor_flags	840	CDS	cds-XP_056659242.1	CDS12	576	639	false	false	332	377			11_publication_figures_pre_interpro/tables/figure2_exon_to_protein_architecture_tracks.tsv
monodelphis_domestica	IIIb	IIIb	IIIb	primary_claim_supported_with_minor_flags	false	primary_minor_flags	840	CDS	cds-XP_056659242.1	CDS13	640	680	false	false	332	377			11_publication_figures_pre_interpro/tables/figure2_exon_to_protein_architecture_tracks.tsv
monodelphis_domestica	IIIb	IIIb	IIIb	primary_claim_supported_with_minor_flags	false	primary_minor_flags	840	CDS	cds-XP_056659242.1	CDS14	681	704	false	false	332	377			11_publication_figures_pre_interpro/tables/figure2_exon_to_protein_architecture_tracks.tsv
monodelphis_domestica	IIIb	IIIb	IIIb	primary_claim_supported_with_minor_flags	false	primary_minor_flags	840	CDS	cds-XP_056659242.1	CDS15	704	750	false	false	332	377			11_publication_figures_pre_interpro/tables/figure2_exon_to_protein_architecture_tracks.tsv
monodelphis_domestica	IIIb	IIIb	IIIb	primary_claim_supported_with_minor_flags	false	primary_minor_flags	840	CDS	cds-XP_056659242.1	CDS16	750	785	false	false	332	377			11_publication_figures_pre_interpro/tables/figure2_exon_to_protein_architecture_tracks.tsv
monodelphis_domestica	IIIb	IIIb	IIIb	primary_claim_supported_with_minor_flags	false	primary_minor_flags	840	CDS	cds-XP_056659242.1	CDS17	786	840	false	false	332	377			11_publication_figures_pre_interpro/tables/figure2_exon_to_protein_architecture_tracks.tsv
monodelphis_domestica	IIIc	IIIc	IIIc	primary_claim_supported_with_minor_flags	false	primary_minor_flags	839	CDS	cds-XP_056659239.1	CDS1	1	56	false	false	332	379			11_publication_figures_pre_interpro/tables/figure2_exon_to_protein_architecture_tracks.tsv
monodelphis_domestica	IIIc	IIIc	IIIc	primary_claim_supported_with_minor_flags	false	primary_minor_flags	839	CDS	cds-XP_056659239.1	CDS2	56	145	false	false	332	379			11_publication_figures_pre_interpro/tables/figure2_exon_to_protein_architecture_tracks.tsv
monodelphis_domestica	IIIc	IIIc	IIIc	primary_claim_supported_with_minor_flags	false	primary_minor_flags	839	CDS	cds-XP_056659239.1	CDS3	145	170	false	false	332	379			11_publication_figures_pre_interpro/tables/figure2_exon_to_protein_architecture_tracks.tsv
monodelphis_domestica	IIIc	IIIc	IIIc	primary_claim_supported_with_minor_flags	false	primary_minor_flags	839	CDS	cds-XP_056659239.1	CDS4	170	226	false	false	332	379			11_publication_figures_pre_interpro/tables/figure2_exon_to_protein_architecture_tracks.tsv
monodelphis_domestica	IIIc	IIIc	IIIc	primary_claim_supported_with_minor_flags	false	primary_minor_flags	839	CDS	cds-XP_056659239.1	CDS5	227	268	false	false	332	379			11_publication_figures_pre_interpro/tables/figure2_exon_to_protein_architecture_tracks.tsv
monodelphis_domestica	IIIc	IIIc	IIIc	primary_claim_supported_with_minor_flags	false	primary_minor_flags	839	CDS	cds-XP_056659239.1	CDS6	268	331	false	false	332	379			11_publication_figures_pre_interpro/tables/figure2_exon_to_protein_architecture_tracks.tsv
monodelphis_domestica	IIIc	IIIc	IIIc	primary_claim_supported_with_minor_flags	false	primary_minor_flags	839	CDS	cds-XP_056659239.1	IIIc cassette	332	381	false	true	332	379	exact	codon_split	11_publication_figures_pre_interpro/tables/figure2_exon_to_protein_architecture_tracks.tsv
monodelphis_domestica	IIIc	IIIc	IIIc	primary_claim_supported_with_minor_flags	false	primary_minor_flags	839	CDS	cds-XP_056659239.1	CDS8	381	448	false	false	332	379			11_publication_figures_pre_interpro/tables/figure2_exon_to_protein_architecture_tracks.tsv
monodelphis_domestica	IIIc	IIIc	IIIc	primary_claim_supported_with_minor_flags	false	primary_minor_flags	839	CDS	cds-XP_056659239.1	CDS9	449	499	false	false	332	379			11_publication_figures_pre_interpro/tables/figure2_exon_to_protein_architecture_tracks.tsv
monodelphis_domestica	IIIc	IIIc	IIIc	primary_claim_supported_with_minor_flags	false	primary_minor_flags	839	CDS	cds-XP_056659239.1	CDS10	499	540	false	false	332	379			11_publication_figures_pre_interpro/tables/figure2_exon_to_protein_architecture_tracks.tsv
monodelphis_domestica	IIIc	IIIc	IIIc	primary_claim_supported_with_minor_flags	false	primary_minor_flags	839	CDS	cds-XP_056659239.1	CDS11	540	577	false	false	332	379			11_publication_figures_pre_interpro/tables/figure2_exon_to_protein_architecture_tracks.tsv
monodelphis_domestica	IIIc	IIIc	IIIc	primary_claim_supported_with_minor_flags	false	primary_minor_flags	839	CDS	cds-XP_056659239.1	CDS12	577	640	false	false	332	379			11_publication_figures_pre_interpro/tables/figure2_exon_to_protein_architecture_tracks.tsv
monodelphis_domestica	IIIc	IIIc	IIIc	primary_claim_supported_with_minor_flags	false	primary_minor_flags	839	CDS	cds-XP_056659239.1	CDS13	641	681	false	false	332	379			11_publication_figures_pre_interpro/tables/figure2_exon_to_protein_architecture_tracks.tsv
monodelphis_domestica	IIIc	IIIc	IIIc	primary_claim_supported_with_minor_flags	false	primary_minor_flags	839	CDS	cds-XP_056659239.1	CDS14	682	705	false	false	332	379			11_publication_figures_pre_interpro/tables/figure2_exon_to_protein_architecture_tracks.tsv
monodelphis_domestica	IIIc	IIIc	IIIc	primary_claim_supported_with_minor_flags	false	primary_minor_flags	839	CDS	cds-XP_056659239.1	CDS15	705	751	false	false	332	379			11_publication_figures_pre_interpro/tables/figure2_exon_to_protein_architecture_tracks.tsv
monodelphis_domestica	IIIc	IIIc	IIIc	primary_claim_supported_with_minor_flags	false	primary_minor_flags	839	CDS	cds-XP_056659239.1	CDS16	751	786	false	false	332	379			11_publication_figures_pre_interpro/tables/figure2_exon_to_protein_architecture_tracks.tsv
monodelphis_domestica	IIIc	IIIc	IIIc	primary_claim_supported_with_minor_flags	false	primary_minor_flags	839	CDS	cds-XP_056659239.1	CDS17	787	841	false	false	332	379			11_publication_figures_pre_interpro/tables/figure2_exon_to_protein_architecture_tracks.tsv
ornithorhynchus_anatinus	IIIb	IIIb	IIIb	primary_claim_supported_with_minor_flags	false	primary_minor_flags	840	CDS	cds-XP_028936644.1	CDS1	1	56	false	false	332	377			11_publication_figures_pre_interpro/tables/figure2_exon_to_protein_architecture_tracks.tsv
ornithorhynchus_anatinus	IIIb	IIIb	IIIb	primary_claim_supported_with_minor_flags	false	primary_minor_flags	840	CDS	cds-XP_028936644.1	CDS2	56	145	false	false	332	377			11_publication_figures_pre_interpro/tables/figure2_exon_to_protein_architecture_tracks.tsv
ornithorhynchus_anatinus	IIIb	IIIb	IIIb	primary_claim_supported_with_minor_flags	false	primary_minor_flags	840	CDS	cds-XP_028936644.1	CDS3	145	170	false	false	332	377			11_publication_figures_pre_interpro/tables/figure2_exon_to_protein_architecture_tracks.tsv
ornithorhynchus_anatinus	IIIb	IIIb	IIIb	primary_claim_supported_with_minor_flags	false	primary_minor_flags	840	CDS	cds-XP_028936644.1	CDS4	170	226	false	false	332	377			11_publication_figures_pre_interpro/tables/figure2_exon_to_protein_architecture_tracks.tsv
ornithorhynchus_anatinus	IIIb	IIIb	IIIb	primary_claim_supported_with_minor_flags	false	primary_minor_flags	840	CDS	cds-XP_028936644.1	CDS5	227	268	false	false	332	377			11_publication_figures_pre_interpro/tables/figure2_exon_to_protein_architecture_tracks.tsv
ornithorhynchus_anatinus	IIIb	IIIb	IIIb	primary_claim_supported_with_minor_flags	false	primary_minor_flags	840	CDS	cds-XP_028936644.1	CDS6	268	331	false	false	332	377			11_publication_figures_pre_interpro/tables/figure2_exon_to_protein_architecture_tracks.tsv
ornithorhynchus_anatinus	IIIb	IIIb	IIIb	primary_claim_supported_with_minor_flags	false	primary_minor_flags	840	CDS	cds-XP_028936644.1	IIIb cassette	332	380	true	false	332	377	exact	codon_split	11_publication_figures_pre_interpro/tables/figure2_exon_to_protein_architecture_tracks.tsv
ornithorhynchus_anatinus	IIIb	IIIb	IIIb	primary_claim_supported_with_minor_flags	false	primary_minor_flags	840	CDS	cds-XP_028936644.1	CDS8	380	447	false	false	332	377			11_publication_figures_pre_interpro/tables/figure2_exon_to_protein_architecture_tracks.tsv
ornithorhynchus_anatinus	IIIb	IIIb	IIIb	primary_claim_supported_with_minor_flags	false	primary_minor_flags	840	CDS	cds-XP_028936644.1	CDS9	448	498	false	false	332	377			11_publication_figures_pre_interpro/tables/figure2_exon_to_protein_architecture_tracks.tsv
ornithorhynchus_anatinus	IIIb	IIIb	IIIb	primary_claim_supported_with_minor_flags	false	primary_minor_flags	840	CDS	cds-XP_028936644.1	CDS10	498	539	false	false	332	377			11_publication_figures_pre_interpro/tables/figure2_exon_to_protein_architecture_tracks.tsv
ornithorhynchus_anatinus	IIIb	IIIb	IIIb	primary_claim_supported_with_minor_flags	false	primary_minor_flags	840	CDS	cds-XP_028936644.1	CDS11	539	576	false	false	332	377			11_publication_figures_pre_interpro/tables/figure2_exon_to_protein_architecture_tracks.tsv
ornithorhynchus_anatinus	IIIb	IIIb	IIIb	primary_claim_supported_with_minor_flags	false	primary_minor_flags	840	CDS	cds-XP_028936644.1	CDS12	576	639	false	false	332	377			11_publication_figures_pre_interpro/tables/figure2_exon_to_protein_architecture_tracks.tsv
ornithorhynchus_anatinus	IIIb	IIIb	IIIb	primary_claim_supported_with_minor_flags	false	primary_minor_flags	840	CDS	cds-XP_028936644.1	CDS13	640	680	false	false	332	377			11_publication_figures_pre_interpro/tables/figure2_exon_to_protein_architecture_tracks.tsv
ornithorhynchus_anatinus	IIIb	IIIb	IIIb	primary_claim_supported_with_minor_flags	false	primary_minor_flags	840	CDS	cds-XP_028936644.1	CDS14	681	704	false	false	332	377			11_publication_figures_pre_interpro/tables/figure2_exon_to_protein_architecture_tracks.tsv
ornithorhynchus_anatinus	IIIb	IIIb	IIIb	primary_claim_supported_with_minor_flags	false	primary_minor_flags	840	CDS	cds-XP_028936644.1	CDS15	704	750	false	false	332	377			11_publication_figures_pre_interpro/tables/figure2_exon_to_protein_architecture_tracks.tsv
ornithorhynchus_anatinus	IIIb	IIIb	IIIb	primary_claim_supported_with_minor_flags	false	primary_minor_flags	840	CDS	cds-XP_028936644.1	CDS16	750	785	false	false	332	377			11_publication_figures_pre_interpro/tables/figure2_exon_to_protein_architecture_tracks.tsv
ornithorhynchus_anatinus	IIIb	IIIb	IIIb	primary_claim_supported_with_minor_flags	false	primary_minor_flags	840	CDS	cds-XP_028936644.1	CDS17	786	840	false	false	332	377			11_publication_figures_pre_interpro/tables/figure2_exon_to_protein_architecture_tracks.tsv
ornithorhynchus_anatinus	IIIc	IIIc	IIIc	primary_claim_supported_with_minor_flags	false	primary_minor_flags	839	CDS	cds-XP_028936643.1	CDS1	1	56	false	false	332	379			11_publication_figures_pre_interpro/tables/figure2_exon_to_protein_architecture_tracks.tsv
ornithorhynchus_anatinus	IIIc	IIIc	IIIc	primary_claim_supported_with_minor_flags	false	primary_minor_flags	839	CDS	cds-XP_028936643.1	CDS2	56	145	false	false	332	379			11_publication_figures_pre_interpro/tables/figure2_exon_to_protein_architecture_tracks.tsv
ornithorhynchus_anatinus	IIIc	IIIc	IIIc	primary_claim_supported_with_minor_flags	false	primary_minor_flags	839	CDS	cds-XP_028936643.1	CDS3	145	170	false	false	332	379			11_publication_figures_pre_interpro/tables/figure2_exon_to_protein_architecture_tracks.tsv
ornithorhynchus_anatinus	IIIc	IIIc	IIIc	primary_claim_supported_with_minor_flags	false	primary_minor_flags	839	CDS	cds-XP_028936643.1	CDS4	170	226	false	false	332	379			11_publication_figures_pre_interpro/tables/figure2_exon_to_protein_architecture_tracks.tsv
ornithorhynchus_anatinus	IIIc	IIIc	IIIc	primary_claim_supported_with_minor_flags	false	primary_minor_flags	839	CDS	cds-XP_028936643.1	CDS5	227	268	false	false	332	379			11_publication_figures_pre_interpro/tables/figure2_exon_to_protein_architecture_tracks.tsv
ornithorhynchus_anatinus	IIIc	IIIc	IIIc	primary_claim_supported_with_minor_flags	false	primary_minor_flags	839	CDS	cds-XP_028936643.1	CDS6	268	331	false	false	332	379			11_publication_figures_pre_interpro/tables/figure2_exon_to_protein_architecture_tracks.tsv
ornithorhynchus_anatinus	IIIc	IIIc	IIIc	primary_claim_supported_with_minor_flags	false	primary_minor_flags	839	CDS	cds-XP_028936643.1	IIIc cassette	332	381	false	true	332	379	exact	codon_split	11_publication_figures_pre_interpro/tables/figure2_exon_to_protein_architecture_tracks.tsv
ornithorhynchus_anatinus	IIIc	IIIc	IIIc	primary_claim_supported_with_minor_flags	false	primary_minor_flags	839	CDS	cds-XP_028936643.1	CDS8	381	448	false	false	332	379			11_publication_figures_pre_interpro/tables/figure2_exon_to_protein_architecture_tracks.tsv
ornithorhynchus_anatinus	IIIc	IIIc	IIIc	primary_claim_supported_with_minor_flags	false	primary_minor_flags	839	CDS	cds-XP_028936643.1	CDS9	449	499	false	false	332	379			11_publication_figures_pre_interpro/tables/figure2_exon_to_protein_architecture_tracks.tsv
ornithorhynchus_anatinus	IIIc	IIIc	IIIc	primary_claim_supported_with_minor_flags	false	primary_minor_flags	839	CDS	cds-XP_028936643.1	CDS10	499	540	false	false	332	379			11_publication_figures_pre_interpro/tables/figure2_exon_to_protein_architecture_tracks.tsv
ornithorhynchus_anatinus	IIIc	IIIc	IIIc	primary_claim_supported_with_minor_flags	false	primary_minor_flags	839	CDS	cds-XP_028936643.1	CDS11	540	577	false	false	332	379			11_publication_figures_pre_interpro/tables/figure2_exon_to_protein_architecture_tracks.tsv
ornithorhynchus_anatinus	IIIc	IIIc	IIIc	primary_claim_supported_with_minor_flags	false	primary_minor_flags	839	CDS	cds-XP_028936643.1	CDS12	577	640	false	false	332	379			11_publication_figures_pre_interpro/tables/figure2_exon_to_protein_architecture_tracks.tsv
ornithorhynchus_anatinus	IIIc	IIIc	IIIc	primary_claim_supported_with_minor_flags	false	primary_minor_flags	839	CDS	cds-XP_028936643.1	CDS13	641	681	false	false	332	379			11_publication_figures_pre_interpro/tables/figure2_exon_to_protein_architecture_tracks.tsv
ornithorhynchus_anatinus	IIIc	IIIc	IIIc	primary_claim_supported_with_minor_flags	false	primary_minor_flags	839	CDS	cds-XP_028936643.1	CDS14	682	705	false	false	332	379			11_publication_figures_pre_interpro/tables/figure2_exon_to_protein_architecture_tracks.tsv
ornithorhynchus_anatinus	IIIc	IIIc	IIIc	primary_claim_supported_with_minor_flags	false	primary_minor_flags	839	CDS	cds-XP_028936643.1	CDS15	705	751	false	false	332	379			11_publication_figures_pre_interpro/tables/figure2_exon_to_protein_architecture_tracks.tsv
ornithorhynchus_anatinus	IIIc	IIIc	IIIc	primary_claim_supported_with_minor_flags	false	primary_minor_flags	839	CDS	cds-XP_028936643.1	CDS16	751	786	false	false	332	379			11_publication_figures_pre_interpro/tables/figure2_exon_to_protein_architecture_tracks.tsv
ornithorhynchus_anatinus	IIIc	IIIc	IIIc	primary_claim_supported_with_minor_flags	false	primary_minor_flags	839	CDS	cds-XP_028936643.1	CDS17	787	841	false	false	332	379			11_publication_figures_pre_interpro/tables/figure2_exon_to_protein_architecture_tracks.tsv
gallus_gallus	IIIb	IIIb	IIIb	primary_claim_supported_with_minor_flags	false	primary_minor_flags	843	CDS	cds-NP_990650.2	CDS1	1	59	false	false	335	380			11_publication_figures_pre_interpro/tables/figure2_exon_to_protein_architecture_tracks.tsv
gallus_gallus	IIIb	IIIb	IIIb	primary_claim_supported_with_minor_flags	false	primary_minor_flags	843	CDS	cds-NP_990650.2	CDS2	59	148	false	false	335	380			11_publication_figures_pre_interpro/tables/figure2_exon_to_protein_architecture_tracks.tsv
gallus_gallus	IIIb	IIIb	IIIb	primary_claim_supported_with_minor_flags	false	primary_minor_flags	843	CDS	cds-NP_990650.2	CDS3	148	173	false	false	335	380			11_publication_figures_pre_interpro/tables/figure2_exon_to_protein_architecture_tracks.tsv
gallus_gallus	IIIb	IIIb	IIIb	primary_claim_supported_with_minor_flags	false	primary_minor_flags	843	CDS	cds-NP_990650.2	CDS4	173	229	false	false	335	380			11_publication_figures_pre_interpro/tables/figure2_exon_to_protein_architecture_tracks.tsv
gallus_gallus	IIIb	IIIb	IIIb	primary_claim_supported_with_minor_flags	false	primary_minor_flags	843	CDS	cds-NP_990650.2	CDS5	230	271	false	false	335	380			11_publication_figures_pre_interpro/tables/figure2_exon_to_protein_architecture_tracks.tsv
gallus_gallus	IIIb	IIIb	IIIb	primary_claim_supported_with_minor_flags	false	primary_minor_flags	843	CDS	cds-NP_990650.2	CDS6	271	334	false	false	335	380			11_publication_figures_pre_interpro/tables/figure2_exon_to_protein_architecture_tracks.tsv
gallus_gallus	IIIb	IIIb	IIIb	primary_claim_supported_with_minor_flags	false	primary_minor_flags	843	CDS	cds-NP_990650.2	IIIb cassette	335	383	true	false	335	380	exact	codon_split	11_publication_figures_pre_interpro/tables/figure2_exon_to_protein_architecture_tracks.tsv
gallus_gallus	IIIb	IIIb	IIIb	primary_claim_supported_with_minor_flags	false	primary_minor_flags	843	CDS	cds-NP_990650.2	CDS8	383	450	false	false	335	380			11_publication_figures_pre_interpro/tables/figure2_exon_to_protein_architecture_tracks.tsv
gallus_gallus	IIIb	IIIb	IIIb	primary_claim_supported_with_minor_flags	false	primary_minor_flags	843	CDS	cds-NP_990650.2	CDS9	451	501	false	false	335	380			11_publication_figures_pre_interpro/tables/figure2_exon_to_protein_architecture_tracks.tsv
gallus_gallus	IIIb	IIIb	IIIb	primary_claim_supported_with_minor_flags	false	primary_minor_flags	843	CDS	cds-NP_990650.2	CDS10	501	542	false	false	335	380			11_publication_figures_pre_interpro/tables/figure2_exon_to_protein_architecture_tracks.tsv
gallus_gallus	IIIb	IIIb	IIIb	primary_claim_supported_with_minor_flags	false	primary_minor_flags	843	CDS	cds-NP_990650.2	CDS11	542	579	false	false	335	380			11_publication_figures_pre_interpro/tables/figure2_exon_to_protein_architecture_tracks.tsv
gallus_gallus	IIIb	IIIb	IIIb	primary_claim_supported_with_minor_flags	false	primary_minor_flags	843	CDS	cds-NP_990650.2	CDS12	579	642	false	false	335	380			11_publication_figures_pre_interpro/tables/figure2_exon_to_protein_architecture_tracks.tsv
gallus_gallus	IIIb	IIIb	IIIb	primary_claim_supported_with_minor_flags	false	primary_minor_flags	843	CDS	cds-NP_990650.2	CDS13	643	683	false	false	335	380			11_publication_figures_pre_interpro/tables/figure2_exon_to_protein_architecture_tracks.tsv
gallus_gallus	IIIb	IIIb	IIIb	primary_claim_supported_with_minor_flags	false	primary_minor_flags	843	CDS	cds-NP_990650.2	CDS14	684	707	false	false	335	380			11_publication_figures_pre_interpro/tables/figure2_exon_to_protein_architecture_tracks.tsv
gallus_gallus	IIIb	IIIb	IIIb	primary_claim_supported_with_minor_flags	false	primary_minor_flags	843	CDS	cds-NP_990650.2	CDS15	707	753	false	false	335	380			11_publication_figures_pre_interpro/tables/figure2_exon_to_protein_architecture_tracks.tsv
gallus_gallus	IIIb	IIIb	IIIb	primary_claim_supported_with_minor_flags	false	primary_minor_flags	843	CDS	cds-NP_990650.2	CDS16	753	788	false	false	335	380			11_publication_figures_pre_interpro/tables/figure2_exon_to_protein_architecture_tracks.tsv
gallus_gallus	IIIb	IIIb	IIIb	primary_claim_supported_with_minor_flags	false	primary_minor_flags	843	CDS	cds-NP_990650.2	CDS17	789	843	false	false	335	380			11_publication_figures_pre_interpro/tables/figure2_exon_to_protein_architecture_tracks.tsv
gallus_gallus	IIIc	IIIc	IIIc	primary_claim_supported_with_minor_flags	false	primary_minor_flags	842	CDS	cds-XP_046798696.1	CDS1	1	59	false	false	335	382			11_publication_figures_pre_interpro/tables/figure2_exon_to_protein_architecture_tracks.tsv
gallus_gallus	IIIc	IIIc	IIIc	primary_claim_supported_with_minor_flags	false	primary_minor_flags	842	CDS	cds-XP_046798696.1	CDS2	59	148	false	false	335	382			11_publication_figures_pre_interpro/tables/figure2_exon_to_protein_architecture_tracks.tsv
gallus_gallus	IIIc	IIIc	IIIc	primary_claim_supported_with_minor_flags	false	primary_minor_flags	842	CDS	cds-XP_046798696.1	CDS3	148	173	false	false	335	382			11_publication_figures_pre_interpro/tables/figure2_exon_to_protein_architecture_tracks.tsv
gallus_gallus	IIIc	IIIc	IIIc	primary_claim_supported_with_minor_flags	false	primary_minor_flags	842	CDS	cds-XP_046798696.1	CDS4	173	229	false	false	335	382			11_publication_figures_pre_interpro/tables/figure2_exon_to_protein_architecture_tracks.tsv
gallus_gallus	IIIc	IIIc	IIIc	primary_claim_supported_with_minor_flags	false	primary_minor_flags	842	CDS	cds-XP_046798696.1	CDS5	230	271	false	false	335	382			11_publication_figures_pre_interpro/tables/figure2_exon_to_protein_architecture_tracks.tsv
gallus_gallus	IIIc	IIIc	IIIc	primary_claim_supported_with_minor_flags	false	primary_minor_flags	842	CDS	cds-XP_046798696.1	CDS6	271	334	false	false	335	382			11_publication_figures_pre_interpro/tables/figure2_exon_to_protein_architecture_tracks.tsv
gallus_gallus	IIIc	IIIc	IIIc	primary_claim_supported_with_minor_flags	false	primary_minor_flags	842	CDS	cds-XP_046798696.1	IIIc cassette	335	384	false	true	335	382	exact	codon_split	11_publication_figures_pre_interpro/tables/figure2_exon_to_protein_architecture_tracks.tsv
gallus_gallus	IIIc	IIIc	IIIc	primary_claim_supported_with_minor_flags	false	primary_minor_flags	842	CDS	cds-XP_046798696.1	CDS8	384	451	false	false	335	382			11_publication_figures_pre_interpro/tables/figure2_exon_to_protein_architecture_tracks.tsv
gallus_gallus	IIIc	IIIc	IIIc	primary_claim_supported_with_minor_flags	false	primary_minor_flags	842	CDS	cds-XP_046798696.1	CDS9	452	502	false	false	335	382			11_publication_figures_pre_interpro/tables/figure2_exon_to_protein_architecture_tracks.tsv
gallus_gallus	IIIc	IIIc	IIIc	primary_claim_supported_with_minor_flags	false	primary_minor_flags	842	CDS	cds-XP_046798696.1	CDS10	502	543	false	false	335	382			11_publication_figures_pre_interpro/tables/figure2_exon_to_protein_architecture_tracks.tsv
gallus_gallus	IIIc	IIIc	IIIc	primary_claim_supported_with_minor_flags	false	primary_minor_flags	842	CDS	cds-XP_046798696.1	CDS11	543	580	false	false	335	382			11_publication_figures_pre_interpro/tables/figure2_exon_to_protein_architecture_tracks.tsv
gallus_gallus	IIIc	IIIc	IIIc	primary_claim_supported_with_minor_flags	false	primary_minor_flags	842	CDS	cds-XP_046798696.1	CDS12	580	643	false	false	335	382			11_publication_figures_pre_interpro/tables/figure2_exon_to_protein_architecture_tracks.tsv
gallus_gallus	IIIc	IIIc	IIIc	primary_claim_supported_with_minor_flags	false	primary_minor_flags	842	CDS	cds-XP_046798696.1	CDS13	644	684	false	false	335	382			11_publication_figures_pre_interpro/tables/figure2_exon_to_protein_architecture_tracks.tsv
gallus_gallus	IIIc	IIIc	IIIc	primary_claim_supported_with_minor_flags	false	primary_minor_flags	842	CDS	cds-XP_046798696.1	CDS14	685	708	false	false	335	382			11_publication_figures_pre_interpro/tables/figure2_exon_to_protein_architecture_tracks.tsv
gallus_gallus	IIIc	IIIc	IIIc	primary_claim_supported_with_minor_flags	false	primary_minor_flags	842	CDS	cds-XP_046798696.1	CDS15	708	754	false	false	335	382			11_publication_figures_pre_interpro/tables/figure2_exon_to_protein_architecture_tracks.tsv
gallus_gallus	IIIc	IIIc	IIIc	primary_claim_supported_with_minor_flags	false	primary_minor_flags	842	CDS	cds-XP_046798696.1	CDS16	754	789	false	false	335	382			11_publication_figures_pre_interpro/tables/figure2_exon_to_protein_architecture_tracks.tsv
gallus_gallus	IIIc	IIIc	IIIc	primary_claim_supported_with_minor_flags	false	primary_minor_flags	842	CDS	cds-XP_046798696.1	CDS17	790	844	false	false	335	382			11_publication_figures_pre_interpro/tables/figure2_exon_to_protein_architecture_tracks.tsv
meleagris_gallopavo	IIIb	IIIb	IIIb	primary_claim_supported_with_minor_flags	false	primary_minor_flags	631	CDS	ENSMGAEE00000237847	CDS1	1	103	false	false	208	253			11_publication_figures_pre_interpro/tables/figure2_exon_to_protein_architecture_tracks.tsv
meleagris_gallopavo	IIIb	IIIb	IIIb	primary_claim_supported_with_minor_flags	false	primary_minor_flags	631	CDS	ENSMGAE00000188718	CDS2	104	167	false	false	208	253			11_publication_figures_pre_interpro/tables/figure2_exon_to_protein_architecture_tracks.tsv
meleagris_gallopavo	IIIb	IIIb	IIIb	primary_claim_supported_with_minor_flags	false	primary_minor_flags	631	CDS	ENSMGAE00000188032	CDS3	167	204	false	false	208	253			11_publication_figures_pre_interpro/tables/figure2_exon_to_protein_architecture_tracks.tsv
meleagris_gallopavo	IIIb	IIIb	IIIb	primary_claim_supported_with_minor_flags	false	primary_minor_flags	631	CDS	ENSMGAE00000119504	CDS4	204	245	false	false	208	253			11_publication_figures_pre_interpro/tables/figure2_exon_to_protein_architecture_tracks.tsv
meleagris_gallopavo	IIIb	IIIb	IIIb	primary_claim_supported_with_minor_flags	false	primary_minor_flags	631	CDS	ENSMGAE00000119481	IIIb cassette	245	295	true	false	208	253	unknown_codon_phase	unknown_codon_phase	11_publication_figures_pre_interpro/tables/figure2_exon_to_protein_architecture_tracks.tsv
meleagris_gallopavo	IIIb	IIIb	IIIb	primary_claim_supported_with_minor_flags	false	primary_minor_flags	631	CDS	ENSMGAE00000119465	CDS6	296	361	false	false	208	253			11_publication_figures_pre_interpro/tables/figure2_exon_to_protein_architecture_tracks.tsv
meleagris_gallopavo	IIIb	IIIb	IIIb	primary_claim_supported_with_minor_flags	false	primary_minor_flags	631	CDS	ENSMGAE00000119448	CDS7	361	409	false	false	208	253			11_publication_figures_pre_interpro/tables/figure2_exon_to_protein_architecture_tracks.tsv
meleagris_gallopavo	IIIb	IIIb	IIIb	primary_claim_supported_with_minor_flags	false	primary_minor_flags	631	CDS	ENSMGAEE00000255730	CDS8	410	473	false	false	208	253			11_publication_figures_pre_interpro/tables/figure2_exon_to_protein_architecture_tracks.tsv
meleagris_gallopavo	IIIb	IIIb	IIIb	primary_claim_supported_with_minor_flags	false	primary_minor_flags	631	CDS	ENSMGAE00000119373	CDS9	473	514	false	false	208	253			11_publication_figures_pre_interpro/tables/figure2_exon_to_protein_architecture_tracks.tsv
meleagris_gallopavo	IIIb	IIIb	IIIb	primary_claim_supported_with_minor_flags	false	primary_minor_flags	631	CDS	ENSMGAE00000119363	CDS10	515	571	false	false	208	253			11_publication_figures_pre_interpro/tables/figure2_exon_to_protein_architecture_tracks.tsv
meleagris_gallopavo	IIIb	IIIb	IIIb	primary_claim_supported_with_minor_flags	false	primary_minor_flags	631	CDS	ENSMGAEE00000256715	CDS11	571	628	false	false	208	253			11_publication_figures_pre_interpro/tables/figure2_exon_to_protein_architecture_tracks.tsv
meleagris_gallopavo	IIIc	IIIc	IIIc	primary_claim_supported_with_minor_flags	false	primary_minor_flags	627	CDS	ENSMGAEE00000203555	CDS1	1	54	false	false	220	267			11_publication_figures_pre_interpro/tables/figure2_exon_to_protein_architecture_tracks.tsv
meleagris_gallopavo	IIIc	IIIc	IIIc	primary_claim_supported_with_minor_flags	false	primary_minor_flags	627	CDS	ENSMGAE00000185251	CDS2	54	77	false	false	220	267			11_publication_figures_pre_interpro/tables/figure2_exon_to_protein_architecture_tracks.tsv
meleagris_gallopavo	IIIc	IIIc	IIIc	primary_claim_supported_with_minor_flags	false	primary_minor_flags	627	CDS	ENSMGAE00000119578	CDS3	78	118	false	false	220	267			11_publication_figures_pre_interpro/tables/figure2_exon_to_protein_architecture_tracks.tsv
meleagris_gallopavo	IIIc	IIIc	IIIc	primary_claim_supported_with_minor_flags	false	primary_minor_flags	627	CDS	ENSMGAE00000188718	CDS4	119	182	false	false	220	267			11_publication_figures_pre_interpro/tables/figure2_exon_to_protein_architecture_tracks.tsv
meleagris_gallopavo	IIIc	IIIc	IIIc	primary_claim_supported_with_minor_flags	false	primary_minor_flags	627	CDS	ENSMGAE00000188032	CDS5	182	219	false	false	220	267			11_publication_figures_pre_interpro/tables/figure2_exon_to_protein_architecture_tracks.tsv
meleagris_gallopavo	IIIc	IIIc	IIIc	primary_claim_supported_with_minor_flags	false	primary_minor_flags	627	CDS	ENSMGAE00000119504	IIIc cassette	219	260	false	true	220	267	unknown_codon_phase	unknown_codon_phase	11_publication_figures_pre_interpro/tables/figure2_exon_to_protein_architecture_tracks.tsv
meleagris_gallopavo	IIIc	IIIc	IIIc	primary_claim_supported_with_minor_flags	false	primary_minor_flags	627	CDS	ENSMGAE00000119481	CDS7	260	310	false	false	220	267			11_publication_figures_pre_interpro/tables/figure2_exon_to_protein_architecture_tracks.tsv
meleagris_gallopavo	IIIc	IIIc	IIIc	primary_claim_supported_with_minor_flags	false	primary_minor_flags	627	CDS	ENSMGAE00000119465	CDS8	311	376	false	false	220	267			11_publication_figures_pre_interpro/tables/figure2_exon_to_protein_architecture_tracks.tsv
meleagris_gallopavo	IIIc	IIIc	IIIc	primary_claim_supported_with_minor_flags	false	primary_minor_flags	627	CDS	ENSMGAE00000171486	CDS9	376	425	false	false	220	267			11_publication_figures_pre_interpro/tables/figure2_exon_to_protein_architecture_tracks.tsv
meleagris_gallopavo	IIIc	IIIc	IIIc	primary_claim_supported_with_minor_flags	false	primary_minor_flags	627	CDS	ENSMGAEE00000255730	CDS10	426	489	false	false	220	267			11_publication_figures_pre_interpro/tables/figure2_exon_to_protein_architecture_tracks.tsv
meleagris_gallopavo	IIIc	IIIc	IIIc	primary_claim_supported_with_minor_flags	false	primary_minor_flags	627	CDS	ENSMGAE00000119373	CDS11	489	530	false	false	220	267			11_publication_figures_pre_interpro/tables/figure2_exon_to_protein_architecture_tracks.tsv
meleagris_gallopavo	IIIc	IIIc	IIIc	primary_claim_supported_with_minor_flags	false	primary_minor_flags	627	CDS	ENSMGAE00000119363	CDS12	531	587	false	false	220	267			11_publication_figures_pre_interpro/tables/figure2_exon_to_protein_architecture_tracks.tsv
meleagris_gallopavo	IIIc	IIIc	IIIc	primary_claim_supported_with_minor_flags	false	primary_minor_flags	627	CDS	ENSMGAEE00000222307	CDS13	587	632	false	false	220	267			11_publication_figures_pre_interpro/tables/figure2_exon_to_protein_architecture_tracks.tsv
taeniopygia_guttata	IIIb	IIIb	IIIb	primary_claim_supported_with_minor_flags	false	primary_minor_flags	891	CDS	cds-XP_072787409.1	CDS1	1	21	false	false	383	428			11_publication_figures_pre_interpro/tables/figure2_exon_to_protein_architecture_tracks.tsv
taeniopygia_guttata	IIIb	IIIb	IIIb	primary_claim_supported_with_minor_flags	false	primary_minor_flags	891	CDS	cds-XP_072787409.1	CDS2	21	107	false	false	383	428			11_publication_figures_pre_interpro/tables/figure2_exon_to_protein_architecture_tracks.tsv
taeniopygia_guttata	IIIb	IIIb	IIIb	primary_claim_supported_with_minor_flags	false	primary_minor_flags	891	CDS	cds-XP_072787409.1	CDS3	107	196	false	false	383	428			11_publication_figures_pre_interpro/tables/figure2_exon_to_protein_architecture_tracks.tsv
taeniopygia_guttata	IIIb	IIIb	IIIb	primary_claim_supported_with_minor_flags	false	primary_minor_flags	891	CDS	cds-XP_072787409.1	CDS4	196	221	false	false	383	428			11_publication_figures_pre_interpro/tables/figure2_exon_to_protein_architecture_tracks.tsv
taeniopygia_guttata	IIIb	IIIb	IIIb	primary_claim_supported_with_minor_flags	false	primary_minor_flags	891	CDS	cds-XP_072787409.1	CDS5	221	277	false	false	383	428			11_publication_figures_pre_interpro/tables/figure2_exon_to_protein_architecture_tracks.tsv
taeniopygia_guttata	IIIb	IIIb	IIIb	primary_claim_supported_with_minor_flags	false	primary_minor_flags	891	CDS	cds-XP_072787409.1	CDS6	278	319	false	false	383	428			11_publication_figures_pre_interpro/tables/figure2_exon_to_protein_architecture_tracks.tsv
taeniopygia_guttata	IIIb	IIIb	IIIb	primary_claim_supported_with_minor_flags	false	primary_minor_flags	891	CDS	cds-XP_072787409.1	CDS7	319	382	false	false	383	428			11_publication_figures_pre_interpro/tables/figure2_exon_to_protein_architecture_tracks.tsv
taeniopygia_guttata	IIIb	IIIb	IIIb	primary_claim_supported_with_minor_flags	false	primary_minor_flags	891	CDS	cds-XP_072787409.1	IIIb cassette	383	431	true	false	383	428	exact	codon_split	11_publication_figures_pre_interpro/tables/figure2_exon_to_protein_architecture_tracks.tsv
taeniopygia_guttata	IIIb	IIIb	IIIb	primary_claim_supported_with_minor_flags	false	primary_minor_flags	891	CDS	cds-XP_072787409.1	CDS9	431	499	false	false	383	428			11_publication_figures_pre_interpro/tables/figure2_exon_to_protein_architecture_tracks.tsv
taeniopygia_guttata	IIIb	IIIb	IIIb	primary_claim_supported_with_minor_flags	false	primary_minor_flags	891	CDS	cds-XP_072787409.1	CDS10	499	549	false	false	383	428			11_publication_figures_pre_interpro/tables/figure2_exon_to_protein_architecture_tracks.tsv
taeniopygia_guttata	IIIb	IIIb	IIIb	primary_claim_supported_with_minor_flags	false	primary_minor_flags	891	CDS	cds-XP_072787409.1	CDS11	549	590	false	false	383	428			11_publication_figures_pre_interpro/tables/figure2_exon_to_protein_architecture_tracks.tsv
taeniopygia_guttata	IIIb	IIIb	IIIb	primary_claim_supported_with_minor_flags	false	primary_minor_flags	891	CDS	cds-XP_072787409.1	CDS12	590	627	false	false	383	428			11_publication_figures_pre_interpro/tables/figure2_exon_to_protein_architecture_tracks.tsv
taeniopygia_guttata	IIIb	IIIb	IIIb	primary_claim_supported_with_minor_flags	false	primary_minor_flags	891	CDS	cds-XP_072787409.1	CDS13	627	690	false	false	383	428			11_publication_figures_pre_interpro/tables/figure2_exon_to_protein_architecture_tracks.tsv
taeniopygia_guttata	IIIb	IIIb	IIIb	primary_claim_supported_with_minor_flags	false	primary_minor_flags	891	CDS	cds-XP_072787409.1	CDS14	691	731	false	false	383	428			11_publication_figures_pre_interpro/tables/figure2_exon_to_protein_architecture_tracks.tsv
taeniopygia_guttata	IIIb	IIIb	IIIb	primary_claim_supported_with_minor_flags	false	primary_minor_flags	891	CDS	cds-XP_072787409.1	CDS15	732	755	false	false	383	428			11_publication_figures_pre_interpro/tables/figure2_exon_to_protein_architecture_tracks.tsv
taeniopygia_guttata	IIIb	IIIb	IIIb	primary_claim_supported_with_minor_flags	false	primary_minor_flags	891	CDS	cds-XP_072787409.1	CDS16	755	801	false	false	383	428			11_publication_figures_pre_interpro/tables/figure2_exon_to_protein_architecture_tracks.tsv
taeniopygia_guttata	IIIb	IIIb	IIIb	primary_claim_supported_with_minor_flags	false	primary_minor_flags	891	CDS	cds-XP_072787409.1	CDS17	801	836	false	false	383	428			11_publication_figures_pre_interpro/tables/figure2_exon_to_protein_architecture_tracks.tsv
taeniopygia_guttata	IIIb	IIIb	IIIb	primary_claim_supported_with_minor_flags	false	primary_minor_flags	891	CDS	cds-XP_072787409.1	CDS18	837	891	false	false	383	428			11_publication_figures_pre_interpro/tables/figure2_exon_to_protein_architecture_tracks.tsv
taeniopygia_guttata	IIIc	IIIc	IIIc	primary_claim_supported_with_minor_flags	false	primary_minor_flags	890	CDS	cds-XP_072787408.1	CDS1	1	21	false	false	383	430			11_publication_figures_pre_interpro/tables/figure2_exon_to_protein_architecture_tracks.tsv
taeniopygia_guttata	IIIc	IIIc	IIIc	primary_claim_supported_with_minor_flags	false	primary_minor_flags	890	CDS	cds-XP_072787408.1	CDS2	21	107	false	false	383	430			11_publication_figures_pre_interpro/tables/figure2_exon_to_protein_architecture_tracks.tsv
taeniopygia_guttata	IIIc	IIIc	IIIc	primary_claim_supported_with_minor_flags	false	primary_minor_flags	890	CDS	cds-XP_072787408.1	CDS3	107	196	false	false	383	430			11_publication_figures_pre_interpro/tables/figure2_exon_to_protein_architecture_tracks.tsv
taeniopygia_guttata	IIIc	IIIc	IIIc	primary_claim_supported_with_minor_flags	false	primary_minor_flags	890	CDS	cds-XP_072787408.1	CDS4	196	221	false	false	383	430			11_publication_figures_pre_interpro/tables/figure2_exon_to_protein_architecture_tracks.tsv
taeniopygia_guttata	IIIc	IIIc	IIIc	primary_claim_supported_with_minor_flags	false	primary_minor_flags	890	CDS	cds-XP_072787408.1	CDS5	221	277	false	false	383	430			11_publication_figures_pre_interpro/tables/figure2_exon_to_protein_architecture_tracks.tsv
taeniopygia_guttata	IIIc	IIIc	IIIc	primary_claim_supported_with_minor_flags	false	primary_minor_flags	890	CDS	cds-XP_072787408.1	CDS6	278	319	false	false	383	430			11_publication_figures_pre_interpro/tables/figure2_exon_to_protein_architecture_tracks.tsv
taeniopygia_guttata	IIIc	IIIc	IIIc	primary_claim_supported_with_minor_flags	false	primary_minor_flags	890	CDS	cds-XP_072787408.1	CDS7	319	382	false	false	383	430			11_publication_figures_pre_interpro/tables/figure2_exon_to_protein_architecture_tracks.tsv
taeniopygia_guttata	IIIc	IIIc	IIIc	primary_claim_supported_with_minor_flags	false	primary_minor_flags	890	CDS	cds-XP_072787408.1	IIIc cassette	383	432	false	true	383	430	exact	codon_split	11_publication_figures_pre_interpro/tables/figure2_exon_to_protein_architecture_tracks.tsv
taeniopygia_guttata	IIIc	IIIc	IIIc	primary_claim_supported_with_minor_flags	false	primary_minor_flags	890	CDS	cds-XP_072787408.1	CDS9	432	500	false	false	383	430			11_publication_figures_pre_interpro/tables/figure2_exon_to_protein_architecture_tracks.tsv
taeniopygia_guttata	IIIc	IIIc	IIIc	primary_claim_supported_with_minor_flags	false	primary_minor_flags	890	CDS	cds-XP_072787408.1	CDS10	500	550	false	false	383	430			11_publication_figures_pre_interpro/tables/figure2_exon_to_protein_architecture_tracks.tsv
taeniopygia_guttata	IIIc	IIIc	IIIc	primary_claim_supported_with_minor_flags	false	primary_minor_flags	890	CDS	cds-XP_072787408.1	CDS11	550	591	false	false	383	430			11_publication_figures_pre_interpro/tables/figure2_exon_to_protein_architecture_tracks.tsv
taeniopygia_guttata	IIIc	IIIc	IIIc	primary_claim_supported_with_minor_flags	false	primary_minor_flags	890	CDS	cds-XP_072787408.1	CDS12	591	628	false	false	383	430			11_publication_figures_pre_interpro/tables/figure2_exon_to_protein_architecture_tracks.tsv
taeniopygia_guttata	IIIc	IIIc	IIIc	primary_claim_supported_with_minor_flags	false	primary_minor_flags	890	CDS	cds-XP_072787408.1	CDS13	628	691	false	false	383	430			11_publication_figures_pre_interpro/tables/figure2_exon_to_protein_architecture_tracks.tsv
taeniopygia_guttata	IIIc	IIIc	IIIc	primary_claim_supported_with_minor_flags	false	primary_minor_flags	890	CDS	cds-XP_072787408.1	CDS14	692	732	false	false	383	430			11_publication_figures_pre_interpro/tables/figure2_exon_to_protein_architecture_tracks.tsv
taeniopygia_guttata	IIIc	IIIc	IIIc	primary_claim_supported_with_minor_flags	false	primary_minor_flags	890	CDS	cds-XP_072787408.1	CDS15	733	756	false	false	383	430			11_publication_figures_pre_interpro/tables/figure2_exon_to_protein_architecture_tracks.tsv
taeniopygia_guttata	IIIc	IIIc	IIIc	primary_claim_supported_with_minor_flags	false	primary_minor_flags	890	CDS	cds-XP_072787408.1	CDS16	756	802	false	false	383	430			11_publication_figures_pre_interpro/tables/figure2_exon_to_protein_architecture_tracks.tsv
taeniopygia_guttata	IIIc	IIIc	IIIc	primary_claim_supported_with_minor_flags	false	primary_minor_flags	890	CDS	cds-XP_072787408.1	CDS17	802	837	false	false	383	430			11_publication_figures_pre_interpro/tables/figure2_exon_to_protein_architecture_tracks.tsv
taeniopygia_guttata	IIIc	IIIc	IIIc	primary_claim_supported_with_minor_flags	false	primary_minor_flags	890	CDS	cds-XP_072787408.1	CDS18	838	892	false	false	383	430			11_publication_figures_pre_interpro/tables/figure2_exon_to_protein_architecture_tracks.tsv
alligator_mississippiensis	IIIb	IIIb	IIIb	primary_claim_supported_with_minor_flags	false	primary_minor_flags	869	CDS	cds-XP_006266188.1	CDS1	1	59	false	false	336	380			11_publication_figures_pre_interpro/tables/figure2_exon_to_protein_architecture_tracks.tsv
alligator_mississippiensis	IIIb	IIIb	IIIb	primary_claim_supported_with_minor_flags	false	primary_minor_flags	869	CDS	cds-XP_006266188.1	CDS2	59	148	false	false	336	380			11_publication_figures_pre_interpro/tables/figure2_exon_to_protein_architecture_tracks.tsv
alligator_mississippiensis	IIIb	IIIb	IIIb	primary_claim_supported_with_minor_flags	false	primary_minor_flags	869	CDS	cds-XP_006266188.1	CDS3	148	173	false	false	336	380			11_publication_figures_pre_interpro/tables/figure2_exon_to_protein_architecture_tracks.tsv
alligator_mississippiensis	IIIb	IIIb	IIIb	primary_claim_supported_with_minor_flags	false	primary_minor_flags	869	CDS	cds-XP_006266188.1	CDS4	173	229	false	false	336	380			11_publication_figures_pre_interpro/tables/figure2_exon_to_protein_architecture_tracks.tsv
alligator_mississippiensis	IIIb	IIIb	IIIb	primary_claim_supported_with_minor_flags	false	primary_minor_flags	869	CDS	cds-XP_006266188.1	CDS5	230	271	false	false	336	380			11_publication_figures_pre_interpro/tables/figure2_exon_to_protein_architecture_tracks.tsv
alligator_mississippiensis	IIIb	IIIb	IIIb	primary_claim_supported_with_minor_flags	false	primary_minor_flags	869	CDS	cds-XP_006266188.1	CDS6	271	334	false	false	336	380			11_publication_figures_pre_interpro/tables/figure2_exon_to_protein_architecture_tracks.tsv
alligator_mississippiensis	IIIb	IIIb	IIIb	primary_claim_supported_with_minor_flags	false	primary_minor_flags	869	CDS	cds-XP_006266188.1	IIIb cassette	335	383	true	false	336	380	exact	codon_split	11_publication_figures_pre_interpro/tables/figure2_exon_to_protein_architecture_tracks.tsv
alligator_mississippiensis	IIIb	IIIb	IIIb	primary_claim_supported_with_minor_flags	false	primary_minor_flags	869	CDS	cds-XP_006266188.1	CDS8	383	450	false	false	336	380			11_publication_figures_pre_interpro/tables/figure2_exon_to_protein_architecture_tracks.tsv
alligator_mississippiensis	IIIb	IIIb	IIIb	primary_claim_supported_with_minor_flags	false	primary_minor_flags	869	CDS	cds-XP_006266188.1	CDS9	451	501	false	false	336	380			11_publication_figures_pre_interpro/tables/figure2_exon_to_protein_architecture_tracks.tsv
alligator_mississippiensis	IIIb	IIIb	IIIb	primary_claim_supported_with_minor_flags	false	primary_minor_flags	869	CDS	cds-XP_006266188.1	CDS10	501	542	false	false	336	380			11_publication_figures_pre_interpro/tables/figure2_exon_to_protein_architecture_tracks.tsv
alligator_mississippiensis	IIIb	IIIb	IIIb	primary_claim_supported_with_minor_flags	false	primary_minor_flags	869	CDS	cds-XP_006266188.1	CDS11	542	579	false	false	336	380			11_publication_figures_pre_interpro/tables/figure2_exon_to_protein_architecture_tracks.tsv
alligator_mississippiensis	IIIb	IIIb	IIIb	primary_claim_supported_with_minor_flags	false	primary_minor_flags	869	CDS	cds-XP_006266188.1	CDS12	579	642	false	false	336	380			11_publication_figures_pre_interpro/tables/figure2_exon_to_protein_architecture_tracks.tsv
alligator_mississippiensis	IIIb	IIIb	IIIb	primary_claim_supported_with_minor_flags	false	primary_minor_flags	869	CDS	cds-XP_006266188.1	CDS13	643	683	false	false	336	380			11_publication_figures_pre_interpro/tables/figure2_exon_to_protein_architecture_tracks.tsv
alligator_mississippiensis	IIIb	IIIb	IIIb	primary_claim_supported_with_minor_flags	false	primary_minor_flags	869	CDS	cds-XP_006266188.1	CDS14	684	707	false	false	336	380			11_publication_figures_pre_interpro/tables/figure2_exon_to_protein_architecture_tracks.tsv
alligator_mississippiensis	IIIb	IIIb	IIIb	primary_claim_supported_with_minor_flags	false	primary_minor_flags	869	CDS	cds-XP_006266188.1	CDS15	707	753	false	false	336	380			11_publication_figures_pre_interpro/tables/figure2_exon_to_protein_architecture_tracks.tsv
alligator_mississippiensis	IIIb	IIIb	IIIb	primary_claim_supported_with_minor_flags	false	primary_minor_flags	869	CDS	cds-XP_006266188.1	CDS16	753	788	false	false	336	380			11_publication_figures_pre_interpro/tables/figure2_exon_to_protein_architecture_tracks.tsv
alligator_mississippiensis	IIIb	IIIb	IIIb	primary_claim_supported_with_minor_flags	false	primary_minor_flags	869	CDS	cds-XP_006266188.1	CDS17	789	814	false	false	336	380			11_publication_figures_pre_interpro/tables/figure2_exon_to_protein_architecture_tracks.tsv
alligator_mississippiensis	IIIb	IIIb	IIIb	primary_claim_supported_with_minor_flags	false	primary_minor_flags	869	CDS	cds-XP_006266188.1	CDS18	814	869	false	false	336	380			11_publication_figures_pre_interpro/tables/figure2_exon_to_protein_architecture_tracks.tsv
alligator_mississippiensis	IIIc	IIIc	IIIc	primary_claim_supported_with_minor_flags	false	primary_minor_flags	868	CDS	cds-XP_059586053.1	CDS1	1	59	false	false	335	382			11_publication_figures_pre_interpro/tables/figure2_exon_to_protein_architecture_tracks.tsv
alligator_mississippiensis	IIIc	IIIc	IIIc	primary_claim_supported_with_minor_flags	false	primary_minor_flags	868	CDS	cds-XP_059586053.1	CDS2	59	148	false	false	335	382			11_publication_figures_pre_interpro/tables/figure2_exon_to_protein_architecture_tracks.tsv
alligator_mississippiensis	IIIc	IIIc	IIIc	primary_claim_supported_with_minor_flags	false	primary_minor_flags	868	CDS	cds-XP_059586053.1	CDS3	148	173	false	false	335	382			11_publication_figures_pre_interpro/tables/figure2_exon_to_protein_architecture_tracks.tsv
alligator_mississippiensis	IIIc	IIIc	IIIc	primary_claim_supported_with_minor_flags	false	primary_minor_flags	868	CDS	cds-XP_059586053.1	CDS4	173	229	false	false	335	382			11_publication_figures_pre_interpro/tables/figure2_exon_to_protein_architecture_tracks.tsv
alligator_mississippiensis	IIIc	IIIc	IIIc	primary_claim_supported_with_minor_flags	false	primary_minor_flags	868	CDS	cds-XP_059586053.1	CDS5	230	271	false	false	335	382			11_publication_figures_pre_interpro/tables/figure2_exon_to_protein_architecture_tracks.tsv
alligator_mississippiensis	IIIc	IIIc	IIIc	primary_claim_supported_with_minor_flags	false	primary_minor_flags	868	CDS	cds-XP_059586053.1	CDS6	271	334	false	false	335	382			11_publication_figures_pre_interpro/tables/figure2_exon_to_protein_architecture_tracks.tsv
alligator_mississippiensis	IIIc	IIIc	IIIc	primary_claim_supported_with_minor_flags	false	primary_minor_flags	868	CDS	cds-XP_059586053.1	IIIc cassette	335	384	false	true	335	382	exact	codon_split	11_publication_figures_pre_interpro/tables/figure2_exon_to_protein_architecture_tracks.tsv
alligator_mississippiensis	IIIc	IIIc	IIIc	primary_claim_supported_with_minor_flags	false	primary_minor_flags	868	CDS	cds-XP_059586053.1	CDS8	384	451	false	false	335	382			11_publication_figures_pre_interpro/tables/figure2_exon_to_protein_architecture_tracks.tsv
alligator_mississippiensis	IIIc	IIIc	IIIc	primary_claim_supported_with_minor_flags	false	primary_minor_flags	868	CDS	cds-XP_059586053.1	CDS9	452	502	false	false	335	382			11_publication_figures_pre_interpro/tables/figure2_exon_to_protein_architecture_tracks.tsv
alligator_mississippiensis	IIIc	IIIc	IIIc	primary_claim_supported_with_minor_flags	false	primary_minor_flags	868	CDS	cds-XP_059586053.1	CDS10	502	543	false	false	335	382			11_publication_figures_pre_interpro/tables/figure2_exon_to_protein_architecture_tracks.tsv
alligator_mississippiensis	IIIc	IIIc	IIIc	primary_claim_supported_with_minor_flags	false	primary_minor_flags	868	CDS	cds-XP_059586053.1	CDS11	543	580	false	false	335	382			11_publication_figures_pre_interpro/tables/figure2_exon_to_protein_architecture_tracks.tsv
alligator_mississippiensis	IIIc	IIIc	IIIc	primary_claim_supported_with_minor_flags	false	primary_minor_flags	868	CDS	cds-XP_059586053.1	CDS12	580	643	false	false	335	382			11_publication_figures_pre_interpro/tables/figure2_exon_to_protein_architecture_tracks.tsv
alligator_mississippiensis	IIIc	IIIc	IIIc	primary_claim_supported_with_minor_flags	false	primary_minor_flags	868	CDS	cds-XP_059586053.1	CDS13	644	684	false	false	335	382			11_publication_figures_pre_interpro/tables/figure2_exon_to_protein_architecture_tracks.tsv
alligator_mississippiensis	IIIc	IIIc	IIIc	primary_claim_supported_with_minor_flags	false	primary_minor_flags	868	CDS	cds-XP_059586053.1	CDS14	685	708	false	false	335	382			11_publication_figures_pre_interpro/tables/figure2_exon_to_protein_architecture_tracks.tsv
alligator_mississippiensis	IIIc	IIIc	IIIc	primary_claim_supported_with_minor_flags	false	primary_minor_flags	868	CDS	cds-XP_059586053.1	CDS15	708	754	false	false	335	382			11_publication_figures_pre_interpro/tables/figure2_exon_to_protein_architecture_tracks.tsv
alligator_mississippiensis	IIIc	IIIc	IIIc	primary_claim_supported_with_minor_flags	false	primary_minor_flags	868	CDS	cds-XP_059586053.1	CDS16	754	789	false	false	335	382			11_publication_figures_pre_interpro/tables/figure2_exon_to_protein_architecture_tracks.tsv
alligator_mississippiensis	IIIc	IIIc	IIIc	primary_claim_supported_with_minor_flags	false	primary_minor_flags	868	CDS	cds-XP_059586053.1	CDS17	790	815	false	false	335	382			11_publication_figures_pre_interpro/tables/figure2_exon_to_protein_architecture_tracks.tsv
alligator_mississippiensis	IIIc	IIIc	IIIc	primary_claim_supported_with_minor_flags	false	primary_minor_flags	868	CDS	cds-XP_059586053.1	CDS18	815	870	false	false	335	382			11_publication_figures_pre_interpro/tables/figure2_exon_to_protein_architecture_tracks.tsv
chrysemys_picta_bellii	IIIb	IIIb	IIIb	primary_claim_supported_with_minor_flags	false	primary_minor_flags	838	CDS	cds-XP_065408413.1	CDS1	1	59	false	false	333	376			11_publication_figures_pre_interpro/tables/figure2_exon_to_protein_architecture_tracks.tsv
chrysemys_picta_bellii	IIIb	IIIb	IIIb	primary_claim_supported_with_minor_flags	false	primary_minor_flags	838	CDS	cds-XP_065408413.1	CDS2	59	146	false	false	333	376			11_publication_figures_pre_interpro/tables/figure2_exon_to_protein_architecture_tracks.tsv
chrysemys_picta_bellii	IIIb	IIIb	IIIb	primary_claim_supported_with_minor_flags	false	primary_minor_flags	838	CDS	cds-XP_065408413.1	CDS3	146	171	false	false	333	376			11_publication_figures_pre_interpro/tables/figure2_exon_to_protein_architecture_tracks.tsv
chrysemys_picta_bellii	IIIb	IIIb	IIIb	primary_claim_supported_with_minor_flags	false	primary_minor_flags	838	CDS	cds-XP_065408413.1	CDS4	171	227	false	false	333	376			11_publication_figures_pre_interpro/tables/figure2_exon_to_protein_architecture_tracks.tsv
chrysemys_picta_bellii	IIIb	IIIb	IIIb	primary_claim_supported_with_minor_flags	false	primary_minor_flags	838	CDS	cds-XP_065408413.1	CDS5	228	269	false	false	333	376			11_publication_figures_pre_interpro/tables/figure2_exon_to_protein_architecture_tracks.tsv
chrysemys_picta_bellii	IIIb	IIIb	IIIb	primary_claim_supported_with_minor_flags	false	primary_minor_flags	838	CDS	cds-XP_065408413.1	CDS6	269	332	false	false	333	376			11_publication_figures_pre_interpro/tables/figure2_exon_to_protein_architecture_tracks.tsv
chrysemys_picta_bellii	IIIb	IIIb	IIIb	primary_claim_supported_with_minor_flags	false	primary_minor_flags	838	CDS	cds-XP_065408413.1	IIIb cassette	333	381	true	false	333	376	exact	codon_split	11_publication_figures_pre_interpro/tables/figure2_exon_to_protein_architecture_tracks.tsv
chrysemys_picta_bellii	IIIb	IIIb	IIIb	primary_claim_supported_with_minor_flags	false	primary_minor_flags	838	CDS	cds-XP_065408413.1	CDS8	381	448	false	false	333	376			11_publication_figures_pre_interpro/tables/figure2_exon_to_protein_architecture_tracks.tsv
chrysemys_picta_bellii	IIIb	IIIb	IIIb	primary_claim_supported_with_minor_flags	false	primary_minor_flags	838	CDS	cds-XP_065408413.1	CDS9	449	499	false	false	333	376			11_publication_figures_pre_interpro/tables/figure2_exon_to_protein_architecture_tracks.tsv
chrysemys_picta_bellii	IIIb	IIIb	IIIb	primary_claim_supported_with_minor_flags	false	primary_minor_flags	838	CDS	cds-XP_065408413.1	CDS10	499	540	false	false	333	376			11_publication_figures_pre_interpro/tables/figure2_exon_to_protein_architecture_tracks.tsv
chrysemys_picta_bellii	IIIb	IIIb	IIIb	primary_claim_supported_with_minor_flags	false	primary_minor_flags	838	CDS	cds-XP_065408413.1	CDS11	540	577	false	false	333	376			11_publication_figures_pre_interpro/tables/figure2_exon_to_protein_architecture_tracks.tsv
chrysemys_picta_bellii	IIIb	IIIb	IIIb	primary_claim_supported_with_minor_flags	false	primary_minor_flags	838	CDS	cds-XP_065408413.1	CDS12	577	640	false	false	333	376			11_publication_figures_pre_interpro/tables/figure2_exon_to_protein_architecture_tracks.tsv
chrysemys_picta_bellii	IIIb	IIIb	IIIb	primary_claim_supported_with_minor_flags	false	primary_minor_flags	838	CDS	cds-XP_065408413.1	CDS13	641	681	false	false	333	376			11_publication_figures_pre_interpro/tables/figure2_exon_to_protein_architecture_tracks.tsv
chrysemys_picta_bellii	IIIb	IIIb	IIIb	primary_claim_supported_with_minor_flags	false	primary_minor_flags	838	CDS	cds-XP_065408413.1	CDS14	682	705	false	false	333	376			11_publication_figures_pre_interpro/tables/figure2_exon_to_protein_architecture_tracks.tsv
chrysemys_picta_bellii	IIIb	IIIb	IIIb	primary_claim_supported_with_minor_flags	false	primary_minor_flags	838	CDS	cds-XP_065408413.1	CDS15	705	751	false	false	333	376			11_publication_figures_pre_interpro/tables/figure2_exon_to_protein_architecture_tracks.tsv
chrysemys_picta_bellii	IIIb	IIIb	IIIb	primary_claim_supported_with_minor_flags	false	primary_minor_flags	838	CDS	cds-XP_065408413.1	CDS16	751	786	false	false	333	376			11_publication_figures_pre_interpro/tables/figure2_exon_to_protein_architecture_tracks.tsv
chrysemys_picta_bellii	IIIb	IIIb	IIIb	primary_claim_supported_with_minor_flags	false	primary_minor_flags	838	CDS	cds-XP_065408413.1	CDS17	787	841	false	false	333	376			11_publication_figures_pre_interpro/tables/figure2_exon_to_protein_architecture_tracks.tsv
chrysemys_picta_bellii	IIIc	IIIc	IIIc	primary_claim_supported_with_minor_flags	false	primary_minor_flags	840	CDS	cds-XP_023965681.1	CDS1	1	59	false	false	333	380			11_publication_figures_pre_interpro/tables/figure2_exon_to_protein_architecture_tracks.tsv
chrysemys_picta_bellii	IIIc	IIIc	IIIc	primary_claim_supported_with_minor_flags	false	primary_minor_flags	840	CDS	cds-XP_023965681.1	CDS2	59	146	false	false	333	380			11_publication_figures_pre_interpro/tables/figure2_exon_to_protein_architecture_tracks.tsv
chrysemys_picta_bellii	IIIc	IIIc	IIIc	primary_claim_supported_with_minor_flags	false	primary_minor_flags	840	CDS	cds-XP_023965681.1	CDS3	146	171	false	false	333	380			11_publication_figures_pre_interpro/tables/figure2_exon_to_protein_architecture_tracks.tsv
chrysemys_picta_bellii	IIIc	IIIc	IIIc	primary_claim_supported_with_minor_flags	false	primary_minor_flags	840	CDS	cds-XP_023965681.1	CDS4	171	227	false	false	333	380			11_publication_figures_pre_interpro/tables/figure2_exon_to_protein_architecture_tracks.tsv
chrysemys_picta_bellii	IIIc	IIIc	IIIc	primary_claim_supported_with_minor_flags	false	primary_minor_flags	840	CDS	cds-XP_023965681.1	CDS5	228	269	false	false	333	380			11_publication_figures_pre_interpro/tables/figure2_exon_to_protein_architecture_tracks.tsv
chrysemys_picta_bellii	IIIc	IIIc	IIIc	primary_claim_supported_with_minor_flags	false	primary_minor_flags	840	CDS	cds-XP_023965681.1	CDS6	269	332	false	false	333	380			11_publication_figures_pre_interpro/tables/figure2_exon_to_protein_architecture_tracks.tsv
chrysemys_picta_bellii	IIIc	IIIc	IIIc	primary_claim_supported_with_minor_flags	false	primary_minor_flags	840	CDS	cds-XP_023965681.1	IIIc cassette	333	379	false	true	333	380	exact	codon_split	11_publication_figures_pre_interpro/tables/figure2_exon_to_protein_architecture_tracks.tsv
chrysemys_picta_bellii	IIIc	IIIc	IIIc	primary_claim_supported_with_minor_flags	false	primary_minor_flags	840	CDS	cds-XP_023965681.1	CDS8	379	446	false	false	333	380			11_publication_figures_pre_interpro/tables/figure2_exon_to_protein_architecture_tracks.tsv
chrysemys_picta_bellii	IIIc	IIIc	IIIc	primary_claim_supported_with_minor_flags	false	primary_minor_flags	840	CDS	cds-XP_023965681.1	CDS9	447	497	false	false	333	380			11_publication_figures_pre_interpro/tables/figure2_exon_to_protein_architecture_tracks.tsv
chrysemys_picta_bellii	IIIc	IIIc	IIIc	primary_claim_supported_with_minor_flags	false	primary_minor_flags	840	CDS	cds-XP_023965681.1	CDS10	497	538	false	false	333	380			11_publication_figures_pre_interpro/tables/figure2_exon_to_protein_architecture_tracks.tsv
chrysemys_picta_bellii	IIIc	IIIc	IIIc	primary_claim_supported_with_minor_flags	false	primary_minor_flags	840	CDS	cds-XP_023965681.1	CDS11	538	575	false	false	333	380			11_publication_figures_pre_interpro/tables/figure2_exon_to_protein_architecture_tracks.tsv
chrysemys_picta_bellii	IIIc	IIIc	IIIc	primary_claim_supported_with_minor_flags	false	primary_minor_flags	840	CDS	cds-XP_023965681.1	CDS12	575	638	false	false	333	380			11_publication_figures_pre_interpro/tables/figure2_exon_to_protein_architecture_tracks.tsv
chrysemys_picta_bellii	IIIc	IIIc	IIIc	primary_claim_supported_with_minor_flags	false	primary_minor_flags	840	CDS	cds-XP_023965681.1	CDS13	639	679	false	false	333	380			11_publication_figures_pre_interpro/tables/figure2_exon_to_protein_architecture_tracks.tsv
chrysemys_picta_bellii	IIIc	IIIc	IIIc	primary_claim_supported_with_minor_flags	false	primary_minor_flags	840	CDS	cds-XP_023965681.1	CDS14	680	703	false	false	333	380			11_publication_figures_pre_interpro/tables/figure2_exon_to_protein_architecture_tracks.tsv
chrysemys_picta_bellii	IIIc	IIIc	IIIc	primary_claim_supported_with_minor_flags	false	primary_minor_flags	840	CDS	cds-XP_023965681.1	CDS15	703	749	false	false	333	380			11_publication_figures_pre_interpro/tables/figure2_exon_to_protein_architecture_tracks.tsv
chrysemys_picta_bellii	IIIc	IIIc	IIIc	primary_claim_supported_with_minor_flags	false	primary_minor_flags	840	CDS	cds-XP_023965681.1	CDS16	749	784	false	false	333	380			11_publication_figures_pre_interpro/tables/figure2_exon_to_protein_architecture_tracks.tsv
chrysemys_picta_bellii	IIIc	IIIc	IIIc	primary_claim_supported_with_minor_flags	false	primary_minor_flags	840	CDS	cds-XP_023965681.1	CDS17	785	839	false	false	333	380			11_publication_figures_pre_interpro/tables/figure2_exon_to_protein_architecture_tracks.tsv
anolis_carolinensis	IIIb	IIIb	IIIb	primary_claim_supported_with_minor_flags	false	primary_minor_flags	873	CDS	cds-XP_062832081.1	CDS1	1	7	false	false	366	411			11_publication_figures_pre_interpro/tables/figure2_exon_to_protein_architecture_tracks.tsv
anolis_carolinensis	IIIb	IIIb	IIIb	primary_claim_supported_with_minor_flags	false	primary_minor_flags	873	CDS	cds-XP_062832081.1	CDS2	7	94	false	false	366	411			11_publication_figures_pre_interpro/tables/figure2_exon_to_protein_architecture_tracks.tsv
anolis_carolinensis	IIIb	IIIb	IIIb	primary_claim_supported_with_minor_flags	false	primary_minor_flags	873	CDS	cds-XP_062832081.1	CDS3	94	179	false	false	366	411			11_publication_figures_pre_interpro/tables/figure2_exon_to_protein_architecture_tracks.tsv
anolis_carolinensis	IIIb	IIIb	IIIb	primary_claim_supported_with_minor_flags	false	primary_minor_flags	873	CDS	cds-XP_062832081.1	CDS4	179	204	false	false	366	411			11_publication_figures_pre_interpro/tables/figure2_exon_to_protein_architecture_tracks.tsv
anolis_carolinensis	IIIb	IIIb	IIIb	primary_claim_supported_with_minor_flags	false	primary_minor_flags	873	CDS	cds-XP_062832081.1	CDS5	204	260	false	false	366	411			11_publication_figures_pre_interpro/tables/figure2_exon_to_protein_architecture_tracks.tsv
anolis_carolinensis	IIIb	IIIb	IIIb	primary_claim_supported_with_minor_flags	false	primary_minor_flags	873	CDS	cds-XP_062832081.1	CDS6	261	302	false	false	366	411			11_publication_figures_pre_interpro/tables/figure2_exon_to_protein_architecture_tracks.tsv
anolis_carolinensis	IIIb	IIIb	IIIb	primary_claim_supported_with_minor_flags	false	primary_minor_flags	873	CDS	cds-XP_062832081.1	CDS7	302	365	false	false	366	411			11_publication_figures_pre_interpro/tables/figure2_exon_to_protein_architecture_tracks.tsv
anolis_carolinensis	IIIb	IIIb	IIIb	primary_claim_supported_with_minor_flags	false	primary_minor_flags	873	CDS	cds-XP_062832081.1	IIIb cassette	366	414	true	false	366	411	exact	codon_split	11_publication_figures_pre_interpro/tables/figure2_exon_to_protein_architecture_tracks.tsv
anolis_carolinensis	IIIb	IIIb	IIIb	primary_claim_supported_with_minor_flags	false	primary_minor_flags	873	CDS	cds-XP_062832081.1	CDS9	414	482	false	false	366	411			11_publication_figures_pre_interpro/tables/figure2_exon_to_protein_architecture_tracks.tsv
anolis_carolinensis	IIIb	IIIb	IIIb	primary_claim_supported_with_minor_flags	false	primary_minor_flags	873	CDS	cds-XP_062832081.1	CDS10	482	532	false	false	366	411			11_publication_figures_pre_interpro/tables/figure2_exon_to_protein_architecture_tracks.tsv
anolis_carolinensis	IIIb	IIIb	IIIb	primary_claim_supported_with_minor_flags	false	primary_minor_flags	873	CDS	cds-XP_062832081.1	CDS11	532	573	false	false	366	411			11_publication_figures_pre_interpro/tables/figure2_exon_to_protein_architecture_tracks.tsv
anolis_carolinensis	IIIb	IIIb	IIIb	primary_claim_supported_with_minor_flags	false	primary_minor_flags	873	CDS	cds-XP_062832081.1	CDS12	573	610	false	false	366	411			11_publication_figures_pre_interpro/tables/figure2_exon_to_protein_architecture_tracks.tsv
anolis_carolinensis	IIIb	IIIb	IIIb	primary_claim_supported_with_minor_flags	false	primary_minor_flags	873	CDS	cds-XP_062832081.1	CDS13	610	673	false	false	366	411			11_publication_figures_pre_interpro/tables/figure2_exon_to_protein_architecture_tracks.tsv
anolis_carolinensis	IIIb	IIIb	IIIb	primary_claim_supported_with_minor_flags	false	primary_minor_flags	873	CDS	cds-XP_062832081.1	CDS14	674	714	false	false	366	411			11_publication_figures_pre_interpro/tables/figure2_exon_to_protein_architecture_tracks.tsv
anolis_carolinensis	IIIb	IIIb	IIIb	primary_claim_supported_with_minor_flags	false	primary_minor_flags	873	CDS	cds-XP_062832081.1	CDS15	715	738	false	false	366	411			11_publication_figures_pre_interpro/tables/figure2_exon_to_protein_architecture_tracks.tsv
anolis_carolinensis	IIIb	IIIb	IIIb	primary_claim_supported_with_minor_flags	false	primary_minor_flags	873	CDS	cds-XP_062832081.1	CDS16	738	784	false	false	366	411			11_publication_figures_pre_interpro/tables/figure2_exon_to_protein_architecture_tracks.tsv
anolis_carolinensis	IIIb	IIIb	IIIb	primary_claim_supported_with_minor_flags	false	primary_minor_flags	873	CDS	cds-XP_062832081.1	CDS17	784	819	false	false	366	411			11_publication_figures_pre_interpro/tables/figure2_exon_to_protein_architecture_tracks.tsv
anolis_carolinensis	IIIb	IIIb	IIIb	primary_claim_supported_with_minor_flags	false	primary_minor_flags	873	CDS	cds-XP_062832081.1	CDS18	820	874	false	false	366	411			11_publication_figures_pre_interpro/tables/figure2_exon_to_protein_architecture_tracks.tsv
anolis_carolinensis	IIIc	IIIc	IIIc	primary_claim_supported_with_minor_flags	false	primary_minor_flags	873	CDS	cds-XP_062832082.1	CDS1	1	7	false	false	367	413			11_publication_figures_pre_interpro/tables/figure2_exon_to_protein_architecture_tracks.tsv
anolis_carolinensis	IIIc	IIIc	IIIc	primary_claim_supported_with_minor_flags	false	primary_minor_flags	873	CDS	cds-XP_062832082.1	CDS2	7	94	false	false	367	413			11_publication_figures_pre_interpro/tables/figure2_exon_to_protein_architecture_tracks.tsv
anolis_carolinensis	IIIc	IIIc	IIIc	primary_claim_supported_with_minor_flags	false	primary_minor_flags	873	CDS	cds-XP_062832082.1	CDS3	94	179	false	false	367	413			11_publication_figures_pre_interpro/tables/figure2_exon_to_protein_architecture_tracks.tsv
anolis_carolinensis	IIIc	IIIc	IIIc	primary_claim_supported_with_minor_flags	false	primary_minor_flags	873	CDS	cds-XP_062832082.1	CDS4	179	204	false	false	367	413			11_publication_figures_pre_interpro/tables/figure2_exon_to_protein_architecture_tracks.tsv
anolis_carolinensis	IIIc	IIIc	IIIc	primary_claim_supported_with_minor_flags	false	primary_minor_flags	873	CDS	cds-XP_062832082.1	CDS5	204	260	false	false	367	413			11_publication_figures_pre_interpro/tables/figure2_exon_to_protein_architecture_tracks.tsv
anolis_carolinensis	IIIc	IIIc	IIIc	primary_claim_supported_with_minor_flags	false	primary_minor_flags	873	CDS	cds-XP_062832082.1	CDS6	261	302	false	false	367	413			11_publication_figures_pre_interpro/tables/figure2_exon_to_protein_architecture_tracks.tsv
anolis_carolinensis	IIIc	IIIc	IIIc	primary_claim_supported_with_minor_flags	false	primary_minor_flags	873	CDS	cds-XP_062832082.1	CDS7	302	365	false	false	367	413			11_publication_figures_pre_interpro/tables/figure2_exon_to_protein_architecture_tracks.tsv
anolis_carolinensis	IIIc	IIIc	IIIc	primary_claim_supported_with_minor_flags	false	primary_minor_flags	873	CDS	cds-XP_062832082.1	IIIc cassette	366	414	false	true	367	413	exact	codon_split	11_publication_figures_pre_interpro/tables/figure2_exon_to_protein_architecture_tracks.tsv
anolis_carolinensis	IIIc	IIIc	IIIc	primary_claim_supported_with_minor_flags	false	primary_minor_flags	873	CDS	cds-XP_062832082.1	CDS9	414	482	false	false	367	413			11_publication_figures_pre_interpro/tables/figure2_exon_to_protein_architecture_tracks.tsv
anolis_carolinensis	IIIc	IIIc	IIIc	primary_claim_supported_with_minor_flags	false	primary_minor_flags	873	CDS	cds-XP_062832082.1	CDS10	482	532	false	false	367	413			11_publication_figures_pre_interpro/tables/figure2_exon_to_protein_architecture_tracks.tsv
anolis_carolinensis	IIIc	IIIc	IIIc	primary_claim_supported_with_minor_flags	false	primary_minor_flags	873	CDS	cds-XP_062832082.1	CDS11	532	573	false	false	367	413			11_publication_figures_pre_interpro/tables/figure2_exon_to_protein_architecture_tracks.tsv
anolis_carolinensis	IIIc	IIIc	IIIc	primary_claim_supported_with_minor_flags	false	primary_minor_flags	873	CDS	cds-XP_062832082.1	CDS12	573	610	false	false	367	413			11_publication_figures_pre_interpro/tables/figure2_exon_to_protein_architecture_tracks.tsv
anolis_carolinensis	IIIc	IIIc	IIIc	primary_claim_supported_with_minor_flags	false	primary_minor_flags	873	CDS	cds-XP_062832082.1	CDS13	610	673	false	false	367	413			11_publication_figures_pre_interpro/tables/figure2_exon_to_protein_architecture_tracks.tsv
anolis_carolinensis	IIIc	IIIc	IIIc	primary_claim_supported_with_minor_flags	false	primary_minor_flags	873	CDS	cds-XP_062832082.1	CDS14	674	714	false	false	367	413			11_publication_figures_pre_interpro/tables/figure2_exon_to_protein_architecture_tracks.tsv
anolis_carolinensis	IIIc	IIIc	IIIc	primary_claim_supported_with_minor_flags	false	primary_minor_flags	873	CDS	cds-XP_062832082.1	CDS15	715	738	false	false	367	413			11_publication_figures_pre_interpro/tables/figure2_exon_to_protein_architecture_tracks.tsv
anolis_carolinensis	IIIc	IIIc	IIIc	primary_claim_supported_with_minor_flags	false	primary_minor_flags	873	CDS	cds-XP_062832082.1	CDS16	738	784	false	false	367	413			11_publication_figures_pre_interpro/tables/figure2_exon_to_protein_architecture_tracks.tsv
anolis_carolinensis	IIIc	IIIc	IIIc	primary_claim_supported_with_minor_flags	false	primary_minor_flags	873	CDS	cds-XP_062832082.1	CDS17	784	819	false	false	367	413			11_publication_figures_pre_interpro/tables/figure2_exon_to_protein_architecture_tracks.tsv
anolis_carolinensis	IIIc	IIIc	IIIc	primary_claim_supported_with_minor_flags	false	primary_minor_flags	873	CDS	cds-XP_062832082.1	CDS18	820	874	false	false	367	413			11_publication_figures_pre_interpro/tables/figure2_exon_to_protein_architecture_tracks.tsv
ambystoma_mexicanum	IIIb	IIIb	IIIb	primary_claim_supported_with_minor_flags	false	primary_minor_flags	840	CDS	cds-XP_069468056.1	CDS1	1	56	false	false	333	377			11_publication_figures_pre_interpro/tables/figure2_exon_to_protein_architecture_tracks.tsv
ambystoma_mexicanum	IIIb	IIIb	IIIb	primary_claim_supported_with_minor_flags	false	primary_minor_flags	840	CDS	cds-XP_069468056.1	CDS2	56	145	false	false	333	377			11_publication_figures_pre_interpro/tables/figure2_exon_to_protein_architecture_tracks.tsv
ambystoma_mexicanum	IIIb	IIIb	IIIb	primary_claim_supported_with_minor_flags	false	primary_minor_flags	840	CDS	cds-XP_069468056.1	CDS3	145	170	false	false	333	377			11_publication_figures_pre_interpro/tables/figure2_exon_to_protein_architecture_tracks.tsv
ambystoma_mexicanum	IIIb	IIIb	IIIb	primary_claim_supported_with_minor_flags	false	primary_minor_flags	840	CDS	cds-XP_069468056.1	CDS4	170	226	false	false	333	377			11_publication_figures_pre_interpro/tables/figure2_exon_to_protein_architecture_tracks.tsv
ambystoma_mexicanum	IIIb	IIIb	IIIb	primary_claim_supported_with_minor_flags	false	primary_minor_flags	840	CDS	cds-XP_069468056.1	CDS5	227	268	false	false	333	377			11_publication_figures_pre_interpro/tables/figure2_exon_to_protein_architecture_tracks.tsv
ambystoma_mexicanum	IIIb	IIIb	IIIb	primary_claim_supported_with_minor_flags	false	primary_minor_flags	840	CDS	cds-XP_069468056.1	CDS6	268	331	false	false	333	377			11_publication_figures_pre_interpro/tables/figure2_exon_to_protein_architecture_tracks.tsv
ambystoma_mexicanum	IIIb	IIIb	IIIb	primary_claim_supported_with_minor_flags	false	primary_minor_flags	840	CDS	cds-XP_069468056.1	IIIb cassette	332	380	true	false	333	377	exact	codon_split	11_publication_figures_pre_interpro/tables/figure2_exon_to_protein_architecture_tracks.tsv
ambystoma_mexicanum	IIIb	IIIb	IIIb	primary_claim_supported_with_minor_flags	false	primary_minor_flags	840	CDS	cds-XP_069468056.1	CDS8	380	447	false	false	333	377			11_publication_figures_pre_interpro/tables/figure2_exon_to_protein_architecture_tracks.tsv
ambystoma_mexicanum	IIIb	IIIb	IIIb	primary_claim_supported_with_minor_flags	false	primary_minor_flags	840	CDS	cds-XP_069468056.1	CDS9	447	497	false	false	333	377			11_publication_figures_pre_interpro/tables/figure2_exon_to_protein_architecture_tracks.tsv
ambystoma_mexicanum	IIIb	IIIb	IIIb	primary_claim_supported_with_minor_flags	false	primary_minor_flags	840	CDS	cds-XP_069468056.1	CDS10	497	538	false	false	333	377			11_publication_figures_pre_interpro/tables/figure2_exon_to_protein_architecture_tracks.tsv
ambystoma_mexicanum	IIIb	IIIb	IIIb	primary_claim_supported_with_minor_flags	false	primary_minor_flags	840	CDS	cds-XP_069468056.1	CDS11	538	575	false	false	333	377			11_publication_figures_pre_interpro/tables/figure2_exon_to_protein_architecture_tracks.tsv
ambystoma_mexicanum	IIIb	IIIb	IIIb	primary_claim_supported_with_minor_flags	false	primary_minor_flags	840	CDS	cds-XP_069468056.1	CDS12	575	638	false	false	333	377			11_publication_figures_pre_interpro/tables/figure2_exon_to_protein_architecture_tracks.tsv
ambystoma_mexicanum	IIIb	IIIb	IIIb	primary_claim_supported_with_minor_flags	false	primary_minor_flags	840	CDS	cds-XP_069468056.1	CDS13	639	679	false	false	333	377			11_publication_figures_pre_interpro/tables/figure2_exon_to_protein_architecture_tracks.tsv
ambystoma_mexicanum	IIIb	IIIb	IIIb	primary_claim_supported_with_minor_flags	false	primary_minor_flags	840	CDS	cds-XP_069468056.1	CDS14	680	703	false	false	333	377			11_publication_figures_pre_interpro/tables/figure2_exon_to_protein_architecture_tracks.tsv
ambystoma_mexicanum	IIIb	IIIb	IIIb	primary_claim_supported_with_minor_flags	false	primary_minor_flags	840	CDS	cds-XP_069468056.1	CDS15	703	749	false	false	333	377			11_publication_figures_pre_interpro/tables/figure2_exon_to_protein_architecture_tracks.tsv
ambystoma_mexicanum	IIIb	IIIb	IIIb	primary_claim_supported_with_minor_flags	false	primary_minor_flags	840	CDS	cds-XP_069468056.1	CDS16	749	784	false	false	333	377			11_publication_figures_pre_interpro/tables/figure2_exon_to_protein_architecture_tracks.tsv
ambystoma_mexicanum	IIIb	IIIb	IIIb	primary_claim_supported_with_minor_flags	false	primary_minor_flags	840	CDS	cds-XP_069468056.1	CDS17	785	839	false	false	333	377			11_publication_figures_pre_interpro/tables/figure2_exon_to_protein_architecture_tracks.tsv
ambystoma_mexicanum	IIIc	IIIc	IIIc	primary_claim_supported_with_minor_flags	false	primary_minor_flags	838	CDS	cds-XP_069468054.1	CDS1	1	56	false	false	332	379			11_publication_figures_pre_interpro/tables/figure2_exon_to_protein_architecture_tracks.tsv
ambystoma_mexicanum	IIIc	IIIc	IIIc	primary_claim_supported_with_minor_flags	false	primary_minor_flags	838	CDS	cds-XP_069468054.1	CDS2	56	145	false	false	332	379			11_publication_figures_pre_interpro/tables/figure2_exon_to_protein_architecture_tracks.tsv
ambystoma_mexicanum	IIIc	IIIc	IIIc	primary_claim_supported_with_minor_flags	false	primary_minor_flags	838	CDS	cds-XP_069468054.1	CDS3	145	170	false	false	332	379			11_publication_figures_pre_interpro/tables/figure2_exon_to_protein_architecture_tracks.tsv
ambystoma_mexicanum	IIIc	IIIc	IIIc	primary_claim_supported_with_minor_flags	false	primary_minor_flags	838	CDS	cds-XP_069468054.1	CDS4	170	226	false	false	332	379			11_publication_figures_pre_interpro/tables/figure2_exon_to_protein_architecture_tracks.tsv
ambystoma_mexicanum	IIIc	IIIc	IIIc	primary_claim_supported_with_minor_flags	false	primary_minor_flags	838	CDS	cds-XP_069468054.1	CDS5	227	268	false	false	332	379			11_publication_figures_pre_interpro/tables/figure2_exon_to_protein_architecture_tracks.tsv
ambystoma_mexicanum	IIIc	IIIc	IIIc	primary_claim_supported_with_minor_flags	false	primary_minor_flags	838	CDS	cds-XP_069468054.1	CDS6	268	331	false	false	332	379			11_publication_figures_pre_interpro/tables/figure2_exon_to_protein_architecture_tracks.tsv
ambystoma_mexicanum	IIIc	IIIc	IIIc	primary_claim_supported_with_minor_flags	false	primary_minor_flags	838	CDS	cds-XP_069468054.1	IIIc cassette	332	382	false	true	332	379	exact	codon_split	11_publication_figures_pre_interpro/tables/figure2_exon_to_protein_architecture_tracks.tsv
ambystoma_mexicanum	IIIc	IIIc	IIIc	primary_claim_supported_with_minor_flags	false	primary_minor_flags	838	CDS	cds-XP_069468054.1	CDS8	382	449	false	false	332	379			11_publication_figures_pre_interpro/tables/figure2_exon_to_protein_architecture_tracks.tsv
ambystoma_mexicanum	IIIc	IIIc	IIIc	primary_claim_supported_with_minor_flags	false	primary_minor_flags	838	CDS	cds-XP_069468054.1	CDS9	449	499	false	false	332	379			11_publication_figures_pre_interpro/tables/figure2_exon_to_protein_architecture_tracks.tsv
ambystoma_mexicanum	IIIc	IIIc	IIIc	primary_claim_supported_with_minor_flags	false	primary_minor_flags	838	CDS	cds-XP_069468054.1	CDS10	499	540	false	false	332	379			11_publication_figures_pre_interpro/tables/figure2_exon_to_protein_architecture_tracks.tsv
ambystoma_mexicanum	IIIc	IIIc	IIIc	primary_claim_supported_with_minor_flags	false	primary_minor_flags	838	CDS	cds-XP_069468054.1	CDS11	540	577	false	false	332	379			11_publication_figures_pre_interpro/tables/figure2_exon_to_protein_architecture_tracks.tsv
ambystoma_mexicanum	IIIc	IIIc	IIIc	primary_claim_supported_with_minor_flags	false	primary_minor_flags	838	CDS	cds-XP_069468054.1	CDS12	577	640	false	false	332	379			11_publication_figures_pre_interpro/tables/figure2_exon_to_protein_architecture_tracks.tsv
ambystoma_mexicanum	IIIc	IIIc	IIIc	primary_claim_supported_with_minor_flags	false	primary_minor_flags	838	CDS	cds-XP_069468054.1	CDS13	641	681	false	false	332	379			11_publication_figures_pre_interpro/tables/figure2_exon_to_protein_architecture_tracks.tsv
ambystoma_mexicanum	IIIc	IIIc	IIIc	primary_claim_supported_with_minor_flags	false	primary_minor_flags	838	CDS	cds-XP_069468054.1	CDS14	682	705	false	false	332	379			11_publication_figures_pre_interpro/tables/figure2_exon_to_protein_architecture_tracks.tsv
ambystoma_mexicanum	IIIc	IIIc	IIIc	primary_claim_supported_with_minor_flags	false	primary_minor_flags	838	CDS	cds-XP_069468054.1	CDS15	705	751	false	false	332	379			11_publication_figures_pre_interpro/tables/figure2_exon_to_protein_architecture_tracks.tsv
ambystoma_mexicanum	IIIc	IIIc	IIIc	primary_claim_supported_with_minor_flags	false	primary_minor_flags	838	CDS	cds-XP_069468054.1	CDS16	751	786	false	false	332	379			11_publication_figures_pre_interpro/tables/figure2_exon_to_protein_architecture_tracks.tsv
ambystoma_mexicanum	IIIc	IIIc	IIIc	primary_claim_supported_with_minor_flags	false	primary_minor_flags	838	CDS	cds-XP_069468054.1	CDS17	787	841	false	false	332	379			11_publication_figures_pre_interpro/tables/figure2_exon_to_protein_architecture_tracks.tsv
xenopus_tropicalis	IIIb	IIIb	IIIb	primary_claim_supported_with_minor_flags	false	primary_minor_flags	832	CDS	ENSXETE00000621917	CDS1	1	49	false	false	326	368			11_publication_figures_pre_interpro/tables/figure2_exon_to_protein_architecture_tracks.tsv
xenopus_tropicalis	IIIb	IIIb	IIIb	primary_claim_supported_with_minor_flags	false	primary_minor_flags	832	CDS	ENSXETE00000618529	CDS2	49	129	false	false	326	368			11_publication_figures_pre_interpro/tables/figure2_exon_to_protein_architecture_tracks.tsv
xenopus_tropicalis	IIIb	IIIb	IIIb	primary_claim_supported_with_minor_flags	false	primary_minor_flags	832	CDS	ENSXETE00000191355	CDS3	129	214	false	false	326	368			11_publication_figures_pre_interpro/tables/figure2_exon_to_protein_architecture_tracks.tsv
xenopus_tropicalis	IIIb	IIIb	IIIb	primary_claim_supported_with_minor_flags	false	primary_minor_flags	832	CDS	ENSXETE00000191295	CDS4	214	239	false	false	326	368			11_publication_figures_pre_interpro/tables/figure2_exon_to_protein_architecture_tracks.tsv
xenopus_tropicalis	IIIb	IIIb	IIIb	primary_claim_supported_with_minor_flags	false	primary_minor_flags	832	CDS	ENSXETE00000191297	CDS5	239	295	false	false	326	368			11_publication_figures_pre_interpro/tables/figure2_exon_to_protein_architecture_tracks.tsv
xenopus_tropicalis	IIIb	IIIb	IIIb	primary_claim_supported_with_minor_flags	false	primary_minor_flags	832	CDS	ENSXETE00000191299	CDS6	296	337	false	false	326	368			11_publication_figures_pre_interpro/tables/figure2_exon_to_protein_architecture_tracks.tsv
xenopus_tropicalis	IIIb	IIIb	IIIb	primary_claim_supported_with_minor_flags	false	primary_minor_flags	832	CDS	ENSXETE00000191304	CDS7	337	400	false	false	326	368			11_publication_figures_pre_interpro/tables/figure2_exon_to_protein_architecture_tracks.tsv
xenopus_tropicalis	IIIb	IIIb	IIIb	primary_claim_supported_with_minor_flags	false	primary_minor_flags	832	CDS	ENSXETE00000191305	IIIb cassette	401	449	true	false	326	368	unknown_codon_phase	unknown_codon_phase	11_publication_figures_pre_interpro/tables/figure2_exon_to_protein_architecture_tracks.tsv
xenopus_tropicalis	IIIb	IIIb	IIIb	primary_claim_supported_with_minor_flags	false	primary_minor_flags	832	CDS	ENSXETE00000495492	CDS9	449	516	false	false	326	368			11_publication_figures_pre_interpro/tables/figure2_exon_to_protein_architecture_tracks.tsv
xenopus_tropicalis	IIIb	IIIb	IIIb	primary_claim_supported_with_minor_flags	false	primary_minor_flags	832	CDS	ENSXETE00000191312	CDS10	517	567	false	false	326	368			11_publication_figures_pre_interpro/tables/figure2_exon_to_protein_architecture_tracks.tsv
xenopus_tropicalis	IIIb	IIIb	IIIb	primary_claim_supported_with_minor_flags	false	primary_minor_flags	832	CDS	ENSXETE00000191314	CDS11	567	608	false	false	326	368			11_publication_figures_pre_interpro/tables/figure2_exon_to_protein_architecture_tracks.tsv
xenopus_tropicalis	IIIb	IIIb	IIIb	primary_claim_supported_with_minor_flags	false	primary_minor_flags	832	CDS	ENSXETE00000191317	CDS12	608	645	false	false	326	368			11_publication_figures_pre_interpro/tables/figure2_exon_to_protein_architecture_tracks.tsv
xenopus_tropicalis	IIIb	IIIb	IIIb	primary_claim_supported_with_minor_flags	false	primary_minor_flags	832	CDS	ENSXETE00000191320	CDS13	645	708	false	false	326	368			11_publication_figures_pre_interpro/tables/figure2_exon_to_protein_architecture_tracks.tsv
xenopus_tropicalis	IIIb	IIIb	IIIb	primary_claim_supported_with_minor_flags	false	primary_minor_flags	832	CDS	ENSXETE00000191322	CDS14	709	749	false	false	326	368			11_publication_figures_pre_interpro/tables/figure2_exon_to_protein_architecture_tracks.tsv
xenopus_tropicalis	IIIb	IIIb	IIIb	primary_claim_supported_with_minor_flags	false	primary_minor_flags	832	CDS	ENSXETE00000403687	CDS15	750	773	false	false	326	368			11_publication_figures_pre_interpro/tables/figure2_exon_to_protein_architecture_tracks.tsv
xenopus_tropicalis	IIIb	IIIb	IIIb	primary_claim_supported_with_minor_flags	false	primary_minor_flags	832	CDS	ENSXETE00000191326	CDS16	773	819	false	false	326	368			11_publication_figures_pre_interpro/tables/figure2_exon_to_protein_architecture_tracks.tsv
xenopus_tropicalis	IIIb	IIIb	IIIb	primary_claim_supported_with_minor_flags	false	primary_minor_flags	832	CDS	ENSXETE00000191329	CDS17	819	854	false	false	326	368			11_publication_figures_pre_interpro/tables/figure2_exon_to_protein_architecture_tracks.tsv
xenopus_tropicalis	IIIb	IIIb	IIIb	primary_claim_supported_with_minor_flags	false	primary_minor_flags	832	CDS	ENSXETE00000643780	CDS18	855	911	false	false	326	368			11_publication_figures_pre_interpro/tables/figure2_exon_to_protein_architecture_tracks.tsv
xenopus_tropicalis	IIIc	IIIc	IIIc	primary_claim_supported_with_minor_flags	false	primary_minor_flags	910	CDS	ENSXETE00000632413	CDS1	1	53	false	false	401	448			11_publication_figures_pre_interpro/tables/figure2_exon_to_protein_architecture_tracks.tsv
xenopus_tropicalis	IIIc	IIIc	IIIc	primary_claim_supported_with_minor_flags	false	primary_minor_flags	910	CDS	ENSXETE00000191355	CDS2	53	138	false	false	401	448			11_publication_figures_pre_interpro/tables/figure2_exon_to_protein_architecture_tracks.tsv
xenopus_tropicalis	IIIc	IIIc	IIIc	primary_claim_supported_with_minor_flags	false	primary_minor_flags	910	CDS	ENSXETE00000191295	CDS3	138	163	false	false	401	448			11_publication_figures_pre_interpro/tables/figure2_exon_to_protein_architecture_tracks.tsv
xenopus_tropicalis	IIIc	IIIc	IIIc	primary_claim_supported_with_minor_flags	false	primary_minor_flags	910	CDS	ENSXETE00000191297	CDS4	163	219	false	false	401	448			11_publication_figures_pre_interpro/tables/figure2_exon_to_protein_architecture_tracks.tsv
xenopus_tropicalis	IIIc	IIIc	IIIc	primary_claim_supported_with_minor_flags	false	primary_minor_flags	910	CDS	ENSXETE00000191299	CDS5	220	261	false	false	401	448			11_publication_figures_pre_interpro/tables/figure2_exon_to_protein_architecture_tracks.tsv
xenopus_tropicalis	IIIc	IIIc	IIIc	primary_claim_supported_with_minor_flags	false	primary_minor_flags	910	CDS	ENSXETE00000191304	CDS6	261	324	false	false	401	448			11_publication_figures_pre_interpro/tables/figure2_exon_to_protein_architecture_tracks.tsv
xenopus_tropicalis	IIIc	IIIc	IIIc	primary_claim_supported_with_minor_flags	false	primary_minor_flags	910	CDS	ENSXETE00000458348	IIIc cassette	325	373	false	true	401	448	unknown_codon_phase	unknown_codon_phase	11_publication_figures_pre_interpro/tables/figure2_exon_to_protein_architecture_tracks.tsv
xenopus_tropicalis	IIIc	IIIc	IIIc	primary_claim_supported_with_minor_flags	false	primary_minor_flags	910	CDS	ENSXETE00000191343	CDS8	373	438	false	false	401	448			11_publication_figures_pre_interpro/tables/figure2_exon_to_protein_architecture_tracks.tsv
xenopus_tropicalis	IIIc	IIIc	IIIc	primary_claim_supported_with_minor_flags	false	primary_minor_flags	910	CDS	ENSXETE00000191312	CDS9	439	489	false	false	401	448			11_publication_figures_pre_interpro/tables/figure2_exon_to_protein_architecture_tracks.tsv
xenopus_tropicalis	IIIc	IIIc	IIIc	primary_claim_supported_with_minor_flags	false	primary_minor_flags	910	CDS	ENSXETE00000191314	CDS10	489	530	false	false	401	448			11_publication_figures_pre_interpro/tables/figure2_exon_to_protein_architecture_tracks.tsv
xenopus_tropicalis	IIIc	IIIc	IIIc	primary_claim_supported_with_minor_flags	false	primary_minor_flags	910	CDS	ENSXETE00000191317	CDS11	530	567	false	false	401	448			11_publication_figures_pre_interpro/tables/figure2_exon_to_protein_architecture_tracks.tsv
xenopus_tropicalis	IIIc	IIIc	IIIc	primary_claim_supported_with_minor_flags	false	primary_minor_flags	910	CDS	ENSXETE00000191320	CDS12	567	630	false	false	401	448			11_publication_figures_pre_interpro/tables/figure2_exon_to_protein_architecture_tracks.tsv
xenopus_tropicalis	IIIc	IIIc	IIIc	primary_claim_supported_with_minor_flags	false	primary_minor_flags	910	CDS	ENSXETE00000191322	CDS13	631	671	false	false	401	448			11_publication_figures_pre_interpro/tables/figure2_exon_to_protein_architecture_tracks.tsv
xenopus_tropicalis	IIIc	IIIc	IIIc	primary_claim_supported_with_minor_flags	false	primary_minor_flags	910	CDS	ENSXETE00000403687	CDS14	672	695	false	false	401	448			11_publication_figures_pre_interpro/tables/figure2_exon_to_protein_architecture_tracks.tsv
xenopus_tropicalis	IIIc	IIIc	IIIc	primary_claim_supported_with_minor_flags	false	primary_minor_flags	910	CDS	ENSXETE00000191326	CDS15	695	741	false	false	401	448			11_publication_figures_pre_interpro/tables/figure2_exon_to_protein_architecture_tracks.tsv
xenopus_tropicalis	IIIc	IIIc	IIIc	primary_claim_supported_with_minor_flags	false	primary_minor_flags	910	CDS	ENSXETE00000191329	CDS16	741	776	false	false	401	448			11_publication_figures_pre_interpro/tables/figure2_exon_to_protein_architecture_tracks.tsv
xenopus_tropicalis	IIIc	IIIc	IIIc	primary_claim_supported_with_minor_flags	false	primary_minor_flags	910	CDS	ENSXETE00000593862	CDS17	777	833	false	false	401	448			11_publication_figures_pre_interpro/tables/figure2_exon_to_protein_architecture_tracks.tsv
danio_rerio	IIIb	IIIb	IIIb	primary_claim_supported_with_minor_flags	false	primary_minor_flags	838	CDS	cds-XP_068081038.1	CDS1	1	61	false	false	338	382			11_publication_figures_pre_interpro/tables/figure2_exon_to_protein_architecture_tracks.tsv
danio_rerio	IIIb	IIIb	IIIb	primary_claim_supported_with_minor_flags	false	primary_minor_flags	838	CDS	cds-XP_068081038.1	CDS2	61	150	false	false	338	382			11_publication_figures_pre_interpro/tables/figure2_exon_to_protein_architecture_tracks.tsv
danio_rerio	IIIb	IIIb	IIIb	primary_claim_supported_with_minor_flags	false	primary_minor_flags	838	CDS	cds-XP_068081038.1	CDS3	150	175	false	false	338	382			11_publication_figures_pre_interpro/tables/figure2_exon_to_protein_architecture_tracks.tsv
danio_rerio	IIIb	IIIb	IIIb	primary_claim_supported_with_minor_flags	false	primary_minor_flags	838	CDS	cds-XP_068081038.1	CDS4	175	231	false	false	338	382			11_publication_figures_pre_interpro/tables/figure2_exon_to_protein_architecture_tracks.tsv
danio_rerio	IIIb	IIIb	IIIb	primary_claim_supported_with_minor_flags	false	primary_minor_flags	838	CDS	cds-XP_068081038.1	CDS5	232	273	false	false	338	382			11_publication_figures_pre_interpro/tables/figure2_exon_to_protein_architecture_tracks.tsv
danio_rerio	IIIb	IIIb	IIIb	primary_claim_supported_with_minor_flags	false	primary_minor_flags	838	CDS	cds-XP_068081038.1	CDS6	273	336	false	false	338	382			11_publication_figures_pre_interpro/tables/figure2_exon_to_protein_architecture_tracks.tsv
danio_rerio	IIIb	IIIb	IIIb	primary_claim_supported_with_minor_flags	false	primary_minor_flags	838	CDS	cds-XP_068081038.1	IIIb cassette	337	385	true	false	338	382	exact	codon_split	11_publication_figures_pre_interpro/tables/figure2_exon_to_protein_architecture_tracks.tsv
danio_rerio	IIIb	IIIb	IIIb	primary_claim_supported_with_minor_flags	false	primary_minor_flags	838	CDS	cds-XP_068081038.1	CDS8	385	453	false	false	338	382			11_publication_figures_pre_interpro/tables/figure2_exon_to_protein_architecture_tracks.tsv
danio_rerio	IIIb	IIIb	IIIb	primary_claim_supported_with_minor_flags	false	primary_minor_flags	838	CDS	cds-XP_068081038.1	CDS9	453	499	false	false	338	382			11_publication_figures_pre_interpro/tables/figure2_exon_to_protein_architecture_tracks.tsv
danio_rerio	IIIb	IIIb	IIIb	primary_claim_supported_with_minor_flags	false	primary_minor_flags	838	CDS	cds-XP_068081038.1	CDS10	499	540	false	false	338	382			11_publication_figures_pre_interpro/tables/figure2_exon_to_protein_architecture_tracks.tsv
danio_rerio	IIIb	IIIb	IIIb	primary_claim_supported_with_minor_flags	false	primary_minor_flags	838	CDS	cds-XP_068081038.1	CDS11	540	577	false	false	338	382			11_publication_figures_pre_interpro/tables/figure2_exon_to_protein_architecture_tracks.tsv
danio_rerio	IIIb	IIIb	IIIb	primary_claim_supported_with_minor_flags	false	primary_minor_flags	838	CDS	cds-XP_068081038.1	CDS12	577	640	false	false	338	382			11_publication_figures_pre_interpro/tables/figure2_exon_to_protein_architecture_tracks.tsv
danio_rerio	IIIb	IIIb	IIIb	primary_claim_supported_with_minor_flags	false	primary_minor_flags	838	CDS	cds-XP_068081038.1	CDS13	641	681	false	false	338	382			11_publication_figures_pre_interpro/tables/figure2_exon_to_protein_architecture_tracks.tsv
danio_rerio	IIIb	IIIb	IIIb	primary_claim_supported_with_minor_flags	false	primary_minor_flags	838	CDS	cds-XP_068081038.1	CDS14	682	705	false	false	338	382			11_publication_figures_pre_interpro/tables/figure2_exon_to_protein_architecture_tracks.tsv
danio_rerio	IIIb	IIIb	IIIb	primary_claim_supported_with_minor_flags	false	primary_minor_flags	838	CDS	cds-XP_068081038.1	CDS15	705	751	false	false	338	382			11_publication_figures_pre_interpro/tables/figure2_exon_to_protein_architecture_tracks.tsv
danio_rerio	IIIb	IIIb	IIIb	primary_claim_supported_with_minor_flags	false	primary_minor_flags	838	CDS	cds-XP_068081038.1	CDS16	751	786	false	false	338	382			11_publication_figures_pre_interpro/tables/figure2_exon_to_protein_architecture_tracks.tsv
danio_rerio	IIIb	IIIb	IIIb	primary_claim_supported_with_minor_flags	false	primary_minor_flags	838	CDS	cds-XP_068081038.1	CDS17	787	841	false	false	338	382			11_publication_figures_pre_interpro/tables/figure2_exon_to_protein_architecture_tracks.tsv
danio_rerio	IIIc	IIIc	IIIc	primary_claim_supported_with_minor_flags	false	primary_minor_flags	840	CDS	cds-XP_068081039.1	CDS1	1	61	false	false	338	384			11_publication_figures_pre_interpro/tables/figure2_exon_to_protein_architecture_tracks.tsv
danio_rerio	IIIc	IIIc	IIIc	primary_claim_supported_with_minor_flags	false	primary_minor_flags	840	CDS	cds-XP_068081039.1	CDS2	61	150	false	false	338	384			11_publication_figures_pre_interpro/tables/figure2_exon_to_protein_architecture_tracks.tsv
danio_rerio	IIIc	IIIc	IIIc	primary_claim_supported_with_minor_flags	false	primary_minor_flags	840	CDS	cds-XP_068081039.1	CDS3	150	175	false	false	338	384			11_publication_figures_pre_interpro/tables/figure2_exon_to_protein_architecture_tracks.tsv
danio_rerio	IIIc	IIIc	IIIc	primary_claim_supported_with_minor_flags	false	primary_minor_flags	840	CDS	cds-XP_068081039.1	CDS4	175	231	false	false	338	384			11_publication_figures_pre_interpro/tables/figure2_exon_to_protein_architecture_tracks.tsv
danio_rerio	IIIc	IIIc	IIIc	primary_claim_supported_with_minor_flags	false	primary_minor_flags	840	CDS	cds-XP_068081039.1	CDS5	232	273	false	false	338	384			11_publication_figures_pre_interpro/tables/figure2_exon_to_protein_architecture_tracks.tsv
danio_rerio	IIIc	IIIc	IIIc	primary_claim_supported_with_minor_flags	false	primary_minor_flags	840	CDS	cds-XP_068081039.1	CDS6	273	336	false	false	338	384			11_publication_figures_pre_interpro/tables/figure2_exon_to_protein_architecture_tracks.tsv
danio_rerio	IIIc	IIIc	IIIc	primary_claim_supported_with_minor_flags	false	primary_minor_flags	840	CDS	cds-XP_068081039.1	IIIc cassette	337	383	false	true	338	384	exact	codon_split	11_publication_figures_pre_interpro/tables/figure2_exon_to_protein_architecture_tracks.tsv
danio_rerio	IIIc	IIIc	IIIc	primary_claim_supported_with_minor_flags	false	primary_minor_flags	840	CDS	cds-XP_068081039.1	CDS8	383	451	false	false	338	384			11_publication_figures_pre_interpro/tables/figure2_exon_to_protein_architecture_tracks.tsv
danio_rerio	IIIc	IIIc	IIIc	primary_claim_supported_with_minor_flags	false	primary_minor_flags	840	CDS	cds-XP_068081039.1	CDS9	451	497	false	false	338	384			11_publication_figures_pre_interpro/tables/figure2_exon_to_protein_architecture_tracks.tsv
danio_rerio	IIIc	IIIc	IIIc	primary_claim_supported_with_minor_flags	false	primary_minor_flags	840	CDS	cds-XP_068081039.1	CDS10	497	538	false	false	338	384			11_publication_figures_pre_interpro/tables/figure2_exon_to_protein_architecture_tracks.tsv
danio_rerio	IIIc	IIIc	IIIc	primary_claim_supported_with_minor_flags	false	primary_minor_flags	840	CDS	cds-XP_068081039.1	CDS11	538	575	false	false	338	384			11_publication_figures_pre_interpro/tables/figure2_exon_to_protein_architecture_tracks.tsv
danio_rerio	IIIc	IIIc	IIIc	primary_claim_supported_with_minor_flags	false	primary_minor_flags	840	CDS	cds-XP_068081039.1	CDS12	575	638	false	false	338	384			11_publication_figures_pre_interpro/tables/figure2_exon_to_protein_architecture_tracks.tsv
danio_rerio	IIIc	IIIc	IIIc	primary_claim_supported_with_minor_flags	false	primary_minor_flags	840	CDS	cds-XP_068081039.1	CDS13	639	679	false	false	338	384			11_publication_figures_pre_interpro/tables/figure2_exon_to_protein_architecture_tracks.tsv
danio_rerio	IIIc	IIIc	IIIc	primary_claim_supported_with_minor_flags	false	primary_minor_flags	840	CDS	cds-XP_068081039.1	CDS14	680	703	false	false	338	384			11_publication_figures_pre_interpro/tables/figure2_exon_to_protein_architecture_tracks.tsv
danio_rerio	IIIc	IIIc	IIIc	primary_claim_supported_with_minor_flags	false	primary_minor_flags	840	CDS	cds-XP_068081039.1	CDS15	703	749	false	false	338	384			11_publication_figures_pre_interpro/tables/figure2_exon_to_protein_architecture_tracks.tsv
danio_rerio	IIIc	IIIc	IIIc	primary_claim_supported_with_minor_flags	false	primary_minor_flags	840	CDS	cds-XP_068081039.1	CDS16	749	784	false	false	338	384			11_publication_figures_pre_interpro/tables/figure2_exon_to_protein_architecture_tracks.tsv
danio_rerio	IIIc	IIIc	IIIc	primary_claim_supported_with_minor_flags	false	primary_minor_flags	840	CDS	cds-XP_068081039.1	CDS17	785	839	false	false	338	384			11_publication_figures_pre_interpro/tables/figure2_exon_to_protein_architecture_tracks.tsv
oryzias_latipes	IIIb	IIIb	IIIb	primary_claim_supported_with_minor_flags	false	primary_minor_flags	830	CDS	cds-XP_078787744.1	CDS1	1	57	false	false	331	375			11_publication_figures_pre_interpro/tables/figure2_exon_to_protein_architecture_tracks.tsv
oryzias_latipes	IIIb	IIIb	IIIb	primary_claim_supported_with_minor_flags	false	primary_minor_flags	830	CDS	cds-XP_078787744.1	CDS2	57	143	false	false	331	375			11_publication_figures_pre_interpro/tables/figure2_exon_to_protein_architecture_tracks.tsv
oryzias_latipes	IIIb	IIIb	IIIb	primary_claim_supported_with_minor_flags	false	primary_minor_flags	830	CDS	cds-XP_078787744.1	CDS3	143	168	false	false	331	375			11_publication_figures_pre_interpro/tables/figure2_exon_to_protein_architecture_tracks.tsv
oryzias_latipes	IIIb	IIIb	IIIb	primary_claim_supported_with_minor_flags	false	primary_minor_flags	830	CDS	cds-XP_078787744.1	CDS4	168	224	false	false	331	375			11_publication_figures_pre_interpro/tables/figure2_exon_to_protein_architecture_tracks.tsv
oryzias_latipes	IIIb	IIIb	IIIb	primary_claim_supported_with_minor_flags	false	primary_minor_flags	830	CDS	cds-XP_078787744.1	CDS5	225	266	false	false	331	375			11_publication_figures_pre_interpro/tables/figure2_exon_to_protein_architecture_tracks.tsv
oryzias_latipes	IIIb	IIIb	IIIb	primary_claim_supported_with_minor_flags	false	primary_minor_flags	830	CDS	cds-XP_078787744.1	CDS6	266	329	false	false	331	375			11_publication_figures_pre_interpro/tables/figure2_exon_to_protein_architecture_tracks.tsv
oryzias_latipes	IIIb	IIIb	IIIb	primary_claim_supported_with_minor_flags	false	primary_minor_flags	830	CDS	cds-XP_078787744.1	IIIb cassette	330	378	true	false	331	375	exact	codon_split	11_publication_figures_pre_interpro/tables/figure2_exon_to_protein_architecture_tracks.tsv
oryzias_latipes	IIIb	IIIb	IIIb	primary_claim_supported_with_minor_flags	false	primary_minor_flags	830	CDS	cds-XP_078787744.1	CDS8	378	444	false	false	331	375			11_publication_figures_pre_interpro/tables/figure2_exon_to_protein_architecture_tracks.tsv
oryzias_latipes	IIIb	IIIb	IIIb	primary_claim_supported_with_minor_flags	false	primary_minor_flags	830	CDS	cds-XP_078787744.1	CDS9	445	491	false	false	331	375			11_publication_figures_pre_interpro/tables/figure2_exon_to_protein_architecture_tracks.tsv
oryzias_latipes	IIIb	IIIb	IIIb	primary_claim_supported_with_minor_flags	false	primary_minor_flags	830	CDS	cds-XP_078787744.1	CDS10	491	532	false	false	331	375			11_publication_figures_pre_interpro/tables/figure2_exon_to_protein_architecture_tracks.tsv
oryzias_latipes	IIIb	IIIb	IIIb	primary_claim_supported_with_minor_flags	false	primary_minor_flags	830	CDS	cds-XP_078787744.1	CDS11	532	569	false	false	331	375			11_publication_figures_pre_interpro/tables/figure2_exon_to_protein_architecture_tracks.tsv
oryzias_latipes	IIIb	IIIb	IIIb	primary_claim_supported_with_minor_flags	false	primary_minor_flags	830	CDS	cds-XP_078787744.1	CDS12	569	632	false	false	331	375			11_publication_figures_pre_interpro/tables/figure2_exon_to_protein_architecture_tracks.tsv
oryzias_latipes	IIIb	IIIb	IIIb	primary_claim_supported_with_minor_flags	false	primary_minor_flags	830	CDS	cds-XP_078787744.1	CDS13	633	673	false	false	331	375			11_publication_figures_pre_interpro/tables/figure2_exon_to_protein_architecture_tracks.tsv
oryzias_latipes	IIIb	IIIb	IIIb	primary_claim_supported_with_minor_flags	false	primary_minor_flags	830	CDS	cds-XP_078787744.1	CDS14	674	697	false	false	331	375			11_publication_figures_pre_interpro/tables/figure2_exon_to_protein_architecture_tracks.tsv
oryzias_latipes	IIIb	IIIb	IIIb	primary_claim_supported_with_minor_flags	false	primary_minor_flags	830	CDS	cds-XP_078787744.1	CDS15	697	743	false	false	331	375			11_publication_figures_pre_interpro/tables/figure2_exon_to_protein_architecture_tracks.tsv
oryzias_latipes	IIIb	IIIb	IIIb	primary_claim_supported_with_minor_flags	false	primary_minor_flags	830	CDS	cds-XP_078787744.1	CDS16	743	778	false	false	331	375			11_publication_figures_pre_interpro/tables/figure2_exon_to_protein_architecture_tracks.tsv
oryzias_latipes	IIIb	IIIb	IIIb	primary_claim_supported_with_minor_flags	false	primary_minor_flags	830	CDS	cds-XP_078787744.1	CDS17	779	833	false	false	331	375			11_publication_figures_pre_interpro/tables/figure2_exon_to_protein_architecture_tracks.tsv
oryzias_latipes	IIIc	IIIc	IIIc	primary_claim_supported_with_minor_flags	false	primary_minor_flags	832	CDS	cds-XP_011483055.1	CDS1	1	57	false	false	331	377			11_publication_figures_pre_interpro/tables/figure2_exon_to_protein_architecture_tracks.tsv
oryzias_latipes	IIIc	IIIc	IIIc	primary_claim_supported_with_minor_flags	false	primary_minor_flags	832	CDS	cds-XP_011483055.1	CDS2	57	143	false	false	331	377			11_publication_figures_pre_interpro/tables/figure2_exon_to_protein_architecture_tracks.tsv
oryzias_latipes	IIIc	IIIc	IIIc	primary_claim_supported_with_minor_flags	false	primary_minor_flags	832	CDS	cds-XP_011483055.1	CDS3	143	168	false	false	331	377			11_publication_figures_pre_interpro/tables/figure2_exon_to_protein_architecture_tracks.tsv
oryzias_latipes	IIIc	IIIc	IIIc	primary_claim_supported_with_minor_flags	false	primary_minor_flags	832	CDS	cds-XP_011483055.1	CDS4	168	224	false	false	331	377			11_publication_figures_pre_interpro/tables/figure2_exon_to_protein_architecture_tracks.tsv
oryzias_latipes	IIIc	IIIc	IIIc	primary_claim_supported_with_minor_flags	false	primary_minor_flags	832	CDS	cds-XP_011483055.1	CDS5	225	266	false	false	331	377			11_publication_figures_pre_interpro/tables/figure2_exon_to_protein_architecture_tracks.tsv
oryzias_latipes	IIIc	IIIc	IIIc	primary_claim_supported_with_minor_flags	false	primary_minor_flags	832	CDS	cds-XP_011483055.1	CDS6	266	329	false	false	331	377			11_publication_figures_pre_interpro/tables/figure2_exon_to_protein_architecture_tracks.tsv
oryzias_latipes	IIIc	IIIc	IIIc	primary_claim_supported_with_minor_flags	false	primary_minor_flags	832	CDS	cds-XP_011483055.1	IIIc cassette	330	376	false	true	331	377	exact	codon_split	11_publication_figures_pre_interpro/tables/figure2_exon_to_protein_architecture_tracks.tsv
oryzias_latipes	IIIc	IIIc	IIIc	primary_claim_supported_with_minor_flags	false	primary_minor_flags	832	CDS	cds-XP_011483055.1	CDS8	376	442	false	false	331	377			11_publication_figures_pre_interpro/tables/figure2_exon_to_protein_architecture_tracks.tsv
oryzias_latipes	IIIc	IIIc	IIIc	primary_claim_supported_with_minor_flags	false	primary_minor_flags	832	CDS	cds-XP_011483055.1	CDS9	443	489	false	false	331	377			11_publication_figures_pre_interpro/tables/figure2_exon_to_protein_architecture_tracks.tsv
oryzias_latipes	IIIc	IIIc	IIIc	primary_claim_supported_with_minor_flags	false	primary_minor_flags	832	CDS	cds-XP_011483055.1	CDS10	489	530	false	false	331	377			11_publication_figures_pre_interpro/tables/figure2_exon_to_protein_architecture_tracks.tsv
oryzias_latipes	IIIc	IIIc	IIIc	primary_claim_supported_with_minor_flags	false	primary_minor_flags	832	CDS	cds-XP_011483055.1	CDS11	530	567	false	false	331	377			11_publication_figures_pre_interpro/tables/figure2_exon_to_protein_architecture_tracks.tsv
oryzias_latipes	IIIc	IIIc	IIIc	primary_claim_supported_with_minor_flags	false	primary_minor_flags	832	CDS	cds-XP_011483055.1	CDS12	567	630	false	false	331	377			11_publication_figures_pre_interpro/tables/figure2_exon_to_protein_architecture_tracks.tsv
oryzias_latipes	IIIc	IIIc	IIIc	primary_claim_supported_with_minor_flags	false	primary_minor_flags	832	CDS	cds-XP_011483055.1	CDS13	631	671	false	false	331	377			11_publication_figures_pre_interpro/tables/figure2_exon_to_protein_architecture_tracks.tsv
oryzias_latipes	IIIc	IIIc	IIIc	primary_claim_supported_with_minor_flags	false	primary_minor_flags	832	CDS	cds-XP_011483055.1	CDS14	672	695	false	false	331	377			11_publication_figures_pre_interpro/tables/figure2_exon_to_protein_architecture_tracks.tsv
oryzias_latipes	IIIc	IIIc	IIIc	primary_claim_supported_with_minor_flags	false	primary_minor_flags	832	CDS	cds-XP_011483055.1	CDS15	695	741	false	false	331	377			11_publication_figures_pre_interpro/tables/figure2_exon_to_protein_architecture_tracks.tsv
oryzias_latipes	IIIc	IIIc	IIIc	primary_claim_supported_with_minor_flags	false	primary_minor_flags	832	CDS	cds-XP_011483055.1	CDS16	741	776	false	false	331	377			11_publication_figures_pre_interpro/tables/figure2_exon_to_protein_architecture_tracks.tsv
oryzias_latipes	IIIc	IIIc	IIIc	primary_claim_supported_with_minor_flags	false	primary_minor_flags	832	CDS	cds-XP_011483055.1	CDS17	777	831	false	false	331	377			11_publication_figures_pre_interpro/tables/figure2_exon_to_protein_architecture_tracks.tsv
gasterosteus_aculeatus	IIIb	IIIb	IIIb	primary_claim_supported_with_minor_flags	false	primary_minor_flags	915	CDS	ENSGACE00000356794	CDS1	1	66	false	false	126	170			11_publication_figures_pre_interpro/tables/figure2_exon_to_protein_architecture_tracks.tsv
gasterosteus_aculeatus	IIIb	IIIb	IIIb	primary_claim_supported_with_minor_flags	false	primary_minor_flags	915	CDS	ENSGACE00000037323	CDS2	66	112	false	false	126	170			11_publication_figures_pre_interpro/tables/figure2_exon_to_protein_architecture_tracks.tsv
gasterosteus_aculeatus	IIIb	IIIb	IIIb	primary_claim_supported_with_minor_flags	false	primary_minor_flags	915	CDS	ENSGACE00000037321	CDS3	112	135	false	false	126	170			11_publication_figures_pre_interpro/tables/figure2_exon_to_protein_architecture_tracks.tsv
gasterosteus_aculeatus	IIIb	IIIb	IIIb	primary_claim_supported_with_minor_flags	false	primary_minor_flags	915	CDS	ENSGACE00000037319	CDS4	136	176	false	false	126	170			11_publication_figures_pre_interpro/tables/figure2_exon_to_protein_architecture_tracks.tsv
gasterosteus_aculeatus	IIIb	IIIb	IIIb	primary_claim_supported_with_minor_flags	false	primary_minor_flags	915	CDS	ENSGACE00000037316	CDS5	177	240	false	false	126	170			11_publication_figures_pre_interpro/tables/figure2_exon_to_protein_architecture_tracks.tsv
gasterosteus_aculeatus	IIIb	IIIb	IIIb	primary_claim_supported_with_minor_flags	false	primary_minor_flags	915	CDS	ENSGACE00000037310	CDS6	240	277	false	false	126	170			11_publication_figures_pre_interpro/tables/figure2_exon_to_protein_architecture_tracks.tsv
gasterosteus_aculeatus	IIIb	IIIb	IIIb	primary_claim_supported_with_minor_flags	false	primary_minor_flags	915	CDS	ENSGACE00000037306	CDS7	277	318	false	false	126	170			11_publication_figures_pre_interpro/tables/figure2_exon_to_protein_architecture_tracks.tsv
gasterosteus_aculeatus	IIIb	IIIb	IIIb	primary_claim_supported_with_minor_flags	false	primary_minor_flags	915	CDS	ENSGACE00000037304	CDS8	318	364	false	false	126	170			11_publication_figures_pre_interpro/tables/figure2_exon_to_protein_architecture_tracks.tsv
gasterosteus_aculeatus	IIIb	IIIb	IIIb	primary_claim_supported_with_minor_flags	false	primary_minor_flags	915	CDS	ENSGACE00000037302	CDS9	365	429	false	false	126	170			11_publication_figures_pre_interpro/tables/figure2_exon_to_protein_architecture_tracks.tsv
gasterosteus_aculeatus	IIIb	IIIb	IIIb	primary_claim_supported_with_minor_flags	false	primary_minor_flags	915	CDS	ENSGACE00000037297	IIIb cassette	429	477	true	false	126	170	unknown_codon_phase	unknown_codon_phase	11_publication_figures_pre_interpro/tables/figure2_exon_to_protein_architecture_tracks.tsv
gasterosteus_aculeatus	IIIb	IIIb	IIIb	primary_claim_supported_with_minor_flags	false	primary_minor_flags	915	CDS	ENSGACE00000335212	CDS11	478	541	false	false	126	170			11_publication_figures_pre_interpro/tables/figure2_exon_to_protein_architecture_tracks.tsv
gasterosteus_aculeatus	IIIb	IIIb	IIIb	primary_claim_supported_with_minor_flags	false	primary_minor_flags	915	CDS	ENSGACE00000037292	CDS12	541	582	false	false	126	170			11_publication_figures_pre_interpro/tables/figure2_exon_to_protein_architecture_tracks.tsv
gasterosteus_aculeatus	IIIb	IIIb	IIIb	primary_claim_supported_with_minor_flags	false	primary_minor_flags	915	CDS	ENSGACE00000037288	CDS13	583	639	false	false	126	170			11_publication_figures_pre_interpro/tables/figure2_exon_to_protein_architecture_tracks.tsv
gasterosteus_aculeatus	IIIb	IIIb	IIIb	primary_claim_supported_with_minor_flags	false	primary_minor_flags	915	CDS	ENSGACE00000037283	CDS14	639	664	false	false	126	170			11_publication_figures_pre_interpro/tables/figure2_exon_to_protein_architecture_tracks.tsv
gasterosteus_aculeatus	IIIb	IIIb	IIIb	primary_claim_supported_with_minor_flags	false	primary_minor_flags	915	CDS	ENSGACE00000037278	CDS15	664	748	false	false	126	170			11_publication_figures_pre_interpro/tables/figure2_exon_to_protein_architecture_tracks.tsv
gasterosteus_aculeatus	IIIb	IIIb	IIIb	primary_claim_supported_with_minor_flags	false	primary_minor_flags	915	CDS	ENSGACE00000337701	CDS16	748	794	false	false	126	170			11_publication_figures_pre_interpro/tables/figure2_exon_to_protein_architecture_tracks.tsv
gasterosteus_aculeatus	IIIb	IIIb	IIIb	primary_claim_supported_with_minor_flags	false	primary_minor_flags	915	CDS	ENSGACE00000423754	CDS17	795	858	false	false	126	170			11_publication_figures_pre_interpro/tables/figure2_exon_to_protein_architecture_tracks.tsv
gasterosteus_aculeatus	IIIb	IIIb	IIIb	primary_claim_supported_with_minor_flags	false	primary_minor_flags	915	CDS	ENSGACE00000386186	CDS18	858	918	false	false	126	170			11_publication_figures_pre_interpro/tables/figure2_exon_to_protein_architecture_tracks.tsv
gasterosteus_aculeatus	IIIc	IIIc	IIIc	primary_claim_supported_with_minor_flags	false	primary_minor_flags	917	CDS	ENSGACE00000356794	CDS1	1	66	false	false	443	489			11_publication_figures_pre_interpro/tables/figure2_exon_to_protein_architecture_tracks.tsv
gasterosteus_aculeatus	IIIc	IIIc	IIIc	primary_claim_supported_with_minor_flags	false	primary_minor_flags	917	CDS	ENSGACE00000037323	CDS2	66	112	false	false	443	489			11_publication_figures_pre_interpro/tables/figure2_exon_to_protein_architecture_tracks.tsv
gasterosteus_aculeatus	IIIc	IIIc	IIIc	primary_claim_supported_with_minor_flags	false	primary_minor_flags	917	CDS	ENSGACE00000037321	CDS3	112	135	false	false	443	489			11_publication_figures_pre_interpro/tables/figure2_exon_to_protein_architecture_tracks.tsv
gasterosteus_aculeatus	IIIc	IIIc	IIIc	primary_claim_supported_with_minor_flags	false	primary_minor_flags	917	CDS	ENSGACE00000037319	IIIc cassette	136	176	false	true	443	489	unknown_codon_phase	unknown_codon_phase	11_publication_figures_pre_interpro/tables/figure2_exon_to_protein_architecture_tracks.tsv
gasterosteus_aculeatus	IIIc	IIIc	IIIc	primary_claim_supported_with_minor_flags	false	primary_minor_flags	917	CDS	ENSGACE00000037316	CDS5	177	240	false	false	443	489			11_publication_figures_pre_interpro/tables/figure2_exon_to_protein_architecture_tracks.tsv
gasterosteus_aculeatus	IIIc	IIIc	IIIc	primary_claim_supported_with_minor_flags	false	primary_minor_flags	917	CDS	ENSGACE00000037310	CDS6	240	277	false	false	443	489			11_publication_figures_pre_interpro/tables/figure2_exon_to_protein_architecture_tracks.tsv
gasterosteus_aculeatus	IIIc	IIIc	IIIc	primary_claim_supported_with_minor_flags	false	primary_minor_flags	917	CDS	ENSGACE00000037306	CDS7	277	318	false	false	443	489			11_publication_figures_pre_interpro/tables/figure2_exon_to_protein_architecture_tracks.tsv
gasterosteus_aculeatus	IIIc	IIIc	IIIc	primary_claim_supported_with_minor_flags	false	primary_minor_flags	917	CDS	ENSGACE00000037304	CDS8	318	364	false	false	443	489			11_publication_figures_pre_interpro/tables/figure2_exon_to_protein_architecture_tracks.tsv
gasterosteus_aculeatus	IIIc	IIIc	IIIc	primary_claim_supported_with_minor_flags	false	primary_minor_flags	917	CDS	ENSGACE00000037302	CDS9	365	429	false	false	443	489			11_publication_figures_pre_interpro/tables/figure2_exon_to_protein_architecture_tracks.tsv
gasterosteus_aculeatus	IIIc	IIIc	IIIc	primary_claim_supported_with_minor_flags	false	primary_minor_flags	917	CDS	ENSGACE00000430123	CDS10	429	475	false	false	443	489			11_publication_figures_pre_interpro/tables/figure2_exon_to_protein_architecture_tracks.tsv
gasterosteus_aculeatus	IIIc	IIIc	IIIc	primary_claim_supported_with_minor_flags	false	primary_minor_flags	917	CDS	ENSGACE00000335212	CDS11	476	539	false	false	443	489			11_publication_figures_pre_interpro/tables/figure2_exon_to_protein_architecture_tracks.tsv
gasterosteus_aculeatus	IIIc	IIIc	IIIc	primary_claim_supported_with_minor_flags	false	primary_minor_flags	917	CDS	ENSGACE00000037292	CDS12	539	580	false	false	443	489			11_publication_figures_pre_interpro/tables/figure2_exon_to_protein_architecture_tracks.tsv
gasterosteus_aculeatus	IIIc	IIIc	IIIc	primary_claim_supported_with_minor_flags	false	primary_minor_flags	917	CDS	ENSGACE00000037288	CDS13	581	637	false	false	443	489			11_publication_figures_pre_interpro/tables/figure2_exon_to_protein_architecture_tracks.tsv
gasterosteus_aculeatus	IIIc	IIIc	IIIc	primary_claim_supported_with_minor_flags	false	primary_minor_flags	917	CDS	ENSGACE00000037283	CDS14	637	662	false	false	443	489			11_publication_figures_pre_interpro/tables/figure2_exon_to_protein_architecture_tracks.tsv
gasterosteus_aculeatus	IIIc	IIIc	IIIc	primary_claim_supported_with_minor_flags	false	primary_minor_flags	917	CDS	ENSGACE00000037278	CDS15	662	746	false	false	443	489			11_publication_figures_pre_interpro/tables/figure2_exon_to_protein_architecture_tracks.tsv
gasterosteus_aculeatus	IIIc	IIIc	IIIc	primary_claim_supported_with_minor_flags	false	primary_minor_flags	917	CDS	ENSGACE00000337701	CDS16	746	792	false	false	443	489			11_publication_figures_pre_interpro/tables/figure2_exon_to_protein_architecture_tracks.tsv
gasterosteus_aculeatus	IIIc	IIIc	IIIc	primary_claim_supported_with_minor_flags	false	primary_minor_flags	917	CDS	ENSGACE00000423754	CDS17	793	856	false	false	443	489			11_publication_figures_pre_interpro/tables/figure2_exon_to_protein_architecture_tracks.tsv
gasterosteus_aculeatus	IIIc	IIIc	IIIc	primary_claim_supported_with_minor_flags	false	primary_minor_flags	917	CDS	ENSGACE00000386186	CDS18	856	916	false	false	443	489			11_publication_figures_pre_interpro/tables/figure2_exon_to_protein_architecture_tracks.tsv
oreochromis_niloticus	IIIb	IIIb	IIIb	primary_claim_supported_with_minor_flags	false	primary_minor_flags	865	CDS	ENSONIE00000307338	CDS1	1	39	false	false	368	411			11_publication_figures_pre_interpro/tables/figure2_exon_to_protein_architecture_tracks.tsv
oreochromis_niloticus	IIIb	IIIb	IIIb	primary_claim_supported_with_minor_flags	false	primary_minor_flags	865	CDS	ENSONIE00000133060	CDS2	40	125	false	false	368	411			11_publication_figures_pre_interpro/tables/figure2_exon_to_protein_architecture_tracks.tsv
oreochromis_niloticus	IIIb	IIIb	IIIb	primary_claim_supported_with_minor_flags	false	primary_minor_flags	865	CDS	ENSONIE00000133061	CDS3	125	150	false	false	368	411			11_publication_figures_pre_interpro/tables/figure2_exon_to_protein_architecture_tracks.tsv
oreochromis_niloticus	IIIb	IIIb	IIIb	primary_claim_supported_with_minor_flags	false	primary_minor_flags	865	CDS	ENSONIE00000133062	CDS4	150	206	false	false	368	411			11_publication_figures_pre_interpro/tables/figure2_exon_to_protein_architecture_tracks.tsv
oreochromis_niloticus	IIIb	IIIb	IIIb	primary_claim_supported_with_minor_flags	false	primary_minor_flags	865	CDS	ENSONIE00000133063	CDS5	207	248	false	false	368	411			11_publication_figures_pre_interpro/tables/figure2_exon_to_protein_architecture_tracks.tsv
oreochromis_niloticus	IIIb	IIIb	IIIb	primary_claim_supported_with_minor_flags	false	primary_minor_flags	865	CDS	ENSONIE00000133064	CDS6	248	311	false	false	368	411			11_publication_figures_pre_interpro/tables/figure2_exon_to_protein_architecture_tracks.tsv
oreochromis_niloticus	IIIb	IIIb	IIIb	primary_claim_supported_with_minor_flags	false	primary_minor_flags	865	CDS	ENSONIE00000133065	IIIb cassette	312	360	true	false	368	411	unknown_codon_phase	unknown_codon_phase	11_publication_figures_pre_interpro/tables/figure2_exon_to_protein_architecture_tracks.tsv
oreochromis_niloticus	IIIb	IIIb	IIIb	primary_claim_supported_with_minor_flags	false	primary_minor_flags	865	CDS	ENSONIE00000133066	CDS8	360	424	false	false	368	411			11_publication_figures_pre_interpro/tables/figure2_exon_to_protein_architecture_tracks.tsv
oreochromis_niloticus	IIIb	IIIb	IIIb	primary_claim_supported_with_minor_flags	false	primary_minor_flags	865	CDS	ENSONIE00000133067	CDS9	425	471	false	false	368	411			11_publication_figures_pre_interpro/tables/figure2_exon_to_protein_architecture_tracks.tsv
oreochromis_niloticus	IIIb	IIIb	IIIb	primary_claim_supported_with_minor_flags	false	primary_minor_flags	865	CDS	ENSONIE00000133068	CDS10	471	512	false	false	368	411			11_publication_figures_pre_interpro/tables/figure2_exon_to_protein_architecture_tracks.tsv
oreochromis_niloticus	IIIb	IIIb	IIIb	primary_claim_supported_with_minor_flags	false	primary_minor_flags	865	CDS	ENSONIE00000133069	CDS11	512	549	false	false	368	411			11_publication_figures_pre_interpro/tables/figure2_exon_to_protein_architecture_tracks.tsv
oreochromis_niloticus	IIIb	IIIb	IIIb	primary_claim_supported_with_minor_flags	false	primary_minor_flags	865	CDS	ENSONIE00000133070	CDS12	549	612	false	false	368	411			11_publication_figures_pre_interpro/tables/figure2_exon_to_protein_architecture_tracks.tsv
oreochromis_niloticus	IIIb	IIIb	IIIb	primary_claim_supported_with_minor_flags	false	primary_minor_flags	865	CDS	ENSONIE00000133071	CDS13	613	653	false	false	368	411			11_publication_figures_pre_interpro/tables/figure2_exon_to_protein_architecture_tracks.tsv
oreochromis_niloticus	IIIb	IIIb	IIIb	primary_claim_supported_with_minor_flags	false	primary_minor_flags	865	CDS	ENSONIE00000133072	CDS14	654	677	false	false	368	411			11_publication_figures_pre_interpro/tables/figure2_exon_to_protein_architecture_tracks.tsv
oreochromis_niloticus	IIIb	IIIb	IIIb	primary_claim_supported_with_minor_flags	false	primary_minor_flags	865	CDS	ENSONIE00000133073	CDS15	677	723	false	false	368	411			11_publication_figures_pre_interpro/tables/figure2_exon_to_protein_architecture_tracks.tsv
oreochromis_niloticus	IIIb	IIIb	IIIb	primary_claim_supported_with_minor_flags	false	primary_minor_flags	865	CDS	ENSONIE00000133074	CDS16	723	758	false	false	368	411			11_publication_figures_pre_interpro/tables/figure2_exon_to_protein_architecture_tracks.tsv
oreochromis_niloticus	IIIb	IIIb	IIIb	primary_claim_supported_with_minor_flags	false	primary_minor_flags	865	CDS	ENSONIE00000484613	CDS17	759	813	false	false	368	411			11_publication_figures_pre_interpro/tables/figure2_exon_to_protein_architecture_tracks.tsv
oreochromis_niloticus	IIIc	IIIc	IIIc	primary_claim_supported_with_minor_flags	false	primary_minor_flags	812	CDS	ENSONIE00000293496	CDS1	1	94	false	false	313	359			11_publication_figures_pre_interpro/tables/figure2_exon_to_protein_architecture_tracks.tsv
oreochromis_niloticus	IIIc	IIIc	IIIc	primary_claim_supported_with_minor_flags	false	primary_minor_flags	812	CDS	ENSONIE00000133060	CDS2	95	180	false	false	313	359			11_publication_figures_pre_interpro/tables/figure2_exon_to_protein_architecture_tracks.tsv
oreochromis_niloticus	IIIc	IIIc	IIIc	primary_claim_supported_with_minor_flags	false	primary_minor_flags	812	CDS	ENSONIE00000133061	CDS3	180	205	false	false	313	359			11_publication_figures_pre_interpro/tables/figure2_exon_to_protein_architecture_tracks.tsv
oreochromis_niloticus	IIIc	IIIc	IIIc	primary_claim_supported_with_minor_flags	false	primary_minor_flags	812	CDS	ENSONIE00000133062	CDS4	205	261	false	false	313	359			11_publication_figures_pre_interpro/tables/figure2_exon_to_protein_architecture_tracks.tsv
oreochromis_niloticus	IIIc	IIIc	IIIc	primary_claim_supported_with_minor_flags	false	primary_minor_flags	812	CDS	ENSONIE00000133063	CDS5	262	303	false	false	313	359			11_publication_figures_pre_interpro/tables/figure2_exon_to_protein_architecture_tracks.tsv
oreochromis_niloticus	IIIc	IIIc	IIIc	primary_claim_supported_with_minor_flags	false	primary_minor_flags	812	CDS	ENSONIE00000133064	CDS6	303	366	false	false	313	359			11_publication_figures_pre_interpro/tables/figure2_exon_to_protein_architecture_tracks.tsv
oreochromis_niloticus	IIIc	IIIc	IIIc	primary_claim_supported_with_minor_flags	false	primary_minor_flags	812	CDS	ENSONIE00000305302	IIIc cassette	367	413	false	true	313	359	unknown_codon_phase	unknown_codon_phase	11_publication_figures_pre_interpro/tables/figure2_exon_to_protein_architecture_tracks.tsv
oreochromis_niloticus	IIIc	IIIc	IIIc	primary_claim_supported_with_minor_flags	false	primary_minor_flags	812	CDS	ENSONIE00000133066	CDS8	413	477	false	false	313	359			11_publication_figures_pre_interpro/tables/figure2_exon_to_protein_architecture_tracks.tsv
oreochromis_niloticus	IIIc	IIIc	IIIc	primary_claim_supported_with_minor_flags	false	primary_minor_flags	812	CDS	ENSONIE00000133067	CDS9	478	524	false	false	313	359			11_publication_figures_pre_interpro/tables/figure2_exon_to_protein_architecture_tracks.tsv
oreochromis_niloticus	IIIc	IIIc	IIIc	primary_claim_supported_with_minor_flags	false	primary_minor_flags	812	CDS	ENSONIE00000133068	CDS10	524	565	false	false	313	359			11_publication_figures_pre_interpro/tables/figure2_exon_to_protein_architecture_tracks.tsv
oreochromis_niloticus	IIIc	IIIc	IIIc	primary_claim_supported_with_minor_flags	false	primary_minor_flags	812	CDS	ENSONIE00000133069	CDS11	565	602	false	false	313	359			11_publication_figures_pre_interpro/tables/figure2_exon_to_protein_architecture_tracks.tsv
oreochromis_niloticus	IIIc	IIIc	IIIc	primary_claim_supported_with_minor_flags	false	primary_minor_flags	812	CDS	ENSONIE00000133070	CDS12	602	665	false	false	313	359			11_publication_figures_pre_interpro/tables/figure2_exon_to_protein_architecture_tracks.tsv
oreochromis_niloticus	IIIc	IIIc	IIIc	primary_claim_supported_with_minor_flags	false	primary_minor_flags	812	CDS	ENSONIE00000133071	CDS13	666	706	false	false	313	359			11_publication_figures_pre_interpro/tables/figure2_exon_to_protein_architecture_tracks.tsv
oreochromis_niloticus	IIIc	IIIc	IIIc	primary_claim_supported_with_minor_flags	false	primary_minor_flags	812	CDS	ENSONIE00000133072	CDS14	707	730	false	false	313	359			11_publication_figures_pre_interpro/tables/figure2_exon_to_protein_architecture_tracks.tsv
oreochromis_niloticus	IIIc	IIIc	IIIc	primary_claim_supported_with_minor_flags	false	primary_minor_flags	812	CDS	ENSONIE00000133073	CDS15	730	776	false	false	313	359			11_publication_figures_pre_interpro/tables/figure2_exon_to_protein_architecture_tracks.tsv
oreochromis_niloticus	IIIc	IIIc	IIIc	primary_claim_supported_with_minor_flags	false	primary_minor_flags	812	CDS	ENSONIE00000133074	CDS16	776	811	false	false	313	359			11_publication_figures_pre_interpro/tables/figure2_exon_to_protein_architecture_tracks.tsv
oreochromis_niloticus	IIIc	IIIc	IIIc	primary_claim_supported_with_minor_flags	false	primary_minor_flags	812	CDS	ENSONIE00000484613	CDS17	812	866	false	false	313	359			11_publication_figures_pre_interpro/tables/figure2_exon_to_protein_architecture_tracks.tsv
takifugu_rubripes	IIIb	IIIb	IIIb	primary_claim_supported_with_minor_flags	false	primary_minor_flags	836	CDS	ENSTRUE00000362938	CDS1	1	55	false	false	337	381			11_publication_figures_pre_interpro/tables/figure2_exon_to_protein_architecture_tracks.tsv
takifugu_rubripes	IIIb	IIIb	IIIb	primary_claim_supported_with_minor_flags	false	primary_minor_flags	836	CDS	ENSTRUE00000303945	CDS2	56	91	false	false	337	381			11_publication_figures_pre_interpro/tables/figure2_exon_to_protein_architecture_tracks.tsv
takifugu_rubripes	IIIb	IIIb	IIIb	primary_claim_supported_with_minor_flags	false	primary_minor_flags	836	CDS	ENSTRUE00000303944	CDS3	91	137	false	false	337	381			11_publication_figures_pre_interpro/tables/figure2_exon_to_protein_architecture_tracks.tsv
takifugu_rubripes	IIIb	IIIb	IIIb	primary_claim_supported_with_minor_flags	false	primary_minor_flags	836	CDS	ENSTRUE00000303943	CDS4	137	160	false	false	337	381			11_publication_figures_pre_interpro/tables/figure2_exon_to_protein_architecture_tracks.tsv
takifugu_rubripes	IIIb	IIIb	IIIb	primary_claim_supported_with_minor_flags	false	primary_minor_flags	836	CDS	ENSTRUE00000303942	CDS5	161	201	false	false	337	381			11_publication_figures_pre_interpro/tables/figure2_exon_to_protein_architecture_tracks.tsv
takifugu_rubripes	IIIb	IIIb	IIIb	primary_claim_supported_with_minor_flags	false	primary_minor_flags	836	CDS	ENSTRUE00000303941	CDS6	202	265	false	false	337	381			11_publication_figures_pre_interpro/tables/figure2_exon_to_protein_architecture_tracks.tsv
takifugu_rubripes	IIIb	IIIb	IIIb	primary_claim_supported_with_minor_flags	false	primary_minor_flags	836	CDS	ENSTRUE00000303940	CDS7	265	302	false	false	337	381			11_publication_figures_pre_interpro/tables/figure2_exon_to_protein_architecture_tracks.tsv
takifugu_rubripes	IIIb	IIIb	IIIb	primary_claim_supported_with_minor_flags	false	primary_minor_flags	836	CDS	ENSTRUE00000303939	IIIb cassette	302	343	true	false	337	381	unknown_codon_phase	unknown_codon_phase	11_publication_figures_pre_interpro/tables/figure2_exon_to_protein_architecture_tracks.tsv
takifugu_rubripes	IIIb	IIIb	IIIb	primary_claim_supported_with_minor_flags	false	primary_minor_flags	836	CDS	ENSTRUE00000303938	CDS9	343	389	false	false	337	381			11_publication_figures_pre_interpro/tables/figure2_exon_to_protein_architecture_tracks.tsv
takifugu_rubripes	IIIb	IIIb	IIIb	primary_claim_supported_with_minor_flags	false	primary_minor_flags	836	CDS	ENSTRUE00000487658	CDS10	390	456	false	false	337	381			11_publication_figures_pre_interpro/tables/figure2_exon_to_protein_architecture_tracks.tsv
takifugu_rubripes	IIIb	IIIb	IIIb	primary_claim_supported_with_minor_flags	false	primary_minor_flags	836	CDS	ENSTRUE00000303936	CDS11	456	504	false	false	337	381			11_publication_figures_pre_interpro/tables/figure2_exon_to_protein_architecture_tracks.tsv
takifugu_rubripes	IIIb	IIIb	IIIb	primary_claim_supported_with_minor_flags	false	primary_minor_flags	836	CDS	ENSTRUE00000303935	CDS12	505	568	false	false	337	381			11_publication_figures_pre_interpro/tables/figure2_exon_to_protein_architecture_tracks.tsv
takifugu_rubripes	IIIb	IIIb	IIIb	primary_claim_supported_with_minor_flags	false	primary_minor_flags	836	CDS	ENSTRUE00000303934	CDS13	568	609	false	false	337	381			11_publication_figures_pre_interpro/tables/figure2_exon_to_protein_architecture_tracks.tsv
takifugu_rubripes	IIIb	IIIb	IIIb	primary_claim_supported_with_minor_flags	false	primary_minor_flags	836	CDS	ENSTRUE00000303933	CDS14	610	668	false	false	337	381			11_publication_figures_pre_interpro/tables/figure2_exon_to_protein_architecture_tracks.tsv
takifugu_rubripes	IIIb	IIIb	IIIb	primary_claim_supported_with_minor_flags	false	primary_minor_flags	836	CDS	ENSTRUE00000303932	CDS15	668	693	false	false	337	381			11_publication_figures_pre_interpro/tables/figure2_exon_to_protein_architecture_tracks.tsv
takifugu_rubripes	IIIb	IIIb	IIIb	primary_claim_supported_with_minor_flags	false	primary_minor_flags	836	CDS	ENSTRUE00000303931	CDS16	693	779	false	false	337	381			11_publication_figures_pre_interpro/tables/figure2_exon_to_protein_architecture_tracks.tsv
takifugu_rubripes	IIIb	IIIb	IIIb	primary_claim_supported_with_minor_flags	false	primary_minor_flags	836	CDS	ENSTRUE00000369783	CDS17	779	839	false	false	337	381			11_publication_figures_pre_interpro/tables/figure2_exon_to_protein_architecture_tracks.tsv
takifugu_rubripes	IIIc	IIIc	IIIc	primary_claim_supported_with_minor_flags	false	primary_minor_flags	838	CDS	ENSTRUE00000362938	CDS1	1	55	false	false	337	383			11_publication_figures_pre_interpro/tables/figure2_exon_to_protein_architecture_tracks.tsv
takifugu_rubripes	IIIc	IIIc	IIIc	primary_claim_supported_with_minor_flags	false	primary_minor_flags	838	CDS	ENSTRUE00000303945	CDS2	56	91	false	false	337	383			11_publication_figures_pre_interpro/tables/figure2_exon_to_protein_architecture_tracks.tsv
takifugu_rubripes	IIIc	IIIc	IIIc	primary_claim_supported_with_minor_flags	false	primary_minor_flags	838	CDS	ENSTRUE00000303944	CDS3	91	137	false	false	337	383			11_publication_figures_pre_interpro/tables/figure2_exon_to_protein_architecture_tracks.tsv
takifugu_rubripes	IIIc	IIIc	IIIc	primary_claim_supported_with_minor_flags	false	primary_minor_flags	838	CDS	ENSTRUE00000303943	CDS4	137	160	false	false	337	383			11_publication_figures_pre_interpro/tables/figure2_exon_to_protein_architecture_tracks.tsv
takifugu_rubripes	IIIc	IIIc	IIIc	primary_claim_supported_with_minor_flags	false	primary_minor_flags	838	CDS	ENSTRUE00000303942	CDS5	161	201	false	false	337	383			11_publication_figures_pre_interpro/tables/figure2_exon_to_protein_architecture_tracks.tsv
takifugu_rubripes	IIIc	IIIc	IIIc	primary_claim_supported_with_minor_flags	false	primary_minor_flags	838	CDS	ENSTRUE00000303941	CDS6	202	265	false	false	337	383			11_publication_figures_pre_interpro/tables/figure2_exon_to_protein_architecture_tracks.tsv
takifugu_rubripes	IIIc	IIIc	IIIc	primary_claim_supported_with_minor_flags	false	primary_minor_flags	838	CDS	ENSTRUE00000303940	CDS7	265	302	false	false	337	383			11_publication_figures_pre_interpro/tables/figure2_exon_to_protein_architecture_tracks.tsv
takifugu_rubripes	IIIc	IIIc	IIIc	primary_claim_supported_with_minor_flags	false	primary_minor_flags	838	CDS	ENSTRUE00000303939	CDS8	302	343	false	false	337	383			11_publication_figures_pre_interpro/tables/figure2_exon_to_protein_architecture_tracks.tsv
takifugu_rubripes	IIIc	IIIc	IIIc	primary_claim_supported_with_minor_flags	false	primary_minor_flags	838	CDS	ENSTRUE00000303938	IIIc cassette	343	389	false	true	337	383	unknown_codon_phase	unknown_codon_phase	11_publication_figures_pre_interpro/tables/figure2_exon_to_protein_architecture_tracks.tsv
takifugu_rubripes	IIIc	IIIc	IIIc	primary_claim_supported_with_minor_flags	false	primary_minor_flags	838	CDS	ENSTRUE00000487658	CDS10	390	456	false	false	337	383			11_publication_figures_pre_interpro/tables/figure2_exon_to_protein_architecture_tracks.tsv
takifugu_rubripes	IIIc	IIIc	IIIc	primary_claim_supported_with_minor_flags	false	primary_minor_flags	838	CDS	ENSTRUE00000303948	CDS11	456	502	false	false	337	383			11_publication_figures_pre_interpro/tables/figure2_exon_to_protein_architecture_tracks.tsv
takifugu_rubripes	IIIc	IIIc	IIIc	primary_claim_supported_with_minor_flags	false	primary_minor_flags	838	CDS	ENSTRUE00000303935	CDS12	503	566	false	false	337	383			11_publication_figures_pre_interpro/tables/figure2_exon_to_protein_architecture_tracks.tsv
takifugu_rubripes	IIIc	IIIc	IIIc	primary_claim_supported_with_minor_flags	false	primary_minor_flags	838	CDS	ENSTRUE00000303934	CDS13	566	607	false	false	337	383			11_publication_figures_pre_interpro/tables/figure2_exon_to_protein_architecture_tracks.tsv
takifugu_rubripes	IIIc	IIIc	IIIc	primary_claim_supported_with_minor_flags	false	primary_minor_flags	838	CDS	ENSTRUE00000303933	CDS14	608	666	false	false	337	383			11_publication_figures_pre_interpro/tables/figure2_exon_to_protein_architecture_tracks.tsv
takifugu_rubripes	IIIc	IIIc	IIIc	primary_claim_supported_with_minor_flags	false	primary_minor_flags	838	CDS	ENSTRUE00000303932	CDS15	666	691	false	false	337	383			11_publication_figures_pre_interpro/tables/figure2_exon_to_protein_architecture_tracks.tsv
takifugu_rubripes	IIIc	IIIc	IIIc	primary_claim_supported_with_minor_flags	false	primary_minor_flags	838	CDS	ENSTRUE00000303931	CDS16	691	777	false	false	337	383			11_publication_figures_pre_interpro/tables/figure2_exon_to_protein_architecture_tracks.tsv
takifugu_rubripes	IIIc	IIIc	IIIc	primary_claim_supported_with_minor_flags	false	primary_minor_flags	838	CDS	ENSTRUE00000369783	CDS17	777	837	false	false	337	383			11_publication_figures_pre_interpro/tables/figure2_exon_to_protein_architecture_tracks.tsv
