species	isoform	final_isoform_label	validated_exon_type	final_claim_status_after_rescue	visual_review_flag	panel	human_reference_residue_index	human_reference_aa	species_aa	agreement_class	is_discriminating_position	source_coordinate_table
homo_sapiens	IIIb	IIIb	IIIb	primary_claim_supported_with_minor_flags	false	main	1	H	H	identical_to_human	true	MSA/final_human_referenced_residue_agreement.tsv
homo_sapiens	IIIb	IIIb	IIIb	primary_claim_supported_with_minor_flags	false	main	2	S	S	identical_to_human	true	MSA/final_human_referenced_residue_agreement.tsv
homo_sapiens	IIIb	IIIb	IIIb	primary_claim_supported_with_minor_flags	false	main	3	G	G	identical_to_human	false	MSA/final_human_referenced_residue_agreement.tsv
homo_sapiens	IIIb	IIIb	IIIb	primary_claim_supported_with_minor_flags	false	main	4	I	I	identical_to_human	true	MSA/final_human_referenced_residue_agreement.tsv
homo_sapiens	IIIb	IIIb	IIIb	primary_claim_supported_with_minor_flags	false	main	5	N	N	identical_to_human	false	MSA/final_human_referenced_residue_agreement.tsv
homo_sapiens	IIIb	IIIb	IIIb	primary_claim_supported_with_minor_flags	false	main	6	S	S	identical_to_human	true	MSA/final_human_referenced_residue_agreement.tsv
homo_sapiens	IIIb	IIIb	IIIb	primary_claim_supported_with_minor_flags	false	main	7	S	S	identical_to_human	true	MSA/final_human_referenced_residue_agreement.tsv
homo_sapiens	IIIb	IIIb	IIIb	primary_claim_supported_with_minor_flags	false	main	8	N	N	identical_to_human	true	MSA/final_human_referenced_residue_agreement.tsv
homo_sapiens	IIIb	IIIb	IIIb	primary_claim_supported_with_minor_flags	false	main	9	A	A	identical_to_human	true	MSA/final_human_referenced_residue_agreement.tsv
homo_sapiens	IIIb	IIIb	IIIb	primary_claim_supported_with_minor_flags	false	main	10	E	E	identical_to_human	true	MSA/final_human_referenced_residue_agreement.tsv
homo_sapiens	IIIb	IIIb	IIIb	primary_claim_supported_with_minor_flags	false	main	11	V	V	identical_to_human	false	MSA/final_human_referenced_residue_agreement.tsv
homo_sapiens	IIIb	IIIb	IIIb	primary_claim_supported_with_minor_flags	false	main	12	L	L	identical_to_human	false	MSA/final_human_referenced_residue_agreement.tsv
homo_sapiens	IIIb	IIIb	IIIb	primary_claim_supported_with_minor_flags	false	main	13	A	A	identical_to_human	false	MSA/final_human_referenced_residue_agreement.tsv
homo_sapiens	IIIb	IIIb	IIIb	primary_claim_supported_with_minor_flags	false	main	14	L	L	identical_to_human	true	MSA/final_human_referenced_residue_agreement.tsv
homo_sapiens	IIIb	IIIb	IIIb	primary_claim_supported_with_minor_flags	false	main	15	F	F	identical_to_human	false	MSA/final_human_referenced_residue_agreement.tsv
homo_sapiens	IIIb	IIIb	IIIb	primary_claim_supported_with_minor_flags	false	main	16	N	N	identical_to_human	false	MSA/final_human_referenced_residue_agreement.tsv
homo_sapiens	IIIb	IIIb	IIIb	primary_claim_supported_with_minor_flags	false	main	17	V	V	identical_to_human	false	MSA/final_human_referenced_residue_agreement.tsv
homo_sapiens	IIIb	IIIb	IIIb	primary_claim_supported_with_minor_flags	false	main	18	T	T	identical_to_human	false	MSA/final_human_referenced_residue_agreement.tsv
homo_sapiens	IIIb	IIIb	IIIb	primary_claim_supported_with_minor_flags	false	main	19	E	E	identical_to_human	true	MSA/final_human_referenced_residue_agreement.tsv
homo_sapiens	IIIb	IIIb	IIIb	primary_claim_supported_with_minor_flags	false	main	20	A	A	identical_to_human	false	MSA/final_human_referenced_residue_agreement.tsv
homo_sapiens	IIIb	IIIb	IIIb	primary_claim_supported_with_minor_flags	false	main	21	D	D	identical_to_human	false	MSA/final_human_referenced_residue_agreement.tsv
homo_sapiens	IIIb	IIIb	IIIb	primary_claim_supported_with_minor_flags	false	main	22	A	A	identical_to_human	false	MSA/final_human_referenced_residue_agreement.tsv
homo_sapiens	IIIb	IIIb	IIIb	primary_claim_supported_with_minor_flags	false	main	23	G	G	identical_to_human	false	MSA/final_human_referenced_residue_agreement.tsv
homo_sapiens	IIIb	IIIb	IIIb	primary_claim_supported_with_minor_flags	false	main	24	E	E	identical_to_human	false	MSA/final_human_referenced_residue_agreement.tsv
homo_sapiens	IIIb	IIIb	IIIb	primary_claim_supported_with_minor_flags	false	main	25	Y	Y	identical_to_human	false	MSA/final_human_referenced_residue_agreement.tsv
homo_sapiens	IIIb	IIIb	IIIb	primary_claim_supported_with_minor_flags	false	main	26	I	I	identical_to_human	true	MSA/final_human_referenced_residue_agreement.tsv
homo_sapiens	IIIb	IIIb	IIIb	primary_claim_supported_with_minor_flags	false	main	27	C	C	identical_to_human	false	MSA/final_human_referenced_residue_agreement.tsv
homo_sapiens	IIIb	IIIb	IIIb	primary_claim_supported_with_minor_flags	false	main	28	K	K	identical_to_human	true	MSA/final_human_referenced_residue_agreement.tsv
homo_sapiens	IIIb	IIIb	IIIb	primary_claim_supported_with_minor_flags	false	main	29	V	V	identical_to_human	true	MSA/final_human_referenced_residue_agreement.tsv
homo_sapiens	IIIb	IIIb	IIIb	primary_claim_supported_with_minor_flags	false	main	30	S	S	identical_to_human	true	MSA/final_human_referenced_residue_agreement.tsv
homo_sapiens	IIIb	IIIb	IIIb	primary_claim_supported_with_minor_flags	false	main	31	N	N	identical_to_human	false	MSA/final_human_referenced_residue_agreement.tsv
homo_sapiens	IIIb	IIIb	IIIb	primary_claim_supported_with_minor_flags	false	main	32	Y	Y	identical_to_human	true	MSA/final_human_referenced_residue_agreement.tsv
homo_sapiens	IIIb	IIIb	IIIb	primary_claim_supported_with_minor_flags	false	main	33	I	I	identical_to_human	false	MSA/final_human_referenced_residue_agreement.tsv
homo_sapiens	IIIb	IIIb	IIIb	primary_claim_supported_with_minor_flags	false	main	34	G	G	identical_to_human	false	MSA/final_human_referenced_residue_agreement.tsv
homo_sapiens	IIIb	IIIb	IIIb	primary_claim_supported_with_minor_flags	false	main	35	Q	Q	identical_to_human	false	MSA/final_human_referenced_residue_agreement.tsv
homo_sapiens	IIIb	IIIb	IIIb	primary_claim_supported_with_minor_flags	false	main	36	A	A	identical_to_human	true	MSA/final_human_referenced_residue_agreement.tsv
homo_sapiens	IIIb	IIIb	IIIb	primary_claim_supported_with_minor_flags	false	main	37	N	N	identical_to_human	true	MSA/final_human_referenced_residue_agreement.tsv
homo_sapiens	IIIb	IIIb	IIIb	primary_claim_supported_with_minor_flags	false	main	38	Q	Q	identical_to_human	true	MSA/final_human_referenced_residue_agreement.tsv
homo_sapiens	IIIb	IIIb	IIIb	primary_claim_supported_with_minor_flags	false	main	39	S	S	identical_to_human	false	MSA/final_human_referenced_residue_agreement.tsv
homo_sapiens	IIIb	IIIb	IIIb	primary_claim_supported_with_minor_flags	false	main	40	A	A	identical_to_human	false	MSA/final_human_referenced_residue_agreement.tsv
homo_sapiens	IIIb	IIIb	IIIb	primary_claim_supported_with_minor_flags	false	main	41	W	W	identical_to_human	false	MSA/final_human_referenced_residue_agreement.tsv
homo_sapiens	IIIb	IIIb	IIIb	primary_claim_supported_with_minor_flags	false	main	42	L	L	identical_to_human	false	MSA/final_human_referenced_residue_agreement.tsv
homo_sapiens	IIIb	IIIb	IIIb	primary_claim_supported_with_minor_flags	false	main	43	T	T	identical_to_human	false	MSA/final_human_referenced_residue_agreement.tsv
homo_sapiens	IIIb	IIIb	IIIb	primary_claim_supported_with_minor_flags	false	main	44	V	V	identical_to_human	false	MSA/final_human_referenced_residue_agreement.tsv
homo_sapiens	IIIb	IIIb	IIIb	primary_claim_supported_with_minor_flags	false	main	45	L	L	identical_to_human	false	MSA/final_human_referenced_residue_agreement.tsv
homo_sapiens	IIIb	IIIb	IIIb	primary_claim_supported_with_minor_flags	false	main	46	P	P	identical_to_human	false	MSA/final_human_referenced_residue_agreement.tsv
homo_sapiens	IIIc	IIIc	IIIc	primary_claim_supported_with_minor_flags	false	main	1	A	A	identical_to_human	true	MSA/final_human_referenced_residue_agreement.tsv
homo_sapiens	IIIc	IIIc	IIIc	primary_claim_supported_with_minor_flags	false	main	2	A	A	identical_to_human	true	MSA/final_human_referenced_residue_agreement.tsv
homo_sapiens	IIIc	IIIc	IIIc	primary_claim_supported_with_minor_flags	false	main	3	G	G	identical_to_human	false	MSA/final_human_referenced_residue_agreement.tsv
homo_sapiens	IIIc	IIIc	IIIc	primary_claim_supported_with_minor_flags	false	main	4	V	V	identical_to_human	true	MSA/final_human_referenced_residue_agreement.tsv
homo_sapiens	IIIc	IIIc	IIIc	primary_claim_supported_with_minor_flags	false	main	5	N	N	identical_to_human	false	MSA/final_human_referenced_residue_agreement.tsv
homo_sapiens	IIIc	IIIc	IIIc	primary_claim_supported_with_minor_flags	false	main	6	T	T	identical_to_human	true	MSA/final_human_referenced_residue_agreement.tsv
homo_sapiens	IIIc	IIIc	IIIc	primary_claim_supported_with_minor_flags	false	main	7	T	T	identical_to_human	true	MSA/final_human_referenced_residue_agreement.tsv
homo_sapiens	IIIc	IIIc	IIIc	primary_claim_supported_with_minor_flags	false	main	8	D	D	identical_to_human	true	MSA/final_human_referenced_residue_agreement.tsv
homo_sapiens	IIIc	IIIc	IIIc	primary_claim_supported_with_minor_flags	false	main	9	K	K	identical_to_human	true	MSA/final_human_referenced_residue_agreement.tsv
homo_sapiens	IIIc	IIIc	IIIc	primary_claim_supported_with_minor_flags	false	main	10	E	E	identical_to_human	true	MSA/final_human_referenced_residue_agreement.tsv
homo_sapiens	IIIc	IIIc	IIIc	primary_claim_supported_with_minor_flags	false	main	11	I	I	identical_to_human	false	MSA/final_human_referenced_residue_agreement.tsv
homo_sapiens	IIIc	IIIc	IIIc	primary_claim_supported_with_minor_flags	false	main	12	E	E	identical_to_human	false	MSA/final_human_referenced_residue_agreement.tsv
homo_sapiens	IIIc	IIIc	IIIc	primary_claim_supported_with_minor_flags	false	main	13	V	V	identical_to_human	false	MSA/final_human_referenced_residue_agreement.tsv
homo_sapiens	IIIc	IIIc	IIIc	primary_claim_supported_with_minor_flags	false	main	14	L	L	identical_to_human	true	MSA/final_human_referenced_residue_agreement.tsv
homo_sapiens	IIIc	IIIc	IIIc	primary_claim_supported_with_minor_flags	false	main	15	Y	Y	identical_to_human	false	MSA/final_human_referenced_residue_agreement.tsv
homo_sapiens	IIIc	IIIc	IIIc	primary_claim_supported_with_minor_flags	false	main	16	I	I	identical_to_human	false	MSA/final_human_referenced_residue_agreement.tsv
homo_sapiens	IIIc	IIIc	IIIc	primary_claim_supported_with_minor_flags	false	main	17	R	R	identical_to_human	false	MSA/final_human_referenced_residue_agreement.tsv
homo_sapiens	IIIc	IIIc	IIIc	primary_claim_supported_with_minor_flags	false	main	18	N	N	identical_to_human	false	MSA/final_human_referenced_residue_agreement.tsv
homo_sapiens	IIIc	IIIc	IIIc	primary_claim_supported_with_minor_flags	false	main	19	V	V	identical_to_human	true	MSA/final_human_referenced_residue_agreement.tsv
homo_sapiens	IIIc	IIIc	IIIc	primary_claim_supported_with_minor_flags	false	main	20	T	T	identical_to_human	false	MSA/final_human_referenced_residue_agreement.tsv
homo_sapiens	IIIc	IIIc	IIIc	primary_claim_supported_with_minor_flags	false	main	21	F	F	identical_to_human	false	MSA/final_human_referenced_residue_agreement.tsv
homo_sapiens	IIIc	IIIc	IIIc	primary_claim_supported_with_minor_flags	false	main	22	E	E	identical_to_human	false	MSA/final_human_referenced_residue_agreement.tsv
homo_sapiens	IIIc	IIIc	IIIc	primary_claim_supported_with_minor_flags	false	main	23	D	D	identical_to_human	false	MSA/final_human_referenced_residue_agreement.tsv
homo_sapiens	IIIc	IIIc	IIIc	primary_claim_supported_with_minor_flags	false	main	24	A	A	identical_to_human	false	MSA/final_human_referenced_residue_agreement.tsv
homo_sapiens	IIIc	IIIc	IIIc	primary_claim_supported_with_minor_flags	false	main	25	G	G	identical_to_human	false	MSA/final_human_referenced_residue_agreement.tsv
homo_sapiens	IIIc	IIIc	IIIc	primary_claim_supported_with_minor_flags	false	main	26	E	E	identical_to_human	true	MSA/final_human_referenced_residue_agreement.tsv
homo_sapiens	IIIc	IIIc	IIIc	primary_claim_supported_with_minor_flags	false	main	27	Y	Y	identical_to_human	false	MSA/final_human_referenced_residue_agreement.tsv
homo_sapiens	IIIc	IIIc	IIIc	primary_claim_supported_with_minor_flags	false	main	28	T	T	identical_to_human	true	MSA/final_human_referenced_residue_agreement.tsv
homo_sapiens	IIIc	IIIc	IIIc	primary_claim_supported_with_minor_flags	false	main	29	C	C	identical_to_human	true	MSA/final_human_referenced_residue_agreement.tsv
homo_sapiens	IIIc	IIIc	IIIc	primary_claim_supported_with_minor_flags	false	main	30	L	L	identical_to_human	true	MSA/final_human_referenced_residue_agreement.tsv
homo_sapiens	IIIc	IIIc	IIIc	primary_claim_supported_with_minor_flags	false	main	31	A	A	identical_to_human	false	MSA/final_human_referenced_residue_agreement.tsv
homo_sapiens	IIIc	IIIc	IIIc	primary_claim_supported_with_minor_flags	false	main	32	G	G	identical_to_human	true	MSA/final_human_referenced_residue_agreement.tsv
homo_sapiens	IIIc	IIIc	IIIc	primary_claim_supported_with_minor_flags	false	main	33	N	N	identical_to_human	false	MSA/final_human_referenced_residue_agreement.tsv
homo_sapiens	IIIc	IIIc	IIIc	primary_claim_supported_with_minor_flags	false	main	34	S	S	identical_to_human	false	MSA/final_human_referenced_residue_agreement.tsv
homo_sapiens	IIIc	IIIc	IIIc	primary_claim_supported_with_minor_flags	false	main	35	I	I	identical_to_human	false	MSA/final_human_referenced_residue_agreement.tsv
homo_sapiens	IIIc	IIIc	IIIc	primary_claim_supported_with_minor_flags	false	main	36	G	G	identical_to_human	true	MSA/final_human_referenced_residue_agreement.tsv
homo_sapiens	IIIc	IIIc	IIIc	primary_claim_supported_with_minor_flags	false	main	37	I	I	identical_to_human	true	MSA/final_human_referenced_residue_agreement.tsv
homo_sapiens	IIIc	IIIc	IIIc	primary_claim_supported_with_minor_flags	false	main	38	S	S	identical_to_human	true	MSA/final_human_referenced_residue_agreement.tsv
homo_sapiens	IIIc	IIIc	IIIc	primary_claim_supported_with_minor_flags	false	main	39	F	F	identical_to_human	false	MSA/final_human_referenced_residue_agreement.tsv
homo_sapiens	IIIc	IIIc	IIIc	primary_claim_supported_with_minor_flags	false	main	40	H	H	identical_to_human	false	MSA/final_human_referenced_residue_agreement.tsv
homo_sapiens	IIIc	IIIc	IIIc	primary_claim_supported_with_minor_flags	false	main	41	S	S	identical_to_human	false	MSA/final_human_referenced_residue_agreement.tsv
homo_sapiens	IIIc	IIIc	IIIc	primary_claim_supported_with_minor_flags	false	main	42	A	A	identical_to_human	false	MSA/final_human_referenced_residue_agreement.tsv
homo_sapiens	IIIc	IIIc	IIIc	primary_claim_supported_with_minor_flags	false	main	43	W	W	identical_to_human	false	MSA/final_human_referenced_residue_agreement.tsv
homo_sapiens	IIIc	IIIc	IIIc	primary_claim_supported_with_minor_flags	false	main	44	L	L	identical_to_human	false	MSA/final_human_referenced_residue_agreement.tsv
homo_sapiens	IIIc	IIIc	IIIc	primary_claim_supported_with_minor_flags	false	main	45	T	T	identical_to_human	false	MSA/final_human_referenced_residue_agreement.tsv
homo_sapiens	IIIc	IIIc	IIIc	primary_claim_supported_with_minor_flags	false	main	46	V	V	identical_to_human	false	MSA/final_human_referenced_residue_agreement.tsv
homo_sapiens	IIIc	IIIc	IIIc	primary_claim_supported_with_minor_flags	false	main	47	L	L	identical_to_human	false	MSA/final_human_referenced_residue_agreement.tsv
homo_sapiens	IIIc	IIIc	IIIc	primary_claim_supported_with_minor_flags	false	main	48	P	P	identical_to_human	false	MSA/final_human_referenced_residue_agreement.tsv
pan_troglodytes	IIIb	IIIb	IIIb	primary_claim_supported_with_minor_flags	false	main	1	H	H	identical_to_human	true	MSA/final_human_referenced_residue_agreement.tsv
pan_troglodytes	IIIb	IIIb	IIIb	primary_claim_supported_with_minor_flags	false	main	2	S	S	identical_to_human	true	MSA/final_human_referenced_residue_agreement.tsv
pan_troglodytes	IIIb	IIIb	IIIb	primary_claim_supported_with_minor_flags	false	main	3	G	G	identical_to_human	false	MSA/final_human_referenced_residue_agreement.tsv
pan_troglodytes	IIIb	IIIb	IIIb	primary_claim_supported_with_minor_flags	false	main	4	I	I	identical_to_human	true	MSA/final_human_referenced_residue_agreement.tsv
pan_troglodytes	IIIb	IIIb	IIIb	primary_claim_supported_with_minor_flags	false	main	5	N	N	identical_to_human	false	MSA/final_human_referenced_residue_agreement.tsv
pan_troglodytes	IIIb	IIIb	IIIb	primary_claim_supported_with_minor_flags	false	main	6	S	S	identical_to_human	true	MSA/final_human_referenced_residue_agreement.tsv
pan_troglodytes	IIIb	IIIb	IIIb	primary_claim_supported_with_minor_flags	false	main	7	S	S	identical_to_human	true	MSA/final_human_referenced_residue_agreement.tsv
pan_troglodytes	IIIb	IIIb	IIIb	primary_claim_supported_with_minor_flags	false	main	8	N	N	identical_to_human	true	MSA/final_human_referenced_residue_agreement.tsv
pan_troglodytes	IIIb	IIIb	IIIb	primary_claim_supported_with_minor_flags	false	main	9	A	A	identical_to_human	true	MSA/final_human_referenced_residue_agreement.tsv
pan_troglodytes	IIIb	IIIb	IIIb	primary_claim_supported_with_minor_flags	false	main	10	E	E	identical_to_human	true	MSA/final_human_referenced_residue_agreement.tsv
pan_troglodytes	IIIb	IIIb	IIIb	primary_claim_supported_with_minor_flags	false	main	11	V	V	identical_to_human	false	MSA/final_human_referenced_residue_agreement.tsv
pan_troglodytes	IIIb	IIIb	IIIb	primary_claim_supported_with_minor_flags	false	main	12	L	L	identical_to_human	false	MSA/final_human_referenced_residue_agreement.tsv
pan_troglodytes	IIIb	IIIb	IIIb	primary_claim_supported_with_minor_flags	false	main	13	A	A	identical_to_human	false	MSA/final_human_referenced_residue_agreement.tsv
pan_troglodytes	IIIb	IIIb	IIIb	primary_claim_supported_with_minor_flags	false	main	14	L	L	identical_to_human	true	MSA/final_human_referenced_residue_agreement.tsv
pan_troglodytes	IIIb	IIIb	IIIb	primary_claim_supported_with_minor_flags	false	main	15	F	F	identical_to_human	false	MSA/final_human_referenced_residue_agreement.tsv
pan_troglodytes	IIIb	IIIb	IIIb	primary_claim_supported_with_minor_flags	false	main	16	N	N	identical_to_human	false	MSA/final_human_referenced_residue_agreement.tsv
pan_troglodytes	IIIb	IIIb	IIIb	primary_claim_supported_with_minor_flags	false	main	17	V	V	identical_to_human	false	MSA/final_human_referenced_residue_agreement.tsv
pan_troglodytes	IIIb	IIIb	IIIb	primary_claim_supported_with_minor_flags	false	main	18	T	T	identical_to_human	false	MSA/final_human_referenced_residue_agreement.tsv
pan_troglodytes	IIIb	IIIb	IIIb	primary_claim_supported_with_minor_flags	false	main	19	E	E	identical_to_human	true	MSA/final_human_referenced_residue_agreement.tsv
pan_troglodytes	IIIb	IIIb	IIIb	primary_claim_supported_with_minor_flags	false	main	20	A	A	identical_to_human	false	MSA/final_human_referenced_residue_agreement.tsv
pan_troglodytes	IIIb	IIIb	IIIb	primary_claim_supported_with_minor_flags	false	main	21	D	D	identical_to_human	false	MSA/final_human_referenced_residue_agreement.tsv
pan_troglodytes	IIIb	IIIb	IIIb	primary_claim_supported_with_minor_flags	false	main	22	A	A	identical_to_human	false	MSA/final_human_referenced_residue_agreement.tsv
pan_troglodytes	IIIb	IIIb	IIIb	primary_claim_supported_with_minor_flags	false	main	23	G	G	identical_to_human	false	MSA/final_human_referenced_residue_agreement.tsv
pan_troglodytes	IIIb	IIIb	IIIb	primary_claim_supported_with_minor_flags	false	main	24	E	E	identical_to_human	false	MSA/final_human_referenced_residue_agreement.tsv
pan_troglodytes	IIIb	IIIb	IIIb	primary_claim_supported_with_minor_flags	false	main	25	Y	Y	identical_to_human	false	MSA/final_human_referenced_residue_agreement.tsv
pan_troglodytes	IIIb	IIIb	IIIb	primary_claim_supported_with_minor_flags	false	main	26	I	I	identical_to_human	true	MSA/final_human_referenced_residue_agreement.tsv
pan_troglodytes	IIIb	IIIb	IIIb	primary_claim_supported_with_minor_flags	false	main	27	C	C	identical_to_human	false	MSA/final_human_referenced_residue_agreement.tsv
pan_troglodytes	IIIb	IIIb	IIIb	primary_claim_supported_with_minor_flags	false	main	28	K	K	identical_to_human	true	MSA/final_human_referenced_residue_agreement.tsv
pan_troglodytes	IIIb	IIIb	IIIb	primary_claim_supported_with_minor_flags	false	main	29	V	V	identical_to_human	true	MSA/final_human_referenced_residue_agreement.tsv
pan_troglodytes	IIIb	IIIb	IIIb	primary_claim_supported_with_minor_flags	false	main	30	S	S	identical_to_human	true	MSA/final_human_referenced_residue_agreement.tsv
pan_troglodytes	IIIb	IIIb	IIIb	primary_claim_supported_with_minor_flags	false	main	31	N	N	identical_to_human	false	MSA/final_human_referenced_residue_agreement.tsv
pan_troglodytes	IIIb	IIIb	IIIb	primary_claim_supported_with_minor_flags	false	main	32	Y	Y	identical_to_human	true	MSA/final_human_referenced_residue_agreement.tsv
pan_troglodytes	IIIb	IIIb	IIIb	primary_claim_supported_with_minor_flags	false	main	33	I	I	identical_to_human	false	MSA/final_human_referenced_residue_agreement.tsv
pan_troglodytes	IIIb	IIIb	IIIb	primary_claim_supported_with_minor_flags	false	main	34	G	G	identical_to_human	false	MSA/final_human_referenced_residue_agreement.tsv
pan_troglodytes	IIIb	IIIb	IIIb	primary_claim_supported_with_minor_flags	false	main	35	Q	Q	identical_to_human	false	MSA/final_human_referenced_residue_agreement.tsv
pan_troglodytes	IIIb	IIIb	IIIb	primary_claim_supported_with_minor_flags	false	main	36	A	A	identical_to_human	true	MSA/final_human_referenced_residue_agreement.tsv
pan_troglodytes	IIIb	IIIb	IIIb	primary_claim_supported_with_minor_flags	false	main	37	N	N	identical_to_human	true	MSA/final_human_referenced_residue_agreement.tsv
pan_troglodytes	IIIb	IIIb	IIIb	primary_claim_supported_with_minor_flags	false	main	38	Q	Q	identical_to_human	true	MSA/final_human_referenced_residue_agreement.tsv
pan_troglodytes	IIIb	IIIb	IIIb	primary_claim_supported_with_minor_flags	false	main	39	S	S	identical_to_human	false	MSA/final_human_referenced_residue_agreement.tsv
pan_troglodytes	IIIb	IIIb	IIIb	primary_claim_supported_with_minor_flags	false	main	40	A	A	identical_to_human	false	MSA/final_human_referenced_residue_agreement.tsv
pan_troglodytes	IIIb	IIIb	IIIb	primary_claim_supported_with_minor_flags	false	main	41	W	W	identical_to_human	false	MSA/final_human_referenced_residue_agreement.tsv
pan_troglodytes	IIIb	IIIb	IIIb	primary_claim_supported_with_minor_flags	false	main	42	L	L	identical_to_human	false	MSA/final_human_referenced_residue_agreement.tsv
pan_troglodytes	IIIb	IIIb	IIIb	primary_claim_supported_with_minor_flags	false	main	43	T	T	identical_to_human	false	MSA/final_human_referenced_residue_agreement.tsv
pan_troglodytes	IIIb	IIIb	IIIb	primary_claim_supported_with_minor_flags	false	main	44	V	V	identical_to_human	false	MSA/final_human_referenced_residue_agreement.tsv
pan_troglodytes	IIIb	IIIb	IIIb	primary_claim_supported_with_minor_flags	false	main	45	L	L	identical_to_human	false	MSA/final_human_referenced_residue_agreement.tsv
pan_troglodytes	IIIb	IIIb	IIIb	primary_claim_supported_with_minor_flags	false	main	46	P	P	identical_to_human	false	MSA/final_human_referenced_residue_agreement.tsv
pan_troglodytes	IIIc	IIIc	IIIc	primary_claim_supported_with_minor_flags	false	main	1	A	A	identical_to_human	true	MSA/final_human_referenced_residue_agreement.tsv
pan_troglodytes	IIIc	IIIc	IIIc	primary_claim_supported_with_minor_flags	false	main	2	A	A	identical_to_human	true	MSA/final_human_referenced_residue_agreement.tsv
pan_troglodytes	IIIc	IIIc	IIIc	primary_claim_supported_with_minor_flags	false	main	3	G	G	identical_to_human	false	MSA/final_human_referenced_residue_agreement.tsv
pan_troglodytes	IIIc	IIIc	IIIc	primary_claim_supported_with_minor_flags	false	main	4	V	V	identical_to_human	true	MSA/final_human_referenced_residue_agreement.tsv
pan_troglodytes	IIIc	IIIc	IIIc	primary_claim_supported_with_minor_flags	false	main	5	N	N	identical_to_human	false	MSA/final_human_referenced_residue_agreement.tsv
pan_troglodytes	IIIc	IIIc	IIIc	primary_claim_supported_with_minor_flags	false	main	6	T	T	identical_to_human	true	MSA/final_human_referenced_residue_agreement.tsv
pan_troglodytes	IIIc	IIIc	IIIc	primary_claim_supported_with_minor_flags	false	main	7	T	T	identical_to_human	true	MSA/final_human_referenced_residue_agreement.tsv
pan_troglodytes	IIIc	IIIc	IIIc	primary_claim_supported_with_minor_flags	false	main	8	D	D	identical_to_human	true	MSA/final_human_referenced_residue_agreement.tsv
pan_troglodytes	IIIc	IIIc	IIIc	primary_claim_supported_with_minor_flags	false	main	9	K	K	identical_to_human	true	MSA/final_human_referenced_residue_agreement.tsv
pan_troglodytes	IIIc	IIIc	IIIc	primary_claim_supported_with_minor_flags	false	main	10	E	E	identical_to_human	true	MSA/final_human_referenced_residue_agreement.tsv
pan_troglodytes	IIIc	IIIc	IIIc	primary_claim_supported_with_minor_flags	false	main	11	I	I	identical_to_human	false	MSA/final_human_referenced_residue_agreement.tsv
pan_troglodytes	IIIc	IIIc	IIIc	primary_claim_supported_with_minor_flags	false	main	12	E	E	identical_to_human	false	MSA/final_human_referenced_residue_agreement.tsv
pan_troglodytes	IIIc	IIIc	IIIc	primary_claim_supported_with_minor_flags	false	main	13	V	V	identical_to_human	false	MSA/final_human_referenced_residue_agreement.tsv
pan_troglodytes	IIIc	IIIc	IIIc	primary_claim_supported_with_minor_flags	false	main	14	L	L	identical_to_human	true	MSA/final_human_referenced_residue_agreement.tsv
pan_troglodytes	IIIc	IIIc	IIIc	primary_claim_supported_with_minor_flags	false	main	15	Y	Y	identical_to_human	false	MSA/final_human_referenced_residue_agreement.tsv
pan_troglodytes	IIIc	IIIc	IIIc	primary_claim_supported_with_minor_flags	false	main	16	I	I	identical_to_human	false	MSA/final_human_referenced_residue_agreement.tsv
pan_troglodytes	IIIc	IIIc	IIIc	primary_claim_supported_with_minor_flags	false	main	17	R	R	identical_to_human	false	MSA/final_human_referenced_residue_agreement.tsv
pan_troglodytes	IIIc	IIIc	IIIc	primary_claim_supported_with_minor_flags	false	main	18	N	N	identical_to_human	false	MSA/final_human_referenced_residue_agreement.tsv
pan_troglodytes	IIIc	IIIc	IIIc	primary_claim_supported_with_minor_flags	false	main	19	V	V	identical_to_human	true	MSA/final_human_referenced_residue_agreement.tsv
pan_troglodytes	IIIc	IIIc	IIIc	primary_claim_supported_with_minor_flags	false	main	20	T	T	identical_to_human	false	MSA/final_human_referenced_residue_agreement.tsv
pan_troglodytes	IIIc	IIIc	IIIc	primary_claim_supported_with_minor_flags	false	main	21	F	F	identical_to_human	false	MSA/final_human_referenced_residue_agreement.tsv
pan_troglodytes	IIIc	IIIc	IIIc	primary_claim_supported_with_minor_flags	false	main	22	E	E	identical_to_human	false	MSA/final_human_referenced_residue_agreement.tsv
pan_troglodytes	IIIc	IIIc	IIIc	primary_claim_supported_with_minor_flags	false	main	23	D	D	identical_to_human	false	MSA/final_human_referenced_residue_agreement.tsv
pan_troglodytes	IIIc	IIIc	IIIc	primary_claim_supported_with_minor_flags	false	main	24	A	A	identical_to_human	false	MSA/final_human_referenced_residue_agreement.tsv
pan_troglodytes	IIIc	IIIc	IIIc	primary_claim_supported_with_minor_flags	false	main	25	G	G	identical_to_human	false	MSA/final_human_referenced_residue_agreement.tsv
pan_troglodytes	IIIc	IIIc	IIIc	primary_claim_supported_with_minor_flags	false	main	26	E	E	identical_to_human	true	MSA/final_human_referenced_residue_agreement.tsv
pan_troglodytes	IIIc	IIIc	IIIc	primary_claim_supported_with_minor_flags	false	main	27	Y	Y	identical_to_human	false	MSA/final_human_referenced_residue_agreement.tsv
pan_troglodytes	IIIc	IIIc	IIIc	primary_claim_supported_with_minor_flags	false	main	28	T	T	identical_to_human	true	MSA/final_human_referenced_residue_agreement.tsv
pan_troglodytes	IIIc	IIIc	IIIc	primary_claim_supported_with_minor_flags	false	main	29	C	C	identical_to_human	true	MSA/final_human_referenced_residue_agreement.tsv
pan_troglodytes	IIIc	IIIc	IIIc	primary_claim_supported_with_minor_flags	false	main	30	L	L	identical_to_human	true	MSA/final_human_referenced_residue_agreement.tsv
pan_troglodytes	IIIc	IIIc	IIIc	primary_claim_supported_with_minor_flags	false	main	31	A	A	identical_to_human	false	MSA/final_human_referenced_residue_agreement.tsv
pan_troglodytes	IIIc	IIIc	IIIc	primary_claim_supported_with_minor_flags	false	main	32	G	G	identical_to_human	true	MSA/final_human_referenced_residue_agreement.tsv
pan_troglodytes	IIIc	IIIc	IIIc	primary_claim_supported_with_minor_flags	false	main	33	N	N	identical_to_human	false	MSA/final_human_referenced_residue_agreement.tsv
pan_troglodytes	IIIc	IIIc	IIIc	primary_claim_supported_with_minor_flags	false	main	34	S	S	identical_to_human	false	MSA/final_human_referenced_residue_agreement.tsv
pan_troglodytes	IIIc	IIIc	IIIc	primary_claim_supported_with_minor_flags	false	main	35	I	I	identical_to_human	false	MSA/final_human_referenced_residue_agreement.tsv
pan_troglodytes	IIIc	IIIc	IIIc	primary_claim_supported_with_minor_flags	false	main	36	G	G	identical_to_human	true	MSA/final_human_referenced_residue_agreement.tsv
pan_troglodytes	IIIc	IIIc	IIIc	primary_claim_supported_with_minor_flags	false	main	37	I	I	identical_to_human	true	MSA/final_human_referenced_residue_agreement.tsv
pan_troglodytes	IIIc	IIIc	IIIc	primary_claim_supported_with_minor_flags	false	main	38	S	S	identical_to_human	true	MSA/final_human_referenced_residue_agreement.tsv
pan_troglodytes	IIIc	IIIc	IIIc	primary_claim_supported_with_minor_flags	false	main	39	F	F	identical_to_human	false	MSA/final_human_referenced_residue_agreement.tsv
pan_troglodytes	IIIc	IIIc	IIIc	primary_claim_supported_with_minor_flags	false	main	40	H	H	identical_to_human	false	MSA/final_human_referenced_residue_agreement.tsv
pan_troglodytes	IIIc	IIIc	IIIc	primary_claim_supported_with_minor_flags	false	main	41	S	S	identical_to_human	false	MSA/final_human_referenced_residue_agreement.tsv
pan_troglodytes	IIIc	IIIc	IIIc	primary_claim_supported_with_minor_flags	false	main	42	A	A	identical_to_human	false	MSA/final_human_referenced_residue_agreement.tsv
pan_troglodytes	IIIc	IIIc	IIIc	primary_claim_supported_with_minor_flags	false	main	43	W	W	identical_to_human	false	MSA/final_human_referenced_residue_agreement.tsv
pan_troglodytes	IIIc	IIIc	IIIc	primary_claim_supported_with_minor_flags	false	main	44	L	L	identical_to_human	false	MSA/final_human_referenced_residue_agreement.tsv
pan_troglodytes	IIIc	IIIc	IIIc	primary_claim_supported_with_minor_flags	false	main	45	T	T	identical_to_human	false	MSA/final_human_referenced_residue_agreement.tsv
pan_troglodytes	IIIc	IIIc	IIIc	primary_claim_supported_with_minor_flags	false	main	46	V	V	identical_to_human	false	MSA/final_human_referenced_residue_agreement.tsv
pan_troglodytes	IIIc	IIIc	IIIc	primary_claim_supported_with_minor_flags	false	main	47	L	L	identical_to_human	false	MSA/final_human_referenced_residue_agreement.tsv
pan_troglodytes	IIIc	IIIc	IIIc	primary_claim_supported_with_minor_flags	false	main	48	P	P	identical_to_human	false	MSA/final_human_referenced_residue_agreement.tsv
gorilla_gorilla_gorilla	IIIb	IIIb	IIIb	primary_claim_supported_with_minor_flags	false	main	1	H	H	identical_to_human	true	MSA/final_human_referenced_residue_agreement.tsv
gorilla_gorilla_gorilla	IIIb	IIIb	IIIb	primary_claim_supported_with_minor_flags	false	main	2	S	S	identical_to_human	true	MSA/final_human_referenced_residue_agreement.tsv
gorilla_gorilla_gorilla	IIIb	IIIb	IIIb	primary_claim_supported_with_minor_flags	false	main	3	G	G	identical_to_human	false	MSA/final_human_referenced_residue_agreement.tsv
gorilla_gorilla_gorilla	IIIb	IIIb	IIIb	primary_claim_supported_with_minor_flags	false	main	4	I	I	identical_to_human	true	MSA/final_human_referenced_residue_agreement.tsv
gorilla_gorilla_gorilla	IIIb	IIIb	IIIb	primary_claim_supported_with_minor_flags	false	main	5	N	N	identical_to_human	false	MSA/final_human_referenced_residue_agreement.tsv
gorilla_gorilla_gorilla	IIIb	IIIb	IIIb	primary_claim_supported_with_minor_flags	false	main	6	S	S	identical_to_human	true	MSA/final_human_referenced_residue_agreement.tsv
gorilla_gorilla_gorilla	IIIb	IIIb	IIIb	primary_claim_supported_with_minor_flags	false	main	7	S	S	identical_to_human	true	MSA/final_human_referenced_residue_agreement.tsv
gorilla_gorilla_gorilla	IIIb	IIIb	IIIb	primary_claim_supported_with_minor_flags	false	main	8	N	N	identical_to_human	true	MSA/final_human_referenced_residue_agreement.tsv
gorilla_gorilla_gorilla	IIIb	IIIb	IIIb	primary_claim_supported_with_minor_flags	false	main	9	A	A	identical_to_human	true	MSA/final_human_referenced_residue_agreement.tsv
gorilla_gorilla_gorilla	IIIb	IIIb	IIIb	primary_claim_supported_with_minor_flags	false	main	10	E	E	identical_to_human	true	MSA/final_human_referenced_residue_agreement.tsv
gorilla_gorilla_gorilla	IIIb	IIIb	IIIb	primary_claim_supported_with_minor_flags	false	main	11	V	V	identical_to_human	false	MSA/final_human_referenced_residue_agreement.tsv
gorilla_gorilla_gorilla	IIIb	IIIb	IIIb	primary_claim_supported_with_minor_flags	false	main	12	L	L	identical_to_human	false	MSA/final_human_referenced_residue_agreement.tsv
gorilla_gorilla_gorilla	IIIb	IIIb	IIIb	primary_claim_supported_with_minor_flags	false	main	13	A	A	identical_to_human	false	MSA/final_human_referenced_residue_agreement.tsv
gorilla_gorilla_gorilla	IIIb	IIIb	IIIb	primary_claim_supported_with_minor_flags	false	main	14	L	L	identical_to_human	true	MSA/final_human_referenced_residue_agreement.tsv
gorilla_gorilla_gorilla	IIIb	IIIb	IIIb	primary_claim_supported_with_minor_flags	false	main	15	F	F	identical_to_human	false	MSA/final_human_referenced_residue_agreement.tsv
gorilla_gorilla_gorilla	IIIb	IIIb	IIIb	primary_claim_supported_with_minor_flags	false	main	16	N	N	identical_to_human	false	MSA/final_human_referenced_residue_agreement.tsv
gorilla_gorilla_gorilla	IIIb	IIIb	IIIb	primary_claim_supported_with_minor_flags	false	main	17	V	V	identical_to_human	false	MSA/final_human_referenced_residue_agreement.tsv
gorilla_gorilla_gorilla	IIIb	IIIb	IIIb	primary_claim_supported_with_minor_flags	false	main	18	T	T	identical_to_human	false	MSA/final_human_referenced_residue_agreement.tsv
gorilla_gorilla_gorilla	IIIb	IIIb	IIIb	primary_claim_supported_with_minor_flags	false	main	19	E	E	identical_to_human	true	MSA/final_human_referenced_residue_agreement.tsv
gorilla_gorilla_gorilla	IIIb	IIIb	IIIb	primary_claim_supported_with_minor_flags	false	main	20	A	A	identical_to_human	false	MSA/final_human_referenced_residue_agreement.tsv
gorilla_gorilla_gorilla	IIIb	IIIb	IIIb	primary_claim_supported_with_minor_flags	false	main	21	D	D	identical_to_human	false	MSA/final_human_referenced_residue_agreement.tsv
gorilla_gorilla_gorilla	IIIb	IIIb	IIIb	primary_claim_supported_with_minor_flags	false	main	22	A	A	identical_to_human	false	MSA/final_human_referenced_residue_agreement.tsv
gorilla_gorilla_gorilla	IIIb	IIIb	IIIb	primary_claim_supported_with_minor_flags	false	main	23	G	G	identical_to_human	false	MSA/final_human_referenced_residue_agreement.tsv
gorilla_gorilla_gorilla	IIIb	IIIb	IIIb	primary_claim_supported_with_minor_flags	false	main	24	E	E	identical_to_human	false	MSA/final_human_referenced_residue_agreement.tsv
gorilla_gorilla_gorilla	IIIb	IIIb	IIIb	primary_claim_supported_with_minor_flags	false	main	25	Y	Y	identical_to_human	false	MSA/final_human_referenced_residue_agreement.tsv
gorilla_gorilla_gorilla	IIIb	IIIb	IIIb	primary_claim_supported_with_minor_flags	false	main	26	I	I	identical_to_human	true	MSA/final_human_referenced_residue_agreement.tsv
gorilla_gorilla_gorilla	IIIb	IIIb	IIIb	primary_claim_supported_with_minor_flags	false	main	27	C	C	identical_to_human	false	MSA/final_human_referenced_residue_agreement.tsv
gorilla_gorilla_gorilla	IIIb	IIIb	IIIb	primary_claim_supported_with_minor_flags	false	main	28	K	K	identical_to_human	true	MSA/final_human_referenced_residue_agreement.tsv
gorilla_gorilla_gorilla	IIIb	IIIb	IIIb	primary_claim_supported_with_minor_flags	false	main	29	V	V	identical_to_human	true	MSA/final_human_referenced_residue_agreement.tsv
gorilla_gorilla_gorilla	IIIb	IIIb	IIIb	primary_claim_supported_with_minor_flags	false	main	30	S	S	identical_to_human	true	MSA/final_human_referenced_residue_agreement.tsv
gorilla_gorilla_gorilla	IIIb	IIIb	IIIb	primary_claim_supported_with_minor_flags	false	main	31	N	N	identical_to_human	false	MSA/final_human_referenced_residue_agreement.tsv
gorilla_gorilla_gorilla	IIIb	IIIb	IIIb	primary_claim_supported_with_minor_flags	false	main	32	Y	Y	identical_to_human	true	MSA/final_human_referenced_residue_agreement.tsv
gorilla_gorilla_gorilla	IIIb	IIIb	IIIb	primary_claim_supported_with_minor_flags	false	main	33	I	I	identical_to_human	false	MSA/final_human_referenced_residue_agreement.tsv
gorilla_gorilla_gorilla	IIIb	IIIb	IIIb	primary_claim_supported_with_minor_flags	false	main	34	G	G	identical_to_human	false	MSA/final_human_referenced_residue_agreement.tsv
gorilla_gorilla_gorilla	IIIb	IIIb	IIIb	primary_claim_supported_with_minor_flags	false	main	35	Q	Q	identical_to_human	false	MSA/final_human_referenced_residue_agreement.tsv
gorilla_gorilla_gorilla	IIIb	IIIb	IIIb	primary_claim_supported_with_minor_flags	false	main	36	A	A	identical_to_human	true	MSA/final_human_referenced_residue_agreement.tsv
gorilla_gorilla_gorilla	IIIb	IIIb	IIIb	primary_claim_supported_with_minor_flags	false	main	37	N	N	identical_to_human	true	MSA/final_human_referenced_residue_agreement.tsv
gorilla_gorilla_gorilla	IIIb	IIIb	IIIb	primary_claim_supported_with_minor_flags	false	main	38	Q	Q	identical_to_human	true	MSA/final_human_referenced_residue_agreement.tsv
gorilla_gorilla_gorilla	IIIb	IIIb	IIIb	primary_claim_supported_with_minor_flags	false	main	39	S	S	identical_to_human	false	MSA/final_human_referenced_residue_agreement.tsv
gorilla_gorilla_gorilla	IIIb	IIIb	IIIb	primary_claim_supported_with_minor_flags	false	main	40	A	A	identical_to_human	false	MSA/final_human_referenced_residue_agreement.tsv
gorilla_gorilla_gorilla	IIIb	IIIb	IIIb	primary_claim_supported_with_minor_flags	false	main	41	W	W	identical_to_human	false	MSA/final_human_referenced_residue_agreement.tsv
gorilla_gorilla_gorilla	IIIb	IIIb	IIIb	primary_claim_supported_with_minor_flags	false	main	42	L	L	identical_to_human	false	MSA/final_human_referenced_residue_agreement.tsv
gorilla_gorilla_gorilla	IIIb	IIIb	IIIb	primary_claim_supported_with_minor_flags	false	main	43	T	T	identical_to_human	false	MSA/final_human_referenced_residue_agreement.tsv
gorilla_gorilla_gorilla	IIIb	IIIb	IIIb	primary_claim_supported_with_minor_flags	false	main	44	V	V	identical_to_human	false	MSA/final_human_referenced_residue_agreement.tsv
gorilla_gorilla_gorilla	IIIb	IIIb	IIIb	primary_claim_supported_with_minor_flags	false	main	45	L	L	identical_to_human	false	MSA/final_human_referenced_residue_agreement.tsv
gorilla_gorilla_gorilla	IIIb	IIIb	IIIb	primary_claim_supported_with_minor_flags	false	main	46	P	P	identical_to_human	false	MSA/final_human_referenced_residue_agreement.tsv
gorilla_gorilla_gorilla	IIIc	IIIc	IIIc	primary_claim_supported_with_minor_flags	false	main	1	A	A	identical_to_human	true	MSA/final_human_referenced_residue_agreement.tsv
gorilla_gorilla_gorilla	IIIc	IIIc	IIIc	primary_claim_supported_with_minor_flags	false	main	2	A	A	identical_to_human	true	MSA/final_human_referenced_residue_agreement.tsv
gorilla_gorilla_gorilla	IIIc	IIIc	IIIc	primary_claim_supported_with_minor_flags	false	main	3	G	G	identical_to_human	false	MSA/final_human_referenced_residue_agreement.tsv
gorilla_gorilla_gorilla	IIIc	IIIc	IIIc	primary_claim_supported_with_minor_flags	false	main	4	V	V	identical_to_human	true	MSA/final_human_referenced_residue_agreement.tsv
gorilla_gorilla_gorilla	IIIc	IIIc	IIIc	primary_claim_supported_with_minor_flags	false	main	5	N	N	identical_to_human	false	MSA/final_human_referenced_residue_agreement.tsv
gorilla_gorilla_gorilla	IIIc	IIIc	IIIc	primary_claim_supported_with_minor_flags	false	main	6	T	T	identical_to_human	true	MSA/final_human_referenced_residue_agreement.tsv
gorilla_gorilla_gorilla	IIIc	IIIc	IIIc	primary_claim_supported_with_minor_flags	false	main	7	T	T	identical_to_human	true	MSA/final_human_referenced_residue_agreement.tsv
gorilla_gorilla_gorilla	IIIc	IIIc	IIIc	primary_claim_supported_with_minor_flags	false	main	8	D	D	identical_to_human	true	MSA/final_human_referenced_residue_agreement.tsv
gorilla_gorilla_gorilla	IIIc	IIIc	IIIc	primary_claim_supported_with_minor_flags	false	main	9	K	K	identical_to_human	true	MSA/final_human_referenced_residue_agreement.tsv
gorilla_gorilla_gorilla	IIIc	IIIc	IIIc	primary_claim_supported_with_minor_flags	false	main	10	E	E	identical_to_human	true	MSA/final_human_referenced_residue_agreement.tsv
gorilla_gorilla_gorilla	IIIc	IIIc	IIIc	primary_claim_supported_with_minor_flags	false	main	11	I	I	identical_to_human	false	MSA/final_human_referenced_residue_agreement.tsv
gorilla_gorilla_gorilla	IIIc	IIIc	IIIc	primary_claim_supported_with_minor_flags	false	main	12	E	E	identical_to_human	false	MSA/final_human_referenced_residue_agreement.tsv
gorilla_gorilla_gorilla	IIIc	IIIc	IIIc	primary_claim_supported_with_minor_flags	false	main	13	V	V	identical_to_human	false	MSA/final_human_referenced_residue_agreement.tsv
gorilla_gorilla_gorilla	IIIc	IIIc	IIIc	primary_claim_supported_with_minor_flags	false	main	14	L	L	identical_to_human	true	MSA/final_human_referenced_residue_agreement.tsv
gorilla_gorilla_gorilla	IIIc	IIIc	IIIc	primary_claim_supported_with_minor_flags	false	main	15	Y	Y	identical_to_human	false	MSA/final_human_referenced_residue_agreement.tsv
gorilla_gorilla_gorilla	IIIc	IIIc	IIIc	primary_claim_supported_with_minor_flags	false	main	16	I	I	identical_to_human	false	MSA/final_human_referenced_residue_agreement.tsv
gorilla_gorilla_gorilla	IIIc	IIIc	IIIc	primary_claim_supported_with_minor_flags	false	main	17	R	R	identical_to_human	false	MSA/final_human_referenced_residue_agreement.tsv
gorilla_gorilla_gorilla	IIIc	IIIc	IIIc	primary_claim_supported_with_minor_flags	false	main	18	N	N	identical_to_human	false	MSA/final_human_referenced_residue_agreement.tsv
gorilla_gorilla_gorilla	IIIc	IIIc	IIIc	primary_claim_supported_with_minor_flags	false	main	19	V	V	identical_to_human	true	MSA/final_human_referenced_residue_agreement.tsv
gorilla_gorilla_gorilla	IIIc	IIIc	IIIc	primary_claim_supported_with_minor_flags	false	main	20	T	T	identical_to_human	false	MSA/final_human_referenced_residue_agreement.tsv
gorilla_gorilla_gorilla	IIIc	IIIc	IIIc	primary_claim_supported_with_minor_flags	false	main	21	F	F	identical_to_human	false	MSA/final_human_referenced_residue_agreement.tsv
gorilla_gorilla_gorilla	IIIc	IIIc	IIIc	primary_claim_supported_with_minor_flags	false	main	22	E	E	identical_to_human	false	MSA/final_human_referenced_residue_agreement.tsv
gorilla_gorilla_gorilla	IIIc	IIIc	IIIc	primary_claim_supported_with_minor_flags	false	main	23	D	D	identical_to_human	false	MSA/final_human_referenced_residue_agreement.tsv
gorilla_gorilla_gorilla	IIIc	IIIc	IIIc	primary_claim_supported_with_minor_flags	false	main	24	A	A	identical_to_human	false	MSA/final_human_referenced_residue_agreement.tsv
gorilla_gorilla_gorilla	IIIc	IIIc	IIIc	primary_claim_supported_with_minor_flags	false	main	25	G	G	identical_to_human	false	MSA/final_human_referenced_residue_agreement.tsv
gorilla_gorilla_gorilla	IIIc	IIIc	IIIc	primary_claim_supported_with_minor_flags	false	main	26	E	E	identical_to_human	true	MSA/final_human_referenced_residue_agreement.tsv
gorilla_gorilla_gorilla	IIIc	IIIc	IIIc	primary_claim_supported_with_minor_flags	false	main	27	Y	Y	identical_to_human	false	MSA/final_human_referenced_residue_agreement.tsv
gorilla_gorilla_gorilla	IIIc	IIIc	IIIc	primary_claim_supported_with_minor_flags	false	main	28	T	T	identical_to_human	true	MSA/final_human_referenced_residue_agreement.tsv
gorilla_gorilla_gorilla	IIIc	IIIc	IIIc	primary_claim_supported_with_minor_flags	false	main	29	C	C	identical_to_human	true	MSA/final_human_referenced_residue_agreement.tsv
gorilla_gorilla_gorilla	IIIc	IIIc	IIIc	primary_claim_supported_with_minor_flags	false	main	30	L	L	identical_to_human	true	MSA/final_human_referenced_residue_agreement.tsv
gorilla_gorilla_gorilla	IIIc	IIIc	IIIc	primary_claim_supported_with_minor_flags	false	main	31	A	A	identical_to_human	false	MSA/final_human_referenced_residue_agreement.tsv
gorilla_gorilla_gorilla	IIIc	IIIc	IIIc	primary_claim_supported_with_minor_flags	false	main	32	G	G	identical_to_human	true	MSA/final_human_referenced_residue_agreement.tsv
gorilla_gorilla_gorilla	IIIc	IIIc	IIIc	primary_claim_supported_with_minor_flags	false	main	33	N	N	identical_to_human	false	MSA/final_human_referenced_residue_agreement.tsv
gorilla_gorilla_gorilla	IIIc	IIIc	IIIc	primary_claim_supported_with_minor_flags	false	main	34	S	S	identical_to_human	false	MSA/final_human_referenced_residue_agreement.tsv
gorilla_gorilla_gorilla	IIIc	IIIc	IIIc	primary_claim_supported_with_minor_flags	false	main	35	I	I	identical_to_human	false	MSA/final_human_referenced_residue_agreement.tsv
gorilla_gorilla_gorilla	IIIc	IIIc	IIIc	primary_claim_supported_with_minor_flags	false	main	36	G	G	identical_to_human	true	MSA/final_human_referenced_residue_agreement.tsv
gorilla_gorilla_gorilla	IIIc	IIIc	IIIc	primary_claim_supported_with_minor_flags	false	main	37	I	I	identical_to_human	true	MSA/final_human_referenced_residue_agreement.tsv
gorilla_gorilla_gorilla	IIIc	IIIc	IIIc	primary_claim_supported_with_minor_flags	false	main	38	S	S	identical_to_human	true	MSA/final_human_referenced_residue_agreement.tsv
gorilla_gorilla_gorilla	IIIc	IIIc	IIIc	primary_claim_supported_with_minor_flags	false	main	39	F	F	identical_to_human	false	MSA/final_human_referenced_residue_agreement.tsv
gorilla_gorilla_gorilla	IIIc	IIIc	IIIc	primary_claim_supported_with_minor_flags	false	main	40	H	H	identical_to_human	false	MSA/final_human_referenced_residue_agreement.tsv
gorilla_gorilla_gorilla	IIIc	IIIc	IIIc	primary_claim_supported_with_minor_flags	false	main	41	S	S	identical_to_human	false	MSA/final_human_referenced_residue_agreement.tsv
gorilla_gorilla_gorilla	IIIc	IIIc	IIIc	primary_claim_supported_with_minor_flags	false	main	42	A	A	identical_to_human	false	MSA/final_human_referenced_residue_agreement.tsv
gorilla_gorilla_gorilla	IIIc	IIIc	IIIc	primary_claim_supported_with_minor_flags	false	main	43	W	W	identical_to_human	false	MSA/final_human_referenced_residue_agreement.tsv
gorilla_gorilla_gorilla	IIIc	IIIc	IIIc	primary_claim_supported_with_minor_flags	false	main	44	L	L	identical_to_human	false	MSA/final_human_referenced_residue_agreement.tsv
gorilla_gorilla_gorilla	IIIc	IIIc	IIIc	primary_claim_supported_with_minor_flags	false	main	45	T	T	identical_to_human	false	MSA/final_human_referenced_residue_agreement.tsv
gorilla_gorilla_gorilla	IIIc	IIIc	IIIc	primary_claim_supported_with_minor_flags	false	main	46	V	V	identical_to_human	false	MSA/final_human_referenced_residue_agreement.tsv
gorilla_gorilla_gorilla	IIIc	IIIc	IIIc	primary_claim_supported_with_minor_flags	false	main	47	L	L	identical_to_human	false	MSA/final_human_referenced_residue_agreement.tsv
gorilla_gorilla_gorilla	IIIc	IIIc	IIIc	primary_claim_supported_with_minor_flags	false	main	48	P	P	identical_to_human	false	MSA/final_human_referenced_residue_agreement.tsv
pongo_abelii	IIIb	IIIb	unresolved	supplement_review	true	supplement	1	H		gap_or_missing	true	MSA/final_human_referenced_residue_agreement.tsv
pongo_abelii	IIIb	IIIb	unresolved	supplement_review	true	supplement	2	S	A	conservative_substitution	true	MSA/final_human_referenced_residue_agreement.tsv
pongo_abelii	IIIb	IIIb	unresolved	supplement_review	true	supplement	3	G	G	identical_to_human	false	MSA/final_human_referenced_residue_agreement.tsv
pongo_abelii	IIIb	IIIb	unresolved	supplement_review	true	supplement	4	I	V	conservative_substitution	true	MSA/final_human_referenced_residue_agreement.tsv
pongo_abelii	IIIb	IIIb	unresolved	supplement_review	true	supplement	5	N	N	identical_to_human	false	MSA/final_human_referenced_residue_agreement.tsv
pongo_abelii	IIIb	IIIb	unresolved	supplement_review	true	supplement	6	S	T	conservative_substitution	true	MSA/final_human_referenced_residue_agreement.tsv
pongo_abelii	IIIb	IIIb	unresolved	supplement_review	true	supplement	7	S	T	conservative_substitution	true	MSA/final_human_referenced_residue_agreement.tsv
pongo_abelii	IIIb	IIIb	unresolved	supplement_review	true	supplement	8	N	D	conservative_substitution	true	MSA/final_human_referenced_residue_agreement.tsv
pongo_abelii	IIIb	IIIb	unresolved	supplement_review	true	supplement	9	A	I	nonconservative_substitution	true	MSA/final_human_referenced_residue_agreement.tsv
pongo_abelii	IIIb	IIIb	unresolved	supplement_review	true	supplement	10	E	E	identical_to_human	true	MSA/final_human_referenced_residue_agreement.tsv
pongo_abelii	IIIb	IIIb	unresolved	supplement_review	true	supplement	11	V	V	identical_to_human	false	MSA/final_human_referenced_residue_agreement.tsv
pongo_abelii	IIIb	IIIb	unresolved	supplement_review	true	supplement	12	L	L	identical_to_human	false	MSA/final_human_referenced_residue_agreement.tsv
pongo_abelii	IIIb	IIIb	unresolved	supplement_review	true	supplement	13	A	Y	nonconservative_substitution	false	MSA/final_human_referenced_residue_agreement.tsv
pongo_abelii	IIIb	IIIb	unresolved	supplement_review	true	supplement	14	L	I	conservative_substitution	true	MSA/final_human_referenced_residue_agreement.tsv
pongo_abelii	IIIb	IIIb	unresolved	supplement_review	true	supplement	15	F	R	nonconservative_substitution	false	MSA/final_human_referenced_residue_agreement.tsv
pongo_abelii	IIIb	IIIb	unresolved	supplement_review	true	supplement	16	N	N	identical_to_human	false	MSA/final_human_referenced_residue_agreement.tsv
pongo_abelii	IIIb	IIIb	unresolved	supplement_review	true	supplement	17	V	V	identical_to_human	false	MSA/final_human_referenced_residue_agreement.tsv
pongo_abelii	IIIb	IIIb	unresolved	supplement_review	true	supplement	18	T	T	identical_to_human	false	MSA/final_human_referenced_residue_agreement.tsv
pongo_abelii	IIIb	IIIb	unresolved	supplement_review	true	supplement	19	E	F	nonconservative_substitution	true	MSA/final_human_referenced_residue_agreement.tsv
pongo_abelii	IIIb	IIIb	unresolved	supplement_review	true	supplement	20	A	E	nonconservative_substitution	false	MSA/final_human_referenced_residue_agreement.tsv
pongo_abelii	IIIb	IIIb	unresolved	supplement_review	true	supplement	21	D	D	identical_to_human	false	MSA/final_human_referenced_residue_agreement.tsv
pongo_abelii	IIIb	IIIb	unresolved	supplement_review	true	supplement	22	A	A	identical_to_human	false	MSA/final_human_referenced_residue_agreement.tsv
pongo_abelii	IIIb	IIIb	unresolved	supplement_review	true	supplement	23	G	G	identical_to_human	false	MSA/final_human_referenced_residue_agreement.tsv
pongo_abelii	IIIb	IIIb	unresolved	supplement_review	true	supplement	24	E	E	identical_to_human	false	MSA/final_human_referenced_residue_agreement.tsv
pongo_abelii	IIIb	IIIb	unresolved	supplement_review	true	supplement	25	Y	Y	identical_to_human	false	MSA/final_human_referenced_residue_agreement.tsv
pongo_abelii	IIIb	IIIb	unresolved	supplement_review	true	supplement	26	I	T	nonconservative_substitution	true	MSA/final_human_referenced_residue_agreement.tsv
pongo_abelii	IIIb	IIIb	unresolved	supplement_review	true	supplement	27	C	C	identical_to_human	false	MSA/final_human_referenced_residue_agreement.tsv
pongo_abelii	IIIb	IIIb	unresolved	supplement_review	true	supplement	28	K	L	nonconservative_substitution	true	MSA/final_human_referenced_residue_agreement.tsv
pongo_abelii	IIIb	IIIb	unresolved	supplement_review	true	supplement	29	V	A	nonconservative_substitution	true	MSA/final_human_referenced_residue_agreement.tsv
pongo_abelii	IIIb	IIIb	unresolved	supplement_review	true	supplement	30	S	G	nonconservative_substitution	true	MSA/final_human_referenced_residue_agreement.tsv
pongo_abelii	IIIb	IIIb	unresolved	supplement_review	true	supplement	31	N	N	identical_to_human	false	MSA/final_human_referenced_residue_agreement.tsv
pongo_abelii	IIIb	IIIb	unresolved	supplement_review	true	supplement	32	Y	S	nonconservative_substitution	true	MSA/final_human_referenced_residue_agreement.tsv
pongo_abelii	IIIb	IIIb	unresolved	supplement_review	true	supplement	33	I	I	identical_to_human	false	MSA/final_human_referenced_residue_agreement.tsv
pongo_abelii	IIIb	IIIb	unresolved	supplement_review	true	supplement	34	G	G	identical_to_human	false	MSA/final_human_referenced_residue_agreement.tsv
pongo_abelii	IIIb	IIIb	unresolved	supplement_review	true	supplement	35	Q	I	nonconservative_substitution	false	MSA/final_human_referenced_residue_agreement.tsv
pongo_abelii	IIIb	IIIb	unresolved	supplement_review	true	supplement	36	A	S	conservative_substitution	true	MSA/final_human_referenced_residue_agreement.tsv
pongo_abelii	IIIb	IIIb	unresolved	supplement_review	true	supplement	37	N	F	nonconservative_substitution	true	MSA/final_human_referenced_residue_agreement.tsv
pongo_abelii	IIIb	IIIb	unresolved	supplement_review	true	supplement	38	Q	H	nonconservative_substitution	true	MSA/final_human_referenced_residue_agreement.tsv
pongo_abelii	IIIb	IIIb	unresolved	supplement_review	true	supplement	39	S	S	identical_to_human	false	MSA/final_human_referenced_residue_agreement.tsv
pongo_abelii	IIIb	IIIb	unresolved	supplement_review	true	supplement	40	A	A	identical_to_human	false	MSA/final_human_referenced_residue_agreement.tsv
pongo_abelii	IIIb	IIIb	unresolved	supplement_review	true	supplement	41	W	W	identical_to_human	false	MSA/final_human_referenced_residue_agreement.tsv
pongo_abelii	IIIb	IIIb	unresolved	supplement_review	true	supplement	42	L	L	identical_to_human	false	MSA/final_human_referenced_residue_agreement.tsv
pongo_abelii	IIIb	IIIb	unresolved	supplement_review	true	supplement	43	T	T	identical_to_human	false	MSA/final_human_referenced_residue_agreement.tsv
pongo_abelii	IIIb	IIIb	unresolved	supplement_review	true	supplement	44	V	V	identical_to_human	false	MSA/final_human_referenced_residue_agreement.tsv
pongo_abelii	IIIb	IIIb	unresolved	supplement_review	true	supplement	45	L	L	identical_to_human	false	MSA/final_human_referenced_residue_agreement.tsv
pongo_abelii	IIIb	IIIb	unresolved	supplement_review	true	supplement	46	P	P	identical_to_human	false	MSA/final_human_referenced_residue_agreement.tsv
pongo_abelii	IIIc	IIIc	IIIc	primary_claim_supported_with_minor_flags	false	main	1	A	A	identical_to_human	true	MSA/final_human_referenced_residue_agreement.tsv
pongo_abelii	IIIc	IIIc	IIIc	primary_claim_supported_with_minor_flags	false	main	2	A	A	identical_to_human	true	MSA/final_human_referenced_residue_agreement.tsv
pongo_abelii	IIIc	IIIc	IIIc	primary_claim_supported_with_minor_flags	false	main	3	G	G	identical_to_human	false	MSA/final_human_referenced_residue_agreement.tsv
pongo_abelii	IIIc	IIIc	IIIc	primary_claim_supported_with_minor_flags	false	main	4	V	V	identical_to_human	true	MSA/final_human_referenced_residue_agreement.tsv
pongo_abelii	IIIc	IIIc	IIIc	primary_claim_supported_with_minor_flags	false	main	5	N	N	identical_to_human	false	MSA/final_human_referenced_residue_agreement.tsv
pongo_abelii	IIIc	IIIc	IIIc	primary_claim_supported_with_minor_flags	false	main	6	T	T	identical_to_human	true	MSA/final_human_referenced_residue_agreement.tsv
pongo_abelii	IIIc	IIIc	IIIc	primary_claim_supported_with_minor_flags	false	main	7	T	T	identical_to_human	true	MSA/final_human_referenced_residue_agreement.tsv
pongo_abelii	IIIc	IIIc	IIIc	primary_claim_supported_with_minor_flags	false	main	8	D	D	identical_to_human	true	MSA/final_human_referenced_residue_agreement.tsv
pongo_abelii	IIIc	IIIc	IIIc	primary_claim_supported_with_minor_flags	false	main	9	K	K	identical_to_human	true	MSA/final_human_referenced_residue_agreement.tsv
pongo_abelii	IIIc	IIIc	IIIc	primary_claim_supported_with_minor_flags	false	main	10	E	E	identical_to_human	true	MSA/final_human_referenced_residue_agreement.tsv
pongo_abelii	IIIc	IIIc	IIIc	primary_claim_supported_with_minor_flags	false	main	11	I	I	identical_to_human	false	MSA/final_human_referenced_residue_agreement.tsv
pongo_abelii	IIIc	IIIc	IIIc	primary_claim_supported_with_minor_flags	false	main	12	E	E	identical_to_human	false	MSA/final_human_referenced_residue_agreement.tsv
pongo_abelii	IIIc	IIIc	IIIc	primary_claim_supported_with_minor_flags	false	main	13	V	V	identical_to_human	false	MSA/final_human_referenced_residue_agreement.tsv
pongo_abelii	IIIc	IIIc	IIIc	primary_claim_supported_with_minor_flags	false	main	14	L	L	identical_to_human	true	MSA/final_human_referenced_residue_agreement.tsv
pongo_abelii	IIIc	IIIc	IIIc	primary_claim_supported_with_minor_flags	false	main	15	Y	Y	identical_to_human	false	MSA/final_human_referenced_residue_agreement.tsv
pongo_abelii	IIIc	IIIc	IIIc	primary_claim_supported_with_minor_flags	false	main	16	I	I	identical_to_human	false	MSA/final_human_referenced_residue_agreement.tsv
pongo_abelii	IIIc	IIIc	IIIc	primary_claim_supported_with_minor_flags	false	main	17	R	R	identical_to_human	false	MSA/final_human_referenced_residue_agreement.tsv
pongo_abelii	IIIc	IIIc	IIIc	primary_claim_supported_with_minor_flags	false	main	18	N	N	identical_to_human	false	MSA/final_human_referenced_residue_agreement.tsv
pongo_abelii	IIIc	IIIc	IIIc	primary_claim_supported_with_minor_flags	false	main	19	V	V	identical_to_human	true	MSA/final_human_referenced_residue_agreement.tsv
pongo_abelii	IIIc	IIIc	IIIc	primary_claim_supported_with_minor_flags	false	main	20	T	T	identical_to_human	false	MSA/final_human_referenced_residue_agreement.tsv
pongo_abelii	IIIc	IIIc	IIIc	primary_claim_supported_with_minor_flags	false	main	21	F	F	identical_to_human	false	MSA/final_human_referenced_residue_agreement.tsv
pongo_abelii	IIIc	IIIc	IIIc	primary_claim_supported_with_minor_flags	false	main	22	E	E	identical_to_human	false	MSA/final_human_referenced_residue_agreement.tsv
pongo_abelii	IIIc	IIIc	IIIc	primary_claim_supported_with_minor_flags	false	main	23	D	D	identical_to_human	false	MSA/final_human_referenced_residue_agreement.tsv
pongo_abelii	IIIc	IIIc	IIIc	primary_claim_supported_with_minor_flags	false	main	24	A	A	identical_to_human	false	MSA/final_human_referenced_residue_agreement.tsv
pongo_abelii	IIIc	IIIc	IIIc	primary_claim_supported_with_minor_flags	false	main	25	G	G	identical_to_human	false	MSA/final_human_referenced_residue_agreement.tsv
pongo_abelii	IIIc	IIIc	IIIc	primary_claim_supported_with_minor_flags	false	main	26	E	E	identical_to_human	true	MSA/final_human_referenced_residue_agreement.tsv
pongo_abelii	IIIc	IIIc	IIIc	primary_claim_supported_with_minor_flags	false	main	27	Y	Y	identical_to_human	false	MSA/final_human_referenced_residue_agreement.tsv
pongo_abelii	IIIc	IIIc	IIIc	primary_claim_supported_with_minor_flags	false	main	28	T	T	identical_to_human	true	MSA/final_human_referenced_residue_agreement.tsv
pongo_abelii	IIIc	IIIc	IIIc	primary_claim_supported_with_minor_flags	false	main	29	C	C	identical_to_human	true	MSA/final_human_referenced_residue_agreement.tsv
pongo_abelii	IIIc	IIIc	IIIc	primary_claim_supported_with_minor_flags	false	main	30	L	L	identical_to_human	true	MSA/final_human_referenced_residue_agreement.tsv
pongo_abelii	IIIc	IIIc	IIIc	primary_claim_supported_with_minor_flags	false	main	31	A	A	identical_to_human	false	MSA/final_human_referenced_residue_agreement.tsv
pongo_abelii	IIIc	IIIc	IIIc	primary_claim_supported_with_minor_flags	false	main	32	G	G	identical_to_human	true	MSA/final_human_referenced_residue_agreement.tsv
pongo_abelii	IIIc	IIIc	IIIc	primary_claim_supported_with_minor_flags	false	main	33	N	N	identical_to_human	false	MSA/final_human_referenced_residue_agreement.tsv
pongo_abelii	IIIc	IIIc	IIIc	primary_claim_supported_with_minor_flags	false	main	34	S	S	identical_to_human	false	MSA/final_human_referenced_residue_agreement.tsv
pongo_abelii	IIIc	IIIc	IIIc	primary_claim_supported_with_minor_flags	false	main	35	I	I	identical_to_human	false	MSA/final_human_referenced_residue_agreement.tsv
pongo_abelii	IIIc	IIIc	IIIc	primary_claim_supported_with_minor_flags	false	main	36	G	G	identical_to_human	true	MSA/final_human_referenced_residue_agreement.tsv
pongo_abelii	IIIc	IIIc	IIIc	primary_claim_supported_with_minor_flags	false	main	37	I	I	identical_to_human	true	MSA/final_human_referenced_residue_agreement.tsv
pongo_abelii	IIIc	IIIc	IIIc	primary_claim_supported_with_minor_flags	false	main	38	S	S	identical_to_human	true	MSA/final_human_referenced_residue_agreement.tsv
pongo_abelii	IIIc	IIIc	IIIc	primary_claim_supported_with_minor_flags	false	main	39	F	F	identical_to_human	false	MSA/final_human_referenced_residue_agreement.tsv
pongo_abelii	IIIc	IIIc	IIIc	primary_claim_supported_with_minor_flags	false	main	40	H	H	identical_to_human	false	MSA/final_human_referenced_residue_agreement.tsv
pongo_abelii	IIIc	IIIc	IIIc	primary_claim_supported_with_minor_flags	false	main	41	S	S	identical_to_human	false	MSA/final_human_referenced_residue_agreement.tsv
pongo_abelii	IIIc	IIIc	IIIc	primary_claim_supported_with_minor_flags	false	main	42	A	A	identical_to_human	false	MSA/final_human_referenced_residue_agreement.tsv
pongo_abelii	IIIc	IIIc	IIIc	primary_claim_supported_with_minor_flags	false	main	43	W	W	identical_to_human	false	MSA/final_human_referenced_residue_agreement.tsv
pongo_abelii	IIIc	IIIc	IIIc	primary_claim_supported_with_minor_flags	false	main	44	L	L	identical_to_human	false	MSA/final_human_referenced_residue_agreement.tsv
pongo_abelii	IIIc	IIIc	IIIc	primary_claim_supported_with_minor_flags	false	main	45	T	T	identical_to_human	false	MSA/final_human_referenced_residue_agreement.tsv
pongo_abelii	IIIc	IIIc	IIIc	primary_claim_supported_with_minor_flags	false	main	46	V	V	identical_to_human	false	MSA/final_human_referenced_residue_agreement.tsv
pongo_abelii	IIIc	IIIc	IIIc	primary_claim_supported_with_minor_flags	false	main	47	L	L	identical_to_human	false	MSA/final_human_referenced_residue_agreement.tsv
pongo_abelii	IIIc	IIIc	IIIc	primary_claim_supported_with_minor_flags	false	main	48	P	P	identical_to_human	false	MSA/final_human_referenced_residue_agreement.tsv
macaca_mulatta	IIIb	IIIb	IIIb	primary_claim_supported_with_minor_flags	false	main	1	H	H	identical_to_human	true	MSA/final_human_referenced_residue_agreement.tsv
macaca_mulatta	IIIb	IIIb	IIIb	primary_claim_supported_with_minor_flags	false	main	2	S	S	identical_to_human	true	MSA/final_human_referenced_residue_agreement.tsv
macaca_mulatta	IIIb	IIIb	IIIb	primary_claim_supported_with_minor_flags	false	main	3	G	G	identical_to_human	false	MSA/final_human_referenced_residue_agreement.tsv
macaca_mulatta	IIIb	IIIb	IIIb	primary_claim_supported_with_minor_flags	false	main	4	I	I	identical_to_human	true	MSA/final_human_referenced_residue_agreement.tsv
macaca_mulatta	IIIb	IIIb	IIIb	primary_claim_supported_with_minor_flags	false	main	5	N	N	identical_to_human	false	MSA/final_human_referenced_residue_agreement.tsv
macaca_mulatta	IIIb	IIIb	IIIb	primary_claim_supported_with_minor_flags	false	main	6	S	S	identical_to_human	true	MSA/final_human_referenced_residue_agreement.tsv
macaca_mulatta	IIIb	IIIb	IIIb	primary_claim_supported_with_minor_flags	false	main	7	S	S	identical_to_human	true	MSA/final_human_referenced_residue_agreement.tsv
macaca_mulatta	IIIb	IIIb	IIIb	primary_claim_supported_with_minor_flags	false	main	8	N	N	identical_to_human	true	MSA/final_human_referenced_residue_agreement.tsv
macaca_mulatta	IIIb	IIIb	IIIb	primary_claim_supported_with_minor_flags	false	main	9	A	A	identical_to_human	true	MSA/final_human_referenced_residue_agreement.tsv
macaca_mulatta	IIIb	IIIb	IIIb	primary_claim_supported_with_minor_flags	false	main	10	E	E	identical_to_human	true	MSA/final_human_referenced_residue_agreement.tsv
macaca_mulatta	IIIb	IIIb	IIIb	primary_claim_supported_with_minor_flags	false	main	11	V	V	identical_to_human	false	MSA/final_human_referenced_residue_agreement.tsv
macaca_mulatta	IIIb	IIIb	IIIb	primary_claim_supported_with_minor_flags	false	main	12	L	L	identical_to_human	false	MSA/final_human_referenced_residue_agreement.tsv
macaca_mulatta	IIIb	IIIb	IIIb	primary_claim_supported_with_minor_flags	false	main	13	A	A	identical_to_human	false	MSA/final_human_referenced_residue_agreement.tsv
macaca_mulatta	IIIb	IIIb	IIIb	primary_claim_supported_with_minor_flags	false	main	14	L	L	identical_to_human	true	MSA/final_human_referenced_residue_agreement.tsv
macaca_mulatta	IIIb	IIIb	IIIb	primary_claim_supported_with_minor_flags	false	main	15	F	F	identical_to_human	false	MSA/final_human_referenced_residue_agreement.tsv
macaca_mulatta	IIIb	IIIb	IIIb	primary_claim_supported_with_minor_flags	false	main	16	N	N	identical_to_human	false	MSA/final_human_referenced_residue_agreement.tsv
macaca_mulatta	IIIb	IIIb	IIIb	primary_claim_supported_with_minor_flags	false	main	17	V	V	identical_to_human	false	MSA/final_human_referenced_residue_agreement.tsv
macaca_mulatta	IIIb	IIIb	IIIb	primary_claim_supported_with_minor_flags	false	main	18	T	T	identical_to_human	false	MSA/final_human_referenced_residue_agreement.tsv
macaca_mulatta	IIIb	IIIb	IIIb	primary_claim_supported_with_minor_flags	false	main	19	E	E	identical_to_human	true	MSA/final_human_referenced_residue_agreement.tsv
macaca_mulatta	IIIb	IIIb	IIIb	primary_claim_supported_with_minor_flags	false	main	20	A	A	identical_to_human	false	MSA/final_human_referenced_residue_agreement.tsv
macaca_mulatta	IIIb	IIIb	IIIb	primary_claim_supported_with_minor_flags	false	main	21	D	D	identical_to_human	false	MSA/final_human_referenced_residue_agreement.tsv
macaca_mulatta	IIIb	IIIb	IIIb	primary_claim_supported_with_minor_flags	false	main	22	A	A	identical_to_human	false	MSA/final_human_referenced_residue_agreement.tsv
macaca_mulatta	IIIb	IIIb	IIIb	primary_claim_supported_with_minor_flags	false	main	23	G	G	identical_to_human	false	MSA/final_human_referenced_residue_agreement.tsv
macaca_mulatta	IIIb	IIIb	IIIb	primary_claim_supported_with_minor_flags	false	main	24	E	E	identical_to_human	false	MSA/final_human_referenced_residue_agreement.tsv
macaca_mulatta	IIIb	IIIb	IIIb	primary_claim_supported_with_minor_flags	false	main	25	Y	Y	identical_to_human	false	MSA/final_human_referenced_residue_agreement.tsv
macaca_mulatta	IIIb	IIIb	IIIb	primary_claim_supported_with_minor_flags	false	main	26	I	I	identical_to_human	true	MSA/final_human_referenced_residue_agreement.tsv
macaca_mulatta	IIIb	IIIb	IIIb	primary_claim_supported_with_minor_flags	false	main	27	C	C	identical_to_human	false	MSA/final_human_referenced_residue_agreement.tsv
macaca_mulatta	IIIb	IIIb	IIIb	primary_claim_supported_with_minor_flags	false	main	28	K	K	identical_to_human	true	MSA/final_human_referenced_residue_agreement.tsv
macaca_mulatta	IIIb	IIIb	IIIb	primary_claim_supported_with_minor_flags	false	main	29	V	V	identical_to_human	true	MSA/final_human_referenced_residue_agreement.tsv
macaca_mulatta	IIIb	IIIb	IIIb	primary_claim_supported_with_minor_flags	false	main	30	S	S	identical_to_human	true	MSA/final_human_referenced_residue_agreement.tsv
macaca_mulatta	IIIb	IIIb	IIIb	primary_claim_supported_with_minor_flags	false	main	31	N	N	identical_to_human	false	MSA/final_human_referenced_residue_agreement.tsv
macaca_mulatta	IIIb	IIIb	IIIb	primary_claim_supported_with_minor_flags	false	main	32	Y	Y	identical_to_human	true	MSA/final_human_referenced_residue_agreement.tsv
macaca_mulatta	IIIb	IIIb	IIIb	primary_claim_supported_with_minor_flags	false	main	33	I	I	identical_to_human	false	MSA/final_human_referenced_residue_agreement.tsv
macaca_mulatta	IIIb	IIIb	IIIb	primary_claim_supported_with_minor_flags	false	main	34	G	G	identical_to_human	false	MSA/final_human_referenced_residue_agreement.tsv
macaca_mulatta	IIIb	IIIb	IIIb	primary_claim_supported_with_minor_flags	false	main	35	Q	Q	identical_to_human	false	MSA/final_human_referenced_residue_agreement.tsv
macaca_mulatta	IIIb	IIIb	IIIb	primary_claim_supported_with_minor_flags	false	main	36	A	A	identical_to_human	true	MSA/final_human_referenced_residue_agreement.tsv
macaca_mulatta	IIIb	IIIb	IIIb	primary_claim_supported_with_minor_flags	false	main	37	N	N	identical_to_human	true	MSA/final_human_referenced_residue_agreement.tsv
macaca_mulatta	IIIb	IIIb	IIIb	primary_claim_supported_with_minor_flags	false	main	38	Q	Q	identical_to_human	true	MSA/final_human_referenced_residue_agreement.tsv
macaca_mulatta	IIIb	IIIb	IIIb	primary_claim_supported_with_minor_flags	false	main	39	S	S	identical_to_human	false	MSA/final_human_referenced_residue_agreement.tsv
macaca_mulatta	IIIb	IIIb	IIIb	primary_claim_supported_with_minor_flags	false	main	40	A	A	identical_to_human	false	MSA/final_human_referenced_residue_agreement.tsv
macaca_mulatta	IIIb	IIIb	IIIb	primary_claim_supported_with_minor_flags	false	main	41	W	W	identical_to_human	false	MSA/final_human_referenced_residue_agreement.tsv
macaca_mulatta	IIIb	IIIb	IIIb	primary_claim_supported_with_minor_flags	false	main	42	L	L	identical_to_human	false	MSA/final_human_referenced_residue_agreement.tsv
macaca_mulatta	IIIb	IIIb	IIIb	primary_claim_supported_with_minor_flags	false	main	43	T	T	identical_to_human	false	MSA/final_human_referenced_residue_agreement.tsv
macaca_mulatta	IIIb	IIIb	IIIb	primary_claim_supported_with_minor_flags	false	main	44	V	V	identical_to_human	false	MSA/final_human_referenced_residue_agreement.tsv
macaca_mulatta	IIIb	IIIb	IIIb	primary_claim_supported_with_minor_flags	false	main	45	L	L	identical_to_human	false	MSA/final_human_referenced_residue_agreement.tsv
macaca_mulatta	IIIb	IIIb	IIIb	primary_claim_supported_with_minor_flags	false	main	46	P	P	identical_to_human	false	MSA/final_human_referenced_residue_agreement.tsv
macaca_mulatta	IIIc	IIIc	IIIc	primary_claim_supported_with_minor_flags	false	main	1	A	A	identical_to_human	true	MSA/final_human_referenced_residue_agreement.tsv
macaca_mulatta	IIIc	IIIc	IIIc	primary_claim_supported_with_minor_flags	false	main	2	A	A	identical_to_human	true	MSA/final_human_referenced_residue_agreement.tsv
macaca_mulatta	IIIc	IIIc	IIIc	primary_claim_supported_with_minor_flags	false	main	3	G	G	identical_to_human	false	MSA/final_human_referenced_residue_agreement.tsv
macaca_mulatta	IIIc	IIIc	IIIc	primary_claim_supported_with_minor_flags	false	main	4	V	V	identical_to_human	true	MSA/final_human_referenced_residue_agreement.tsv
macaca_mulatta	IIIc	IIIc	IIIc	primary_claim_supported_with_minor_flags	false	main	5	N	N	identical_to_human	false	MSA/final_human_referenced_residue_agreement.tsv
macaca_mulatta	IIIc	IIIc	IIIc	primary_claim_supported_with_minor_flags	false	main	6	T	T	identical_to_human	true	MSA/final_human_referenced_residue_agreement.tsv
macaca_mulatta	IIIc	IIIc	IIIc	primary_claim_supported_with_minor_flags	false	main	7	T	T	identical_to_human	true	MSA/final_human_referenced_residue_agreement.tsv
macaca_mulatta	IIIc	IIIc	IIIc	primary_claim_supported_with_minor_flags	false	main	8	D	D	identical_to_human	true	MSA/final_human_referenced_residue_agreement.tsv
macaca_mulatta	IIIc	IIIc	IIIc	primary_claim_supported_with_minor_flags	false	main	9	K	K	identical_to_human	true	MSA/final_human_referenced_residue_agreement.tsv
macaca_mulatta	IIIc	IIIc	IIIc	primary_claim_supported_with_minor_flags	false	main	10	E	E	identical_to_human	true	MSA/final_human_referenced_residue_agreement.tsv
macaca_mulatta	IIIc	IIIc	IIIc	primary_claim_supported_with_minor_flags	false	main	11	I	I	identical_to_human	false	MSA/final_human_referenced_residue_agreement.tsv
macaca_mulatta	IIIc	IIIc	IIIc	primary_claim_supported_with_minor_flags	false	main	12	E	E	identical_to_human	false	MSA/final_human_referenced_residue_agreement.tsv
macaca_mulatta	IIIc	IIIc	IIIc	primary_claim_supported_with_minor_flags	false	main	13	V	V	identical_to_human	false	MSA/final_human_referenced_residue_agreement.tsv
macaca_mulatta	IIIc	IIIc	IIIc	primary_claim_supported_with_minor_flags	false	main	14	L	L	identical_to_human	true	MSA/final_human_referenced_residue_agreement.tsv
macaca_mulatta	IIIc	IIIc	IIIc	primary_claim_supported_with_minor_flags	false	main	15	Y	Y	identical_to_human	false	MSA/final_human_referenced_residue_agreement.tsv
macaca_mulatta	IIIc	IIIc	IIIc	primary_claim_supported_with_minor_flags	false	main	16	I	I	identical_to_human	false	MSA/final_human_referenced_residue_agreement.tsv
macaca_mulatta	IIIc	IIIc	IIIc	primary_claim_supported_with_minor_flags	false	main	17	R	R	identical_to_human	false	MSA/final_human_referenced_residue_agreement.tsv
macaca_mulatta	IIIc	IIIc	IIIc	primary_claim_supported_with_minor_flags	false	main	18	N	N	identical_to_human	false	MSA/final_human_referenced_residue_agreement.tsv
macaca_mulatta	IIIc	IIIc	IIIc	primary_claim_supported_with_minor_flags	false	main	19	V	V	identical_to_human	true	MSA/final_human_referenced_residue_agreement.tsv
macaca_mulatta	IIIc	IIIc	IIIc	primary_claim_supported_with_minor_flags	false	main	20	T	T	identical_to_human	false	MSA/final_human_referenced_residue_agreement.tsv
macaca_mulatta	IIIc	IIIc	IIIc	primary_claim_supported_with_minor_flags	false	main	21	F	F	identical_to_human	false	MSA/final_human_referenced_residue_agreement.tsv
macaca_mulatta	IIIc	IIIc	IIIc	primary_claim_supported_with_minor_flags	false	main	22	E	E	identical_to_human	false	MSA/final_human_referenced_residue_agreement.tsv
macaca_mulatta	IIIc	IIIc	IIIc	primary_claim_supported_with_minor_flags	false	main	23	D	D	identical_to_human	false	MSA/final_human_referenced_residue_agreement.tsv
macaca_mulatta	IIIc	IIIc	IIIc	primary_claim_supported_with_minor_flags	false	main	24	A	A	identical_to_human	false	MSA/final_human_referenced_residue_agreement.tsv
macaca_mulatta	IIIc	IIIc	IIIc	primary_claim_supported_with_minor_flags	false	main	25	G	G	identical_to_human	false	MSA/final_human_referenced_residue_agreement.tsv
macaca_mulatta	IIIc	IIIc	IIIc	primary_claim_supported_with_minor_flags	false	main	26	E	E	identical_to_human	true	MSA/final_human_referenced_residue_agreement.tsv
macaca_mulatta	IIIc	IIIc	IIIc	primary_claim_supported_with_minor_flags	false	main	27	Y	Y	identical_to_human	false	MSA/final_human_referenced_residue_agreement.tsv
macaca_mulatta	IIIc	IIIc	IIIc	primary_claim_supported_with_minor_flags	false	main	28	T	T	identical_to_human	true	MSA/final_human_referenced_residue_agreement.tsv
macaca_mulatta	IIIc	IIIc	IIIc	primary_claim_supported_with_minor_flags	false	main	29	C	C	identical_to_human	true	MSA/final_human_referenced_residue_agreement.tsv
macaca_mulatta	IIIc	IIIc	IIIc	primary_claim_supported_with_minor_flags	false	main	30	L	L	identical_to_human	true	MSA/final_human_referenced_residue_agreement.tsv
macaca_mulatta	IIIc	IIIc	IIIc	primary_claim_supported_with_minor_flags	false	main	31	A	A	identical_to_human	false	MSA/final_human_referenced_residue_agreement.tsv
macaca_mulatta	IIIc	IIIc	IIIc	primary_claim_supported_with_minor_flags	false	main	32	G	G	identical_to_human	true	MSA/final_human_referenced_residue_agreement.tsv
macaca_mulatta	IIIc	IIIc	IIIc	primary_claim_supported_with_minor_flags	false	main	33	N	N	identical_to_human	false	MSA/final_human_referenced_residue_agreement.tsv
macaca_mulatta	IIIc	IIIc	IIIc	primary_claim_supported_with_minor_flags	false	main	34	S	S	identical_to_human	false	MSA/final_human_referenced_residue_agreement.tsv
macaca_mulatta	IIIc	IIIc	IIIc	primary_claim_supported_with_minor_flags	false	main	35	I	I	identical_to_human	false	MSA/final_human_referenced_residue_agreement.tsv
macaca_mulatta	IIIc	IIIc	IIIc	primary_claim_supported_with_minor_flags	false	main	36	G	G	identical_to_human	true	MSA/final_human_referenced_residue_agreement.tsv
macaca_mulatta	IIIc	IIIc	IIIc	primary_claim_supported_with_minor_flags	false	main	37	I	I	identical_to_human	true	MSA/final_human_referenced_residue_agreement.tsv
macaca_mulatta	IIIc	IIIc	IIIc	primary_claim_supported_with_minor_flags	false	main	38	S	S	identical_to_human	true	MSA/final_human_referenced_residue_agreement.tsv
macaca_mulatta	IIIc	IIIc	IIIc	primary_claim_supported_with_minor_flags	false	main	39	F	F	identical_to_human	false	MSA/final_human_referenced_residue_agreement.tsv
macaca_mulatta	IIIc	IIIc	IIIc	primary_claim_supported_with_minor_flags	false	main	40	H	H	identical_to_human	false	MSA/final_human_referenced_residue_agreement.tsv
macaca_mulatta	IIIc	IIIc	IIIc	primary_claim_supported_with_minor_flags	false	main	41	S	S	identical_to_human	false	MSA/final_human_referenced_residue_agreement.tsv
macaca_mulatta	IIIc	IIIc	IIIc	primary_claim_supported_with_minor_flags	false	main	42	A	A	identical_to_human	false	MSA/final_human_referenced_residue_agreement.tsv
macaca_mulatta	IIIc	IIIc	IIIc	primary_claim_supported_with_minor_flags	false	main	43	W	W	identical_to_human	false	MSA/final_human_referenced_residue_agreement.tsv
macaca_mulatta	IIIc	IIIc	IIIc	primary_claim_supported_with_minor_flags	false	main	44	L	L	identical_to_human	false	MSA/final_human_referenced_residue_agreement.tsv
macaca_mulatta	IIIc	IIIc	IIIc	primary_claim_supported_with_minor_flags	false	main	45	T	T	identical_to_human	false	MSA/final_human_referenced_residue_agreement.tsv
macaca_mulatta	IIIc	IIIc	IIIc	primary_claim_supported_with_minor_flags	false	main	46	V	V	identical_to_human	false	MSA/final_human_referenced_residue_agreement.tsv
macaca_mulatta	IIIc	IIIc	IIIc	primary_claim_supported_with_minor_flags	false	main	47	L	L	identical_to_human	false	MSA/final_human_referenced_residue_agreement.tsv
macaca_mulatta	IIIc	IIIc	IIIc	primary_claim_supported_with_minor_flags	false	main	48	P	P	identical_to_human	false	MSA/final_human_referenced_residue_agreement.tsv
callithrix_jacchus	IIIb	IIIb	IIIb	primary_claim_supported_with_minor_flags	false	main	1	H	H	identical_to_human	true	MSA/final_human_referenced_residue_agreement.tsv
callithrix_jacchus	IIIb	IIIb	IIIb	primary_claim_supported_with_minor_flags	false	main	2	S	S	identical_to_human	true	MSA/final_human_referenced_residue_agreement.tsv
callithrix_jacchus	IIIb	IIIb	IIIb	primary_claim_supported_with_minor_flags	false	main	3	G	G	identical_to_human	false	MSA/final_human_referenced_residue_agreement.tsv
callithrix_jacchus	IIIb	IIIb	IIIb	primary_claim_supported_with_minor_flags	false	main	4	I	I	identical_to_human	true	MSA/final_human_referenced_residue_agreement.tsv
callithrix_jacchus	IIIb	IIIb	IIIb	primary_claim_supported_with_minor_flags	false	main	5	N	N	identical_to_human	false	MSA/final_human_referenced_residue_agreement.tsv
callithrix_jacchus	IIIb	IIIb	IIIb	primary_claim_supported_with_minor_flags	false	main	6	S	S	identical_to_human	true	MSA/final_human_referenced_residue_agreement.tsv
callithrix_jacchus	IIIb	IIIb	IIIb	primary_claim_supported_with_minor_flags	false	main	7	S	S	identical_to_human	true	MSA/final_human_referenced_residue_agreement.tsv
callithrix_jacchus	IIIb	IIIb	IIIb	primary_claim_supported_with_minor_flags	false	main	8	N	N	identical_to_human	true	MSA/final_human_referenced_residue_agreement.tsv
callithrix_jacchus	IIIb	IIIb	IIIb	primary_claim_supported_with_minor_flags	false	main	9	A	A	identical_to_human	true	MSA/final_human_referenced_residue_agreement.tsv
callithrix_jacchus	IIIb	IIIb	IIIb	primary_claim_supported_with_minor_flags	false	main	10	E	E	identical_to_human	true	MSA/final_human_referenced_residue_agreement.tsv
callithrix_jacchus	IIIb	IIIb	IIIb	primary_claim_supported_with_minor_flags	false	main	11	V	V	identical_to_human	false	MSA/final_human_referenced_residue_agreement.tsv
callithrix_jacchus	IIIb	IIIb	IIIb	primary_claim_supported_with_minor_flags	false	main	12	L	L	identical_to_human	false	MSA/final_human_referenced_residue_agreement.tsv
callithrix_jacchus	IIIb	IIIb	IIIb	primary_claim_supported_with_minor_flags	false	main	13	A	A	identical_to_human	false	MSA/final_human_referenced_residue_agreement.tsv
callithrix_jacchus	IIIb	IIIb	IIIb	primary_claim_supported_with_minor_flags	false	main	14	L	L	identical_to_human	true	MSA/final_human_referenced_residue_agreement.tsv
callithrix_jacchus	IIIb	IIIb	IIIb	primary_claim_supported_with_minor_flags	false	main	15	F	F	identical_to_human	false	MSA/final_human_referenced_residue_agreement.tsv
callithrix_jacchus	IIIb	IIIb	IIIb	primary_claim_supported_with_minor_flags	false	main	16	N	N	identical_to_human	false	MSA/final_human_referenced_residue_agreement.tsv
callithrix_jacchus	IIIb	IIIb	IIIb	primary_claim_supported_with_minor_flags	false	main	17	V	V	identical_to_human	false	MSA/final_human_referenced_residue_agreement.tsv
callithrix_jacchus	IIIb	IIIb	IIIb	primary_claim_supported_with_minor_flags	false	main	18	T	T	identical_to_human	false	MSA/final_human_referenced_residue_agreement.tsv
callithrix_jacchus	IIIb	IIIb	IIIb	primary_claim_supported_with_minor_flags	false	main	19	E	E	identical_to_human	true	MSA/final_human_referenced_residue_agreement.tsv
callithrix_jacchus	IIIb	IIIb	IIIb	primary_claim_supported_with_minor_flags	false	main	20	A	A	identical_to_human	false	MSA/final_human_referenced_residue_agreement.tsv
callithrix_jacchus	IIIb	IIIb	IIIb	primary_claim_supported_with_minor_flags	false	main	21	D	D	identical_to_human	false	MSA/final_human_referenced_residue_agreement.tsv
callithrix_jacchus	IIIb	IIIb	IIIb	primary_claim_supported_with_minor_flags	false	main	22	A	A	identical_to_human	false	MSA/final_human_referenced_residue_agreement.tsv
callithrix_jacchus	IIIb	IIIb	IIIb	primary_claim_supported_with_minor_flags	false	main	23	G	G	identical_to_human	false	MSA/final_human_referenced_residue_agreement.tsv
callithrix_jacchus	IIIb	IIIb	IIIb	primary_claim_supported_with_minor_flags	false	main	24	E	E	identical_to_human	false	MSA/final_human_referenced_residue_agreement.tsv
callithrix_jacchus	IIIb	IIIb	IIIb	primary_claim_supported_with_minor_flags	false	main	25	Y	Y	identical_to_human	false	MSA/final_human_referenced_residue_agreement.tsv
callithrix_jacchus	IIIb	IIIb	IIIb	primary_claim_supported_with_minor_flags	false	main	26	I	I	identical_to_human	true	MSA/final_human_referenced_residue_agreement.tsv
callithrix_jacchus	IIIb	IIIb	IIIb	primary_claim_supported_with_minor_flags	false	main	27	C	C	identical_to_human	false	MSA/final_human_referenced_residue_agreement.tsv
callithrix_jacchus	IIIb	IIIb	IIIb	primary_claim_supported_with_minor_flags	false	main	28	K	K	identical_to_human	true	MSA/final_human_referenced_residue_agreement.tsv
callithrix_jacchus	IIIb	IIIb	IIIb	primary_claim_supported_with_minor_flags	false	main	29	V	V	identical_to_human	true	MSA/final_human_referenced_residue_agreement.tsv
callithrix_jacchus	IIIb	IIIb	IIIb	primary_claim_supported_with_minor_flags	false	main	30	S	S	identical_to_human	true	MSA/final_human_referenced_residue_agreement.tsv
callithrix_jacchus	IIIb	IIIb	IIIb	primary_claim_supported_with_minor_flags	false	main	31	N	N	identical_to_human	false	MSA/final_human_referenced_residue_agreement.tsv
callithrix_jacchus	IIIb	IIIb	IIIb	primary_claim_supported_with_minor_flags	false	main	32	Y	Y	identical_to_human	true	MSA/final_human_referenced_residue_agreement.tsv
callithrix_jacchus	IIIb	IIIb	IIIb	primary_claim_supported_with_minor_flags	false	main	33	I	I	identical_to_human	false	MSA/final_human_referenced_residue_agreement.tsv
callithrix_jacchus	IIIb	IIIb	IIIb	primary_claim_supported_with_minor_flags	false	main	34	G	G	identical_to_human	false	MSA/final_human_referenced_residue_agreement.tsv
callithrix_jacchus	IIIb	IIIb	IIIb	primary_claim_supported_with_minor_flags	false	main	35	Q	Q	identical_to_human	false	MSA/final_human_referenced_residue_agreement.tsv
callithrix_jacchus	IIIb	IIIb	IIIb	primary_claim_supported_with_minor_flags	false	main	36	A	A	identical_to_human	true	MSA/final_human_referenced_residue_agreement.tsv
callithrix_jacchus	IIIb	IIIb	IIIb	primary_claim_supported_with_minor_flags	false	main	37	N	N	identical_to_human	true	MSA/final_human_referenced_residue_agreement.tsv
callithrix_jacchus	IIIb	IIIb	IIIb	primary_claim_supported_with_minor_flags	false	main	38	Q	Q	identical_to_human	true	MSA/final_human_referenced_residue_agreement.tsv
callithrix_jacchus	IIIb	IIIb	IIIb	primary_claim_supported_with_minor_flags	false	main	39	S	S	identical_to_human	false	MSA/final_human_referenced_residue_agreement.tsv
callithrix_jacchus	IIIb	IIIb	IIIb	primary_claim_supported_with_minor_flags	false	main	40	A	A	identical_to_human	false	MSA/final_human_referenced_residue_agreement.tsv
callithrix_jacchus	IIIb	IIIb	IIIb	primary_claim_supported_with_minor_flags	false	main	41	W	W	identical_to_human	false	MSA/final_human_referenced_residue_agreement.tsv
callithrix_jacchus	IIIb	IIIb	IIIb	primary_claim_supported_with_minor_flags	false	main	42	L	L	identical_to_human	false	MSA/final_human_referenced_residue_agreement.tsv
callithrix_jacchus	IIIb	IIIb	IIIb	primary_claim_supported_with_minor_flags	false	main	43	T	T	identical_to_human	false	MSA/final_human_referenced_residue_agreement.tsv
callithrix_jacchus	IIIb	IIIb	IIIb	primary_claim_supported_with_minor_flags	false	main	44	V	V	identical_to_human	false	MSA/final_human_referenced_residue_agreement.tsv
callithrix_jacchus	IIIb	IIIb	IIIb	primary_claim_supported_with_minor_flags	false	main	45	L	L	identical_to_human	false	MSA/final_human_referenced_residue_agreement.tsv
callithrix_jacchus	IIIb	IIIb	IIIb	primary_claim_supported_with_minor_flags	false	main	46	P	P	identical_to_human	false	MSA/final_human_referenced_residue_agreement.tsv
callithrix_jacchus	IIIc	IIIc	IIIc	primary_claim_supported_with_minor_flags	false	main	1	A	A	identical_to_human	true	MSA/final_human_referenced_residue_agreement.tsv
callithrix_jacchus	IIIc	IIIc	IIIc	primary_claim_supported_with_minor_flags	false	main	2	A	A	identical_to_human	true	MSA/final_human_referenced_residue_agreement.tsv
callithrix_jacchus	IIIc	IIIc	IIIc	primary_claim_supported_with_minor_flags	false	main	3	G	G	identical_to_human	false	MSA/final_human_referenced_residue_agreement.tsv
callithrix_jacchus	IIIc	IIIc	IIIc	primary_claim_supported_with_minor_flags	false	main	4	V	V	identical_to_human	true	MSA/final_human_referenced_residue_agreement.tsv
callithrix_jacchus	IIIc	IIIc	IIIc	primary_claim_supported_with_minor_flags	false	main	5	N	N	identical_to_human	false	MSA/final_human_referenced_residue_agreement.tsv
callithrix_jacchus	IIIc	IIIc	IIIc	primary_claim_supported_with_minor_flags	false	main	6	T	T	identical_to_human	true	MSA/final_human_referenced_residue_agreement.tsv
callithrix_jacchus	IIIc	IIIc	IIIc	primary_claim_supported_with_minor_flags	false	main	7	T	T	identical_to_human	true	MSA/final_human_referenced_residue_agreement.tsv
callithrix_jacchus	IIIc	IIIc	IIIc	primary_claim_supported_with_minor_flags	false	main	8	D	D	identical_to_human	true	MSA/final_human_referenced_residue_agreement.tsv
callithrix_jacchus	IIIc	IIIc	IIIc	primary_claim_supported_with_minor_flags	false	main	9	K	K	identical_to_human	true	MSA/final_human_referenced_residue_agreement.tsv
callithrix_jacchus	IIIc	IIIc	IIIc	primary_claim_supported_with_minor_flags	false	main	10	E	E	identical_to_human	true	MSA/final_human_referenced_residue_agreement.tsv
callithrix_jacchus	IIIc	IIIc	IIIc	primary_claim_supported_with_minor_flags	false	main	11	I	I	identical_to_human	false	MSA/final_human_referenced_residue_agreement.tsv
callithrix_jacchus	IIIc	IIIc	IIIc	primary_claim_supported_with_minor_flags	false	main	12	E	E	identical_to_human	false	MSA/final_human_referenced_residue_agreement.tsv
callithrix_jacchus	IIIc	IIIc	IIIc	primary_claim_supported_with_minor_flags	false	main	13	V	V	identical_to_human	false	MSA/final_human_referenced_residue_agreement.tsv
callithrix_jacchus	IIIc	IIIc	IIIc	primary_claim_supported_with_minor_flags	false	main	14	L	L	identical_to_human	true	MSA/final_human_referenced_residue_agreement.tsv
callithrix_jacchus	IIIc	IIIc	IIIc	primary_claim_supported_with_minor_flags	false	main	15	Y	Y	identical_to_human	false	MSA/final_human_referenced_residue_agreement.tsv
callithrix_jacchus	IIIc	IIIc	IIIc	primary_claim_supported_with_minor_flags	false	main	16	I	I	identical_to_human	false	MSA/final_human_referenced_residue_agreement.tsv
callithrix_jacchus	IIIc	IIIc	IIIc	primary_claim_supported_with_minor_flags	false	main	17	R	R	identical_to_human	false	MSA/final_human_referenced_residue_agreement.tsv
callithrix_jacchus	IIIc	IIIc	IIIc	primary_claim_supported_with_minor_flags	false	main	18	N	N	identical_to_human	false	MSA/final_human_referenced_residue_agreement.tsv
callithrix_jacchus	IIIc	IIIc	IIIc	primary_claim_supported_with_minor_flags	false	main	19	V	V	identical_to_human	true	MSA/final_human_referenced_residue_agreement.tsv
callithrix_jacchus	IIIc	IIIc	IIIc	primary_claim_supported_with_minor_flags	false	main	20	T	T	identical_to_human	false	MSA/final_human_referenced_residue_agreement.tsv
callithrix_jacchus	IIIc	IIIc	IIIc	primary_claim_supported_with_minor_flags	false	main	21	F	F	identical_to_human	false	MSA/final_human_referenced_residue_agreement.tsv
callithrix_jacchus	IIIc	IIIc	IIIc	primary_claim_supported_with_minor_flags	false	main	22	E	E	identical_to_human	false	MSA/final_human_referenced_residue_agreement.tsv
callithrix_jacchus	IIIc	IIIc	IIIc	primary_claim_supported_with_minor_flags	false	main	23	D	D	identical_to_human	false	MSA/final_human_referenced_residue_agreement.tsv
callithrix_jacchus	IIIc	IIIc	IIIc	primary_claim_supported_with_minor_flags	false	main	24	A	A	identical_to_human	false	MSA/final_human_referenced_residue_agreement.tsv
callithrix_jacchus	IIIc	IIIc	IIIc	primary_claim_supported_with_minor_flags	false	main	25	G	G	identical_to_human	false	MSA/final_human_referenced_residue_agreement.tsv
callithrix_jacchus	IIIc	IIIc	IIIc	primary_claim_supported_with_minor_flags	false	main	26	E	E	identical_to_human	true	MSA/final_human_referenced_residue_agreement.tsv
callithrix_jacchus	IIIc	IIIc	IIIc	primary_claim_supported_with_minor_flags	false	main	27	Y	Y	identical_to_human	false	MSA/final_human_referenced_residue_agreement.tsv
callithrix_jacchus	IIIc	IIIc	IIIc	primary_claim_supported_with_minor_flags	false	main	28	T	T	identical_to_human	true	MSA/final_human_referenced_residue_agreement.tsv
callithrix_jacchus	IIIc	IIIc	IIIc	primary_claim_supported_with_minor_flags	false	main	29	C	C	identical_to_human	true	MSA/final_human_referenced_residue_agreement.tsv
callithrix_jacchus	IIIc	IIIc	IIIc	primary_claim_supported_with_minor_flags	false	main	30	L	L	identical_to_human	true	MSA/final_human_referenced_residue_agreement.tsv
callithrix_jacchus	IIIc	IIIc	IIIc	primary_claim_supported_with_minor_flags	false	main	31	A	A	identical_to_human	false	MSA/final_human_referenced_residue_agreement.tsv
callithrix_jacchus	IIIc	IIIc	IIIc	primary_claim_supported_with_minor_flags	false	main	32	G	G	identical_to_human	true	MSA/final_human_referenced_residue_agreement.tsv
callithrix_jacchus	IIIc	IIIc	IIIc	primary_claim_supported_with_minor_flags	false	main	33	N	N	identical_to_human	false	MSA/final_human_referenced_residue_agreement.tsv
callithrix_jacchus	IIIc	IIIc	IIIc	primary_claim_supported_with_minor_flags	false	main	34	S	S	identical_to_human	false	MSA/final_human_referenced_residue_agreement.tsv
callithrix_jacchus	IIIc	IIIc	IIIc	primary_claim_supported_with_minor_flags	false	main	35	I	I	identical_to_human	false	MSA/final_human_referenced_residue_agreement.tsv
callithrix_jacchus	IIIc	IIIc	IIIc	primary_claim_supported_with_minor_flags	false	main	36	G	G	identical_to_human	true	MSA/final_human_referenced_residue_agreement.tsv
callithrix_jacchus	IIIc	IIIc	IIIc	primary_claim_supported_with_minor_flags	false	main	37	I	I	identical_to_human	true	MSA/final_human_referenced_residue_agreement.tsv
callithrix_jacchus	IIIc	IIIc	IIIc	primary_claim_supported_with_minor_flags	false	main	38	S	S	identical_to_human	true	MSA/final_human_referenced_residue_agreement.tsv
callithrix_jacchus	IIIc	IIIc	IIIc	primary_claim_supported_with_minor_flags	false	main	39	F	F	identical_to_human	false	MSA/final_human_referenced_residue_agreement.tsv
callithrix_jacchus	IIIc	IIIc	IIIc	primary_claim_supported_with_minor_flags	false	main	40	H	H	identical_to_human	false	MSA/final_human_referenced_residue_agreement.tsv
callithrix_jacchus	IIIc	IIIc	IIIc	primary_claim_supported_with_minor_flags	false	main	41	S	S	identical_to_human	false	MSA/final_human_referenced_residue_agreement.tsv
callithrix_jacchus	IIIc	IIIc	IIIc	primary_claim_supported_with_minor_flags	false	main	42	A	A	identical_to_human	false	MSA/final_human_referenced_residue_agreement.tsv
callithrix_jacchus	IIIc	IIIc	IIIc	primary_claim_supported_with_minor_flags	false	main	43	W	W	identical_to_human	false	MSA/final_human_referenced_residue_agreement.tsv
callithrix_jacchus	IIIc	IIIc	IIIc	primary_claim_supported_with_minor_flags	false	main	44	L	L	identical_to_human	false	MSA/final_human_referenced_residue_agreement.tsv
callithrix_jacchus	IIIc	IIIc	IIIc	primary_claim_supported_with_minor_flags	false	main	45	T	T	identical_to_human	false	MSA/final_human_referenced_residue_agreement.tsv
callithrix_jacchus	IIIc	IIIc	IIIc	primary_claim_supported_with_minor_flags	false	main	46	V	V	identical_to_human	false	MSA/final_human_referenced_residue_agreement.tsv
callithrix_jacchus	IIIc	IIIc	IIIc	primary_claim_supported_with_minor_flags	false	main	47	L	L	identical_to_human	false	MSA/final_human_referenced_residue_agreement.tsv
callithrix_jacchus	IIIc	IIIc	IIIc	primary_claim_supported_with_minor_flags	false	main	48	P	P	identical_to_human	false	MSA/final_human_referenced_residue_agreement.tsv
mus_musculus	IIIb	IIIb	IIIb	primary_claim_supported_with_minor_flags	false	main	1	H	H	identical_to_human	true	MSA/final_human_referenced_residue_agreement.tsv
mus_musculus	IIIb	IIIb	IIIb	primary_claim_supported_with_minor_flags	false	main	2	S	S	identical_to_human	true	MSA/final_human_referenced_residue_agreement.tsv
mus_musculus	IIIb	IIIb	IIIb	primary_claim_supported_with_minor_flags	false	main	3	G	G	identical_to_human	false	MSA/final_human_referenced_residue_agreement.tsv
mus_musculus	IIIb	IIIb	IIIb	primary_claim_supported_with_minor_flags	false	main	4	I	I	identical_to_human	true	MSA/final_human_referenced_residue_agreement.tsv
mus_musculus	IIIb	IIIb	IIIb	primary_claim_supported_with_minor_flags	false	main	5	N	N	identical_to_human	false	MSA/final_human_referenced_residue_agreement.tsv
mus_musculus	IIIb	IIIb	IIIb	primary_claim_supported_with_minor_flags	false	main	6	S	S	identical_to_human	true	MSA/final_human_referenced_residue_agreement.tsv
mus_musculus	IIIb	IIIb	IIIb	primary_claim_supported_with_minor_flags	false	main	7	S	S	identical_to_human	true	MSA/final_human_referenced_residue_agreement.tsv
mus_musculus	IIIb	IIIb	IIIb	primary_claim_supported_with_minor_flags	false	main	8	N	N	identical_to_human	true	MSA/final_human_referenced_residue_agreement.tsv
mus_musculus	IIIb	IIIb	IIIb	primary_claim_supported_with_minor_flags	false	main	9	A	A	identical_to_human	true	MSA/final_human_referenced_residue_agreement.tsv
mus_musculus	IIIb	IIIb	IIIb	primary_claim_supported_with_minor_flags	false	main	10	E	E	identical_to_human	true	MSA/final_human_referenced_residue_agreement.tsv
mus_musculus	IIIb	IIIb	IIIb	primary_claim_supported_with_minor_flags	false	main	11	V	V	identical_to_human	false	MSA/final_human_referenced_residue_agreement.tsv
mus_musculus	IIIb	IIIb	IIIb	primary_claim_supported_with_minor_flags	false	main	12	L	L	identical_to_human	false	MSA/final_human_referenced_residue_agreement.tsv
mus_musculus	IIIb	IIIb	IIIb	primary_claim_supported_with_minor_flags	false	main	13	A	A	identical_to_human	false	MSA/final_human_referenced_residue_agreement.tsv
mus_musculus	IIIb	IIIb	IIIb	primary_claim_supported_with_minor_flags	false	main	14	L	L	identical_to_human	true	MSA/final_human_referenced_residue_agreement.tsv
mus_musculus	IIIb	IIIb	IIIb	primary_claim_supported_with_minor_flags	false	main	15	F	F	identical_to_human	false	MSA/final_human_referenced_residue_agreement.tsv
mus_musculus	IIIb	IIIb	IIIb	primary_claim_supported_with_minor_flags	false	main	16	N	N	identical_to_human	false	MSA/final_human_referenced_residue_agreement.tsv
mus_musculus	IIIb	IIIb	IIIb	primary_claim_supported_with_minor_flags	false	main	17	V	V	identical_to_human	false	MSA/final_human_referenced_residue_agreement.tsv
mus_musculus	IIIb	IIIb	IIIb	primary_claim_supported_with_minor_flags	false	main	18	T	T	identical_to_human	false	MSA/final_human_referenced_residue_agreement.tsv
mus_musculus	IIIb	IIIb	IIIb	primary_claim_supported_with_minor_flags	false	main	19	E	E	identical_to_human	true	MSA/final_human_referenced_residue_agreement.tsv
mus_musculus	IIIb	IIIb	IIIb	primary_claim_supported_with_minor_flags	false	main	20	A	M	nonconservative_substitution	false	MSA/final_human_referenced_residue_agreement.tsv
mus_musculus	IIIb	IIIb	IIIb	primary_claim_supported_with_minor_flags	false	main	21	D	D	identical_to_human	false	MSA/final_human_referenced_residue_agreement.tsv
mus_musculus	IIIb	IIIb	IIIb	primary_claim_supported_with_minor_flags	false	main	22	A	A	identical_to_human	false	MSA/final_human_referenced_residue_agreement.tsv
mus_musculus	IIIb	IIIb	IIIb	primary_claim_supported_with_minor_flags	false	main	23	G	G	identical_to_human	false	MSA/final_human_referenced_residue_agreement.tsv
mus_musculus	IIIb	IIIb	IIIb	primary_claim_supported_with_minor_flags	false	main	24	E	E	identical_to_human	false	MSA/final_human_referenced_residue_agreement.tsv
mus_musculus	IIIb	IIIb	IIIb	primary_claim_supported_with_minor_flags	false	main	25	Y	Y	identical_to_human	false	MSA/final_human_referenced_residue_agreement.tsv
mus_musculus	IIIb	IIIb	IIIb	primary_claim_supported_with_minor_flags	false	main	26	I	I	identical_to_human	true	MSA/final_human_referenced_residue_agreement.tsv
mus_musculus	IIIb	IIIb	IIIb	primary_claim_supported_with_minor_flags	false	main	27	C	C	identical_to_human	false	MSA/final_human_referenced_residue_agreement.tsv
mus_musculus	IIIb	IIIb	IIIb	primary_claim_supported_with_minor_flags	false	main	28	K	K	identical_to_human	true	MSA/final_human_referenced_residue_agreement.tsv
mus_musculus	IIIb	IIIb	IIIb	primary_claim_supported_with_minor_flags	false	main	29	V	V	identical_to_human	true	MSA/final_human_referenced_residue_agreement.tsv
mus_musculus	IIIb	IIIb	IIIb	primary_claim_supported_with_minor_flags	false	main	30	S	S	identical_to_human	true	MSA/final_human_referenced_residue_agreement.tsv
mus_musculus	IIIb	IIIb	IIIb	primary_claim_supported_with_minor_flags	false	main	31	N	N	identical_to_human	false	MSA/final_human_referenced_residue_agreement.tsv
mus_musculus	IIIb	IIIb	IIIb	primary_claim_supported_with_minor_flags	false	main	32	Y	Y	identical_to_human	true	MSA/final_human_referenced_residue_agreement.tsv
mus_musculus	IIIb	IIIb	IIIb	primary_claim_supported_with_minor_flags	false	main	33	I	I	identical_to_human	false	MSA/final_human_referenced_residue_agreement.tsv
mus_musculus	IIIb	IIIb	IIIb	primary_claim_supported_with_minor_flags	false	main	34	G	G	identical_to_human	false	MSA/final_human_referenced_residue_agreement.tsv
mus_musculus	IIIb	IIIb	IIIb	primary_claim_supported_with_minor_flags	false	main	35	Q	Q	identical_to_human	false	MSA/final_human_referenced_residue_agreement.tsv
mus_musculus	IIIb	IIIb	IIIb	primary_claim_supported_with_minor_flags	false	main	36	A	A	identical_to_human	true	MSA/final_human_referenced_residue_agreement.tsv
mus_musculus	IIIb	IIIb	IIIb	primary_claim_supported_with_minor_flags	false	main	37	N	N	identical_to_human	true	MSA/final_human_referenced_residue_agreement.tsv
mus_musculus	IIIb	IIIb	IIIb	primary_claim_supported_with_minor_flags	false	main	38	Q	Q	identical_to_human	true	MSA/final_human_referenced_residue_agreement.tsv
mus_musculus	IIIb	IIIb	IIIb	primary_claim_supported_with_minor_flags	false	main	39	S	S	identical_to_human	false	MSA/final_human_referenced_residue_agreement.tsv
mus_musculus	IIIb	IIIb	IIIb	primary_claim_supported_with_minor_flags	false	main	40	A	A	identical_to_human	false	MSA/final_human_referenced_residue_agreement.tsv
mus_musculus	IIIb	IIIb	IIIb	primary_claim_supported_with_minor_flags	false	main	41	W	W	identical_to_human	false	MSA/final_human_referenced_residue_agreement.tsv
mus_musculus	IIIb	IIIb	IIIb	primary_claim_supported_with_minor_flags	false	main	42	L	L	identical_to_human	false	MSA/final_human_referenced_residue_agreement.tsv
mus_musculus	IIIb	IIIb	IIIb	primary_claim_supported_with_minor_flags	false	main	43	T	T	identical_to_human	false	MSA/final_human_referenced_residue_agreement.tsv
mus_musculus	IIIb	IIIb	IIIb	primary_claim_supported_with_minor_flags	false	main	44	V	V	identical_to_human	false	MSA/final_human_referenced_residue_agreement.tsv
mus_musculus	IIIb	IIIb	IIIb	primary_claim_supported_with_minor_flags	false	main	45	L	L	identical_to_human	false	MSA/final_human_referenced_residue_agreement.tsv
mus_musculus	IIIb	IIIb	IIIb	primary_claim_supported_with_minor_flags	false	main	46	P	P	identical_to_human	false	MSA/final_human_referenced_residue_agreement.tsv
mus_musculus	IIIc	IIIc	IIIc	primary_claim_supported_with_minor_flags	false	main	1	A	A	identical_to_human	true	MSA/final_human_referenced_residue_agreement.tsv
mus_musculus	IIIc	IIIc	IIIc	primary_claim_supported_with_minor_flags	false	main	2	A	A	identical_to_human	true	MSA/final_human_referenced_residue_agreement.tsv
mus_musculus	IIIc	IIIc	IIIc	primary_claim_supported_with_minor_flags	false	main	3	G	G	identical_to_human	false	MSA/final_human_referenced_residue_agreement.tsv
mus_musculus	IIIc	IIIc	IIIc	primary_claim_supported_with_minor_flags	false	main	4	V	V	identical_to_human	true	MSA/final_human_referenced_residue_agreement.tsv
mus_musculus	IIIc	IIIc	IIIc	primary_claim_supported_with_minor_flags	false	main	5	N	N	identical_to_human	false	MSA/final_human_referenced_residue_agreement.tsv
mus_musculus	IIIc	IIIc	IIIc	primary_claim_supported_with_minor_flags	false	main	6	T	T	identical_to_human	true	MSA/final_human_referenced_residue_agreement.tsv
mus_musculus	IIIc	IIIc	IIIc	primary_claim_supported_with_minor_flags	false	main	7	T	T	identical_to_human	true	MSA/final_human_referenced_residue_agreement.tsv
mus_musculus	IIIc	IIIc	IIIc	primary_claim_supported_with_minor_flags	false	main	8	D	D	identical_to_human	true	MSA/final_human_referenced_residue_agreement.tsv
mus_musculus	IIIc	IIIc	IIIc	primary_claim_supported_with_minor_flags	false	main	9	K	K	identical_to_human	true	MSA/final_human_referenced_residue_agreement.tsv
mus_musculus	IIIc	IIIc	IIIc	primary_claim_supported_with_minor_flags	false	main	10	E	E	identical_to_human	true	MSA/final_human_referenced_residue_agreement.tsv
mus_musculus	IIIc	IIIc	IIIc	primary_claim_supported_with_minor_flags	false	main	11	I	I	identical_to_human	false	MSA/final_human_referenced_residue_agreement.tsv
mus_musculus	IIIc	IIIc	IIIc	primary_claim_supported_with_minor_flags	false	main	12	E	E	identical_to_human	false	MSA/final_human_referenced_residue_agreement.tsv
mus_musculus	IIIc	IIIc	IIIc	primary_claim_supported_with_minor_flags	false	main	13	V	V	identical_to_human	false	MSA/final_human_referenced_residue_agreement.tsv
mus_musculus	IIIc	IIIc	IIIc	primary_claim_supported_with_minor_flags	false	main	14	L	L	identical_to_human	true	MSA/final_human_referenced_residue_agreement.tsv
mus_musculus	IIIc	IIIc	IIIc	primary_claim_supported_with_minor_flags	false	main	15	Y	Y	identical_to_human	false	MSA/final_human_referenced_residue_agreement.tsv
mus_musculus	IIIc	IIIc	IIIc	primary_claim_supported_with_minor_flags	false	main	16	I	I	identical_to_human	false	MSA/final_human_referenced_residue_agreement.tsv
mus_musculus	IIIc	IIIc	IIIc	primary_claim_supported_with_minor_flags	false	main	17	R	R	identical_to_human	false	MSA/final_human_referenced_residue_agreement.tsv
mus_musculus	IIIc	IIIc	IIIc	primary_claim_supported_with_minor_flags	false	main	18	N	N	identical_to_human	false	MSA/final_human_referenced_residue_agreement.tsv
mus_musculus	IIIc	IIIc	IIIc	primary_claim_supported_with_minor_flags	false	main	19	V	V	identical_to_human	true	MSA/final_human_referenced_residue_agreement.tsv
mus_musculus	IIIc	IIIc	IIIc	primary_claim_supported_with_minor_flags	false	main	20	T	T	identical_to_human	false	MSA/final_human_referenced_residue_agreement.tsv
mus_musculus	IIIc	IIIc	IIIc	primary_claim_supported_with_minor_flags	false	main	21	F	F	identical_to_human	false	MSA/final_human_referenced_residue_agreement.tsv
mus_musculus	IIIc	IIIc	IIIc	primary_claim_supported_with_minor_flags	false	main	22	E	E	identical_to_human	false	MSA/final_human_referenced_residue_agreement.tsv
mus_musculus	IIIc	IIIc	IIIc	primary_claim_supported_with_minor_flags	false	main	23	D	D	identical_to_human	false	MSA/final_human_referenced_residue_agreement.tsv
mus_musculus	IIIc	IIIc	IIIc	primary_claim_supported_with_minor_flags	false	main	24	A	A	identical_to_human	false	MSA/final_human_referenced_residue_agreement.tsv
mus_musculus	IIIc	IIIc	IIIc	primary_claim_supported_with_minor_flags	false	main	25	G	G	identical_to_human	false	MSA/final_human_referenced_residue_agreement.tsv
mus_musculus	IIIc	IIIc	IIIc	primary_claim_supported_with_minor_flags	false	main	26	E	E	identical_to_human	true	MSA/final_human_referenced_residue_agreement.tsv
mus_musculus	IIIc	IIIc	IIIc	primary_claim_supported_with_minor_flags	false	main	27	Y	Y	identical_to_human	false	MSA/final_human_referenced_residue_agreement.tsv
mus_musculus	IIIc	IIIc	IIIc	primary_claim_supported_with_minor_flags	false	main	28	T	T	identical_to_human	true	MSA/final_human_referenced_residue_agreement.tsv
mus_musculus	IIIc	IIIc	IIIc	primary_claim_supported_with_minor_flags	false	main	29	C	C	identical_to_human	true	MSA/final_human_referenced_residue_agreement.tsv
mus_musculus	IIIc	IIIc	IIIc	primary_claim_supported_with_minor_flags	false	main	30	L	L	identical_to_human	true	MSA/final_human_referenced_residue_agreement.tsv
mus_musculus	IIIc	IIIc	IIIc	primary_claim_supported_with_minor_flags	false	main	31	A	A	identical_to_human	false	MSA/final_human_referenced_residue_agreement.tsv
mus_musculus	IIIc	IIIc	IIIc	primary_claim_supported_with_minor_flags	false	main	32	G	G	identical_to_human	true	MSA/final_human_referenced_residue_agreement.tsv
mus_musculus	IIIc	IIIc	IIIc	primary_claim_supported_with_minor_flags	false	main	33	N	N	identical_to_human	false	MSA/final_human_referenced_residue_agreement.tsv
mus_musculus	IIIc	IIIc	IIIc	primary_claim_supported_with_minor_flags	false	main	34	S	S	identical_to_human	false	MSA/final_human_referenced_residue_agreement.tsv
mus_musculus	IIIc	IIIc	IIIc	primary_claim_supported_with_minor_flags	false	main	35	I	I	identical_to_human	false	MSA/final_human_referenced_residue_agreement.tsv
mus_musculus	IIIc	IIIc	IIIc	primary_claim_supported_with_minor_flags	false	main	36	G	G	identical_to_human	true	MSA/final_human_referenced_residue_agreement.tsv
mus_musculus	IIIc	IIIc	IIIc	primary_claim_supported_with_minor_flags	false	main	37	I	I	identical_to_human	true	MSA/final_human_referenced_residue_agreement.tsv
mus_musculus	IIIc	IIIc	IIIc	primary_claim_supported_with_minor_flags	false	main	38	S	S	identical_to_human	true	MSA/final_human_referenced_residue_agreement.tsv
mus_musculus	IIIc	IIIc	IIIc	primary_claim_supported_with_minor_flags	false	main	39	F	F	identical_to_human	false	MSA/final_human_referenced_residue_agreement.tsv
mus_musculus	IIIc	IIIc	IIIc	primary_claim_supported_with_minor_flags	false	main	40	H	H	identical_to_human	false	MSA/final_human_referenced_residue_agreement.tsv
mus_musculus	IIIc	IIIc	IIIc	primary_claim_supported_with_minor_flags	false	main	41	S	S	identical_to_human	false	MSA/final_human_referenced_residue_agreement.tsv
mus_musculus	IIIc	IIIc	IIIc	primary_claim_supported_with_minor_flags	false	main	42	A	A	identical_to_human	false	MSA/final_human_referenced_residue_agreement.tsv
mus_musculus	IIIc	IIIc	IIIc	primary_claim_supported_with_minor_flags	false	main	43	W	W	identical_to_human	false	MSA/final_human_referenced_residue_agreement.tsv
mus_musculus	IIIc	IIIc	IIIc	primary_claim_supported_with_minor_flags	false	main	44	L	L	identical_to_human	false	MSA/final_human_referenced_residue_agreement.tsv
mus_musculus	IIIc	IIIc	IIIc	primary_claim_supported_with_minor_flags	false	main	45	T	T	identical_to_human	false	MSA/final_human_referenced_residue_agreement.tsv
mus_musculus	IIIc	IIIc	IIIc	primary_claim_supported_with_minor_flags	false	main	46	V	V	identical_to_human	false	MSA/final_human_referenced_residue_agreement.tsv
mus_musculus	IIIc	IIIc	IIIc	primary_claim_supported_with_minor_flags	false	main	47	L	L	identical_to_human	false	MSA/final_human_referenced_residue_agreement.tsv
mus_musculus	IIIc	IIIc	IIIc	primary_claim_supported_with_minor_flags	false	main	48	P	P	identical_to_human	false	MSA/final_human_referenced_residue_agreement.tsv
rattus_norvegicus	IIIb	IIIb	IIIb	primary_claim_supported_with_minor_flags	false	main	1	H	H	identical_to_human	true	MSA/final_human_referenced_residue_agreement.tsv
rattus_norvegicus	IIIb	IIIb	IIIb	primary_claim_supported_with_minor_flags	false	main	2	S	S	identical_to_human	true	MSA/final_human_referenced_residue_agreement.tsv
rattus_norvegicus	IIIb	IIIb	IIIb	primary_claim_supported_with_minor_flags	false	main	3	G	G	identical_to_human	false	MSA/final_human_referenced_residue_agreement.tsv
rattus_norvegicus	IIIb	IIIb	IIIb	primary_claim_supported_with_minor_flags	false	main	4	I	I	identical_to_human	true	MSA/final_human_referenced_residue_agreement.tsv
rattus_norvegicus	IIIb	IIIb	IIIb	primary_claim_supported_with_minor_flags	false	main	5	N	N	identical_to_human	false	MSA/final_human_referenced_residue_agreement.tsv
rattus_norvegicus	IIIb	IIIb	IIIb	primary_claim_supported_with_minor_flags	false	main	6	S	S	identical_to_human	true	MSA/final_human_referenced_residue_agreement.tsv
rattus_norvegicus	IIIb	IIIb	IIIb	primary_claim_supported_with_minor_flags	false	main	7	S	S	identical_to_human	true	MSA/final_human_referenced_residue_agreement.tsv
rattus_norvegicus	IIIb	IIIb	IIIb	primary_claim_supported_with_minor_flags	false	main	8	N	N	identical_to_human	true	MSA/final_human_referenced_residue_agreement.tsv
rattus_norvegicus	IIIb	IIIb	IIIb	primary_claim_supported_with_minor_flags	false	main	9	A	A	identical_to_human	true	MSA/final_human_referenced_residue_agreement.tsv
rattus_norvegicus	IIIb	IIIb	IIIb	primary_claim_supported_with_minor_flags	false	main	10	E	E	identical_to_human	true	MSA/final_human_referenced_residue_agreement.tsv
rattus_norvegicus	IIIb	IIIb	IIIb	primary_claim_supported_with_minor_flags	false	main	11	V	V	identical_to_human	false	MSA/final_human_referenced_residue_agreement.tsv
rattus_norvegicus	IIIb	IIIb	IIIb	primary_claim_supported_with_minor_flags	false	main	12	L	L	identical_to_human	false	MSA/final_human_referenced_residue_agreement.tsv
rattus_norvegicus	IIIb	IIIb	IIIb	primary_claim_supported_with_minor_flags	false	main	13	A	A	identical_to_human	false	MSA/final_human_referenced_residue_agreement.tsv
rattus_norvegicus	IIIb	IIIb	IIIb	primary_claim_supported_with_minor_flags	false	main	14	L	L	identical_to_human	true	MSA/final_human_referenced_residue_agreement.tsv
rattus_norvegicus	IIIb	IIIb	IIIb	primary_claim_supported_with_minor_flags	false	main	15	F	F	identical_to_human	false	MSA/final_human_referenced_residue_agreement.tsv
rattus_norvegicus	IIIb	IIIb	IIIb	primary_claim_supported_with_minor_flags	false	main	16	N	N	identical_to_human	false	MSA/final_human_referenced_residue_agreement.tsv
rattus_norvegicus	IIIb	IIIb	IIIb	primary_claim_supported_with_minor_flags	false	main	17	V	V	identical_to_human	false	MSA/final_human_referenced_residue_agreement.tsv
rattus_norvegicus	IIIb	IIIb	IIIb	primary_claim_supported_with_minor_flags	false	main	18	T	T	identical_to_human	false	MSA/final_human_referenced_residue_agreement.tsv
rattus_norvegicus	IIIb	IIIb	IIIb	primary_claim_supported_with_minor_flags	false	main	19	E	E	identical_to_human	true	MSA/final_human_referenced_residue_agreement.tsv
rattus_norvegicus	IIIb	IIIb	IIIb	primary_claim_supported_with_minor_flags	false	main	20	A	M	nonconservative_substitution	false	MSA/final_human_referenced_residue_agreement.tsv
rattus_norvegicus	IIIb	IIIb	IIIb	primary_claim_supported_with_minor_flags	false	main	21	D	D	identical_to_human	false	MSA/final_human_referenced_residue_agreement.tsv
rattus_norvegicus	IIIb	IIIb	IIIb	primary_claim_supported_with_minor_flags	false	main	22	A	A	identical_to_human	false	MSA/final_human_referenced_residue_agreement.tsv
rattus_norvegicus	IIIb	IIIb	IIIb	primary_claim_supported_with_minor_flags	false	main	23	G	G	identical_to_human	false	MSA/final_human_referenced_residue_agreement.tsv
rattus_norvegicus	IIIb	IIIb	IIIb	primary_claim_supported_with_minor_flags	false	main	24	E	E	identical_to_human	false	MSA/final_human_referenced_residue_agreement.tsv
rattus_norvegicus	IIIb	IIIb	IIIb	primary_claim_supported_with_minor_flags	false	main	25	Y	Y	identical_to_human	false	MSA/final_human_referenced_residue_agreement.tsv
rattus_norvegicus	IIIb	IIIb	IIIb	primary_claim_supported_with_minor_flags	false	main	26	I	I	identical_to_human	true	MSA/final_human_referenced_residue_agreement.tsv
rattus_norvegicus	IIIb	IIIb	IIIb	primary_claim_supported_with_minor_flags	false	main	27	C	C	identical_to_human	false	MSA/final_human_referenced_residue_agreement.tsv
rattus_norvegicus	IIIb	IIIb	IIIb	primary_claim_supported_with_minor_flags	false	main	28	K	K	identical_to_human	true	MSA/final_human_referenced_residue_agreement.tsv
rattus_norvegicus	IIIb	IIIb	IIIb	primary_claim_supported_with_minor_flags	false	main	29	V	V	identical_to_human	true	MSA/final_human_referenced_residue_agreement.tsv
rattus_norvegicus	IIIb	IIIb	IIIb	primary_claim_supported_with_minor_flags	false	main	30	S	S	identical_to_human	true	MSA/final_human_referenced_residue_agreement.tsv
rattus_norvegicus	IIIb	IIIb	IIIb	primary_claim_supported_with_minor_flags	false	main	31	N	N	identical_to_human	false	MSA/final_human_referenced_residue_agreement.tsv
rattus_norvegicus	IIIb	IIIb	IIIb	primary_claim_supported_with_minor_flags	false	main	32	Y	Y	identical_to_human	true	MSA/final_human_referenced_residue_agreement.tsv
rattus_norvegicus	IIIb	IIIb	IIIb	primary_claim_supported_with_minor_flags	false	main	33	I	I	identical_to_human	false	MSA/final_human_referenced_residue_agreement.tsv
rattus_norvegicus	IIIb	IIIb	IIIb	primary_claim_supported_with_minor_flags	false	main	34	G	G	identical_to_human	false	MSA/final_human_referenced_residue_agreement.tsv
rattus_norvegicus	IIIb	IIIb	IIIb	primary_claim_supported_with_minor_flags	false	main	35	Q	Q	identical_to_human	false	MSA/final_human_referenced_residue_agreement.tsv
rattus_norvegicus	IIIb	IIIb	IIIb	primary_claim_supported_with_minor_flags	false	main	36	A	A	identical_to_human	true	MSA/final_human_referenced_residue_agreement.tsv
rattus_norvegicus	IIIb	IIIb	IIIb	primary_claim_supported_with_minor_flags	false	main	37	N	N	identical_to_human	true	MSA/final_human_referenced_residue_agreement.tsv
rattus_norvegicus	IIIb	IIIb	IIIb	primary_claim_supported_with_minor_flags	false	main	38	Q	Q	identical_to_human	true	MSA/final_human_referenced_residue_agreement.tsv
rattus_norvegicus	IIIb	IIIb	IIIb	primary_claim_supported_with_minor_flags	false	main	39	S	S	identical_to_human	false	MSA/final_human_referenced_residue_agreement.tsv
rattus_norvegicus	IIIb	IIIb	IIIb	primary_claim_supported_with_minor_flags	false	main	40	A	A	identical_to_human	false	MSA/final_human_referenced_residue_agreement.tsv
rattus_norvegicus	IIIb	IIIb	IIIb	primary_claim_supported_with_minor_flags	false	main	41	W	W	identical_to_human	false	MSA/final_human_referenced_residue_agreement.tsv
rattus_norvegicus	IIIb	IIIb	IIIb	primary_claim_supported_with_minor_flags	false	main	42	L	L	identical_to_human	false	MSA/final_human_referenced_residue_agreement.tsv
rattus_norvegicus	IIIb	IIIb	IIIb	primary_claim_supported_with_minor_flags	false	main	43	T	T	identical_to_human	false	MSA/final_human_referenced_residue_agreement.tsv
rattus_norvegicus	IIIb	IIIb	IIIb	primary_claim_supported_with_minor_flags	false	main	44	V	V	identical_to_human	false	MSA/final_human_referenced_residue_agreement.tsv
rattus_norvegicus	IIIb	IIIb	IIIb	primary_claim_supported_with_minor_flags	false	main	45	L	L	identical_to_human	false	MSA/final_human_referenced_residue_agreement.tsv
rattus_norvegicus	IIIb	IIIb	IIIb	primary_claim_supported_with_minor_flags	false	main	46	P	P	identical_to_human	false	MSA/final_human_referenced_residue_agreement.tsv
rattus_norvegicus	IIIc	IIIc	IIIc	primary_claim_supported_with_minor_flags	false	main	1	A	A	identical_to_human	true	MSA/final_human_referenced_residue_agreement.tsv
rattus_norvegicus	IIIc	IIIc	IIIc	primary_claim_supported_with_minor_flags	false	main	2	A	A	identical_to_human	true	MSA/final_human_referenced_residue_agreement.tsv
rattus_norvegicus	IIIc	IIIc	IIIc	primary_claim_supported_with_minor_flags	false	main	3	G	G	identical_to_human	false	MSA/final_human_referenced_residue_agreement.tsv
rattus_norvegicus	IIIc	IIIc	IIIc	primary_claim_supported_with_minor_flags	false	main	4	V	V	identical_to_human	true	MSA/final_human_referenced_residue_agreement.tsv
rattus_norvegicus	IIIc	IIIc	IIIc	primary_claim_supported_with_minor_flags	false	main	5	N	N	identical_to_human	false	MSA/final_human_referenced_residue_agreement.tsv
rattus_norvegicus	IIIc	IIIc	IIIc	primary_claim_supported_with_minor_flags	false	main	6	T	T	identical_to_human	true	MSA/final_human_referenced_residue_agreement.tsv
rattus_norvegicus	IIIc	IIIc	IIIc	primary_claim_supported_with_minor_flags	false	main	7	T	T	identical_to_human	true	MSA/final_human_referenced_residue_agreement.tsv
rattus_norvegicus	IIIc	IIIc	IIIc	primary_claim_supported_with_minor_flags	false	main	8	D	D	identical_to_human	true	MSA/final_human_referenced_residue_agreement.tsv
rattus_norvegicus	IIIc	IIIc	IIIc	primary_claim_supported_with_minor_flags	false	main	9	K	K	identical_to_human	true	MSA/final_human_referenced_residue_agreement.tsv
rattus_norvegicus	IIIc	IIIc	IIIc	primary_claim_supported_with_minor_flags	false	main	10	E	E	identical_to_human	true	MSA/final_human_referenced_residue_agreement.tsv
rattus_norvegicus	IIIc	IIIc	IIIc	primary_claim_supported_with_minor_flags	false	main	11	I	I	identical_to_human	false	MSA/final_human_referenced_residue_agreement.tsv
rattus_norvegicus	IIIc	IIIc	IIIc	primary_claim_supported_with_minor_flags	false	main	12	E	E	identical_to_human	false	MSA/final_human_referenced_residue_agreement.tsv
rattus_norvegicus	IIIc	IIIc	IIIc	primary_claim_supported_with_minor_flags	false	main	13	V	V	identical_to_human	false	MSA/final_human_referenced_residue_agreement.tsv
rattus_norvegicus	IIIc	IIIc	IIIc	primary_claim_supported_with_minor_flags	false	main	14	L	L	identical_to_human	true	MSA/final_human_referenced_residue_agreement.tsv
rattus_norvegicus	IIIc	IIIc	IIIc	primary_claim_supported_with_minor_flags	false	main	15	Y	Y	identical_to_human	false	MSA/final_human_referenced_residue_agreement.tsv
rattus_norvegicus	IIIc	IIIc	IIIc	primary_claim_supported_with_minor_flags	false	main	16	I	I	identical_to_human	false	MSA/final_human_referenced_residue_agreement.tsv
rattus_norvegicus	IIIc	IIIc	IIIc	primary_claim_supported_with_minor_flags	false	main	17	R	R	identical_to_human	false	MSA/final_human_referenced_residue_agreement.tsv
rattus_norvegicus	IIIc	IIIc	IIIc	primary_claim_supported_with_minor_flags	false	main	18	N	N	identical_to_human	false	MSA/final_human_referenced_residue_agreement.tsv
rattus_norvegicus	IIIc	IIIc	IIIc	primary_claim_supported_with_minor_flags	false	main	19	V	V	identical_to_human	true	MSA/final_human_referenced_residue_agreement.tsv
rattus_norvegicus	IIIc	IIIc	IIIc	primary_claim_supported_with_minor_flags	false	main	20	T	T	identical_to_human	false	MSA/final_human_referenced_residue_agreement.tsv
rattus_norvegicus	IIIc	IIIc	IIIc	primary_claim_supported_with_minor_flags	false	main	21	F	F	identical_to_human	false	MSA/final_human_referenced_residue_agreement.tsv
rattus_norvegicus	IIIc	IIIc	IIIc	primary_claim_supported_with_minor_flags	false	main	22	E	E	identical_to_human	false	MSA/final_human_referenced_residue_agreement.tsv
rattus_norvegicus	IIIc	IIIc	IIIc	primary_claim_supported_with_minor_flags	false	main	23	D	D	identical_to_human	false	MSA/final_human_referenced_residue_agreement.tsv
rattus_norvegicus	IIIc	IIIc	IIIc	primary_claim_supported_with_minor_flags	false	main	24	A	A	identical_to_human	false	MSA/final_human_referenced_residue_agreement.tsv
rattus_norvegicus	IIIc	IIIc	IIIc	primary_claim_supported_with_minor_flags	false	main	25	G	G	identical_to_human	false	MSA/final_human_referenced_residue_agreement.tsv
rattus_norvegicus	IIIc	IIIc	IIIc	primary_claim_supported_with_minor_flags	false	main	26	E	E	identical_to_human	true	MSA/final_human_referenced_residue_agreement.tsv
rattus_norvegicus	IIIc	IIIc	IIIc	primary_claim_supported_with_minor_flags	false	main	27	Y	Y	identical_to_human	false	MSA/final_human_referenced_residue_agreement.tsv
rattus_norvegicus	IIIc	IIIc	IIIc	primary_claim_supported_with_minor_flags	false	main	28	T	T	identical_to_human	true	MSA/final_human_referenced_residue_agreement.tsv
rattus_norvegicus	IIIc	IIIc	IIIc	primary_claim_supported_with_minor_flags	false	main	29	C	C	identical_to_human	true	MSA/final_human_referenced_residue_agreement.tsv
rattus_norvegicus	IIIc	IIIc	IIIc	primary_claim_supported_with_minor_flags	false	main	30	L	L	identical_to_human	true	MSA/final_human_referenced_residue_agreement.tsv
rattus_norvegicus	IIIc	IIIc	IIIc	primary_claim_supported_with_minor_flags	false	main	31	A	A	identical_to_human	false	MSA/final_human_referenced_residue_agreement.tsv
rattus_norvegicus	IIIc	IIIc	IIIc	primary_claim_supported_with_minor_flags	false	main	32	G	G	identical_to_human	true	MSA/final_human_referenced_residue_agreement.tsv
rattus_norvegicus	IIIc	IIIc	IIIc	primary_claim_supported_with_minor_flags	false	main	33	N	N	identical_to_human	false	MSA/final_human_referenced_residue_agreement.tsv
rattus_norvegicus	IIIc	IIIc	IIIc	primary_claim_supported_with_minor_flags	false	main	34	S	S	identical_to_human	false	MSA/final_human_referenced_residue_agreement.tsv
rattus_norvegicus	IIIc	IIIc	IIIc	primary_claim_supported_with_minor_flags	false	main	35	I	I	identical_to_human	false	MSA/final_human_referenced_residue_agreement.tsv
rattus_norvegicus	IIIc	IIIc	IIIc	primary_claim_supported_with_minor_flags	false	main	36	G	G	identical_to_human	true	MSA/final_human_referenced_residue_agreement.tsv
rattus_norvegicus	IIIc	IIIc	IIIc	primary_claim_supported_with_minor_flags	false	main	37	I	I	identical_to_human	true	MSA/final_human_referenced_residue_agreement.tsv
rattus_norvegicus	IIIc	IIIc	IIIc	primary_claim_supported_with_minor_flags	false	main	38	S	S	identical_to_human	true	MSA/final_human_referenced_residue_agreement.tsv
rattus_norvegicus	IIIc	IIIc	IIIc	primary_claim_supported_with_minor_flags	false	main	39	F	F	identical_to_human	false	MSA/final_human_referenced_residue_agreement.tsv
rattus_norvegicus	IIIc	IIIc	IIIc	primary_claim_supported_with_minor_flags	false	main	40	H	H	identical_to_human	false	MSA/final_human_referenced_residue_agreement.tsv
rattus_norvegicus	IIIc	IIIc	IIIc	primary_claim_supported_with_minor_flags	false	main	41	S	S	identical_to_human	false	MSA/final_human_referenced_residue_agreement.tsv
rattus_norvegicus	IIIc	IIIc	IIIc	primary_claim_supported_with_minor_flags	false	main	42	A	A	identical_to_human	false	MSA/final_human_referenced_residue_agreement.tsv
rattus_norvegicus	IIIc	IIIc	IIIc	primary_claim_supported_with_minor_flags	false	main	43	W	W	identical_to_human	false	MSA/final_human_referenced_residue_agreement.tsv
rattus_norvegicus	IIIc	IIIc	IIIc	primary_claim_supported_with_minor_flags	false	main	44	L	L	identical_to_human	false	MSA/final_human_referenced_residue_agreement.tsv
rattus_norvegicus	IIIc	IIIc	IIIc	primary_claim_supported_with_minor_flags	false	main	45	T	T	identical_to_human	false	MSA/final_human_referenced_residue_agreement.tsv
rattus_norvegicus	IIIc	IIIc	IIIc	primary_claim_supported_with_minor_flags	false	main	46	V	V	identical_to_human	false	MSA/final_human_referenced_residue_agreement.tsv
rattus_norvegicus	IIIc	IIIc	IIIc	primary_claim_supported_with_minor_flags	false	main	47	L	L	identical_to_human	false	MSA/final_human_referenced_residue_agreement.tsv
rattus_norvegicus	IIIc	IIIc	IIIc	primary_claim_supported_with_minor_flags	false	main	48	P	P	identical_to_human	false	MSA/final_human_referenced_residue_agreement.tsv
oryctolagus_cuniculus	IIIb	IIIb	IIIb	primary_claim_supported_with_minor_flags	false	main	1	H	H	identical_to_human	true	MSA/final_human_referenced_residue_agreement.tsv
oryctolagus_cuniculus	IIIb	IIIb	IIIb	primary_claim_supported_with_minor_flags	false	main	2	S	S	identical_to_human	true	MSA/final_human_referenced_residue_agreement.tsv
oryctolagus_cuniculus	IIIb	IIIb	IIIb	primary_claim_supported_with_minor_flags	false	main	3	G	G	identical_to_human	false	MSA/final_human_referenced_residue_agreement.tsv
oryctolagus_cuniculus	IIIb	IIIb	IIIb	primary_claim_supported_with_minor_flags	false	main	4	I	I	identical_to_human	true	MSA/final_human_referenced_residue_agreement.tsv
oryctolagus_cuniculus	IIIb	IIIb	IIIb	primary_claim_supported_with_minor_flags	false	main	5	N	N	identical_to_human	false	MSA/final_human_referenced_residue_agreement.tsv
oryctolagus_cuniculus	IIIb	IIIb	IIIb	primary_claim_supported_with_minor_flags	false	main	6	S	S	identical_to_human	true	MSA/final_human_referenced_residue_agreement.tsv
oryctolagus_cuniculus	IIIb	IIIb	IIIb	primary_claim_supported_with_minor_flags	false	main	7	S	S	identical_to_human	true	MSA/final_human_referenced_residue_agreement.tsv
oryctolagus_cuniculus	IIIb	IIIb	IIIb	primary_claim_supported_with_minor_flags	false	main	8	N	N	identical_to_human	true	MSA/final_human_referenced_residue_agreement.tsv
oryctolagus_cuniculus	IIIb	IIIb	IIIb	primary_claim_supported_with_minor_flags	false	main	9	A	A	identical_to_human	true	MSA/final_human_referenced_residue_agreement.tsv
oryctolagus_cuniculus	IIIb	IIIb	IIIb	primary_claim_supported_with_minor_flags	false	main	10	E	E	identical_to_human	true	MSA/final_human_referenced_residue_agreement.tsv
oryctolagus_cuniculus	IIIb	IIIb	IIIb	primary_claim_supported_with_minor_flags	false	main	11	V	V	identical_to_human	false	MSA/final_human_referenced_residue_agreement.tsv
oryctolagus_cuniculus	IIIb	IIIb	IIIb	primary_claim_supported_with_minor_flags	false	main	12	L	L	identical_to_human	false	MSA/final_human_referenced_residue_agreement.tsv
oryctolagus_cuniculus	IIIb	IIIb	IIIb	primary_claim_supported_with_minor_flags	false	main	13	A	A	identical_to_human	false	MSA/final_human_referenced_residue_agreement.tsv
oryctolagus_cuniculus	IIIb	IIIb	IIIb	primary_claim_supported_with_minor_flags	false	main	14	L	L	identical_to_human	true	MSA/final_human_referenced_residue_agreement.tsv
oryctolagus_cuniculus	IIIb	IIIb	IIIb	primary_claim_supported_with_minor_flags	false	main	15	F	F	identical_to_human	false	MSA/final_human_referenced_residue_agreement.tsv
oryctolagus_cuniculus	IIIb	IIIb	IIIb	primary_claim_supported_with_minor_flags	false	main	16	N	N	identical_to_human	false	MSA/final_human_referenced_residue_agreement.tsv
oryctolagus_cuniculus	IIIb	IIIb	IIIb	primary_claim_supported_with_minor_flags	false	main	17	V	V	identical_to_human	false	MSA/final_human_referenced_residue_agreement.tsv
oryctolagus_cuniculus	IIIb	IIIb	IIIb	primary_claim_supported_with_minor_flags	false	main	18	T	T	identical_to_human	false	MSA/final_human_referenced_residue_agreement.tsv
oryctolagus_cuniculus	IIIb	IIIb	IIIb	primary_claim_supported_with_minor_flags	false	main	19	E	E	identical_to_human	true	MSA/final_human_referenced_residue_agreement.tsv
oryctolagus_cuniculus	IIIb	IIIb	IIIb	primary_claim_supported_with_minor_flags	false	main	20	A	A	identical_to_human	false	MSA/final_human_referenced_residue_agreement.tsv
oryctolagus_cuniculus	IIIb	IIIb	IIIb	primary_claim_supported_with_minor_flags	false	main	21	D	D	identical_to_human	false	MSA/final_human_referenced_residue_agreement.tsv
oryctolagus_cuniculus	IIIb	IIIb	IIIb	primary_claim_supported_with_minor_flags	false	main	22	A	A	identical_to_human	false	MSA/final_human_referenced_residue_agreement.tsv
oryctolagus_cuniculus	IIIb	IIIb	IIIb	primary_claim_supported_with_minor_flags	false	main	23	G	G	identical_to_human	false	MSA/final_human_referenced_residue_agreement.tsv
oryctolagus_cuniculus	IIIb	IIIb	IIIb	primary_claim_supported_with_minor_flags	false	main	24	E	E	identical_to_human	false	MSA/final_human_referenced_residue_agreement.tsv
oryctolagus_cuniculus	IIIb	IIIb	IIIb	primary_claim_supported_with_minor_flags	false	main	25	Y	Y	identical_to_human	false	MSA/final_human_referenced_residue_agreement.tsv
oryctolagus_cuniculus	IIIb	IIIb	IIIb	primary_claim_supported_with_minor_flags	false	main	26	I	I	identical_to_human	true	MSA/final_human_referenced_residue_agreement.tsv
oryctolagus_cuniculus	IIIb	IIIb	IIIb	primary_claim_supported_with_minor_flags	false	main	27	C	C	identical_to_human	false	MSA/final_human_referenced_residue_agreement.tsv
oryctolagus_cuniculus	IIIb	IIIb	IIIb	primary_claim_supported_with_minor_flags	false	main	28	K	K	identical_to_human	true	MSA/final_human_referenced_residue_agreement.tsv
oryctolagus_cuniculus	IIIb	IIIb	IIIb	primary_claim_supported_with_minor_flags	false	main	29	V	V	identical_to_human	true	MSA/final_human_referenced_residue_agreement.tsv
oryctolagus_cuniculus	IIIb	IIIb	IIIb	primary_claim_supported_with_minor_flags	false	main	30	S	S	identical_to_human	true	MSA/final_human_referenced_residue_agreement.tsv
oryctolagus_cuniculus	IIIb	IIIb	IIIb	primary_claim_supported_with_minor_flags	false	main	31	N	N	identical_to_human	false	MSA/final_human_referenced_residue_agreement.tsv
oryctolagus_cuniculus	IIIb	IIIb	IIIb	primary_claim_supported_with_minor_flags	false	main	32	Y	Y	identical_to_human	true	MSA/final_human_referenced_residue_agreement.tsv
oryctolagus_cuniculus	IIIb	IIIb	IIIb	primary_claim_supported_with_minor_flags	false	main	33	I	I	identical_to_human	false	MSA/final_human_referenced_residue_agreement.tsv
oryctolagus_cuniculus	IIIb	IIIb	IIIb	primary_claim_supported_with_minor_flags	false	main	34	G	G	identical_to_human	false	MSA/final_human_referenced_residue_agreement.tsv
oryctolagus_cuniculus	IIIb	IIIb	IIIb	primary_claim_supported_with_minor_flags	false	main	35	Q	Q	identical_to_human	false	MSA/final_human_referenced_residue_agreement.tsv
oryctolagus_cuniculus	IIIb	IIIb	IIIb	primary_claim_supported_with_minor_flags	false	main	36	A	A	identical_to_human	true	MSA/final_human_referenced_residue_agreement.tsv
oryctolagus_cuniculus	IIIb	IIIb	IIIb	primary_claim_supported_with_minor_flags	false	main	37	N	N	identical_to_human	true	MSA/final_human_referenced_residue_agreement.tsv
oryctolagus_cuniculus	IIIb	IIIb	IIIb	primary_claim_supported_with_minor_flags	false	main	38	Q	Q	identical_to_human	true	MSA/final_human_referenced_residue_agreement.tsv
oryctolagus_cuniculus	IIIb	IIIb	IIIb	primary_claim_supported_with_minor_flags	false	main	39	S	S	identical_to_human	false	MSA/final_human_referenced_residue_agreement.tsv
oryctolagus_cuniculus	IIIb	IIIb	IIIb	primary_claim_supported_with_minor_flags	false	main	40	A	A	identical_to_human	false	MSA/final_human_referenced_residue_agreement.tsv
oryctolagus_cuniculus	IIIb	IIIb	IIIb	primary_claim_supported_with_minor_flags	false	main	41	W	W	identical_to_human	false	MSA/final_human_referenced_residue_agreement.tsv
oryctolagus_cuniculus	IIIb	IIIb	IIIb	primary_claim_supported_with_minor_flags	false	main	42	L	L	identical_to_human	false	MSA/final_human_referenced_residue_agreement.tsv
oryctolagus_cuniculus	IIIb	IIIb	IIIb	primary_claim_supported_with_minor_flags	false	main	43	T	T	identical_to_human	false	MSA/final_human_referenced_residue_agreement.tsv
oryctolagus_cuniculus	IIIb	IIIb	IIIb	primary_claim_supported_with_minor_flags	false	main	44	V	V	identical_to_human	false	MSA/final_human_referenced_residue_agreement.tsv
oryctolagus_cuniculus	IIIb	IIIb	IIIb	primary_claim_supported_with_minor_flags	false	main	45	L	L	identical_to_human	false	MSA/final_human_referenced_residue_agreement.tsv
oryctolagus_cuniculus	IIIb	IIIb	IIIb	primary_claim_supported_with_minor_flags	false	main	46	P	P	identical_to_human	false	MSA/final_human_referenced_residue_agreement.tsv
oryctolagus_cuniculus	IIIc	IIIc	IIIc	primary_claim_supported_with_minor_flags	false	main	1	A	A	identical_to_human	true	MSA/final_human_referenced_residue_agreement.tsv
oryctolagus_cuniculus	IIIc	IIIc	IIIc	primary_claim_supported_with_minor_flags	false	main	2	A	A	identical_to_human	true	MSA/final_human_referenced_residue_agreement.tsv
oryctolagus_cuniculus	IIIc	IIIc	IIIc	primary_claim_supported_with_minor_flags	false	main	3	G	G	identical_to_human	false	MSA/final_human_referenced_residue_agreement.tsv
oryctolagus_cuniculus	IIIc	IIIc	IIIc	primary_claim_supported_with_minor_flags	false	main	4	V	V	identical_to_human	true	MSA/final_human_referenced_residue_agreement.tsv
oryctolagus_cuniculus	IIIc	IIIc	IIIc	primary_claim_supported_with_minor_flags	false	main	5	N	N	identical_to_human	false	MSA/final_human_referenced_residue_agreement.tsv
oryctolagus_cuniculus	IIIc	IIIc	IIIc	primary_claim_supported_with_minor_flags	false	main	6	T	T	identical_to_human	true	MSA/final_human_referenced_residue_agreement.tsv
oryctolagus_cuniculus	IIIc	IIIc	IIIc	primary_claim_supported_with_minor_flags	false	main	7	T	T	identical_to_human	true	MSA/final_human_referenced_residue_agreement.tsv
oryctolagus_cuniculus	IIIc	IIIc	IIIc	primary_claim_supported_with_minor_flags	false	main	8	D	D	identical_to_human	true	MSA/final_human_referenced_residue_agreement.tsv
oryctolagus_cuniculus	IIIc	IIIc	IIIc	primary_claim_supported_with_minor_flags	false	main	9	K	K	identical_to_human	true	MSA/final_human_referenced_residue_agreement.tsv
oryctolagus_cuniculus	IIIc	IIIc	IIIc	primary_claim_supported_with_minor_flags	false	main	10	E	E	identical_to_human	true	MSA/final_human_referenced_residue_agreement.tsv
oryctolagus_cuniculus	IIIc	IIIc	IIIc	primary_claim_supported_with_minor_flags	false	main	11	I	I	identical_to_human	false	MSA/final_human_referenced_residue_agreement.tsv
oryctolagus_cuniculus	IIIc	IIIc	IIIc	primary_claim_supported_with_minor_flags	false	main	12	E	E	identical_to_human	false	MSA/final_human_referenced_residue_agreement.tsv
oryctolagus_cuniculus	IIIc	IIIc	IIIc	primary_claim_supported_with_minor_flags	false	main	13	V	V	identical_to_human	false	MSA/final_human_referenced_residue_agreement.tsv
oryctolagus_cuniculus	IIIc	IIIc	IIIc	primary_claim_supported_with_minor_flags	false	main	14	L	L	identical_to_human	true	MSA/final_human_referenced_residue_agreement.tsv
oryctolagus_cuniculus	IIIc	IIIc	IIIc	primary_claim_supported_with_minor_flags	false	main	15	Y	Y	identical_to_human	false	MSA/final_human_referenced_residue_agreement.tsv
oryctolagus_cuniculus	IIIc	IIIc	IIIc	primary_claim_supported_with_minor_flags	false	main	16	I	I	identical_to_human	false	MSA/final_human_referenced_residue_agreement.tsv
oryctolagus_cuniculus	IIIc	IIIc	IIIc	primary_claim_supported_with_minor_flags	false	main	17	R	R	identical_to_human	false	MSA/final_human_referenced_residue_agreement.tsv
oryctolagus_cuniculus	IIIc	IIIc	IIIc	primary_claim_supported_with_minor_flags	false	main	18	N	N	identical_to_human	false	MSA/final_human_referenced_residue_agreement.tsv
oryctolagus_cuniculus	IIIc	IIIc	IIIc	primary_claim_supported_with_minor_flags	false	main	19	V	V	identical_to_human	true	MSA/final_human_referenced_residue_agreement.tsv
oryctolagus_cuniculus	IIIc	IIIc	IIIc	primary_claim_supported_with_minor_flags	false	main	20	T	T	identical_to_human	false	MSA/final_human_referenced_residue_agreement.tsv
oryctolagus_cuniculus	IIIc	IIIc	IIIc	primary_claim_supported_with_minor_flags	false	main	21	F	F	identical_to_human	false	MSA/final_human_referenced_residue_agreement.tsv
oryctolagus_cuniculus	IIIc	IIIc	IIIc	primary_claim_supported_with_minor_flags	false	main	22	E	E	identical_to_human	false	MSA/final_human_referenced_residue_agreement.tsv
oryctolagus_cuniculus	IIIc	IIIc	IIIc	primary_claim_supported_with_minor_flags	false	main	23	D	D	identical_to_human	false	MSA/final_human_referenced_residue_agreement.tsv
oryctolagus_cuniculus	IIIc	IIIc	IIIc	primary_claim_supported_with_minor_flags	false	main	24	A	A	identical_to_human	false	MSA/final_human_referenced_residue_agreement.tsv
oryctolagus_cuniculus	IIIc	IIIc	IIIc	primary_claim_supported_with_minor_flags	false	main	25	G	G	identical_to_human	false	MSA/final_human_referenced_residue_agreement.tsv
oryctolagus_cuniculus	IIIc	IIIc	IIIc	primary_claim_supported_with_minor_flags	false	main	26	E	E	identical_to_human	true	MSA/final_human_referenced_residue_agreement.tsv
oryctolagus_cuniculus	IIIc	IIIc	IIIc	primary_claim_supported_with_minor_flags	false	main	27	Y	Y	identical_to_human	false	MSA/final_human_referenced_residue_agreement.tsv
oryctolagus_cuniculus	IIIc	IIIc	IIIc	primary_claim_supported_with_minor_flags	false	main	28	T	T	identical_to_human	true	MSA/final_human_referenced_residue_agreement.tsv
oryctolagus_cuniculus	IIIc	IIIc	IIIc	primary_claim_supported_with_minor_flags	false	main	29	C	C	identical_to_human	true	MSA/final_human_referenced_residue_agreement.tsv
oryctolagus_cuniculus	IIIc	IIIc	IIIc	primary_claim_supported_with_minor_flags	false	main	30	L	L	identical_to_human	true	MSA/final_human_referenced_residue_agreement.tsv
oryctolagus_cuniculus	IIIc	IIIc	IIIc	primary_claim_supported_with_minor_flags	false	main	31	A	A	identical_to_human	false	MSA/final_human_referenced_residue_agreement.tsv
oryctolagus_cuniculus	IIIc	IIIc	IIIc	primary_claim_supported_with_minor_flags	false	main	32	G	G	identical_to_human	true	MSA/final_human_referenced_residue_agreement.tsv
oryctolagus_cuniculus	IIIc	IIIc	IIIc	primary_claim_supported_with_minor_flags	false	main	33	N	N	identical_to_human	false	MSA/final_human_referenced_residue_agreement.tsv
oryctolagus_cuniculus	IIIc	IIIc	IIIc	primary_claim_supported_with_minor_flags	false	main	34	S	S	identical_to_human	false	MSA/final_human_referenced_residue_agreement.tsv
oryctolagus_cuniculus	IIIc	IIIc	IIIc	primary_claim_supported_with_minor_flags	false	main	35	I	I	identical_to_human	false	MSA/final_human_referenced_residue_agreement.tsv
oryctolagus_cuniculus	IIIc	IIIc	IIIc	primary_claim_supported_with_minor_flags	false	main	36	G	G	identical_to_human	true	MSA/final_human_referenced_residue_agreement.tsv
oryctolagus_cuniculus	IIIc	IIIc	IIIc	primary_claim_supported_with_minor_flags	false	main	37	I	I	identical_to_human	true	MSA/final_human_referenced_residue_agreement.tsv
oryctolagus_cuniculus	IIIc	IIIc	IIIc	primary_claim_supported_with_minor_flags	false	main	38	S	S	identical_to_human	true	MSA/final_human_referenced_residue_agreement.tsv
oryctolagus_cuniculus	IIIc	IIIc	IIIc	primary_claim_supported_with_minor_flags	false	main	39	F	F	identical_to_human	false	MSA/final_human_referenced_residue_agreement.tsv
oryctolagus_cuniculus	IIIc	IIIc	IIIc	primary_claim_supported_with_minor_flags	false	main	40	H	H	identical_to_human	false	MSA/final_human_referenced_residue_agreement.tsv
oryctolagus_cuniculus	IIIc	IIIc	IIIc	primary_claim_supported_with_minor_flags	false	main	41	S	S	identical_to_human	false	MSA/final_human_referenced_residue_agreement.tsv
oryctolagus_cuniculus	IIIc	IIIc	IIIc	primary_claim_supported_with_minor_flags	false	main	42	A	A	identical_to_human	false	MSA/final_human_referenced_residue_agreement.tsv
oryctolagus_cuniculus	IIIc	IIIc	IIIc	primary_claim_supported_with_minor_flags	false	main	43	W	W	identical_to_human	false	MSA/final_human_referenced_residue_agreement.tsv
oryctolagus_cuniculus	IIIc	IIIc	IIIc	primary_claim_supported_with_minor_flags	false	main	44	L	L	identical_to_human	false	MSA/final_human_referenced_residue_agreement.tsv
oryctolagus_cuniculus	IIIc	IIIc	IIIc	primary_claim_supported_with_minor_flags	false	main	45	T	T	identical_to_human	false	MSA/final_human_referenced_residue_agreement.tsv
oryctolagus_cuniculus	IIIc	IIIc	IIIc	primary_claim_supported_with_minor_flags	false	main	46	V	V	identical_to_human	false	MSA/final_human_referenced_residue_agreement.tsv
oryctolagus_cuniculus	IIIc	IIIc	IIIc	primary_claim_supported_with_minor_flags	false	main	47	L	L	identical_to_human	false	MSA/final_human_referenced_residue_agreement.tsv
oryctolagus_cuniculus	IIIc	IIIc	IIIc	primary_claim_supported_with_minor_flags	false	main	48	P	P	identical_to_human	false	MSA/final_human_referenced_residue_agreement.tsv
canis_lupus_familiaris	IIIb	IIIb	IIIb	primary_claim_supported_with_minor_flags	false	main	1	H	H	identical_to_human	true	MSA/final_human_referenced_residue_agreement.tsv
canis_lupus_familiaris	IIIb	IIIb	IIIb	primary_claim_supported_with_minor_flags	false	main	2	S	S	identical_to_human	true	MSA/final_human_referenced_residue_agreement.tsv
canis_lupus_familiaris	IIIb	IIIb	IIIb	primary_claim_supported_with_minor_flags	false	main	3	G	G	identical_to_human	false	MSA/final_human_referenced_residue_agreement.tsv
canis_lupus_familiaris	IIIb	IIIb	IIIb	primary_claim_supported_with_minor_flags	false	main	4	I	I	identical_to_human	true	MSA/final_human_referenced_residue_agreement.tsv
canis_lupus_familiaris	IIIb	IIIb	IIIb	primary_claim_supported_with_minor_flags	false	main	5	N	N	identical_to_human	false	MSA/final_human_referenced_residue_agreement.tsv
canis_lupus_familiaris	IIIb	IIIb	IIIb	primary_claim_supported_with_minor_flags	false	main	6	S	S	identical_to_human	true	MSA/final_human_referenced_residue_agreement.tsv
canis_lupus_familiaris	IIIb	IIIb	IIIb	primary_claim_supported_with_minor_flags	false	main	7	S	S	identical_to_human	true	MSA/final_human_referenced_residue_agreement.tsv
canis_lupus_familiaris	IIIb	IIIb	IIIb	primary_claim_supported_with_minor_flags	false	main	8	N	N	identical_to_human	true	MSA/final_human_referenced_residue_agreement.tsv
canis_lupus_familiaris	IIIb	IIIb	IIIb	primary_claim_supported_with_minor_flags	false	main	9	A	A	identical_to_human	true	MSA/final_human_referenced_residue_agreement.tsv
canis_lupus_familiaris	IIIb	IIIb	IIIb	primary_claim_supported_with_minor_flags	false	main	10	E	E	identical_to_human	true	MSA/final_human_referenced_residue_agreement.tsv
canis_lupus_familiaris	IIIb	IIIb	IIIb	primary_claim_supported_with_minor_flags	false	main	11	V	V	identical_to_human	false	MSA/final_human_referenced_residue_agreement.tsv
canis_lupus_familiaris	IIIb	IIIb	IIIb	primary_claim_supported_with_minor_flags	false	main	12	L	L	identical_to_human	false	MSA/final_human_referenced_residue_agreement.tsv
canis_lupus_familiaris	IIIb	IIIb	IIIb	primary_claim_supported_with_minor_flags	false	main	13	A	A	identical_to_human	false	MSA/final_human_referenced_residue_agreement.tsv
canis_lupus_familiaris	IIIb	IIIb	IIIb	primary_claim_supported_with_minor_flags	false	main	14	L	L	identical_to_human	true	MSA/final_human_referenced_residue_agreement.tsv
canis_lupus_familiaris	IIIb	IIIb	IIIb	primary_claim_supported_with_minor_flags	false	main	15	F	F	identical_to_human	false	MSA/final_human_referenced_residue_agreement.tsv
canis_lupus_familiaris	IIIb	IIIb	IIIb	primary_claim_supported_with_minor_flags	false	main	16	N	N	identical_to_human	false	MSA/final_human_referenced_residue_agreement.tsv
canis_lupus_familiaris	IIIb	IIIb	IIIb	primary_claim_supported_with_minor_flags	false	main	17	V	V	identical_to_human	false	MSA/final_human_referenced_residue_agreement.tsv
canis_lupus_familiaris	IIIb	IIIb	IIIb	primary_claim_supported_with_minor_flags	false	main	18	T	T	identical_to_human	false	MSA/final_human_referenced_residue_agreement.tsv
canis_lupus_familiaris	IIIb	IIIb	IIIb	primary_claim_supported_with_minor_flags	false	main	19	E	E	identical_to_human	true	MSA/final_human_referenced_residue_agreement.tsv
canis_lupus_familiaris	IIIb	IIIb	IIIb	primary_claim_supported_with_minor_flags	false	main	20	A	E	nonconservative_substitution	false	MSA/final_human_referenced_residue_agreement.tsv
canis_lupus_familiaris	IIIb	IIIb	IIIb	primary_claim_supported_with_minor_flags	false	main	21	D	D	identical_to_human	false	MSA/final_human_referenced_residue_agreement.tsv
canis_lupus_familiaris	IIIb	IIIb	IIIb	primary_claim_supported_with_minor_flags	false	main	22	A	A	identical_to_human	false	MSA/final_human_referenced_residue_agreement.tsv
canis_lupus_familiaris	IIIb	IIIb	IIIb	primary_claim_supported_with_minor_flags	false	main	23	G	G	identical_to_human	false	MSA/final_human_referenced_residue_agreement.tsv
canis_lupus_familiaris	IIIb	IIIb	IIIb	primary_claim_supported_with_minor_flags	false	main	24	E	E	identical_to_human	false	MSA/final_human_referenced_residue_agreement.tsv
canis_lupus_familiaris	IIIb	IIIb	IIIb	primary_claim_supported_with_minor_flags	false	main	25	Y	Y	identical_to_human	false	MSA/final_human_referenced_residue_agreement.tsv
canis_lupus_familiaris	IIIb	IIIb	IIIb	primary_claim_supported_with_minor_flags	false	main	26	I	I	identical_to_human	true	MSA/final_human_referenced_residue_agreement.tsv
canis_lupus_familiaris	IIIb	IIIb	IIIb	primary_claim_supported_with_minor_flags	false	main	27	C	C	identical_to_human	false	MSA/final_human_referenced_residue_agreement.tsv
canis_lupus_familiaris	IIIb	IIIb	IIIb	primary_claim_supported_with_minor_flags	false	main	28	K	K	identical_to_human	true	MSA/final_human_referenced_residue_agreement.tsv
canis_lupus_familiaris	IIIb	IIIb	IIIb	primary_claim_supported_with_minor_flags	false	main	29	V	V	identical_to_human	true	MSA/final_human_referenced_residue_agreement.tsv
canis_lupus_familiaris	IIIb	IIIb	IIIb	primary_claim_supported_with_minor_flags	false	main	30	S	S	identical_to_human	true	MSA/final_human_referenced_residue_agreement.tsv
canis_lupus_familiaris	IIIb	IIIb	IIIb	primary_claim_supported_with_minor_flags	false	main	31	N	N	identical_to_human	false	MSA/final_human_referenced_residue_agreement.tsv
canis_lupus_familiaris	IIIb	IIIb	IIIb	primary_claim_supported_with_minor_flags	false	main	32	Y	Y	identical_to_human	true	MSA/final_human_referenced_residue_agreement.tsv
canis_lupus_familiaris	IIIb	IIIb	IIIb	primary_claim_supported_with_minor_flags	false	main	33	I	I	identical_to_human	false	MSA/final_human_referenced_residue_agreement.tsv
canis_lupus_familiaris	IIIb	IIIb	IIIb	primary_claim_supported_with_minor_flags	false	main	34	G	G	identical_to_human	false	MSA/final_human_referenced_residue_agreement.tsv
canis_lupus_familiaris	IIIb	IIIb	IIIb	primary_claim_supported_with_minor_flags	false	main	35	Q	Q	identical_to_human	false	MSA/final_human_referenced_residue_agreement.tsv
canis_lupus_familiaris	IIIb	IIIb	IIIb	primary_claim_supported_with_minor_flags	false	main	36	A	A	identical_to_human	true	MSA/final_human_referenced_residue_agreement.tsv
canis_lupus_familiaris	IIIb	IIIb	IIIb	primary_claim_supported_with_minor_flags	false	main	37	N	N	identical_to_human	true	MSA/final_human_referenced_residue_agreement.tsv
canis_lupus_familiaris	IIIb	IIIb	IIIb	primary_claim_supported_with_minor_flags	false	main	38	Q	Q	identical_to_human	true	MSA/final_human_referenced_residue_agreement.tsv
canis_lupus_familiaris	IIIb	IIIb	IIIb	primary_claim_supported_with_minor_flags	false	main	39	S	S	identical_to_human	false	MSA/final_human_referenced_residue_agreement.tsv
canis_lupus_familiaris	IIIb	IIIb	IIIb	primary_claim_supported_with_minor_flags	false	main	40	A	A	identical_to_human	false	MSA/final_human_referenced_residue_agreement.tsv
canis_lupus_familiaris	IIIb	IIIb	IIIb	primary_claim_supported_with_minor_flags	false	main	41	W	W	identical_to_human	false	MSA/final_human_referenced_residue_agreement.tsv
canis_lupus_familiaris	IIIb	IIIb	IIIb	primary_claim_supported_with_minor_flags	false	main	42	L	L	identical_to_human	false	MSA/final_human_referenced_residue_agreement.tsv
canis_lupus_familiaris	IIIb	IIIb	IIIb	primary_claim_supported_with_minor_flags	false	main	43	T	T	identical_to_human	false	MSA/final_human_referenced_residue_agreement.tsv
canis_lupus_familiaris	IIIb	IIIb	IIIb	primary_claim_supported_with_minor_flags	false	main	44	V	V	identical_to_human	false	MSA/final_human_referenced_residue_agreement.tsv
canis_lupus_familiaris	IIIb	IIIb	IIIb	primary_claim_supported_with_minor_flags	false	main	45	L	L	identical_to_human	false	MSA/final_human_referenced_residue_agreement.tsv
canis_lupus_familiaris	IIIb	IIIb	IIIb	primary_claim_supported_with_minor_flags	false	main	46	P	P	identical_to_human	false	MSA/final_human_referenced_residue_agreement.tsv
canis_lupus_familiaris	IIIc	IIIc	unresolved	supplement_review	true	supplement	1	A		gap_or_missing	true	MSA/final_human_referenced_residue_agreement.tsv
canis_lupus_familiaris	IIIc	IIIc	unresolved	supplement_review	true	supplement	2	A	E	nonconservative_substitution	true	MSA/final_human_referenced_residue_agreement.tsv
canis_lupus_familiaris	IIIc	IIIc	unresolved	supplement_review	true	supplement	3	G	A	nonconservative_substitution	false	MSA/final_human_referenced_residue_agreement.tsv
canis_lupus_familiaris	IIIc	IIIc	unresolved	supplement_review	true	supplement	4	V	V	identical_to_human	true	MSA/final_human_referenced_residue_agreement.tsv
canis_lupus_familiaris	IIIc	IIIc	unresolved	supplement_review	true	supplement	5	N	T	nonconservative_substitution	false	MSA/final_human_referenced_residue_agreement.tsv
canis_lupus_familiaris	IIIc	IIIc	unresolved	supplement_review	true	supplement	6	T	V	nonconservative_substitution	true	MSA/final_human_referenced_residue_agreement.tsv
canis_lupus_familiaris	IIIc	IIIc	unresolved	supplement_review	true	supplement	7	T	A	nonconservative_substitution	true	MSA/final_human_referenced_residue_agreement.tsv
canis_lupus_familiaris	IIIc	IIIc	unresolved	supplement_review	true	supplement	8	D		gap_or_missing	true	MSA/final_human_referenced_residue_agreement.tsv
canis_lupus_familiaris	IIIc	IIIc	unresolved	supplement_review	true	supplement	9	K		gap_or_missing	true	MSA/final_human_referenced_residue_agreement.tsv
canis_lupus_familiaris	IIIc	IIIc	unresolved	supplement_review	true	supplement	10	E		gap_or_missing	true	MSA/final_human_referenced_residue_agreement.tsv
canis_lupus_familiaris	IIIc	IIIc	unresolved	supplement_review	true	supplement	11	I	V	conservative_substitution	false	MSA/final_human_referenced_residue_agreement.tsv
canis_lupus_familiaris	IIIc	IIIc	unresolved	supplement_review	true	supplement	12	E	K	conservative_substitution	false	MSA/final_human_referenced_residue_agreement.tsv
canis_lupus_familiaris	IIIc	IIIc	unresolved	supplement_review	true	supplement	13	V	M	conservative_substitution	false	MSA/final_human_referenced_residue_agreement.tsv
canis_lupus_familiaris	IIIc	IIIc	unresolved	supplement_review	true	supplement	14	L	L	identical_to_human	true	MSA/final_human_referenced_residue_agreement.tsv
canis_lupus_familiaris	IIIc	IIIc	unresolved	supplement_review	true	supplement	15	Y	K	nonconservative_substitution	false	MSA/final_human_referenced_residue_agreement.tsv
canis_lupus_familiaris	IIIc	IIIc	unresolved	supplement_review	true	supplement	16	I		gap_or_missing	false	MSA/final_human_referenced_residue_agreement.tsv
canis_lupus_familiaris	IIIc	IIIc	unresolved	supplement_review	true	supplement	17	R	D	nonconservative_substitution	false	MSA/final_human_referenced_residue_agreement.tsv
canis_lupus_familiaris	IIIc	IIIc	unresolved	supplement_review	true	supplement	18	N	D	conservative_substitution	false	MSA/final_human_referenced_residue_agreement.tsv
canis_lupus_familiaris	IIIc	IIIc	unresolved	supplement_review	true	supplement	19	V	A	nonconservative_substitution	true	MSA/final_human_referenced_residue_agreement.tsv
canis_lupus_familiaris	IIIc	IIIc	unresolved	supplement_review	true	supplement	20	T	T	identical_to_human	false	MSA/final_human_referenced_residue_agreement.tsv
canis_lupus_familiaris	IIIc	IIIc	unresolved	supplement_review	true	supplement	21	F	E	nonconservative_substitution	false	MSA/final_human_referenced_residue_agreement.tsv
canis_lupus_familiaris	IIIc	IIIc	unresolved	supplement_review	true	supplement	22	E	K	conservative_substitution	false	MSA/final_human_referenced_residue_agreement.tsv
canis_lupus_familiaris	IIIc	IIIc	unresolved	supplement_review	true	supplement	23	D	D	identical_to_human	false	MSA/final_human_referenced_residue_agreement.tsv
canis_lupus_familiaris	IIIc	IIIc	unresolved	supplement_review	true	supplement	24	A	L	nonconservative_substitution	false	MSA/final_human_referenced_residue_agreement.tsv
canis_lupus_familiaris	IIIc	IIIc	unresolved	supplement_review	true	supplement	25	G	S	nonconservative_substitution	false	MSA/final_human_referenced_residue_agreement.tsv
canis_lupus_familiaris	IIIc	IIIc	unresolved	supplement_review	true	supplement	26	E	D	conservative_substitution	true	MSA/final_human_referenced_residue_agreement.tsv
canis_lupus_familiaris	IIIc	IIIc	unresolved	supplement_review	true	supplement	27	Y	L	nonconservative_substitution	false	MSA/final_human_referenced_residue_agreement.tsv
canis_lupus_familiaris	IIIc	IIIc	unresolved	supplement_review	true	supplement	28	T	V	nonconservative_substitution	true	MSA/final_human_referenced_residue_agreement.tsv
canis_lupus_familiaris	IIIc	IIIc	unresolved	supplement_review	true	supplement	29	C	S	nonconservative_substitution	true	MSA/final_human_referenced_residue_agreement.tsv
canis_lupus_familiaris	IIIc	IIIc	unresolved	supplement_review	true	supplement	30	L	E	nonconservative_substitution	true	MSA/final_human_referenced_residue_agreement.tsv
canis_lupus_familiaris	IIIc	IIIc	unresolved	supplement_review	true	supplement	31	A	M	nonconservative_substitution	false	MSA/final_human_referenced_residue_agreement.tsv
canis_lupus_familiaris	IIIc	IIIc	unresolved	supplement_review	true	supplement	32	G	E	nonconservative_substitution	true	MSA/final_human_referenced_residue_agreement.tsv
canis_lupus_familiaris	IIIc	IIIc	unresolved	supplement_review	true	supplement	33	N	N	identical_to_human	false	MSA/final_human_referenced_residue_agreement.tsv
canis_lupus_familiaris	IIIc	IIIc	unresolved	supplement_review	true	supplement	34	S	L	nonconservative_substitution	false	MSA/final_human_referenced_residue_agreement.tsv
canis_lupus_familiaris	IIIc	IIIc	unresolved	supplement_review	true	supplement	35	I	L	conservative_substitution	false	MSA/final_human_referenced_residue_agreement.tsv
canis_lupus_familiaris	IIIc	IIIc	unresolved	supplement_review	true	supplement	36	G	G	identical_to_human	true	MSA/final_human_referenced_residue_agreement.tsv
canis_lupus_familiaris	IIIc	IIIc	unresolved	supplement_review	true	supplement	37	I	A	nonconservative_substitution	true	MSA/final_human_referenced_residue_agreement.tsv
canis_lupus_familiaris	IIIc	IIIc	unresolved	supplement_review	true	supplement	38	S	C	nonconservative_substitution	true	MSA/final_human_referenced_residue_agreement.tsv
canis_lupus_familiaris	IIIc	IIIc	unresolved	supplement_review	true	supplement	39	F	T	nonconservative_substitution	false	MSA/final_human_referenced_residue_agreement.tsv
canis_lupus_familiaris	IIIc	IIIc	unresolved	supplement_review	true	supplement	40	H	Q	nonconservative_substitution	false	MSA/final_human_referenced_residue_agreement.tsv
canis_lupus_familiaris	IIIc	IIIc	unresolved	supplement_review	true	supplement	41	S	D	nonconservative_substitution	false	MSA/final_human_referenced_residue_agreement.tsv
canis_lupus_familiaris	IIIc	IIIc	unresolved	supplement_review	true	supplement	42	A	G	nonconservative_substitution	false	MSA/final_human_referenced_residue_agreement.tsv
canis_lupus_familiaris	IIIc	IIIc	unresolved	supplement_review	true	supplement	43	W	P	nonconservative_substitution	false	MSA/final_human_referenced_residue_agreement.tsv
canis_lupus_familiaris	IIIc	IIIc	unresolved	supplement_review	true	supplement	44	L	L	identical_to_human	false	MSA/final_human_referenced_residue_agreement.tsv
canis_lupus_familiaris	IIIc	IIIc	unresolved	supplement_review	true	supplement	45	T	Y	nonconservative_substitution	false	MSA/final_human_referenced_residue_agreement.tsv
canis_lupus_familiaris	IIIc	IIIc	unresolved	supplement_review	true	supplement	46	V	V	identical_to_human	false	MSA/final_human_referenced_residue_agreement.tsv
canis_lupus_familiaris	IIIc	IIIc	unresolved	supplement_review	true	supplement	47	L	I	conservative_substitution	false	MSA/final_human_referenced_residue_agreement.tsv
canis_lupus_familiaris	IIIc	IIIc	unresolved	supplement_review	true	supplement	48	P	R	nonconservative_substitution	false	MSA/final_human_referenced_residue_agreement.tsv
felis_catus	IIIb	IIIb	IIIb	primary_claim_supported_with_minor_flags	false	main	1	H	H	identical_to_human	true	MSA/final_human_referenced_residue_agreement.tsv
felis_catus	IIIb	IIIb	IIIb	primary_claim_supported_with_minor_flags	false	main	2	S	S	identical_to_human	true	MSA/final_human_referenced_residue_agreement.tsv
felis_catus	IIIb	IIIb	IIIb	primary_claim_supported_with_minor_flags	false	main	3	G	G	identical_to_human	false	MSA/final_human_referenced_residue_agreement.tsv
felis_catus	IIIb	IIIb	IIIb	primary_claim_supported_with_minor_flags	false	main	4	I	I	identical_to_human	true	MSA/final_human_referenced_residue_agreement.tsv
felis_catus	IIIb	IIIb	IIIb	primary_claim_supported_with_minor_flags	false	main	5	N	N	identical_to_human	false	MSA/final_human_referenced_residue_agreement.tsv
felis_catus	IIIb	IIIb	IIIb	primary_claim_supported_with_minor_flags	false	main	6	S	S	identical_to_human	true	MSA/final_human_referenced_residue_agreement.tsv
felis_catus	IIIb	IIIb	IIIb	primary_claim_supported_with_minor_flags	false	main	7	S	S	identical_to_human	true	MSA/final_human_referenced_residue_agreement.tsv
felis_catus	IIIb	IIIb	IIIb	primary_claim_supported_with_minor_flags	false	main	8	N	N	identical_to_human	true	MSA/final_human_referenced_residue_agreement.tsv
felis_catus	IIIb	IIIb	IIIb	primary_claim_supported_with_minor_flags	false	main	9	A	A	identical_to_human	true	MSA/final_human_referenced_residue_agreement.tsv
felis_catus	IIIb	IIIb	IIIb	primary_claim_supported_with_minor_flags	false	main	10	E	E	identical_to_human	true	MSA/final_human_referenced_residue_agreement.tsv
felis_catus	IIIb	IIIb	IIIb	primary_claim_supported_with_minor_flags	false	main	11	V	V	identical_to_human	false	MSA/final_human_referenced_residue_agreement.tsv
felis_catus	IIIb	IIIb	IIIb	primary_claim_supported_with_minor_flags	false	main	12	L	L	identical_to_human	false	MSA/final_human_referenced_residue_agreement.tsv
felis_catus	IIIb	IIIb	IIIb	primary_claim_supported_with_minor_flags	false	main	13	A	A	identical_to_human	false	MSA/final_human_referenced_residue_agreement.tsv
felis_catus	IIIb	IIIb	IIIb	primary_claim_supported_with_minor_flags	false	main	14	L	L	identical_to_human	true	MSA/final_human_referenced_residue_agreement.tsv
felis_catus	IIIb	IIIb	IIIb	primary_claim_supported_with_minor_flags	false	main	15	F	F	identical_to_human	false	MSA/final_human_referenced_residue_agreement.tsv
felis_catus	IIIb	IIIb	IIIb	primary_claim_supported_with_minor_flags	false	main	16	N	N	identical_to_human	false	MSA/final_human_referenced_residue_agreement.tsv
felis_catus	IIIb	IIIb	IIIb	primary_claim_supported_with_minor_flags	false	main	17	V	V	identical_to_human	false	MSA/final_human_referenced_residue_agreement.tsv
felis_catus	IIIb	IIIb	IIIb	primary_claim_supported_with_minor_flags	false	main	18	T	T	identical_to_human	false	MSA/final_human_referenced_residue_agreement.tsv
felis_catus	IIIb	IIIb	IIIb	primary_claim_supported_with_minor_flags	false	main	19	E	E	identical_to_human	true	MSA/final_human_referenced_residue_agreement.tsv
felis_catus	IIIb	IIIb	IIIb	primary_claim_supported_with_minor_flags	false	main	20	A	A	identical_to_human	false	MSA/final_human_referenced_residue_agreement.tsv
felis_catus	IIIb	IIIb	IIIb	primary_claim_supported_with_minor_flags	false	main	21	D	D	identical_to_human	false	MSA/final_human_referenced_residue_agreement.tsv
felis_catus	IIIb	IIIb	IIIb	primary_claim_supported_with_minor_flags	false	main	22	A	A	identical_to_human	false	MSA/final_human_referenced_residue_agreement.tsv
felis_catus	IIIb	IIIb	IIIb	primary_claim_supported_with_minor_flags	false	main	23	G	G	identical_to_human	false	MSA/final_human_referenced_residue_agreement.tsv
felis_catus	IIIb	IIIb	IIIb	primary_claim_supported_with_minor_flags	false	main	24	E	E	identical_to_human	false	MSA/final_human_referenced_residue_agreement.tsv
felis_catus	IIIb	IIIb	IIIb	primary_claim_supported_with_minor_flags	false	main	25	Y	Y	identical_to_human	false	MSA/final_human_referenced_residue_agreement.tsv
felis_catus	IIIb	IIIb	IIIb	primary_claim_supported_with_minor_flags	false	main	26	I	I	identical_to_human	true	MSA/final_human_referenced_residue_agreement.tsv
felis_catus	IIIb	IIIb	IIIb	primary_claim_supported_with_minor_flags	false	main	27	C	C	identical_to_human	false	MSA/final_human_referenced_residue_agreement.tsv
felis_catus	IIIb	IIIb	IIIb	primary_claim_supported_with_minor_flags	false	main	28	K	K	identical_to_human	true	MSA/final_human_referenced_residue_agreement.tsv
felis_catus	IIIb	IIIb	IIIb	primary_claim_supported_with_minor_flags	false	main	29	V	V	identical_to_human	true	MSA/final_human_referenced_residue_agreement.tsv
felis_catus	IIIb	IIIb	IIIb	primary_claim_supported_with_minor_flags	false	main	30	S	S	identical_to_human	true	MSA/final_human_referenced_residue_agreement.tsv
felis_catus	IIIb	IIIb	IIIb	primary_claim_supported_with_minor_flags	false	main	31	N	N	identical_to_human	false	MSA/final_human_referenced_residue_agreement.tsv
felis_catus	IIIb	IIIb	IIIb	primary_claim_supported_with_minor_flags	false	main	32	Y	Y	identical_to_human	true	MSA/final_human_referenced_residue_agreement.tsv
felis_catus	IIIb	IIIb	IIIb	primary_claim_supported_with_minor_flags	false	main	33	I	I	identical_to_human	false	MSA/final_human_referenced_residue_agreement.tsv
felis_catus	IIIb	IIIb	IIIb	primary_claim_supported_with_minor_flags	false	main	34	G	G	identical_to_human	false	MSA/final_human_referenced_residue_agreement.tsv
felis_catus	IIIb	IIIb	IIIb	primary_claim_supported_with_minor_flags	false	main	35	Q	Q	identical_to_human	false	MSA/final_human_referenced_residue_agreement.tsv
felis_catus	IIIb	IIIb	IIIb	primary_claim_supported_with_minor_flags	false	main	36	A	A	identical_to_human	true	MSA/final_human_referenced_residue_agreement.tsv
felis_catus	IIIb	IIIb	IIIb	primary_claim_supported_with_minor_flags	false	main	37	N	N	identical_to_human	true	MSA/final_human_referenced_residue_agreement.tsv
felis_catus	IIIb	IIIb	IIIb	primary_claim_supported_with_minor_flags	false	main	38	Q	Q	identical_to_human	true	MSA/final_human_referenced_residue_agreement.tsv
felis_catus	IIIb	IIIb	IIIb	primary_claim_supported_with_minor_flags	false	main	39	S	S	identical_to_human	false	MSA/final_human_referenced_residue_agreement.tsv
felis_catus	IIIb	IIIb	IIIb	primary_claim_supported_with_minor_flags	false	main	40	A	A	identical_to_human	false	MSA/final_human_referenced_residue_agreement.tsv
felis_catus	IIIb	IIIb	IIIb	primary_claim_supported_with_minor_flags	false	main	41	W	W	identical_to_human	false	MSA/final_human_referenced_residue_agreement.tsv
felis_catus	IIIb	IIIb	IIIb	primary_claim_supported_with_minor_flags	false	main	42	L	L	identical_to_human	false	MSA/final_human_referenced_residue_agreement.tsv
felis_catus	IIIb	IIIb	IIIb	primary_claim_supported_with_minor_flags	false	main	43	T	T	identical_to_human	false	MSA/final_human_referenced_residue_agreement.tsv
felis_catus	IIIb	IIIb	IIIb	primary_claim_supported_with_minor_flags	false	main	44	V	V	identical_to_human	false	MSA/final_human_referenced_residue_agreement.tsv
felis_catus	IIIb	IIIb	IIIb	primary_claim_supported_with_minor_flags	false	main	45	L	L	identical_to_human	false	MSA/final_human_referenced_residue_agreement.tsv
felis_catus	IIIb	IIIb	IIIb	primary_claim_supported_with_minor_flags	false	main	46	P	P	identical_to_human	false	MSA/final_human_referenced_residue_agreement.tsv
felis_catus	IIIc	IIIc	IIIc	primary_claim_supported_with_minor_flags	false	main	1	A	A	identical_to_human	true	MSA/final_human_referenced_residue_agreement.tsv
felis_catus	IIIc	IIIc	IIIc	primary_claim_supported_with_minor_flags	false	main	2	A	A	identical_to_human	true	MSA/final_human_referenced_residue_agreement.tsv
felis_catus	IIIc	IIIc	IIIc	primary_claim_supported_with_minor_flags	false	main	3	G	G	identical_to_human	false	MSA/final_human_referenced_residue_agreement.tsv
felis_catus	IIIc	IIIc	IIIc	primary_claim_supported_with_minor_flags	false	main	4	V	V	identical_to_human	true	MSA/final_human_referenced_residue_agreement.tsv
felis_catus	IIIc	IIIc	IIIc	primary_claim_supported_with_minor_flags	false	main	5	N	N	identical_to_human	false	MSA/final_human_referenced_residue_agreement.tsv
felis_catus	IIIc	IIIc	IIIc	primary_claim_supported_with_minor_flags	false	main	6	T	T	identical_to_human	true	MSA/final_human_referenced_residue_agreement.tsv
felis_catus	IIIc	IIIc	IIIc	primary_claim_supported_with_minor_flags	false	main	7	T	T	identical_to_human	true	MSA/final_human_referenced_residue_agreement.tsv
felis_catus	IIIc	IIIc	IIIc	primary_claim_supported_with_minor_flags	false	main	8	D	D	identical_to_human	true	MSA/final_human_referenced_residue_agreement.tsv
felis_catus	IIIc	IIIc	IIIc	primary_claim_supported_with_minor_flags	false	main	9	K	K	identical_to_human	true	MSA/final_human_referenced_residue_agreement.tsv
felis_catus	IIIc	IIIc	IIIc	primary_claim_supported_with_minor_flags	false	main	10	E	E	identical_to_human	true	MSA/final_human_referenced_residue_agreement.tsv
felis_catus	IIIc	IIIc	IIIc	primary_claim_supported_with_minor_flags	false	main	11	I	I	identical_to_human	false	MSA/final_human_referenced_residue_agreement.tsv
felis_catus	IIIc	IIIc	IIIc	primary_claim_supported_with_minor_flags	false	main	12	E	E	identical_to_human	false	MSA/final_human_referenced_residue_agreement.tsv
felis_catus	IIIc	IIIc	IIIc	primary_claim_supported_with_minor_flags	false	main	13	V	V	identical_to_human	false	MSA/final_human_referenced_residue_agreement.tsv
felis_catus	IIIc	IIIc	IIIc	primary_claim_supported_with_minor_flags	false	main	14	L	L	identical_to_human	true	MSA/final_human_referenced_residue_agreement.tsv
felis_catus	IIIc	IIIc	IIIc	primary_claim_supported_with_minor_flags	false	main	15	Y	Y	identical_to_human	false	MSA/final_human_referenced_residue_agreement.tsv
felis_catus	IIIc	IIIc	IIIc	primary_claim_supported_with_minor_flags	false	main	16	I	I	identical_to_human	false	MSA/final_human_referenced_residue_agreement.tsv
felis_catus	IIIc	IIIc	IIIc	primary_claim_supported_with_minor_flags	false	main	17	R	R	identical_to_human	false	MSA/final_human_referenced_residue_agreement.tsv
felis_catus	IIIc	IIIc	IIIc	primary_claim_supported_with_minor_flags	false	main	18	N	N	identical_to_human	false	MSA/final_human_referenced_residue_agreement.tsv
felis_catus	IIIc	IIIc	IIIc	primary_claim_supported_with_minor_flags	false	main	19	V	V	identical_to_human	true	MSA/final_human_referenced_residue_agreement.tsv
felis_catus	IIIc	IIIc	IIIc	primary_claim_supported_with_minor_flags	false	main	20	T	T	identical_to_human	false	MSA/final_human_referenced_residue_agreement.tsv
felis_catus	IIIc	IIIc	IIIc	primary_claim_supported_with_minor_flags	false	main	21	F	F	identical_to_human	false	MSA/final_human_referenced_residue_agreement.tsv
felis_catus	IIIc	IIIc	IIIc	primary_claim_supported_with_minor_flags	false	main	22	E	E	identical_to_human	false	MSA/final_human_referenced_residue_agreement.tsv
felis_catus	IIIc	IIIc	IIIc	primary_claim_supported_with_minor_flags	false	main	23	D	D	identical_to_human	false	MSA/final_human_referenced_residue_agreement.tsv
felis_catus	IIIc	IIIc	IIIc	primary_claim_supported_with_minor_flags	false	main	24	A	A	identical_to_human	false	MSA/final_human_referenced_residue_agreement.tsv
felis_catus	IIIc	IIIc	IIIc	primary_claim_supported_with_minor_flags	false	main	25	G	G	identical_to_human	false	MSA/final_human_referenced_residue_agreement.tsv
felis_catus	IIIc	IIIc	IIIc	primary_claim_supported_with_minor_flags	false	main	26	E	E	identical_to_human	true	MSA/final_human_referenced_residue_agreement.tsv
felis_catus	IIIc	IIIc	IIIc	primary_claim_supported_with_minor_flags	false	main	27	Y	Y	identical_to_human	false	MSA/final_human_referenced_residue_agreement.tsv
felis_catus	IIIc	IIIc	IIIc	primary_claim_supported_with_minor_flags	false	main	28	T	T	identical_to_human	true	MSA/final_human_referenced_residue_agreement.tsv
felis_catus	IIIc	IIIc	IIIc	primary_claim_supported_with_minor_flags	false	main	29	C	C	identical_to_human	true	MSA/final_human_referenced_residue_agreement.tsv
felis_catus	IIIc	IIIc	IIIc	primary_claim_supported_with_minor_flags	false	main	30	L	L	identical_to_human	true	MSA/final_human_referenced_residue_agreement.tsv
felis_catus	IIIc	IIIc	IIIc	primary_claim_supported_with_minor_flags	false	main	31	A	A	identical_to_human	false	MSA/final_human_referenced_residue_agreement.tsv
felis_catus	IIIc	IIIc	IIIc	primary_claim_supported_with_minor_flags	false	main	32	G	G	identical_to_human	true	MSA/final_human_referenced_residue_agreement.tsv
felis_catus	IIIc	IIIc	IIIc	primary_claim_supported_with_minor_flags	false	main	33	N	N	identical_to_human	false	MSA/final_human_referenced_residue_agreement.tsv
felis_catus	IIIc	IIIc	IIIc	primary_claim_supported_with_minor_flags	false	main	34	S	S	identical_to_human	false	MSA/final_human_referenced_residue_agreement.tsv
felis_catus	IIIc	IIIc	IIIc	primary_claim_supported_with_minor_flags	false	main	35	I	I	identical_to_human	false	MSA/final_human_referenced_residue_agreement.tsv
felis_catus	IIIc	IIIc	IIIc	primary_claim_supported_with_minor_flags	false	main	36	G	G	identical_to_human	true	MSA/final_human_referenced_residue_agreement.tsv
felis_catus	IIIc	IIIc	IIIc	primary_claim_supported_with_minor_flags	false	main	37	I	I	identical_to_human	true	MSA/final_human_referenced_residue_agreement.tsv
felis_catus	IIIc	IIIc	IIIc	primary_claim_supported_with_minor_flags	false	main	38	S	S	identical_to_human	true	MSA/final_human_referenced_residue_agreement.tsv
felis_catus	IIIc	IIIc	IIIc	primary_claim_supported_with_minor_flags	false	main	39	F	F	identical_to_human	false	MSA/final_human_referenced_residue_agreement.tsv
felis_catus	IIIc	IIIc	IIIc	primary_claim_supported_with_minor_flags	false	main	40	H	H	identical_to_human	false	MSA/final_human_referenced_residue_agreement.tsv
felis_catus	IIIc	IIIc	IIIc	primary_claim_supported_with_minor_flags	false	main	41	S	S	identical_to_human	false	MSA/final_human_referenced_residue_agreement.tsv
felis_catus	IIIc	IIIc	IIIc	primary_claim_supported_with_minor_flags	false	main	42	A	A	identical_to_human	false	MSA/final_human_referenced_residue_agreement.tsv
felis_catus	IIIc	IIIc	IIIc	primary_claim_supported_with_minor_flags	false	main	43	W	W	identical_to_human	false	MSA/final_human_referenced_residue_agreement.tsv
felis_catus	IIIc	IIIc	IIIc	primary_claim_supported_with_minor_flags	false	main	44	L	L	identical_to_human	false	MSA/final_human_referenced_residue_agreement.tsv
felis_catus	IIIc	IIIc	IIIc	primary_claim_supported_with_minor_flags	false	main	45	T	T	identical_to_human	false	MSA/final_human_referenced_residue_agreement.tsv
felis_catus	IIIc	IIIc	IIIc	primary_claim_supported_with_minor_flags	false	main	46	V	V	identical_to_human	false	MSA/final_human_referenced_residue_agreement.tsv
felis_catus	IIIc	IIIc	IIIc	primary_claim_supported_with_minor_flags	false	main	47	L	L	identical_to_human	false	MSA/final_human_referenced_residue_agreement.tsv
felis_catus	IIIc	IIIc	IIIc	primary_claim_supported_with_minor_flags	false	main	48	P	P	identical_to_human	false	MSA/final_human_referenced_residue_agreement.tsv
equus_caballus	IIIb	IIIb	IIIb	primary_claim_supported_with_minor_flags	false	main	1	H	H	identical_to_human	true	MSA/final_human_referenced_residue_agreement.tsv
equus_caballus	IIIb	IIIb	IIIb	primary_claim_supported_with_minor_flags	false	main	2	S	S	identical_to_human	true	MSA/final_human_referenced_residue_agreement.tsv
equus_caballus	IIIb	IIIb	IIIb	primary_claim_supported_with_minor_flags	false	main	3	G	G	identical_to_human	false	MSA/final_human_referenced_residue_agreement.tsv
equus_caballus	IIIb	IIIb	IIIb	primary_claim_supported_with_minor_flags	false	main	4	I	I	identical_to_human	true	MSA/final_human_referenced_residue_agreement.tsv
equus_caballus	IIIb	IIIb	IIIb	primary_claim_supported_with_minor_flags	false	main	5	N	N	identical_to_human	false	MSA/final_human_referenced_residue_agreement.tsv
equus_caballus	IIIb	IIIb	IIIb	primary_claim_supported_with_minor_flags	false	main	6	S	S	identical_to_human	true	MSA/final_human_referenced_residue_agreement.tsv
equus_caballus	IIIb	IIIb	IIIb	primary_claim_supported_with_minor_flags	false	main	7	S	S	identical_to_human	true	MSA/final_human_referenced_residue_agreement.tsv
equus_caballus	IIIb	IIIb	IIIb	primary_claim_supported_with_minor_flags	false	main	8	N	N	identical_to_human	true	MSA/final_human_referenced_residue_agreement.tsv
equus_caballus	IIIb	IIIb	IIIb	primary_claim_supported_with_minor_flags	false	main	9	A	A	identical_to_human	true	MSA/final_human_referenced_residue_agreement.tsv
equus_caballus	IIIb	IIIb	IIIb	primary_claim_supported_with_minor_flags	false	main	10	E	E	identical_to_human	true	MSA/final_human_referenced_residue_agreement.tsv
equus_caballus	IIIb	IIIb	IIIb	primary_claim_supported_with_minor_flags	false	main	11	V	V	identical_to_human	false	MSA/final_human_referenced_residue_agreement.tsv
equus_caballus	IIIb	IIIb	IIIb	primary_claim_supported_with_minor_flags	false	main	12	L	L	identical_to_human	false	MSA/final_human_referenced_residue_agreement.tsv
equus_caballus	IIIb	IIIb	IIIb	primary_claim_supported_with_minor_flags	false	main	13	A	A	identical_to_human	false	MSA/final_human_referenced_residue_agreement.tsv
equus_caballus	IIIb	IIIb	IIIb	primary_claim_supported_with_minor_flags	false	main	14	L	L	identical_to_human	true	MSA/final_human_referenced_residue_agreement.tsv
equus_caballus	IIIb	IIIb	IIIb	primary_claim_supported_with_minor_flags	false	main	15	F	F	identical_to_human	false	MSA/final_human_referenced_residue_agreement.tsv
equus_caballus	IIIb	IIIb	IIIb	primary_claim_supported_with_minor_flags	false	main	16	N	N	identical_to_human	false	MSA/final_human_referenced_residue_agreement.tsv
equus_caballus	IIIb	IIIb	IIIb	primary_claim_supported_with_minor_flags	false	main	17	V	V	identical_to_human	false	MSA/final_human_referenced_residue_agreement.tsv
equus_caballus	IIIb	IIIb	IIIb	primary_claim_supported_with_minor_flags	false	main	18	T	T	identical_to_human	false	MSA/final_human_referenced_residue_agreement.tsv
equus_caballus	IIIb	IIIb	IIIb	primary_claim_supported_with_minor_flags	false	main	19	E	E	identical_to_human	true	MSA/final_human_referenced_residue_agreement.tsv
equus_caballus	IIIb	IIIb	IIIb	primary_claim_supported_with_minor_flags	false	main	20	A	A	identical_to_human	false	MSA/final_human_referenced_residue_agreement.tsv
equus_caballus	IIIb	IIIb	IIIb	primary_claim_supported_with_minor_flags	false	main	21	D	D	identical_to_human	false	MSA/final_human_referenced_residue_agreement.tsv
equus_caballus	IIIb	IIIb	IIIb	primary_claim_supported_with_minor_flags	false	main	22	A	A	identical_to_human	false	MSA/final_human_referenced_residue_agreement.tsv
equus_caballus	IIIb	IIIb	IIIb	primary_claim_supported_with_minor_flags	false	main	23	G	G	identical_to_human	false	MSA/final_human_referenced_residue_agreement.tsv
equus_caballus	IIIb	IIIb	IIIb	primary_claim_supported_with_minor_flags	false	main	24	E	E	identical_to_human	false	MSA/final_human_referenced_residue_agreement.tsv
equus_caballus	IIIb	IIIb	IIIb	primary_claim_supported_with_minor_flags	false	main	25	Y	Y	identical_to_human	false	MSA/final_human_referenced_residue_agreement.tsv
equus_caballus	IIIb	IIIb	IIIb	primary_claim_supported_with_minor_flags	false	main	26	I	I	identical_to_human	true	MSA/final_human_referenced_residue_agreement.tsv
equus_caballus	IIIb	IIIb	IIIb	primary_claim_supported_with_minor_flags	false	main	27	C	C	identical_to_human	false	MSA/final_human_referenced_residue_agreement.tsv
equus_caballus	IIIb	IIIb	IIIb	primary_claim_supported_with_minor_flags	false	main	28	K	K	identical_to_human	true	MSA/final_human_referenced_residue_agreement.tsv
equus_caballus	IIIb	IIIb	IIIb	primary_claim_supported_with_minor_flags	false	main	29	V	V	identical_to_human	true	MSA/final_human_referenced_residue_agreement.tsv
equus_caballus	IIIb	IIIb	IIIb	primary_claim_supported_with_minor_flags	false	main	30	S	S	identical_to_human	true	MSA/final_human_referenced_residue_agreement.tsv
equus_caballus	IIIb	IIIb	IIIb	primary_claim_supported_with_minor_flags	false	main	31	N	N	identical_to_human	false	MSA/final_human_referenced_residue_agreement.tsv
equus_caballus	IIIb	IIIb	IIIb	primary_claim_supported_with_minor_flags	false	main	32	Y	Y	identical_to_human	true	MSA/final_human_referenced_residue_agreement.tsv
equus_caballus	IIIb	IIIb	IIIb	primary_claim_supported_with_minor_flags	false	main	33	I	I	identical_to_human	false	MSA/final_human_referenced_residue_agreement.tsv
equus_caballus	IIIb	IIIb	IIIb	primary_claim_supported_with_minor_flags	false	main	34	G	G	identical_to_human	false	MSA/final_human_referenced_residue_agreement.tsv
equus_caballus	IIIb	IIIb	IIIb	primary_claim_supported_with_minor_flags	false	main	35	Q	Q	identical_to_human	false	MSA/final_human_referenced_residue_agreement.tsv
equus_caballus	IIIb	IIIb	IIIb	primary_claim_supported_with_minor_flags	false	main	36	A	A	identical_to_human	true	MSA/final_human_referenced_residue_agreement.tsv
equus_caballus	IIIb	IIIb	IIIb	primary_claim_supported_with_minor_flags	false	main	37	N	N	identical_to_human	true	MSA/final_human_referenced_residue_agreement.tsv
equus_caballus	IIIb	IIIb	IIIb	primary_claim_supported_with_minor_flags	false	main	38	Q	Q	identical_to_human	true	MSA/final_human_referenced_residue_agreement.tsv
equus_caballus	IIIb	IIIb	IIIb	primary_claim_supported_with_minor_flags	false	main	39	S	S	identical_to_human	false	MSA/final_human_referenced_residue_agreement.tsv
equus_caballus	IIIb	IIIb	IIIb	primary_claim_supported_with_minor_flags	false	main	40	A	A	identical_to_human	false	MSA/final_human_referenced_residue_agreement.tsv
equus_caballus	IIIb	IIIb	IIIb	primary_claim_supported_with_minor_flags	false	main	41	W	W	identical_to_human	false	MSA/final_human_referenced_residue_agreement.tsv
equus_caballus	IIIb	IIIb	IIIb	primary_claim_supported_with_minor_flags	false	main	42	L	L	identical_to_human	false	MSA/final_human_referenced_residue_agreement.tsv
equus_caballus	IIIb	IIIb	IIIb	primary_claim_supported_with_minor_flags	false	main	43	T	T	identical_to_human	false	MSA/final_human_referenced_residue_agreement.tsv
equus_caballus	IIIb	IIIb	IIIb	primary_claim_supported_with_minor_flags	false	main	44	V	V	identical_to_human	false	MSA/final_human_referenced_residue_agreement.tsv
equus_caballus	IIIb	IIIb	IIIb	primary_claim_supported_with_minor_flags	false	main	45	L	L	identical_to_human	false	MSA/final_human_referenced_residue_agreement.tsv
equus_caballus	IIIb	IIIb	IIIb	primary_claim_supported_with_minor_flags	false	main	46	P	P	identical_to_human	false	MSA/final_human_referenced_residue_agreement.tsv
equus_caballus	IIIc	IIIc	IIIc	primary_claim_supported_with_minor_flags	false	main	1	A	A	identical_to_human	true	MSA/final_human_referenced_residue_agreement.tsv
equus_caballus	IIIc	IIIc	IIIc	primary_claim_supported_with_minor_flags	false	main	2	A	A	identical_to_human	true	MSA/final_human_referenced_residue_agreement.tsv
equus_caballus	IIIc	IIIc	IIIc	primary_claim_supported_with_minor_flags	false	main	3	G	G	identical_to_human	false	MSA/final_human_referenced_residue_agreement.tsv
equus_caballus	IIIc	IIIc	IIIc	primary_claim_supported_with_minor_flags	false	main	4	V	V	identical_to_human	true	MSA/final_human_referenced_residue_agreement.tsv
equus_caballus	IIIc	IIIc	IIIc	primary_claim_supported_with_minor_flags	false	main	5	N	N	identical_to_human	false	MSA/final_human_referenced_residue_agreement.tsv
equus_caballus	IIIc	IIIc	IIIc	primary_claim_supported_with_minor_flags	false	main	6	T	T	identical_to_human	true	MSA/final_human_referenced_residue_agreement.tsv
equus_caballus	IIIc	IIIc	IIIc	primary_claim_supported_with_minor_flags	false	main	7	T	T	identical_to_human	true	MSA/final_human_referenced_residue_agreement.tsv
equus_caballus	IIIc	IIIc	IIIc	primary_claim_supported_with_minor_flags	false	main	8	D	D	identical_to_human	true	MSA/final_human_referenced_residue_agreement.tsv
equus_caballus	IIIc	IIIc	IIIc	primary_claim_supported_with_minor_flags	false	main	9	K	K	identical_to_human	true	MSA/final_human_referenced_residue_agreement.tsv
equus_caballus	IIIc	IIIc	IIIc	primary_claim_supported_with_minor_flags	false	main	10	E	E	identical_to_human	true	MSA/final_human_referenced_residue_agreement.tsv
equus_caballus	IIIc	IIIc	IIIc	primary_claim_supported_with_minor_flags	false	main	11	I	I	identical_to_human	false	MSA/final_human_referenced_residue_agreement.tsv
equus_caballus	IIIc	IIIc	IIIc	primary_claim_supported_with_minor_flags	false	main	12	E	E	identical_to_human	false	MSA/final_human_referenced_residue_agreement.tsv
equus_caballus	IIIc	IIIc	IIIc	primary_claim_supported_with_minor_flags	false	main	13	V	V	identical_to_human	false	MSA/final_human_referenced_residue_agreement.tsv
equus_caballus	IIIc	IIIc	IIIc	primary_claim_supported_with_minor_flags	false	main	14	L	L	identical_to_human	true	MSA/final_human_referenced_residue_agreement.tsv
equus_caballus	IIIc	IIIc	IIIc	primary_claim_supported_with_minor_flags	false	main	15	Y	Y	identical_to_human	false	MSA/final_human_referenced_residue_agreement.tsv
equus_caballus	IIIc	IIIc	IIIc	primary_claim_supported_with_minor_flags	false	main	16	I	I	identical_to_human	false	MSA/final_human_referenced_residue_agreement.tsv
equus_caballus	IIIc	IIIc	IIIc	primary_claim_supported_with_minor_flags	false	main	17	R	R	identical_to_human	false	MSA/final_human_referenced_residue_agreement.tsv
equus_caballus	IIIc	IIIc	IIIc	primary_claim_supported_with_minor_flags	false	main	18	N	N	identical_to_human	false	MSA/final_human_referenced_residue_agreement.tsv
equus_caballus	IIIc	IIIc	IIIc	primary_claim_supported_with_minor_flags	false	main	19	V	V	identical_to_human	true	MSA/final_human_referenced_residue_agreement.tsv
equus_caballus	IIIc	IIIc	IIIc	primary_claim_supported_with_minor_flags	false	main	20	T	T	identical_to_human	false	MSA/final_human_referenced_residue_agreement.tsv
equus_caballus	IIIc	IIIc	IIIc	primary_claim_supported_with_minor_flags	false	main	21	F	F	identical_to_human	false	MSA/final_human_referenced_residue_agreement.tsv
equus_caballus	IIIc	IIIc	IIIc	primary_claim_supported_with_minor_flags	false	main	22	E	E	identical_to_human	false	MSA/final_human_referenced_residue_agreement.tsv
equus_caballus	IIIc	IIIc	IIIc	primary_claim_supported_with_minor_flags	false	main	23	D	D	identical_to_human	false	MSA/final_human_referenced_residue_agreement.tsv
equus_caballus	IIIc	IIIc	IIIc	primary_claim_supported_with_minor_flags	false	main	24	A	A	identical_to_human	false	MSA/final_human_referenced_residue_agreement.tsv
equus_caballus	IIIc	IIIc	IIIc	primary_claim_supported_with_minor_flags	false	main	25	G	G	identical_to_human	false	MSA/final_human_referenced_residue_agreement.tsv
equus_caballus	IIIc	IIIc	IIIc	primary_claim_supported_with_minor_flags	false	main	26	E	E	identical_to_human	true	MSA/final_human_referenced_residue_agreement.tsv
equus_caballus	IIIc	IIIc	IIIc	primary_claim_supported_with_minor_flags	false	main	27	Y	Y	identical_to_human	false	MSA/final_human_referenced_residue_agreement.tsv
equus_caballus	IIIc	IIIc	IIIc	primary_claim_supported_with_minor_flags	false	main	28	T	T	identical_to_human	true	MSA/final_human_referenced_residue_agreement.tsv
equus_caballus	IIIc	IIIc	IIIc	primary_claim_supported_with_minor_flags	false	main	29	C	C	identical_to_human	true	MSA/final_human_referenced_residue_agreement.tsv
equus_caballus	IIIc	IIIc	IIIc	primary_claim_supported_with_minor_flags	false	main	30	L	L	identical_to_human	true	MSA/final_human_referenced_residue_agreement.tsv
equus_caballus	IIIc	IIIc	IIIc	primary_claim_supported_with_minor_flags	false	main	31	A	A	identical_to_human	false	MSA/final_human_referenced_residue_agreement.tsv
equus_caballus	IIIc	IIIc	IIIc	primary_claim_supported_with_minor_flags	false	main	32	G	G	identical_to_human	true	MSA/final_human_referenced_residue_agreement.tsv
equus_caballus	IIIc	IIIc	IIIc	primary_claim_supported_with_minor_flags	false	main	33	N	N	identical_to_human	false	MSA/final_human_referenced_residue_agreement.tsv
equus_caballus	IIIc	IIIc	IIIc	primary_claim_supported_with_minor_flags	false	main	34	S	S	identical_to_human	false	MSA/final_human_referenced_residue_agreement.tsv
equus_caballus	IIIc	IIIc	IIIc	primary_claim_supported_with_minor_flags	false	main	35	I	I	identical_to_human	false	MSA/final_human_referenced_residue_agreement.tsv
equus_caballus	IIIc	IIIc	IIIc	primary_claim_supported_with_minor_flags	false	main	36	G	G	identical_to_human	true	MSA/final_human_referenced_residue_agreement.tsv
equus_caballus	IIIc	IIIc	IIIc	primary_claim_supported_with_minor_flags	false	main	37	I	I	identical_to_human	true	MSA/final_human_referenced_residue_agreement.tsv
equus_caballus	IIIc	IIIc	IIIc	primary_claim_supported_with_minor_flags	false	main	38	S	S	identical_to_human	true	MSA/final_human_referenced_residue_agreement.tsv
equus_caballus	IIIc	IIIc	IIIc	primary_claim_supported_with_minor_flags	false	main	39	F	F	identical_to_human	false	MSA/final_human_referenced_residue_agreement.tsv
equus_caballus	IIIc	IIIc	IIIc	primary_claim_supported_with_minor_flags	false	main	40	H	H	identical_to_human	false	MSA/final_human_referenced_residue_agreement.tsv
equus_caballus	IIIc	IIIc	IIIc	primary_claim_supported_with_minor_flags	false	main	41	S	S	identical_to_human	false	MSA/final_human_referenced_residue_agreement.tsv
equus_caballus	IIIc	IIIc	IIIc	primary_claim_supported_with_minor_flags	false	main	42	A	A	identical_to_human	false	MSA/final_human_referenced_residue_agreement.tsv
equus_caballus	IIIc	IIIc	IIIc	primary_claim_supported_with_minor_flags	false	main	43	W	W	identical_to_human	false	MSA/final_human_referenced_residue_agreement.tsv
equus_caballus	IIIc	IIIc	IIIc	primary_claim_supported_with_minor_flags	false	main	44	L	L	identical_to_human	false	MSA/final_human_referenced_residue_agreement.tsv
equus_caballus	IIIc	IIIc	IIIc	primary_claim_supported_with_minor_flags	false	main	45	T	T	identical_to_human	false	MSA/final_human_referenced_residue_agreement.tsv
equus_caballus	IIIc	IIIc	IIIc	primary_claim_supported_with_minor_flags	false	main	46	V	V	identical_to_human	false	MSA/final_human_referenced_residue_agreement.tsv
equus_caballus	IIIc	IIIc	IIIc	primary_claim_supported_with_minor_flags	false	main	47	L	L	identical_to_human	false	MSA/final_human_referenced_residue_agreement.tsv
equus_caballus	IIIc	IIIc	IIIc	primary_claim_supported_with_minor_flags	false	main	48	P	P	identical_to_human	false	MSA/final_human_referenced_residue_agreement.tsv
sus_scrofa	IIIb	IIIb	IIIb	primary_claim_supported_with_minor_flags	false	main	1	H	H	identical_to_human	true	MSA/final_human_referenced_residue_agreement.tsv
sus_scrofa	IIIb	IIIb	IIIb	primary_claim_supported_with_minor_flags	false	main	2	S	S	identical_to_human	true	MSA/final_human_referenced_residue_agreement.tsv
sus_scrofa	IIIb	IIIb	IIIb	primary_claim_supported_with_minor_flags	false	main	3	G	G	identical_to_human	false	MSA/final_human_referenced_residue_agreement.tsv
sus_scrofa	IIIb	IIIb	IIIb	primary_claim_supported_with_minor_flags	false	main	4	I	I	identical_to_human	true	MSA/final_human_referenced_residue_agreement.tsv
sus_scrofa	IIIb	IIIb	IIIb	primary_claim_supported_with_minor_flags	false	main	5	N	N	identical_to_human	false	MSA/final_human_referenced_residue_agreement.tsv
sus_scrofa	IIIb	IIIb	IIIb	primary_claim_supported_with_minor_flags	false	main	6	S	S	identical_to_human	true	MSA/final_human_referenced_residue_agreement.tsv
sus_scrofa	IIIb	IIIb	IIIb	primary_claim_supported_with_minor_flags	false	main	7	S	S	identical_to_human	true	MSA/final_human_referenced_residue_agreement.tsv
sus_scrofa	IIIb	IIIb	IIIb	primary_claim_supported_with_minor_flags	false	main	8	N	N	identical_to_human	true	MSA/final_human_referenced_residue_agreement.tsv
sus_scrofa	IIIb	IIIb	IIIb	primary_claim_supported_with_minor_flags	false	main	9	A	A	identical_to_human	true	MSA/final_human_referenced_residue_agreement.tsv
sus_scrofa	IIIb	IIIb	IIIb	primary_claim_supported_with_minor_flags	false	main	10	E	E	identical_to_human	true	MSA/final_human_referenced_residue_agreement.tsv
sus_scrofa	IIIb	IIIb	IIIb	primary_claim_supported_with_minor_flags	false	main	11	V	V	identical_to_human	false	MSA/final_human_referenced_residue_agreement.tsv
sus_scrofa	IIIb	IIIb	IIIb	primary_claim_supported_with_minor_flags	false	main	12	L	L	identical_to_human	false	MSA/final_human_referenced_residue_agreement.tsv
sus_scrofa	IIIb	IIIb	IIIb	primary_claim_supported_with_minor_flags	false	main	13	A	A	identical_to_human	false	MSA/final_human_referenced_residue_agreement.tsv
sus_scrofa	IIIb	IIIb	IIIb	primary_claim_supported_with_minor_flags	false	main	14	L	L	identical_to_human	true	MSA/final_human_referenced_residue_agreement.tsv
sus_scrofa	IIIb	IIIb	IIIb	primary_claim_supported_with_minor_flags	false	main	15	F	F	identical_to_human	false	MSA/final_human_referenced_residue_agreement.tsv
sus_scrofa	IIIb	IIIb	IIIb	primary_claim_supported_with_minor_flags	false	main	16	N	N	identical_to_human	false	MSA/final_human_referenced_residue_agreement.tsv
sus_scrofa	IIIb	IIIb	IIIb	primary_claim_supported_with_minor_flags	false	main	17	V	V	identical_to_human	false	MSA/final_human_referenced_residue_agreement.tsv
sus_scrofa	IIIb	IIIb	IIIb	primary_claim_supported_with_minor_flags	false	main	18	T	T	identical_to_human	false	MSA/final_human_referenced_residue_agreement.tsv
sus_scrofa	IIIb	IIIb	IIIb	primary_claim_supported_with_minor_flags	false	main	19	E	E	identical_to_human	true	MSA/final_human_referenced_residue_agreement.tsv
sus_scrofa	IIIb	IIIb	IIIb	primary_claim_supported_with_minor_flags	false	main	20	A	A	identical_to_human	false	MSA/final_human_referenced_residue_agreement.tsv
sus_scrofa	IIIb	IIIb	IIIb	primary_claim_supported_with_minor_flags	false	main	21	D	D	identical_to_human	false	MSA/final_human_referenced_residue_agreement.tsv
sus_scrofa	IIIb	IIIb	IIIb	primary_claim_supported_with_minor_flags	false	main	22	A	A	identical_to_human	false	MSA/final_human_referenced_residue_agreement.tsv
sus_scrofa	IIIb	IIIb	IIIb	primary_claim_supported_with_minor_flags	false	main	23	G	G	identical_to_human	false	MSA/final_human_referenced_residue_agreement.tsv
sus_scrofa	IIIb	IIIb	IIIb	primary_claim_supported_with_minor_flags	false	main	24	E	E	identical_to_human	false	MSA/final_human_referenced_residue_agreement.tsv
sus_scrofa	IIIb	IIIb	IIIb	primary_claim_supported_with_minor_flags	false	main	25	Y	Y	identical_to_human	false	MSA/final_human_referenced_residue_agreement.tsv
sus_scrofa	IIIb	IIIb	IIIb	primary_claim_supported_with_minor_flags	false	main	26	I	I	identical_to_human	true	MSA/final_human_referenced_residue_agreement.tsv
sus_scrofa	IIIb	IIIb	IIIb	primary_claim_supported_with_minor_flags	false	main	27	C	C	identical_to_human	false	MSA/final_human_referenced_residue_agreement.tsv
sus_scrofa	IIIb	IIIb	IIIb	primary_claim_supported_with_minor_flags	false	main	28	K	K	identical_to_human	true	MSA/final_human_referenced_residue_agreement.tsv
sus_scrofa	IIIb	IIIb	IIIb	primary_claim_supported_with_minor_flags	false	main	29	V	V	identical_to_human	true	MSA/final_human_referenced_residue_agreement.tsv
sus_scrofa	IIIb	IIIb	IIIb	primary_claim_supported_with_minor_flags	false	main	30	S	S	identical_to_human	true	MSA/final_human_referenced_residue_agreement.tsv
sus_scrofa	IIIb	IIIb	IIIb	primary_claim_supported_with_minor_flags	false	main	31	N	N	identical_to_human	false	MSA/final_human_referenced_residue_agreement.tsv
sus_scrofa	IIIb	IIIb	IIIb	primary_claim_supported_with_minor_flags	false	main	32	Y	Y	identical_to_human	true	MSA/final_human_referenced_residue_agreement.tsv
sus_scrofa	IIIb	IIIb	IIIb	primary_claim_supported_with_minor_flags	false	main	33	I	I	identical_to_human	false	MSA/final_human_referenced_residue_agreement.tsv
sus_scrofa	IIIb	IIIb	IIIb	primary_claim_supported_with_minor_flags	false	main	34	G	G	identical_to_human	false	MSA/final_human_referenced_residue_agreement.tsv
sus_scrofa	IIIb	IIIb	IIIb	primary_claim_supported_with_minor_flags	false	main	35	Q	Q	identical_to_human	false	MSA/final_human_referenced_residue_agreement.tsv
sus_scrofa	IIIb	IIIb	IIIb	primary_claim_supported_with_minor_flags	false	main	36	A	A	identical_to_human	true	MSA/final_human_referenced_residue_agreement.tsv
sus_scrofa	IIIb	IIIb	IIIb	primary_claim_supported_with_minor_flags	false	main	37	N	N	identical_to_human	true	MSA/final_human_referenced_residue_agreement.tsv
sus_scrofa	IIIb	IIIb	IIIb	primary_claim_supported_with_minor_flags	false	main	38	Q	Q	identical_to_human	true	MSA/final_human_referenced_residue_agreement.tsv
sus_scrofa	IIIb	IIIb	IIIb	primary_claim_supported_with_minor_flags	false	main	39	S	S	identical_to_human	false	MSA/final_human_referenced_residue_agreement.tsv
sus_scrofa	IIIb	IIIb	IIIb	primary_claim_supported_with_minor_flags	false	main	40	A	A	identical_to_human	false	MSA/final_human_referenced_residue_agreement.tsv
sus_scrofa	IIIb	IIIb	IIIb	primary_claim_supported_with_minor_flags	false	main	41	W	W	identical_to_human	false	MSA/final_human_referenced_residue_agreement.tsv
sus_scrofa	IIIb	IIIb	IIIb	primary_claim_supported_with_minor_flags	false	main	42	L	L	identical_to_human	false	MSA/final_human_referenced_residue_agreement.tsv
sus_scrofa	IIIb	IIIb	IIIb	primary_claim_supported_with_minor_flags	false	main	43	T	T	identical_to_human	false	MSA/final_human_referenced_residue_agreement.tsv
sus_scrofa	IIIb	IIIb	IIIb	primary_claim_supported_with_minor_flags	false	main	44	V	V	identical_to_human	false	MSA/final_human_referenced_residue_agreement.tsv
sus_scrofa	IIIb	IIIb	IIIb	primary_claim_supported_with_minor_flags	false	main	45	L	L	identical_to_human	false	MSA/final_human_referenced_residue_agreement.tsv
sus_scrofa	IIIb	IIIb	IIIb	primary_claim_supported_with_minor_flags	false	main	46	P	P	identical_to_human	false	MSA/final_human_referenced_residue_agreement.tsv
sus_scrofa	IIIc	IIIc	IIIc	primary_claim_supported_with_minor_flags	false	main	1	A	A	identical_to_human	true	MSA/final_human_referenced_residue_agreement.tsv
sus_scrofa	IIIc	IIIc	IIIc	primary_claim_supported_with_minor_flags	false	main	2	A	A	identical_to_human	true	MSA/final_human_referenced_residue_agreement.tsv
sus_scrofa	IIIc	IIIc	IIIc	primary_claim_supported_with_minor_flags	false	main	3	G	G	identical_to_human	false	MSA/final_human_referenced_residue_agreement.tsv
sus_scrofa	IIIc	IIIc	IIIc	primary_claim_supported_with_minor_flags	false	main	4	V	V	identical_to_human	true	MSA/final_human_referenced_residue_agreement.tsv
sus_scrofa	IIIc	IIIc	IIIc	primary_claim_supported_with_minor_flags	false	main	5	N	N	identical_to_human	false	MSA/final_human_referenced_residue_agreement.tsv
sus_scrofa	IIIc	IIIc	IIIc	primary_claim_supported_with_minor_flags	false	main	6	T	T	identical_to_human	true	MSA/final_human_referenced_residue_agreement.tsv
sus_scrofa	IIIc	IIIc	IIIc	primary_claim_supported_with_minor_flags	false	main	7	T	T	identical_to_human	true	MSA/final_human_referenced_residue_agreement.tsv
sus_scrofa	IIIc	IIIc	IIIc	primary_claim_supported_with_minor_flags	false	main	8	D	D	identical_to_human	true	MSA/final_human_referenced_residue_agreement.tsv
sus_scrofa	IIIc	IIIc	IIIc	primary_claim_supported_with_minor_flags	false	main	9	K	K	identical_to_human	true	MSA/final_human_referenced_residue_agreement.tsv
sus_scrofa	IIIc	IIIc	IIIc	primary_claim_supported_with_minor_flags	false	main	10	E	E	identical_to_human	true	MSA/final_human_referenced_residue_agreement.tsv
sus_scrofa	IIIc	IIIc	IIIc	primary_claim_supported_with_minor_flags	false	main	11	I	I	identical_to_human	false	MSA/final_human_referenced_residue_agreement.tsv
sus_scrofa	IIIc	IIIc	IIIc	primary_claim_supported_with_minor_flags	false	main	12	E	E	identical_to_human	false	MSA/final_human_referenced_residue_agreement.tsv
sus_scrofa	IIIc	IIIc	IIIc	primary_claim_supported_with_minor_flags	false	main	13	V	V	identical_to_human	false	MSA/final_human_referenced_residue_agreement.tsv
sus_scrofa	IIIc	IIIc	IIIc	primary_claim_supported_with_minor_flags	false	main	14	L	L	identical_to_human	true	MSA/final_human_referenced_residue_agreement.tsv
sus_scrofa	IIIc	IIIc	IIIc	primary_claim_supported_with_minor_flags	false	main	15	Y	Y	identical_to_human	false	MSA/final_human_referenced_residue_agreement.tsv
sus_scrofa	IIIc	IIIc	IIIc	primary_claim_supported_with_minor_flags	false	main	16	I	I	identical_to_human	false	MSA/final_human_referenced_residue_agreement.tsv
sus_scrofa	IIIc	IIIc	IIIc	primary_claim_supported_with_minor_flags	false	main	17	R	R	identical_to_human	false	MSA/final_human_referenced_residue_agreement.tsv
sus_scrofa	IIIc	IIIc	IIIc	primary_claim_supported_with_minor_flags	false	main	18	N	N	identical_to_human	false	MSA/final_human_referenced_residue_agreement.tsv
sus_scrofa	IIIc	IIIc	IIIc	primary_claim_supported_with_minor_flags	false	main	19	V	V	identical_to_human	true	MSA/final_human_referenced_residue_agreement.tsv
sus_scrofa	IIIc	IIIc	IIIc	primary_claim_supported_with_minor_flags	false	main	20	T	T	identical_to_human	false	MSA/final_human_referenced_residue_agreement.tsv
sus_scrofa	IIIc	IIIc	IIIc	primary_claim_supported_with_minor_flags	false	main	21	F	F	identical_to_human	false	MSA/final_human_referenced_residue_agreement.tsv
sus_scrofa	IIIc	IIIc	IIIc	primary_claim_supported_with_minor_flags	false	main	22	E	E	identical_to_human	false	MSA/final_human_referenced_residue_agreement.tsv
sus_scrofa	IIIc	IIIc	IIIc	primary_claim_supported_with_minor_flags	false	main	23	D	D	identical_to_human	false	MSA/final_human_referenced_residue_agreement.tsv
sus_scrofa	IIIc	IIIc	IIIc	primary_claim_supported_with_minor_flags	false	main	24	A	A	identical_to_human	false	MSA/final_human_referenced_residue_agreement.tsv
sus_scrofa	IIIc	IIIc	IIIc	primary_claim_supported_with_minor_flags	false	main	25	G	G	identical_to_human	false	MSA/final_human_referenced_residue_agreement.tsv
sus_scrofa	IIIc	IIIc	IIIc	primary_claim_supported_with_minor_flags	false	main	26	E	E	identical_to_human	true	MSA/final_human_referenced_residue_agreement.tsv
sus_scrofa	IIIc	IIIc	IIIc	primary_claim_supported_with_minor_flags	false	main	27	Y	Y	identical_to_human	false	MSA/final_human_referenced_residue_agreement.tsv
sus_scrofa	IIIc	IIIc	IIIc	primary_claim_supported_with_minor_flags	false	main	28	T	T	identical_to_human	true	MSA/final_human_referenced_residue_agreement.tsv
sus_scrofa	IIIc	IIIc	IIIc	primary_claim_supported_with_minor_flags	false	main	29	C	C	identical_to_human	true	MSA/final_human_referenced_residue_agreement.tsv
sus_scrofa	IIIc	IIIc	IIIc	primary_claim_supported_with_minor_flags	false	main	30	L	L	identical_to_human	true	MSA/final_human_referenced_residue_agreement.tsv
sus_scrofa	IIIc	IIIc	IIIc	primary_claim_supported_with_minor_flags	false	main	31	A	A	identical_to_human	false	MSA/final_human_referenced_residue_agreement.tsv
sus_scrofa	IIIc	IIIc	IIIc	primary_claim_supported_with_minor_flags	false	main	32	G	G	identical_to_human	true	MSA/final_human_referenced_residue_agreement.tsv
sus_scrofa	IIIc	IIIc	IIIc	primary_claim_supported_with_minor_flags	false	main	33	N	N	identical_to_human	false	MSA/final_human_referenced_residue_agreement.tsv
sus_scrofa	IIIc	IIIc	IIIc	primary_claim_supported_with_minor_flags	false	main	34	S	S	identical_to_human	false	MSA/final_human_referenced_residue_agreement.tsv
sus_scrofa	IIIc	IIIc	IIIc	primary_claim_supported_with_minor_flags	false	main	35	I	I	identical_to_human	false	MSA/final_human_referenced_residue_agreement.tsv
sus_scrofa	IIIc	IIIc	IIIc	primary_claim_supported_with_minor_flags	false	main	36	G	G	identical_to_human	true	MSA/final_human_referenced_residue_agreement.tsv
sus_scrofa	IIIc	IIIc	IIIc	primary_claim_supported_with_minor_flags	false	main	37	I	I	identical_to_human	true	MSA/final_human_referenced_residue_agreement.tsv
sus_scrofa	IIIc	IIIc	IIIc	primary_claim_supported_with_minor_flags	false	main	38	S	S	identical_to_human	true	MSA/final_human_referenced_residue_agreement.tsv
sus_scrofa	IIIc	IIIc	IIIc	primary_claim_supported_with_minor_flags	false	main	39	F	F	identical_to_human	false	MSA/final_human_referenced_residue_agreement.tsv
sus_scrofa	IIIc	IIIc	IIIc	primary_claim_supported_with_minor_flags	false	main	40	H	H	identical_to_human	false	MSA/final_human_referenced_residue_agreement.tsv
sus_scrofa	IIIc	IIIc	IIIc	primary_claim_supported_with_minor_flags	false	main	41	S	S	identical_to_human	false	MSA/final_human_referenced_residue_agreement.tsv
sus_scrofa	IIIc	IIIc	IIIc	primary_claim_supported_with_minor_flags	false	main	42	A	A	identical_to_human	false	MSA/final_human_referenced_residue_agreement.tsv
sus_scrofa	IIIc	IIIc	IIIc	primary_claim_supported_with_minor_flags	false	main	43	W	W	identical_to_human	false	MSA/final_human_referenced_residue_agreement.tsv
sus_scrofa	IIIc	IIIc	IIIc	primary_claim_supported_with_minor_flags	false	main	44	L	L	identical_to_human	false	MSA/final_human_referenced_residue_agreement.tsv
sus_scrofa	IIIc	IIIc	IIIc	primary_claim_supported_with_minor_flags	false	main	45	T	T	identical_to_human	false	MSA/final_human_referenced_residue_agreement.tsv
sus_scrofa	IIIc	IIIc	IIIc	primary_claim_supported_with_minor_flags	false	main	46	V	V	identical_to_human	false	MSA/final_human_referenced_residue_agreement.tsv
sus_scrofa	IIIc	IIIc	IIIc	primary_claim_supported_with_minor_flags	false	main	47	L	L	identical_to_human	false	MSA/final_human_referenced_residue_agreement.tsv
sus_scrofa	IIIc	IIIc	IIIc	primary_claim_supported_with_minor_flags	false	main	48	P	P	identical_to_human	false	MSA/final_human_referenced_residue_agreement.tsv
bos_taurus	IIIb	IIIb	IIIb	primary_claim_supported_with_minor_flags	false	main	1	H	H	identical_to_human	true	MSA/final_human_referenced_residue_agreement.tsv
bos_taurus	IIIb	IIIb	IIIb	primary_claim_supported_with_minor_flags	false	main	2	S	S	identical_to_human	true	MSA/final_human_referenced_residue_agreement.tsv
bos_taurus	IIIb	IIIb	IIIb	primary_claim_supported_with_minor_flags	false	main	3	G	G	identical_to_human	false	MSA/final_human_referenced_residue_agreement.tsv
bos_taurus	IIIb	IIIb	IIIb	primary_claim_supported_with_minor_flags	false	main	4	I	I	identical_to_human	true	MSA/final_human_referenced_residue_agreement.tsv
bos_taurus	IIIb	IIIb	IIIb	primary_claim_supported_with_minor_flags	false	main	5	N	N	identical_to_human	false	MSA/final_human_referenced_residue_agreement.tsv
bos_taurus	IIIb	IIIb	IIIb	primary_claim_supported_with_minor_flags	false	main	6	S	S	identical_to_human	true	MSA/final_human_referenced_residue_agreement.tsv
bos_taurus	IIIb	IIIb	IIIb	primary_claim_supported_with_minor_flags	false	main	7	S	S	identical_to_human	true	MSA/final_human_referenced_residue_agreement.tsv
bos_taurus	IIIb	IIIb	IIIb	primary_claim_supported_with_minor_flags	false	main	8	N	N	identical_to_human	true	MSA/final_human_referenced_residue_agreement.tsv
bos_taurus	IIIb	IIIb	IIIb	primary_claim_supported_with_minor_flags	false	main	9	A	A	identical_to_human	true	MSA/final_human_referenced_residue_agreement.tsv
bos_taurus	IIIb	IIIb	IIIb	primary_claim_supported_with_minor_flags	false	main	10	E	E	identical_to_human	true	MSA/final_human_referenced_residue_agreement.tsv
bos_taurus	IIIb	IIIb	IIIb	primary_claim_supported_with_minor_flags	false	main	11	V	V	identical_to_human	false	MSA/final_human_referenced_residue_agreement.tsv
bos_taurus	IIIb	IIIb	IIIb	primary_claim_supported_with_minor_flags	false	main	12	L	L	identical_to_human	false	MSA/final_human_referenced_residue_agreement.tsv
bos_taurus	IIIb	IIIb	IIIb	primary_claim_supported_with_minor_flags	false	main	13	A	A	identical_to_human	false	MSA/final_human_referenced_residue_agreement.tsv
bos_taurus	IIIb	IIIb	IIIb	primary_claim_supported_with_minor_flags	false	main	14	L	L	identical_to_human	true	MSA/final_human_referenced_residue_agreement.tsv
bos_taurus	IIIb	IIIb	IIIb	primary_claim_supported_with_minor_flags	false	main	15	F	F	identical_to_human	false	MSA/final_human_referenced_residue_agreement.tsv
bos_taurus	IIIb	IIIb	IIIb	primary_claim_supported_with_minor_flags	false	main	16	N	N	identical_to_human	false	MSA/final_human_referenced_residue_agreement.tsv
bos_taurus	IIIb	IIIb	IIIb	primary_claim_supported_with_minor_flags	false	main	17	V	V	identical_to_human	false	MSA/final_human_referenced_residue_agreement.tsv
bos_taurus	IIIb	IIIb	IIIb	primary_claim_supported_with_minor_flags	false	main	18	T	T	identical_to_human	false	MSA/final_human_referenced_residue_agreement.tsv
bos_taurus	IIIb	IIIb	IIIb	primary_claim_supported_with_minor_flags	false	main	19	E	E	identical_to_human	true	MSA/final_human_referenced_residue_agreement.tsv
bos_taurus	IIIb	IIIb	IIIb	primary_claim_supported_with_minor_flags	false	main	20	A	A	identical_to_human	false	MSA/final_human_referenced_residue_agreement.tsv
bos_taurus	IIIb	IIIb	IIIb	primary_claim_supported_with_minor_flags	false	main	21	D	D	identical_to_human	false	MSA/final_human_referenced_residue_agreement.tsv
bos_taurus	IIIb	IIIb	IIIb	primary_claim_supported_with_minor_flags	false	main	22	A	A	identical_to_human	false	MSA/final_human_referenced_residue_agreement.tsv
bos_taurus	IIIb	IIIb	IIIb	primary_claim_supported_with_minor_flags	false	main	23	G	G	identical_to_human	false	MSA/final_human_referenced_residue_agreement.tsv
bos_taurus	IIIb	IIIb	IIIb	primary_claim_supported_with_minor_flags	false	main	24	E	E	identical_to_human	false	MSA/final_human_referenced_residue_agreement.tsv
bos_taurus	IIIb	IIIb	IIIb	primary_claim_supported_with_minor_flags	false	main	25	Y	Y	identical_to_human	false	MSA/final_human_referenced_residue_agreement.tsv
bos_taurus	IIIb	IIIb	IIIb	primary_claim_supported_with_minor_flags	false	main	26	I	I	identical_to_human	true	MSA/final_human_referenced_residue_agreement.tsv
bos_taurus	IIIb	IIIb	IIIb	primary_claim_supported_with_minor_flags	false	main	27	C	C	identical_to_human	false	MSA/final_human_referenced_residue_agreement.tsv
bos_taurus	IIIb	IIIb	IIIb	primary_claim_supported_with_minor_flags	false	main	28	K	K	identical_to_human	true	MSA/final_human_referenced_residue_agreement.tsv
bos_taurus	IIIb	IIIb	IIIb	primary_claim_supported_with_minor_flags	false	main	29	V	V	identical_to_human	true	MSA/final_human_referenced_residue_agreement.tsv
bos_taurus	IIIb	IIIb	IIIb	primary_claim_supported_with_minor_flags	false	main	30	S	S	identical_to_human	true	MSA/final_human_referenced_residue_agreement.tsv
bos_taurus	IIIb	IIIb	IIIb	primary_claim_supported_with_minor_flags	false	main	31	N	N	identical_to_human	false	MSA/final_human_referenced_residue_agreement.tsv
bos_taurus	IIIb	IIIb	IIIb	primary_claim_supported_with_minor_flags	false	main	32	Y	Y	identical_to_human	true	MSA/final_human_referenced_residue_agreement.tsv
bos_taurus	IIIb	IIIb	IIIb	primary_claim_supported_with_minor_flags	false	main	33	I	I	identical_to_human	false	MSA/final_human_referenced_residue_agreement.tsv
bos_taurus	IIIb	IIIb	IIIb	primary_claim_supported_with_minor_flags	false	main	34	G	G	identical_to_human	false	MSA/final_human_referenced_residue_agreement.tsv
bos_taurus	IIIb	IIIb	IIIb	primary_claim_supported_with_minor_flags	false	main	35	Q	Q	identical_to_human	false	MSA/final_human_referenced_residue_agreement.tsv
bos_taurus	IIIb	IIIb	IIIb	primary_claim_supported_with_minor_flags	false	main	36	A	A	identical_to_human	true	MSA/final_human_referenced_residue_agreement.tsv
bos_taurus	IIIb	IIIb	IIIb	primary_claim_supported_with_minor_flags	false	main	37	N	N	identical_to_human	true	MSA/final_human_referenced_residue_agreement.tsv
bos_taurus	IIIb	IIIb	IIIb	primary_claim_supported_with_minor_flags	false	main	38	Q	Q	identical_to_human	true	MSA/final_human_referenced_residue_agreement.tsv
bos_taurus	IIIb	IIIb	IIIb	primary_claim_supported_with_minor_flags	false	main	39	S	S	identical_to_human	false	MSA/final_human_referenced_residue_agreement.tsv
bos_taurus	IIIb	IIIb	IIIb	primary_claim_supported_with_minor_flags	false	main	40	A	A	identical_to_human	false	MSA/final_human_referenced_residue_agreement.tsv
bos_taurus	IIIb	IIIb	IIIb	primary_claim_supported_with_minor_flags	false	main	41	W	W	identical_to_human	false	MSA/final_human_referenced_residue_agreement.tsv
bos_taurus	IIIb	IIIb	IIIb	primary_claim_supported_with_minor_flags	false	main	42	L	L	identical_to_human	false	MSA/final_human_referenced_residue_agreement.tsv
bos_taurus	IIIb	IIIb	IIIb	primary_claim_supported_with_minor_flags	false	main	43	T	T	identical_to_human	false	MSA/final_human_referenced_residue_agreement.tsv
bos_taurus	IIIb	IIIb	IIIb	primary_claim_supported_with_minor_flags	false	main	44	V	V	identical_to_human	false	MSA/final_human_referenced_residue_agreement.tsv
bos_taurus	IIIb	IIIb	IIIb	primary_claim_supported_with_minor_flags	false	main	45	L	L	identical_to_human	false	MSA/final_human_referenced_residue_agreement.tsv
bos_taurus	IIIb	IIIb	IIIb	primary_claim_supported_with_minor_flags	false	main	46	P	P	identical_to_human	false	MSA/final_human_referenced_residue_agreement.tsv
bos_taurus	IIIc	IIIc	IIIc	primary_claim_supported_with_minor_flags	false	main	1	A	A	identical_to_human	true	MSA/final_human_referenced_residue_agreement.tsv
bos_taurus	IIIc	IIIc	IIIc	primary_claim_supported_with_minor_flags	false	main	2	A	A	identical_to_human	true	MSA/final_human_referenced_residue_agreement.tsv
bos_taurus	IIIc	IIIc	IIIc	primary_claim_supported_with_minor_flags	false	main	3	G	G	identical_to_human	false	MSA/final_human_referenced_residue_agreement.tsv
bos_taurus	IIIc	IIIc	IIIc	primary_claim_supported_with_minor_flags	false	main	4	V	V	identical_to_human	true	MSA/final_human_referenced_residue_agreement.tsv
bos_taurus	IIIc	IIIc	IIIc	primary_claim_supported_with_minor_flags	false	main	5	N	N	identical_to_human	false	MSA/final_human_referenced_residue_agreement.tsv
bos_taurus	IIIc	IIIc	IIIc	primary_claim_supported_with_minor_flags	false	main	6	T	T	identical_to_human	true	MSA/final_human_referenced_residue_agreement.tsv
bos_taurus	IIIc	IIIc	IIIc	primary_claim_supported_with_minor_flags	false	main	7	T	T	identical_to_human	true	MSA/final_human_referenced_residue_agreement.tsv
bos_taurus	IIIc	IIIc	IIIc	primary_claim_supported_with_minor_flags	false	main	8	D	D	identical_to_human	true	MSA/final_human_referenced_residue_agreement.tsv
bos_taurus	IIIc	IIIc	IIIc	primary_claim_supported_with_minor_flags	false	main	9	K	K	identical_to_human	true	MSA/final_human_referenced_residue_agreement.tsv
bos_taurus	IIIc	IIIc	IIIc	primary_claim_supported_with_minor_flags	false	main	10	E	E	identical_to_human	true	MSA/final_human_referenced_residue_agreement.tsv
bos_taurus	IIIc	IIIc	IIIc	primary_claim_supported_with_minor_flags	false	main	11	I	I	identical_to_human	false	MSA/final_human_referenced_residue_agreement.tsv
bos_taurus	IIIc	IIIc	IIIc	primary_claim_supported_with_minor_flags	false	main	12	E	E	identical_to_human	false	MSA/final_human_referenced_residue_agreement.tsv
bos_taurus	IIIc	IIIc	IIIc	primary_claim_supported_with_minor_flags	false	main	13	V	V	identical_to_human	false	MSA/final_human_referenced_residue_agreement.tsv
bos_taurus	IIIc	IIIc	IIIc	primary_claim_supported_with_minor_flags	false	main	14	L	L	identical_to_human	true	MSA/final_human_referenced_residue_agreement.tsv
bos_taurus	IIIc	IIIc	IIIc	primary_claim_supported_with_minor_flags	false	main	15	Y	Y	identical_to_human	false	MSA/final_human_referenced_residue_agreement.tsv
bos_taurus	IIIc	IIIc	IIIc	primary_claim_supported_with_minor_flags	false	main	16	I	I	identical_to_human	false	MSA/final_human_referenced_residue_agreement.tsv
bos_taurus	IIIc	IIIc	IIIc	primary_claim_supported_with_minor_flags	false	main	17	R	R	identical_to_human	false	MSA/final_human_referenced_residue_agreement.tsv
bos_taurus	IIIc	IIIc	IIIc	primary_claim_supported_with_minor_flags	false	main	18	N	N	identical_to_human	false	MSA/final_human_referenced_residue_agreement.tsv
bos_taurus	IIIc	IIIc	IIIc	primary_claim_supported_with_minor_flags	false	main	19	V	V	identical_to_human	true	MSA/final_human_referenced_residue_agreement.tsv
bos_taurus	IIIc	IIIc	IIIc	primary_claim_supported_with_minor_flags	false	main	20	T	T	identical_to_human	false	MSA/final_human_referenced_residue_agreement.tsv
bos_taurus	IIIc	IIIc	IIIc	primary_claim_supported_with_minor_flags	false	main	21	F	F	identical_to_human	false	MSA/final_human_referenced_residue_agreement.tsv
bos_taurus	IIIc	IIIc	IIIc	primary_claim_supported_with_minor_flags	false	main	22	E	E	identical_to_human	false	MSA/final_human_referenced_residue_agreement.tsv
bos_taurus	IIIc	IIIc	IIIc	primary_claim_supported_with_minor_flags	false	main	23	D	D	identical_to_human	false	MSA/final_human_referenced_residue_agreement.tsv
bos_taurus	IIIc	IIIc	IIIc	primary_claim_supported_with_minor_flags	false	main	24	A	A	identical_to_human	false	MSA/final_human_referenced_residue_agreement.tsv
bos_taurus	IIIc	IIIc	IIIc	primary_claim_supported_with_minor_flags	false	main	25	G	G	identical_to_human	false	MSA/final_human_referenced_residue_agreement.tsv
bos_taurus	IIIc	IIIc	IIIc	primary_claim_supported_with_minor_flags	false	main	26	E	E	identical_to_human	true	MSA/final_human_referenced_residue_agreement.tsv
bos_taurus	IIIc	IIIc	IIIc	primary_claim_supported_with_minor_flags	false	main	27	Y	Y	identical_to_human	false	MSA/final_human_referenced_residue_agreement.tsv
bos_taurus	IIIc	IIIc	IIIc	primary_claim_supported_with_minor_flags	false	main	28	T	T	identical_to_human	true	MSA/final_human_referenced_residue_agreement.tsv
bos_taurus	IIIc	IIIc	IIIc	primary_claim_supported_with_minor_flags	false	main	29	C	C	identical_to_human	true	MSA/final_human_referenced_residue_agreement.tsv
bos_taurus	IIIc	IIIc	IIIc	primary_claim_supported_with_minor_flags	false	main	30	L	L	identical_to_human	true	MSA/final_human_referenced_residue_agreement.tsv
bos_taurus	IIIc	IIIc	IIIc	primary_claim_supported_with_minor_flags	false	main	31	A	A	identical_to_human	false	MSA/final_human_referenced_residue_agreement.tsv
bos_taurus	IIIc	IIIc	IIIc	primary_claim_supported_with_minor_flags	false	main	32	G	G	identical_to_human	true	MSA/final_human_referenced_residue_agreement.tsv
bos_taurus	IIIc	IIIc	IIIc	primary_claim_supported_with_minor_flags	false	main	33	N	N	identical_to_human	false	MSA/final_human_referenced_residue_agreement.tsv
bos_taurus	IIIc	IIIc	IIIc	primary_claim_supported_with_minor_flags	false	main	34	S	S	identical_to_human	false	MSA/final_human_referenced_residue_agreement.tsv
bos_taurus	IIIc	IIIc	IIIc	primary_claim_supported_with_minor_flags	false	main	35	I	I	identical_to_human	false	MSA/final_human_referenced_residue_agreement.tsv
bos_taurus	IIIc	IIIc	IIIc	primary_claim_supported_with_minor_flags	false	main	36	G	G	identical_to_human	true	MSA/final_human_referenced_residue_agreement.tsv
bos_taurus	IIIc	IIIc	IIIc	primary_claim_supported_with_minor_flags	false	main	37	I	I	identical_to_human	true	MSA/final_human_referenced_residue_agreement.tsv
bos_taurus	IIIc	IIIc	IIIc	primary_claim_supported_with_minor_flags	false	main	38	S	S	identical_to_human	true	MSA/final_human_referenced_residue_agreement.tsv
bos_taurus	IIIc	IIIc	IIIc	primary_claim_supported_with_minor_flags	false	main	39	F	F	identical_to_human	false	MSA/final_human_referenced_residue_agreement.tsv
bos_taurus	IIIc	IIIc	IIIc	primary_claim_supported_with_minor_flags	false	main	40	H	H	identical_to_human	false	MSA/final_human_referenced_residue_agreement.tsv
bos_taurus	IIIc	IIIc	IIIc	primary_claim_supported_with_minor_flags	false	main	41	S	S	identical_to_human	false	MSA/final_human_referenced_residue_agreement.tsv
bos_taurus	IIIc	IIIc	IIIc	primary_claim_supported_with_minor_flags	false	main	42	A	A	identical_to_human	false	MSA/final_human_referenced_residue_agreement.tsv
bos_taurus	IIIc	IIIc	IIIc	primary_claim_supported_with_minor_flags	false	main	43	W	W	identical_to_human	false	MSA/final_human_referenced_residue_agreement.tsv
bos_taurus	IIIc	IIIc	IIIc	primary_claim_supported_with_minor_flags	false	main	44	L	L	identical_to_human	false	MSA/final_human_referenced_residue_agreement.tsv
bos_taurus	IIIc	IIIc	IIIc	primary_claim_supported_with_minor_flags	false	main	45	T	T	identical_to_human	false	MSA/final_human_referenced_residue_agreement.tsv
bos_taurus	IIIc	IIIc	IIIc	primary_claim_supported_with_minor_flags	false	main	46	V	V	identical_to_human	false	MSA/final_human_referenced_residue_agreement.tsv
bos_taurus	IIIc	IIIc	IIIc	primary_claim_supported_with_minor_flags	false	main	47	L	L	identical_to_human	false	MSA/final_human_referenced_residue_agreement.tsv
bos_taurus	IIIc	IIIc	IIIc	primary_claim_supported_with_minor_flags	false	main	48	P	P	identical_to_human	false	MSA/final_human_referenced_residue_agreement.tsv
ovis_aries	IIIb	IIIb	IIIb	primary_claim_supported_with_minor_flags	false	main	1	H	H	identical_to_human	true	MSA/final_human_referenced_residue_agreement.tsv
ovis_aries	IIIb	IIIb	IIIb	primary_claim_supported_with_minor_flags	false	main	2	S	S	identical_to_human	true	MSA/final_human_referenced_residue_agreement.tsv
ovis_aries	IIIb	IIIb	IIIb	primary_claim_supported_with_minor_flags	false	main	3	G	G	identical_to_human	false	MSA/final_human_referenced_residue_agreement.tsv
ovis_aries	IIIb	IIIb	IIIb	primary_claim_supported_with_minor_flags	false	main	4	I	I	identical_to_human	true	MSA/final_human_referenced_residue_agreement.tsv
ovis_aries	IIIb	IIIb	IIIb	primary_claim_supported_with_minor_flags	false	main	5	N	N	identical_to_human	false	MSA/final_human_referenced_residue_agreement.tsv
ovis_aries	IIIb	IIIb	IIIb	primary_claim_supported_with_minor_flags	false	main	6	S	S	identical_to_human	true	MSA/final_human_referenced_residue_agreement.tsv
ovis_aries	IIIb	IIIb	IIIb	primary_claim_supported_with_minor_flags	false	main	7	S	S	identical_to_human	true	MSA/final_human_referenced_residue_agreement.tsv
ovis_aries	IIIb	IIIb	IIIb	primary_claim_supported_with_minor_flags	false	main	8	N	N	identical_to_human	true	MSA/final_human_referenced_residue_agreement.tsv
ovis_aries	IIIb	IIIb	IIIb	primary_claim_supported_with_minor_flags	false	main	9	A	A	identical_to_human	true	MSA/final_human_referenced_residue_agreement.tsv
ovis_aries	IIIb	IIIb	IIIb	primary_claim_supported_with_minor_flags	false	main	10	E	E	identical_to_human	true	MSA/final_human_referenced_residue_agreement.tsv
ovis_aries	IIIb	IIIb	IIIb	primary_claim_supported_with_minor_flags	false	main	11	V	V	identical_to_human	false	MSA/final_human_referenced_residue_agreement.tsv
ovis_aries	IIIb	IIIb	IIIb	primary_claim_supported_with_minor_flags	false	main	12	L	L	identical_to_human	false	MSA/final_human_referenced_residue_agreement.tsv
ovis_aries	IIIb	IIIb	IIIb	primary_claim_supported_with_minor_flags	false	main	13	A	A	identical_to_human	false	MSA/final_human_referenced_residue_agreement.tsv
ovis_aries	IIIb	IIIb	IIIb	primary_claim_supported_with_minor_flags	false	main	14	L	L	identical_to_human	true	MSA/final_human_referenced_residue_agreement.tsv
ovis_aries	IIIb	IIIb	IIIb	primary_claim_supported_with_minor_flags	false	main	15	F	F	identical_to_human	false	MSA/final_human_referenced_residue_agreement.tsv
ovis_aries	IIIb	IIIb	IIIb	primary_claim_supported_with_minor_flags	false	main	16	N	N	identical_to_human	false	MSA/final_human_referenced_residue_agreement.tsv
ovis_aries	IIIb	IIIb	IIIb	primary_claim_supported_with_minor_flags	false	main	17	V	V	identical_to_human	false	MSA/final_human_referenced_residue_agreement.tsv
ovis_aries	IIIb	IIIb	IIIb	primary_claim_supported_with_minor_flags	false	main	18	T	T	identical_to_human	false	MSA/final_human_referenced_residue_agreement.tsv
ovis_aries	IIIb	IIIb	IIIb	primary_claim_supported_with_minor_flags	false	main	19	E	E	identical_to_human	true	MSA/final_human_referenced_residue_agreement.tsv
ovis_aries	IIIb	IIIb	IIIb	primary_claim_supported_with_minor_flags	false	main	20	A	A	identical_to_human	false	MSA/final_human_referenced_residue_agreement.tsv
ovis_aries	IIIb	IIIb	IIIb	primary_claim_supported_with_minor_flags	false	main	21	D	D	identical_to_human	false	MSA/final_human_referenced_residue_agreement.tsv
ovis_aries	IIIb	IIIb	IIIb	primary_claim_supported_with_minor_flags	false	main	22	A	A	identical_to_human	false	MSA/final_human_referenced_residue_agreement.tsv
ovis_aries	IIIb	IIIb	IIIb	primary_claim_supported_with_minor_flags	false	main	23	G	G	identical_to_human	false	MSA/final_human_referenced_residue_agreement.tsv
ovis_aries	IIIb	IIIb	IIIb	primary_claim_supported_with_minor_flags	false	main	24	E	E	identical_to_human	false	MSA/final_human_referenced_residue_agreement.tsv
ovis_aries	IIIb	IIIb	IIIb	primary_claim_supported_with_minor_flags	false	main	25	Y	Y	identical_to_human	false	MSA/final_human_referenced_residue_agreement.tsv
ovis_aries	IIIb	IIIb	IIIb	primary_claim_supported_with_minor_flags	false	main	26	I	I	identical_to_human	true	MSA/final_human_referenced_residue_agreement.tsv
ovis_aries	IIIb	IIIb	IIIb	primary_claim_supported_with_minor_flags	false	main	27	C	C	identical_to_human	false	MSA/final_human_referenced_residue_agreement.tsv
ovis_aries	IIIb	IIIb	IIIb	primary_claim_supported_with_minor_flags	false	main	28	K	K	identical_to_human	true	MSA/final_human_referenced_residue_agreement.tsv
ovis_aries	IIIb	IIIb	IIIb	primary_claim_supported_with_minor_flags	false	main	29	V	V	identical_to_human	true	MSA/final_human_referenced_residue_agreement.tsv
ovis_aries	IIIb	IIIb	IIIb	primary_claim_supported_with_minor_flags	false	main	30	S	S	identical_to_human	true	MSA/final_human_referenced_residue_agreement.tsv
ovis_aries	IIIb	IIIb	IIIb	primary_claim_supported_with_minor_flags	false	main	31	N	N	identical_to_human	false	MSA/final_human_referenced_residue_agreement.tsv
ovis_aries	IIIb	IIIb	IIIb	primary_claim_supported_with_minor_flags	false	main	32	Y	Y	identical_to_human	true	MSA/final_human_referenced_residue_agreement.tsv
ovis_aries	IIIb	IIIb	IIIb	primary_claim_supported_with_minor_flags	false	main	33	I	I	identical_to_human	false	MSA/final_human_referenced_residue_agreement.tsv
ovis_aries	IIIb	IIIb	IIIb	primary_claim_supported_with_minor_flags	false	main	34	G	G	identical_to_human	false	MSA/final_human_referenced_residue_agreement.tsv
ovis_aries	IIIb	IIIb	IIIb	primary_claim_supported_with_minor_flags	false	main	35	Q	Q	identical_to_human	false	MSA/final_human_referenced_residue_agreement.tsv
ovis_aries	IIIb	IIIb	IIIb	primary_claim_supported_with_minor_flags	false	main	36	A	A	identical_to_human	true	MSA/final_human_referenced_residue_agreement.tsv
ovis_aries	IIIb	IIIb	IIIb	primary_claim_supported_with_minor_flags	false	main	37	N	N	identical_to_human	true	MSA/final_human_referenced_residue_agreement.tsv
ovis_aries	IIIb	IIIb	IIIb	primary_claim_supported_with_minor_flags	false	main	38	Q	Q	identical_to_human	true	MSA/final_human_referenced_residue_agreement.tsv
ovis_aries	IIIb	IIIb	IIIb	primary_claim_supported_with_minor_flags	false	main	39	S	S	identical_to_human	false	MSA/final_human_referenced_residue_agreement.tsv
ovis_aries	IIIb	IIIb	IIIb	primary_claim_supported_with_minor_flags	false	main	40	A	A	identical_to_human	false	MSA/final_human_referenced_residue_agreement.tsv
ovis_aries	IIIb	IIIb	IIIb	primary_claim_supported_with_minor_flags	false	main	41	W	W	identical_to_human	false	MSA/final_human_referenced_residue_agreement.tsv
ovis_aries	IIIb	IIIb	IIIb	primary_claim_supported_with_minor_flags	false	main	42	L	L	identical_to_human	false	MSA/final_human_referenced_residue_agreement.tsv
ovis_aries	IIIb	IIIb	IIIb	primary_claim_supported_with_minor_flags	false	main	43	T	T	identical_to_human	false	MSA/final_human_referenced_residue_agreement.tsv
ovis_aries	IIIb	IIIb	IIIb	primary_claim_supported_with_minor_flags	false	main	44	V	V	identical_to_human	false	MSA/final_human_referenced_residue_agreement.tsv
ovis_aries	IIIb	IIIb	IIIb	primary_claim_supported_with_minor_flags	false	main	45	L	L	identical_to_human	false	MSA/final_human_referenced_residue_agreement.tsv
ovis_aries	IIIb	IIIb	IIIb	primary_claim_supported_with_minor_flags	false	main	46	P	P	identical_to_human	false	MSA/final_human_referenced_residue_agreement.tsv
ovis_aries	IIIc	IIIc	IIIc	primary_claim_supported_with_minor_flags	false	main	1	A	A	identical_to_human	true	MSA/final_human_referenced_residue_agreement.tsv
ovis_aries	IIIc	IIIc	IIIc	primary_claim_supported_with_minor_flags	false	main	2	A	A	identical_to_human	true	MSA/final_human_referenced_residue_agreement.tsv
ovis_aries	IIIc	IIIc	IIIc	primary_claim_supported_with_minor_flags	false	main	3	G	G	identical_to_human	false	MSA/final_human_referenced_residue_agreement.tsv
ovis_aries	IIIc	IIIc	IIIc	primary_claim_supported_with_minor_flags	false	main	4	V	V	identical_to_human	true	MSA/final_human_referenced_residue_agreement.tsv
ovis_aries	IIIc	IIIc	IIIc	primary_claim_supported_with_minor_flags	false	main	5	N	N	identical_to_human	false	MSA/final_human_referenced_residue_agreement.tsv
ovis_aries	IIIc	IIIc	IIIc	primary_claim_supported_with_minor_flags	false	main	6	T	T	identical_to_human	true	MSA/final_human_referenced_residue_agreement.tsv
ovis_aries	IIIc	IIIc	IIIc	primary_claim_supported_with_minor_flags	false	main	7	T	T	identical_to_human	true	MSA/final_human_referenced_residue_agreement.tsv
ovis_aries	IIIc	IIIc	IIIc	primary_claim_supported_with_minor_flags	false	main	8	D	D	identical_to_human	true	MSA/final_human_referenced_residue_agreement.tsv
ovis_aries	IIIc	IIIc	IIIc	primary_claim_supported_with_minor_flags	false	main	9	K	K	identical_to_human	true	MSA/final_human_referenced_residue_agreement.tsv
ovis_aries	IIIc	IIIc	IIIc	primary_claim_supported_with_minor_flags	false	main	10	E	E	identical_to_human	true	MSA/final_human_referenced_residue_agreement.tsv
ovis_aries	IIIc	IIIc	IIIc	primary_claim_supported_with_minor_flags	false	main	11	I	I	identical_to_human	false	MSA/final_human_referenced_residue_agreement.tsv
ovis_aries	IIIc	IIIc	IIIc	primary_claim_supported_with_minor_flags	false	main	12	E	E	identical_to_human	false	MSA/final_human_referenced_residue_agreement.tsv
ovis_aries	IIIc	IIIc	IIIc	primary_claim_supported_with_minor_flags	false	main	13	V	V	identical_to_human	false	MSA/final_human_referenced_residue_agreement.tsv
ovis_aries	IIIc	IIIc	IIIc	primary_claim_supported_with_minor_flags	false	main	14	L	L	identical_to_human	true	MSA/final_human_referenced_residue_agreement.tsv
ovis_aries	IIIc	IIIc	IIIc	primary_claim_supported_with_minor_flags	false	main	15	Y	Y	identical_to_human	false	MSA/final_human_referenced_residue_agreement.tsv
ovis_aries	IIIc	IIIc	IIIc	primary_claim_supported_with_minor_flags	false	main	16	I	I	identical_to_human	false	MSA/final_human_referenced_residue_agreement.tsv
ovis_aries	IIIc	IIIc	IIIc	primary_claim_supported_with_minor_flags	false	main	17	R	R	identical_to_human	false	MSA/final_human_referenced_residue_agreement.tsv
ovis_aries	IIIc	IIIc	IIIc	primary_claim_supported_with_minor_flags	false	main	18	N	N	identical_to_human	false	MSA/final_human_referenced_residue_agreement.tsv
ovis_aries	IIIc	IIIc	IIIc	primary_claim_supported_with_minor_flags	false	main	19	V	V	identical_to_human	true	MSA/final_human_referenced_residue_agreement.tsv
ovis_aries	IIIc	IIIc	IIIc	primary_claim_supported_with_minor_flags	false	main	20	T	T	identical_to_human	false	MSA/final_human_referenced_residue_agreement.tsv
ovis_aries	IIIc	IIIc	IIIc	primary_claim_supported_with_minor_flags	false	main	21	F	F	identical_to_human	false	MSA/final_human_referenced_residue_agreement.tsv
ovis_aries	IIIc	IIIc	IIIc	primary_claim_supported_with_minor_flags	false	main	22	E	E	identical_to_human	false	MSA/final_human_referenced_residue_agreement.tsv
ovis_aries	IIIc	IIIc	IIIc	primary_claim_supported_with_minor_flags	false	main	23	D	D	identical_to_human	false	MSA/final_human_referenced_residue_agreement.tsv
ovis_aries	IIIc	IIIc	IIIc	primary_claim_supported_with_minor_flags	false	main	24	A	A	identical_to_human	false	MSA/final_human_referenced_residue_agreement.tsv
ovis_aries	IIIc	IIIc	IIIc	primary_claim_supported_with_minor_flags	false	main	25	G	G	identical_to_human	false	MSA/final_human_referenced_residue_agreement.tsv
ovis_aries	IIIc	IIIc	IIIc	primary_claim_supported_with_minor_flags	false	main	26	E	E	identical_to_human	true	MSA/final_human_referenced_residue_agreement.tsv
ovis_aries	IIIc	IIIc	IIIc	primary_claim_supported_with_minor_flags	false	main	27	Y	Y	identical_to_human	false	MSA/final_human_referenced_residue_agreement.tsv
ovis_aries	IIIc	IIIc	IIIc	primary_claim_supported_with_minor_flags	false	main	28	T	T	identical_to_human	true	MSA/final_human_referenced_residue_agreement.tsv
ovis_aries	IIIc	IIIc	IIIc	primary_claim_supported_with_minor_flags	false	main	29	C	C	identical_to_human	true	MSA/final_human_referenced_residue_agreement.tsv
ovis_aries	IIIc	IIIc	IIIc	primary_claim_supported_with_minor_flags	false	main	30	L	L	identical_to_human	true	MSA/final_human_referenced_residue_agreement.tsv
ovis_aries	IIIc	IIIc	IIIc	primary_claim_supported_with_minor_flags	false	main	31	A	A	identical_to_human	false	MSA/final_human_referenced_residue_agreement.tsv
ovis_aries	IIIc	IIIc	IIIc	primary_claim_supported_with_minor_flags	false	main	32	G	G	identical_to_human	true	MSA/final_human_referenced_residue_agreement.tsv
ovis_aries	IIIc	IIIc	IIIc	primary_claim_supported_with_minor_flags	false	main	33	N	N	identical_to_human	false	MSA/final_human_referenced_residue_agreement.tsv
ovis_aries	IIIc	IIIc	IIIc	primary_claim_supported_with_minor_flags	false	main	34	S	S	identical_to_human	false	MSA/final_human_referenced_residue_agreement.tsv
ovis_aries	IIIc	IIIc	IIIc	primary_claim_supported_with_minor_flags	false	main	35	I	I	identical_to_human	false	MSA/final_human_referenced_residue_agreement.tsv
ovis_aries	IIIc	IIIc	IIIc	primary_claim_supported_with_minor_flags	false	main	36	G	G	identical_to_human	true	MSA/final_human_referenced_residue_agreement.tsv
ovis_aries	IIIc	IIIc	IIIc	primary_claim_supported_with_minor_flags	false	main	37	I	I	identical_to_human	true	MSA/final_human_referenced_residue_agreement.tsv
ovis_aries	IIIc	IIIc	IIIc	primary_claim_supported_with_minor_flags	false	main	38	S	S	identical_to_human	true	MSA/final_human_referenced_residue_agreement.tsv
ovis_aries	IIIc	IIIc	IIIc	primary_claim_supported_with_minor_flags	false	main	39	F	F	identical_to_human	false	MSA/final_human_referenced_residue_agreement.tsv
ovis_aries	IIIc	IIIc	IIIc	primary_claim_supported_with_minor_flags	false	main	40	H	H	identical_to_human	false	MSA/final_human_referenced_residue_agreement.tsv
ovis_aries	IIIc	IIIc	IIIc	primary_claim_supported_with_minor_flags	false	main	41	S	S	identical_to_human	false	MSA/final_human_referenced_residue_agreement.tsv
ovis_aries	IIIc	IIIc	IIIc	primary_claim_supported_with_minor_flags	false	main	42	A	A	identical_to_human	false	MSA/final_human_referenced_residue_agreement.tsv
ovis_aries	IIIc	IIIc	IIIc	primary_claim_supported_with_minor_flags	false	main	43	W	W	identical_to_human	false	MSA/final_human_referenced_residue_agreement.tsv
ovis_aries	IIIc	IIIc	IIIc	primary_claim_supported_with_minor_flags	false	main	44	L	L	identical_to_human	false	MSA/final_human_referenced_residue_agreement.tsv
ovis_aries	IIIc	IIIc	IIIc	primary_claim_supported_with_minor_flags	false	main	45	T	T	identical_to_human	false	MSA/final_human_referenced_residue_agreement.tsv
ovis_aries	IIIc	IIIc	IIIc	primary_claim_supported_with_minor_flags	false	main	46	V	V	identical_to_human	false	MSA/final_human_referenced_residue_agreement.tsv
ovis_aries	IIIc	IIIc	IIIc	primary_claim_supported_with_minor_flags	false	main	47	L	L	identical_to_human	false	MSA/final_human_referenced_residue_agreement.tsv
ovis_aries	IIIc	IIIc	IIIc	primary_claim_supported_with_minor_flags	false	main	48	P	P	identical_to_human	false	MSA/final_human_referenced_residue_agreement.tsv
monodelphis_domestica	IIIb	IIIb	IIIb	primary_claim_supported_with_minor_flags	false	main	1	H	H	identical_to_human	true	MSA/final_human_referenced_residue_agreement.tsv
monodelphis_domestica	IIIb	IIIb	IIIb	primary_claim_supported_with_minor_flags	false	main	2	S	S	identical_to_human	true	MSA/final_human_referenced_residue_agreement.tsv
monodelphis_domestica	IIIb	IIIb	IIIb	primary_claim_supported_with_minor_flags	false	main	3	G	G	identical_to_human	false	MSA/final_human_referenced_residue_agreement.tsv
monodelphis_domestica	IIIb	IIIb	IIIb	primary_claim_supported_with_minor_flags	false	main	4	I	I	identical_to_human	true	MSA/final_human_referenced_residue_agreement.tsv
monodelphis_domestica	IIIb	IIIb	IIIb	primary_claim_supported_with_minor_flags	false	main	5	N	N	identical_to_human	false	MSA/final_human_referenced_residue_agreement.tsv
monodelphis_domestica	IIIb	IIIb	IIIb	primary_claim_supported_with_minor_flags	false	main	6	S	S	identical_to_human	true	MSA/final_human_referenced_residue_agreement.tsv
monodelphis_domestica	IIIb	IIIb	IIIb	primary_claim_supported_with_minor_flags	false	main	7	S	S	identical_to_human	true	MSA/final_human_referenced_residue_agreement.tsv
monodelphis_domestica	IIIb	IIIb	IIIb	primary_claim_supported_with_minor_flags	false	main	8	N	N	identical_to_human	true	MSA/final_human_referenced_residue_agreement.tsv
monodelphis_domestica	IIIb	IIIb	IIIb	primary_claim_supported_with_minor_flags	false	main	9	A	A	identical_to_human	true	MSA/final_human_referenced_residue_agreement.tsv
monodelphis_domestica	IIIb	IIIb	IIIb	primary_claim_supported_with_minor_flags	false	main	10	E	E	identical_to_human	true	MSA/final_human_referenced_residue_agreement.tsv
monodelphis_domestica	IIIb	IIIb	IIIb	primary_claim_supported_with_minor_flags	false	main	11	V	V	identical_to_human	false	MSA/final_human_referenced_residue_agreement.tsv
monodelphis_domestica	IIIb	IIIb	IIIb	primary_claim_supported_with_minor_flags	false	main	12	L	L	identical_to_human	false	MSA/final_human_referenced_residue_agreement.tsv
monodelphis_domestica	IIIb	IIIb	IIIb	primary_claim_supported_with_minor_flags	false	main	13	A	T	nonconservative_substitution	false	MSA/final_human_referenced_residue_agreement.tsv
monodelphis_domestica	IIIb	IIIb	IIIb	primary_claim_supported_with_minor_flags	false	main	14	L	L	identical_to_human	true	MSA/final_human_referenced_residue_agreement.tsv
monodelphis_domestica	IIIb	IIIb	IIIb	primary_claim_supported_with_minor_flags	false	main	15	F	Y	conservative_substitution	false	MSA/final_human_referenced_residue_agreement.tsv
monodelphis_domestica	IIIb	IIIb	IIIb	primary_claim_supported_with_minor_flags	false	main	16	N	N	identical_to_human	false	MSA/final_human_referenced_residue_agreement.tsv
monodelphis_domestica	IIIb	IIIb	IIIb	primary_claim_supported_with_minor_flags	false	main	17	V	V	identical_to_human	false	MSA/final_human_referenced_residue_agreement.tsv
monodelphis_domestica	IIIb	IIIb	IIIb	primary_claim_supported_with_minor_flags	false	main	18	T	T	identical_to_human	false	MSA/final_human_referenced_residue_agreement.tsv
monodelphis_domestica	IIIb	IIIb	IIIb	primary_claim_supported_with_minor_flags	false	main	19	E	E	identical_to_human	true	MSA/final_human_referenced_residue_agreement.tsv
monodelphis_domestica	IIIb	IIIb	IIIb	primary_claim_supported_with_minor_flags	false	main	20	A	V	nonconservative_substitution	false	MSA/final_human_referenced_residue_agreement.tsv
monodelphis_domestica	IIIb	IIIb	IIIb	primary_claim_supported_with_minor_flags	false	main	21	D	D	identical_to_human	false	MSA/final_human_referenced_residue_agreement.tsv
monodelphis_domestica	IIIb	IIIb	IIIb	primary_claim_supported_with_minor_flags	false	main	22	A	A	identical_to_human	false	MSA/final_human_referenced_residue_agreement.tsv
monodelphis_domestica	IIIb	IIIb	IIIb	primary_claim_supported_with_minor_flags	false	main	23	G	G	identical_to_human	false	MSA/final_human_referenced_residue_agreement.tsv
monodelphis_domestica	IIIb	IIIb	IIIb	primary_claim_supported_with_minor_flags	false	main	24	E	E	identical_to_human	false	MSA/final_human_referenced_residue_agreement.tsv
monodelphis_domestica	IIIb	IIIb	IIIb	primary_claim_supported_with_minor_flags	false	main	25	Y	Y	identical_to_human	false	MSA/final_human_referenced_residue_agreement.tsv
monodelphis_domestica	IIIb	IIIb	IIIb	primary_claim_supported_with_minor_flags	false	main	26	I	I	identical_to_human	true	MSA/final_human_referenced_residue_agreement.tsv
monodelphis_domestica	IIIb	IIIb	IIIb	primary_claim_supported_with_minor_flags	false	main	27	C	C	identical_to_human	false	MSA/final_human_referenced_residue_agreement.tsv
monodelphis_domestica	IIIb	IIIb	IIIb	primary_claim_supported_with_minor_flags	false	main	28	K	K	identical_to_human	true	MSA/final_human_referenced_residue_agreement.tsv
monodelphis_domestica	IIIb	IIIb	IIIb	primary_claim_supported_with_minor_flags	false	main	29	V	V	identical_to_human	true	MSA/final_human_referenced_residue_agreement.tsv
monodelphis_domestica	IIIb	IIIb	IIIb	primary_claim_supported_with_minor_flags	false	main	30	S	S	identical_to_human	true	MSA/final_human_referenced_residue_agreement.tsv
monodelphis_domestica	IIIb	IIIb	IIIb	primary_claim_supported_with_minor_flags	false	main	31	N	N	identical_to_human	false	MSA/final_human_referenced_residue_agreement.tsv
monodelphis_domestica	IIIb	IIIb	IIIb	primary_claim_supported_with_minor_flags	false	main	32	Y	Y	identical_to_human	true	MSA/final_human_referenced_residue_agreement.tsv
monodelphis_domestica	IIIb	IIIb	IIIb	primary_claim_supported_with_minor_flags	false	main	33	I	I	identical_to_human	false	MSA/final_human_referenced_residue_agreement.tsv
monodelphis_domestica	IIIb	IIIb	IIIb	primary_claim_supported_with_minor_flags	false	main	34	G	G	identical_to_human	false	MSA/final_human_referenced_residue_agreement.tsv
monodelphis_domestica	IIIb	IIIb	IIIb	primary_claim_supported_with_minor_flags	false	main	35	Q	E	conservative_substitution	false	MSA/final_human_referenced_residue_agreement.tsv
monodelphis_domestica	IIIb	IIIb	IIIb	primary_claim_supported_with_minor_flags	false	main	36	A	A	identical_to_human	true	MSA/final_human_referenced_residue_agreement.tsv
monodelphis_domestica	IIIb	IIIb	IIIb	primary_claim_supported_with_minor_flags	false	main	37	N	N	identical_to_human	true	MSA/final_human_referenced_residue_agreement.tsv
monodelphis_domestica	IIIb	IIIb	IIIb	primary_claim_supported_with_minor_flags	false	main	38	Q	Q	identical_to_human	true	MSA/final_human_referenced_residue_agreement.tsv
monodelphis_domestica	IIIb	IIIb	IIIb	primary_claim_supported_with_minor_flags	false	main	39	S	S	identical_to_human	false	MSA/final_human_referenced_residue_agreement.tsv
monodelphis_domestica	IIIb	IIIb	IIIb	primary_claim_supported_with_minor_flags	false	main	40	A	A	identical_to_human	false	MSA/final_human_referenced_residue_agreement.tsv
monodelphis_domestica	IIIb	IIIb	IIIb	primary_claim_supported_with_minor_flags	false	main	41	W	W	identical_to_human	false	MSA/final_human_referenced_residue_agreement.tsv
monodelphis_domestica	IIIb	IIIb	IIIb	primary_claim_supported_with_minor_flags	false	main	42	L	L	identical_to_human	false	MSA/final_human_referenced_residue_agreement.tsv
monodelphis_domestica	IIIb	IIIb	IIIb	primary_claim_supported_with_minor_flags	false	main	43	T	T	identical_to_human	false	MSA/final_human_referenced_residue_agreement.tsv
monodelphis_domestica	IIIb	IIIb	IIIb	primary_claim_supported_with_minor_flags	false	main	44	V	I	conservative_substitution	false	MSA/final_human_referenced_residue_agreement.tsv
monodelphis_domestica	IIIb	IIIb	IIIb	primary_claim_supported_with_minor_flags	false	main	45	L	L	identical_to_human	false	MSA/final_human_referenced_residue_agreement.tsv
monodelphis_domestica	IIIb	IIIb	IIIb	primary_claim_supported_with_minor_flags	false	main	46	P	P	identical_to_human	false	MSA/final_human_referenced_residue_agreement.tsv
monodelphis_domestica	IIIc	IIIc	IIIc	primary_claim_supported_with_minor_flags	false	main	1	A	A	identical_to_human	true	MSA/final_human_referenced_residue_agreement.tsv
monodelphis_domestica	IIIc	IIIc	IIIc	primary_claim_supported_with_minor_flags	false	main	2	A	A	identical_to_human	true	MSA/final_human_referenced_residue_agreement.tsv
monodelphis_domestica	IIIc	IIIc	IIIc	primary_claim_supported_with_minor_flags	false	main	3	G	G	identical_to_human	false	MSA/final_human_referenced_residue_agreement.tsv
monodelphis_domestica	IIIc	IIIc	IIIc	primary_claim_supported_with_minor_flags	false	main	4	V	V	identical_to_human	true	MSA/final_human_referenced_residue_agreement.tsv
monodelphis_domestica	IIIc	IIIc	IIIc	primary_claim_supported_with_minor_flags	false	main	5	N	N	identical_to_human	false	MSA/final_human_referenced_residue_agreement.tsv
monodelphis_domestica	IIIc	IIIc	IIIc	primary_claim_supported_with_minor_flags	false	main	6	T	T	identical_to_human	true	MSA/final_human_referenced_residue_agreement.tsv
monodelphis_domestica	IIIc	IIIc	IIIc	primary_claim_supported_with_minor_flags	false	main	7	T	T	identical_to_human	true	MSA/final_human_referenced_residue_agreement.tsv
monodelphis_domestica	IIIc	IIIc	IIIc	primary_claim_supported_with_minor_flags	false	main	8	D	D	identical_to_human	true	MSA/final_human_referenced_residue_agreement.tsv
monodelphis_domestica	IIIc	IIIc	IIIc	primary_claim_supported_with_minor_flags	false	main	9	K	K	identical_to_human	true	MSA/final_human_referenced_residue_agreement.tsv
monodelphis_domestica	IIIc	IIIc	IIIc	primary_claim_supported_with_minor_flags	false	main	10	E	E	identical_to_human	true	MSA/final_human_referenced_residue_agreement.tsv
monodelphis_domestica	IIIc	IIIc	IIIc	primary_claim_supported_with_minor_flags	false	main	11	I	I	identical_to_human	false	MSA/final_human_referenced_residue_agreement.tsv
monodelphis_domestica	IIIc	IIIc	IIIc	primary_claim_supported_with_minor_flags	false	main	12	E	E	identical_to_human	false	MSA/final_human_referenced_residue_agreement.tsv
monodelphis_domestica	IIIc	IIIc	IIIc	primary_claim_supported_with_minor_flags	false	main	13	V	V	identical_to_human	false	MSA/final_human_referenced_residue_agreement.tsv
monodelphis_domestica	IIIc	IIIc	IIIc	primary_claim_supported_with_minor_flags	false	main	14	L	L	identical_to_human	true	MSA/final_human_referenced_residue_agreement.tsv
monodelphis_domestica	IIIc	IIIc	IIIc	primary_claim_supported_with_minor_flags	false	main	15	Y	Y	identical_to_human	false	MSA/final_human_referenced_residue_agreement.tsv
monodelphis_domestica	IIIc	IIIc	IIIc	primary_claim_supported_with_minor_flags	false	main	16	I	I	identical_to_human	false	MSA/final_human_referenced_residue_agreement.tsv
monodelphis_domestica	IIIc	IIIc	IIIc	primary_claim_supported_with_minor_flags	false	main	17	R	R	identical_to_human	false	MSA/final_human_referenced_residue_agreement.tsv
monodelphis_domestica	IIIc	IIIc	IIIc	primary_claim_supported_with_minor_flags	false	main	18	N	N	identical_to_human	false	MSA/final_human_referenced_residue_agreement.tsv
monodelphis_domestica	IIIc	IIIc	IIIc	primary_claim_supported_with_minor_flags	false	main	19	V	V	identical_to_human	true	MSA/final_human_referenced_residue_agreement.tsv
monodelphis_domestica	IIIc	IIIc	IIIc	primary_claim_supported_with_minor_flags	false	main	20	T	T	identical_to_human	false	MSA/final_human_referenced_residue_agreement.tsv
monodelphis_domestica	IIIc	IIIc	IIIc	primary_claim_supported_with_minor_flags	false	main	21	F	F	identical_to_human	false	MSA/final_human_referenced_residue_agreement.tsv
monodelphis_domestica	IIIc	IIIc	IIIc	primary_claim_supported_with_minor_flags	false	main	22	E	E	identical_to_human	false	MSA/final_human_referenced_residue_agreement.tsv
monodelphis_domestica	IIIc	IIIc	IIIc	primary_claim_supported_with_minor_flags	false	main	23	D	D	identical_to_human	false	MSA/final_human_referenced_residue_agreement.tsv
monodelphis_domestica	IIIc	IIIc	IIIc	primary_claim_supported_with_minor_flags	false	main	24	A	A	identical_to_human	false	MSA/final_human_referenced_residue_agreement.tsv
monodelphis_domestica	IIIc	IIIc	IIIc	primary_claim_supported_with_minor_flags	false	main	25	G	G	identical_to_human	false	MSA/final_human_referenced_residue_agreement.tsv
monodelphis_domestica	IIIc	IIIc	IIIc	primary_claim_supported_with_minor_flags	false	main	26	E	E	identical_to_human	true	MSA/final_human_referenced_residue_agreement.tsv
monodelphis_domestica	IIIc	IIIc	IIIc	primary_claim_supported_with_minor_flags	false	main	27	Y	Y	identical_to_human	false	MSA/final_human_referenced_residue_agreement.tsv
monodelphis_domestica	IIIc	IIIc	IIIc	primary_claim_supported_with_minor_flags	false	main	28	T	T	identical_to_human	true	MSA/final_human_referenced_residue_agreement.tsv
monodelphis_domestica	IIIc	IIIc	IIIc	primary_claim_supported_with_minor_flags	false	main	29	C	C	identical_to_human	true	MSA/final_human_referenced_residue_agreement.tsv
monodelphis_domestica	IIIc	IIIc	IIIc	primary_claim_supported_with_minor_flags	false	main	30	L	L	identical_to_human	true	MSA/final_human_referenced_residue_agreement.tsv
monodelphis_domestica	IIIc	IIIc	IIIc	primary_claim_supported_with_minor_flags	false	main	31	A	A	identical_to_human	false	MSA/final_human_referenced_residue_agreement.tsv
monodelphis_domestica	IIIc	IIIc	IIIc	primary_claim_supported_with_minor_flags	false	main	32	G	G	identical_to_human	true	MSA/final_human_referenced_residue_agreement.tsv
monodelphis_domestica	IIIc	IIIc	IIIc	primary_claim_supported_with_minor_flags	false	main	33	N	N	identical_to_human	false	MSA/final_human_referenced_residue_agreement.tsv
monodelphis_domestica	IIIc	IIIc	IIIc	primary_claim_supported_with_minor_flags	false	main	34	S	S	identical_to_human	false	MSA/final_human_referenced_residue_agreement.tsv
monodelphis_domestica	IIIc	IIIc	IIIc	primary_claim_supported_with_minor_flags	false	main	35	I	I	identical_to_human	false	MSA/final_human_referenced_residue_agreement.tsv
monodelphis_domestica	IIIc	IIIc	IIIc	primary_claim_supported_with_minor_flags	false	main	36	G	G	identical_to_human	true	MSA/final_human_referenced_residue_agreement.tsv
monodelphis_domestica	IIIc	IIIc	IIIc	primary_claim_supported_with_minor_flags	false	main	37	I	I	identical_to_human	true	MSA/final_human_referenced_residue_agreement.tsv
monodelphis_domestica	IIIc	IIIc	IIIc	primary_claim_supported_with_minor_flags	false	main	38	S	S	identical_to_human	true	MSA/final_human_referenced_residue_agreement.tsv
monodelphis_domestica	IIIc	IIIc	IIIc	primary_claim_supported_with_minor_flags	false	main	39	F	F	identical_to_human	false	MSA/final_human_referenced_residue_agreement.tsv
monodelphis_domestica	IIIc	IIIc	IIIc	primary_claim_supported_with_minor_flags	false	main	40	H	H	identical_to_human	false	MSA/final_human_referenced_residue_agreement.tsv
monodelphis_domestica	IIIc	IIIc	IIIc	primary_claim_supported_with_minor_flags	false	main	41	S	S	identical_to_human	false	MSA/final_human_referenced_residue_agreement.tsv
monodelphis_domestica	IIIc	IIIc	IIIc	primary_claim_supported_with_minor_flags	false	main	42	A	A	identical_to_human	false	MSA/final_human_referenced_residue_agreement.tsv
monodelphis_domestica	IIIc	IIIc	IIIc	primary_claim_supported_with_minor_flags	false	main	43	W	W	identical_to_human	false	MSA/final_human_referenced_residue_agreement.tsv
monodelphis_domestica	IIIc	IIIc	IIIc	primary_claim_supported_with_minor_flags	false	main	44	L	L	identical_to_human	false	MSA/final_human_referenced_residue_agreement.tsv
monodelphis_domestica	IIIc	IIIc	IIIc	primary_claim_supported_with_minor_flags	false	main	45	T	T	identical_to_human	false	MSA/final_human_referenced_residue_agreement.tsv
monodelphis_domestica	IIIc	IIIc	IIIc	primary_claim_supported_with_minor_flags	false	main	46	V	V	identical_to_human	false	MSA/final_human_referenced_residue_agreement.tsv
monodelphis_domestica	IIIc	IIIc	IIIc	primary_claim_supported_with_minor_flags	false	main	47	L	L	identical_to_human	false	MSA/final_human_referenced_residue_agreement.tsv
monodelphis_domestica	IIIc	IIIc	IIIc	primary_claim_supported_with_minor_flags	false	main	48	P	P	identical_to_human	false	MSA/final_human_referenced_residue_agreement.tsv
ornithorhynchus_anatinus	IIIb	IIIb	IIIb	primary_claim_supported_with_minor_flags	false	main	1	H	H	identical_to_human	true	MSA/final_human_referenced_residue_agreement.tsv
ornithorhynchus_anatinus	IIIb	IIIb	IIIb	primary_claim_supported_with_minor_flags	false	main	2	S	S	identical_to_human	true	MSA/final_human_referenced_residue_agreement.tsv
ornithorhynchus_anatinus	IIIb	IIIb	IIIb	primary_claim_supported_with_minor_flags	false	main	3	G	G	identical_to_human	false	MSA/final_human_referenced_residue_agreement.tsv
ornithorhynchus_anatinus	IIIb	IIIb	IIIb	primary_claim_supported_with_minor_flags	false	main	4	I	I	identical_to_human	true	MSA/final_human_referenced_residue_agreement.tsv
ornithorhynchus_anatinus	IIIb	IIIb	IIIb	primary_claim_supported_with_minor_flags	false	main	5	N	N	identical_to_human	false	MSA/final_human_referenced_residue_agreement.tsv
ornithorhynchus_anatinus	IIIb	IIIb	IIIb	primary_claim_supported_with_minor_flags	false	main	6	S	S	identical_to_human	true	MSA/final_human_referenced_residue_agreement.tsv
ornithorhynchus_anatinus	IIIb	IIIb	IIIb	primary_claim_supported_with_minor_flags	false	main	7	S	S	identical_to_human	true	MSA/final_human_referenced_residue_agreement.tsv
ornithorhynchus_anatinus	IIIb	IIIb	IIIb	primary_claim_supported_with_minor_flags	false	main	8	N	N	identical_to_human	true	MSA/final_human_referenced_residue_agreement.tsv
ornithorhynchus_anatinus	IIIb	IIIb	IIIb	primary_claim_supported_with_minor_flags	false	main	9	A	A	identical_to_human	true	MSA/final_human_referenced_residue_agreement.tsv
ornithorhynchus_anatinus	IIIb	IIIb	IIIb	primary_claim_supported_with_minor_flags	false	main	10	E	E	identical_to_human	true	MSA/final_human_referenced_residue_agreement.tsv
ornithorhynchus_anatinus	IIIb	IIIb	IIIb	primary_claim_supported_with_minor_flags	false	main	11	V	V	identical_to_human	false	MSA/final_human_referenced_residue_agreement.tsv
ornithorhynchus_anatinus	IIIb	IIIb	IIIb	primary_claim_supported_with_minor_flags	false	main	12	L	L	identical_to_human	false	MSA/final_human_referenced_residue_agreement.tsv
ornithorhynchus_anatinus	IIIb	IIIb	IIIb	primary_claim_supported_with_minor_flags	false	main	13	A	T	nonconservative_substitution	false	MSA/final_human_referenced_residue_agreement.tsv
ornithorhynchus_anatinus	IIIb	IIIb	IIIb	primary_claim_supported_with_minor_flags	false	main	14	L	L	identical_to_human	true	MSA/final_human_referenced_residue_agreement.tsv
ornithorhynchus_anatinus	IIIb	IIIb	IIIb	primary_claim_supported_with_minor_flags	false	main	15	F	Y	conservative_substitution	false	MSA/final_human_referenced_residue_agreement.tsv
ornithorhynchus_anatinus	IIIb	IIIb	IIIb	primary_claim_supported_with_minor_flags	false	main	16	N	N	identical_to_human	false	MSA/final_human_referenced_residue_agreement.tsv
ornithorhynchus_anatinus	IIIb	IIIb	IIIb	primary_claim_supported_with_minor_flags	false	main	17	V	V	identical_to_human	false	MSA/final_human_referenced_residue_agreement.tsv
ornithorhynchus_anatinus	IIIb	IIIb	IIIb	primary_claim_supported_with_minor_flags	false	main	18	T	T	identical_to_human	false	MSA/final_human_referenced_residue_agreement.tsv
ornithorhynchus_anatinus	IIIb	IIIb	IIIb	primary_claim_supported_with_minor_flags	false	main	19	E	E	identical_to_human	true	MSA/final_human_referenced_residue_agreement.tsv
ornithorhynchus_anatinus	IIIb	IIIb	IIIb	primary_claim_supported_with_minor_flags	false	main	20	A	A	identical_to_human	false	MSA/final_human_referenced_residue_agreement.tsv
ornithorhynchus_anatinus	IIIb	IIIb	IIIb	primary_claim_supported_with_minor_flags	false	main	21	D	D	identical_to_human	false	MSA/final_human_referenced_residue_agreement.tsv
ornithorhynchus_anatinus	IIIb	IIIb	IIIb	primary_claim_supported_with_minor_flags	false	main	22	A	A	identical_to_human	false	MSA/final_human_referenced_residue_agreement.tsv
ornithorhynchus_anatinus	IIIb	IIIb	IIIb	primary_claim_supported_with_minor_flags	false	main	23	G	G	identical_to_human	false	MSA/final_human_referenced_residue_agreement.tsv
ornithorhynchus_anatinus	IIIb	IIIb	IIIb	primary_claim_supported_with_minor_flags	false	main	24	E	E	identical_to_human	false	MSA/final_human_referenced_residue_agreement.tsv
ornithorhynchus_anatinus	IIIb	IIIb	IIIb	primary_claim_supported_with_minor_flags	false	main	25	Y	Y	identical_to_human	false	MSA/final_human_referenced_residue_agreement.tsv
ornithorhynchus_anatinus	IIIb	IIIb	IIIb	primary_claim_supported_with_minor_flags	false	main	26	I	I	identical_to_human	true	MSA/final_human_referenced_residue_agreement.tsv
ornithorhynchus_anatinus	IIIb	IIIb	IIIb	primary_claim_supported_with_minor_flags	false	main	27	C	C	identical_to_human	false	MSA/final_human_referenced_residue_agreement.tsv
ornithorhynchus_anatinus	IIIb	IIIb	IIIb	primary_claim_supported_with_minor_flags	false	main	28	K	K	identical_to_human	true	MSA/final_human_referenced_residue_agreement.tsv
ornithorhynchus_anatinus	IIIb	IIIb	IIIb	primary_claim_supported_with_minor_flags	false	main	29	V	V	identical_to_human	true	MSA/final_human_referenced_residue_agreement.tsv
ornithorhynchus_anatinus	IIIb	IIIb	IIIb	primary_claim_supported_with_minor_flags	false	main	30	S	S	identical_to_human	true	MSA/final_human_referenced_residue_agreement.tsv
ornithorhynchus_anatinus	IIIb	IIIb	IIIb	primary_claim_supported_with_minor_flags	false	main	31	N	N	identical_to_human	false	MSA/final_human_referenced_residue_agreement.tsv
ornithorhynchus_anatinus	IIIb	IIIb	IIIb	primary_claim_supported_with_minor_flags	false	main	32	Y	Y	identical_to_human	true	MSA/final_human_referenced_residue_agreement.tsv
ornithorhynchus_anatinus	IIIb	IIIb	IIIb	primary_claim_supported_with_minor_flags	false	main	33	I	I	identical_to_human	false	MSA/final_human_referenced_residue_agreement.tsv
ornithorhynchus_anatinus	IIIb	IIIb	IIIb	primary_claim_supported_with_minor_flags	false	main	34	G	G	identical_to_human	false	MSA/final_human_referenced_residue_agreement.tsv
ornithorhynchus_anatinus	IIIb	IIIb	IIIb	primary_claim_supported_with_minor_flags	false	main	35	Q	E	conservative_substitution	false	MSA/final_human_referenced_residue_agreement.tsv
ornithorhynchus_anatinus	IIIb	IIIb	IIIb	primary_claim_supported_with_minor_flags	false	main	36	A	A	identical_to_human	true	MSA/final_human_referenced_residue_agreement.tsv
ornithorhynchus_anatinus	IIIb	IIIb	IIIb	primary_claim_supported_with_minor_flags	false	main	37	N	N	identical_to_human	true	MSA/final_human_referenced_residue_agreement.tsv
ornithorhynchus_anatinus	IIIb	IIIb	IIIb	primary_claim_supported_with_minor_flags	false	main	38	Q	Q	identical_to_human	true	MSA/final_human_referenced_residue_agreement.tsv
ornithorhynchus_anatinus	IIIb	IIIb	IIIb	primary_claim_supported_with_minor_flags	false	main	39	S	S	identical_to_human	false	MSA/final_human_referenced_residue_agreement.tsv
ornithorhynchus_anatinus	IIIb	IIIb	IIIb	primary_claim_supported_with_minor_flags	false	main	40	A	A	identical_to_human	false	MSA/final_human_referenced_residue_agreement.tsv
ornithorhynchus_anatinus	IIIb	IIIb	IIIb	primary_claim_supported_with_minor_flags	false	main	41	W	W	identical_to_human	false	MSA/final_human_referenced_residue_agreement.tsv
ornithorhynchus_anatinus	IIIb	IIIb	IIIb	primary_claim_supported_with_minor_flags	false	main	42	L	L	identical_to_human	false	MSA/final_human_referenced_residue_agreement.tsv
ornithorhynchus_anatinus	IIIb	IIIb	IIIb	primary_claim_supported_with_minor_flags	false	main	43	T	T	identical_to_human	false	MSA/final_human_referenced_residue_agreement.tsv
ornithorhynchus_anatinus	IIIb	IIIb	IIIb	primary_claim_supported_with_minor_flags	false	main	44	V	V	identical_to_human	false	MSA/final_human_referenced_residue_agreement.tsv
ornithorhynchus_anatinus	IIIb	IIIb	IIIb	primary_claim_supported_with_minor_flags	false	main	45	L	W	nonconservative_substitution	false	MSA/final_human_referenced_residue_agreement.tsv
ornithorhynchus_anatinus	IIIb	IIIb	IIIb	primary_claim_supported_with_minor_flags	false	main	46	P	P	identical_to_human	false	MSA/final_human_referenced_residue_agreement.tsv
ornithorhynchus_anatinus	IIIc	IIIc	IIIc	primary_claim_supported_with_minor_flags	false	main	1	A	A	identical_to_human	true	MSA/final_human_referenced_residue_agreement.tsv
ornithorhynchus_anatinus	IIIc	IIIc	IIIc	primary_claim_supported_with_minor_flags	false	main	2	A	A	identical_to_human	true	MSA/final_human_referenced_residue_agreement.tsv
ornithorhynchus_anatinus	IIIc	IIIc	IIIc	primary_claim_supported_with_minor_flags	false	main	3	G	G	identical_to_human	false	MSA/final_human_referenced_residue_agreement.tsv
ornithorhynchus_anatinus	IIIc	IIIc	IIIc	primary_claim_supported_with_minor_flags	false	main	4	V	V	identical_to_human	true	MSA/final_human_referenced_residue_agreement.tsv
ornithorhynchus_anatinus	IIIc	IIIc	IIIc	primary_claim_supported_with_minor_flags	false	main	5	N	N	identical_to_human	false	MSA/final_human_referenced_residue_agreement.tsv
ornithorhynchus_anatinus	IIIc	IIIc	IIIc	primary_claim_supported_with_minor_flags	false	main	6	T	T	identical_to_human	true	MSA/final_human_referenced_residue_agreement.tsv
ornithorhynchus_anatinus	IIIc	IIIc	IIIc	primary_claim_supported_with_minor_flags	false	main	7	T	T	identical_to_human	true	MSA/final_human_referenced_residue_agreement.tsv
ornithorhynchus_anatinus	IIIc	IIIc	IIIc	primary_claim_supported_with_minor_flags	false	main	8	D	D	identical_to_human	true	MSA/final_human_referenced_residue_agreement.tsv
ornithorhynchus_anatinus	IIIc	IIIc	IIIc	primary_claim_supported_with_minor_flags	false	main	9	K	K	identical_to_human	true	MSA/final_human_referenced_residue_agreement.tsv
ornithorhynchus_anatinus	IIIc	IIIc	IIIc	primary_claim_supported_with_minor_flags	false	main	10	E	E	identical_to_human	true	MSA/final_human_referenced_residue_agreement.tsv
ornithorhynchus_anatinus	IIIc	IIIc	IIIc	primary_claim_supported_with_minor_flags	false	main	11	I	I	identical_to_human	false	MSA/final_human_referenced_residue_agreement.tsv
ornithorhynchus_anatinus	IIIc	IIIc	IIIc	primary_claim_supported_with_minor_flags	false	main	12	E	E	identical_to_human	false	MSA/final_human_referenced_residue_agreement.tsv
ornithorhynchus_anatinus	IIIc	IIIc	IIIc	primary_claim_supported_with_minor_flags	false	main	13	V	V	identical_to_human	false	MSA/final_human_referenced_residue_agreement.tsv
ornithorhynchus_anatinus	IIIc	IIIc	IIIc	primary_claim_supported_with_minor_flags	false	main	14	L	L	identical_to_human	true	MSA/final_human_referenced_residue_agreement.tsv
ornithorhynchus_anatinus	IIIc	IIIc	IIIc	primary_claim_supported_with_minor_flags	false	main	15	Y	Y	identical_to_human	false	MSA/final_human_referenced_residue_agreement.tsv
ornithorhynchus_anatinus	IIIc	IIIc	IIIc	primary_claim_supported_with_minor_flags	false	main	16	I	I	identical_to_human	false	MSA/final_human_referenced_residue_agreement.tsv
ornithorhynchus_anatinus	IIIc	IIIc	IIIc	primary_claim_supported_with_minor_flags	false	main	17	R	R	identical_to_human	false	MSA/final_human_referenced_residue_agreement.tsv
ornithorhynchus_anatinus	IIIc	IIIc	IIIc	primary_claim_supported_with_minor_flags	false	main	18	N	N	identical_to_human	false	MSA/final_human_referenced_residue_agreement.tsv
ornithorhynchus_anatinus	IIIc	IIIc	IIIc	primary_claim_supported_with_minor_flags	false	main	19	V	V	identical_to_human	true	MSA/final_human_referenced_residue_agreement.tsv
ornithorhynchus_anatinus	IIIc	IIIc	IIIc	primary_claim_supported_with_minor_flags	false	main	20	T	T	identical_to_human	false	MSA/final_human_referenced_residue_agreement.tsv
ornithorhynchus_anatinus	IIIc	IIIc	IIIc	primary_claim_supported_with_minor_flags	false	main	21	F	F	identical_to_human	false	MSA/final_human_referenced_residue_agreement.tsv
ornithorhynchus_anatinus	IIIc	IIIc	IIIc	primary_claim_supported_with_minor_flags	false	main	22	E	E	identical_to_human	false	MSA/final_human_referenced_residue_agreement.tsv
ornithorhynchus_anatinus	IIIc	IIIc	IIIc	primary_claim_supported_with_minor_flags	false	main	23	D	D	identical_to_human	false	MSA/final_human_referenced_residue_agreement.tsv
ornithorhynchus_anatinus	IIIc	IIIc	IIIc	primary_claim_supported_with_minor_flags	false	main	24	A	A	identical_to_human	false	MSA/final_human_referenced_residue_agreement.tsv
ornithorhynchus_anatinus	IIIc	IIIc	IIIc	primary_claim_supported_with_minor_flags	false	main	25	G	G	identical_to_human	false	MSA/final_human_referenced_residue_agreement.tsv
ornithorhynchus_anatinus	IIIc	IIIc	IIIc	primary_claim_supported_with_minor_flags	false	main	26	E	E	identical_to_human	true	MSA/final_human_referenced_residue_agreement.tsv
ornithorhynchus_anatinus	IIIc	IIIc	IIIc	primary_claim_supported_with_minor_flags	false	main	27	Y	Y	identical_to_human	false	MSA/final_human_referenced_residue_agreement.tsv
ornithorhynchus_anatinus	IIIc	IIIc	IIIc	primary_claim_supported_with_minor_flags	false	main	28	T	T	identical_to_human	true	MSA/final_human_referenced_residue_agreement.tsv
ornithorhynchus_anatinus	IIIc	IIIc	IIIc	primary_claim_supported_with_minor_flags	false	main	29	C	C	identical_to_human	true	MSA/final_human_referenced_residue_agreement.tsv
ornithorhynchus_anatinus	IIIc	IIIc	IIIc	primary_claim_supported_with_minor_flags	false	main	30	L	L	identical_to_human	true	MSA/final_human_referenced_residue_agreement.tsv
ornithorhynchus_anatinus	IIIc	IIIc	IIIc	primary_claim_supported_with_minor_flags	false	main	31	A	A	identical_to_human	false	MSA/final_human_referenced_residue_agreement.tsv
ornithorhynchus_anatinus	IIIc	IIIc	IIIc	primary_claim_supported_with_minor_flags	false	main	32	G	G	identical_to_human	true	MSA/final_human_referenced_residue_agreement.tsv
ornithorhynchus_anatinus	IIIc	IIIc	IIIc	primary_claim_supported_with_minor_flags	false	main	33	N	N	identical_to_human	false	MSA/final_human_referenced_residue_agreement.tsv
ornithorhynchus_anatinus	IIIc	IIIc	IIIc	primary_claim_supported_with_minor_flags	false	main	34	S	S	identical_to_human	false	MSA/final_human_referenced_residue_agreement.tsv
ornithorhynchus_anatinus	IIIc	IIIc	IIIc	primary_claim_supported_with_minor_flags	false	main	35	I	I	identical_to_human	false	MSA/final_human_referenced_residue_agreement.tsv
ornithorhynchus_anatinus	IIIc	IIIc	IIIc	primary_claim_supported_with_minor_flags	false	main	36	G	G	identical_to_human	true	MSA/final_human_referenced_residue_agreement.tsv
ornithorhynchus_anatinus	IIIc	IIIc	IIIc	primary_claim_supported_with_minor_flags	false	main	37	I	I	identical_to_human	true	MSA/final_human_referenced_residue_agreement.tsv
ornithorhynchus_anatinus	IIIc	IIIc	IIIc	primary_claim_supported_with_minor_flags	false	main	38	S	S	identical_to_human	true	MSA/final_human_referenced_residue_agreement.tsv
ornithorhynchus_anatinus	IIIc	IIIc	IIIc	primary_claim_supported_with_minor_flags	false	main	39	F	F	identical_to_human	false	MSA/final_human_referenced_residue_agreement.tsv
ornithorhynchus_anatinus	IIIc	IIIc	IIIc	primary_claim_supported_with_minor_flags	false	main	40	H	H	identical_to_human	false	MSA/final_human_referenced_residue_agreement.tsv
ornithorhynchus_anatinus	IIIc	IIIc	IIIc	primary_claim_supported_with_minor_flags	false	main	41	S	S	identical_to_human	false	MSA/final_human_referenced_residue_agreement.tsv
ornithorhynchus_anatinus	IIIc	IIIc	IIIc	primary_claim_supported_with_minor_flags	false	main	42	A	A	identical_to_human	false	MSA/final_human_referenced_residue_agreement.tsv
ornithorhynchus_anatinus	IIIc	IIIc	IIIc	primary_claim_supported_with_minor_flags	false	main	43	W	W	identical_to_human	false	MSA/final_human_referenced_residue_agreement.tsv
ornithorhynchus_anatinus	IIIc	IIIc	IIIc	primary_claim_supported_with_minor_flags	false	main	44	L	L	identical_to_human	false	MSA/final_human_referenced_residue_agreement.tsv
ornithorhynchus_anatinus	IIIc	IIIc	IIIc	primary_claim_supported_with_minor_flags	false	main	45	T	T	identical_to_human	false	MSA/final_human_referenced_residue_agreement.tsv
ornithorhynchus_anatinus	IIIc	IIIc	IIIc	primary_claim_supported_with_minor_flags	false	main	46	V	V	identical_to_human	false	MSA/final_human_referenced_residue_agreement.tsv
ornithorhynchus_anatinus	IIIc	IIIc	IIIc	primary_claim_supported_with_minor_flags	false	main	47	L	L	identical_to_human	false	MSA/final_human_referenced_residue_agreement.tsv
ornithorhynchus_anatinus	IIIc	IIIc	IIIc	primary_claim_supported_with_minor_flags	false	main	48	P	P	identical_to_human	false	MSA/final_human_referenced_residue_agreement.tsv
gallus_gallus	IIIb	IIIb	IIIb	primary_claim_supported_with_minor_flags	false	main	1	H	H	identical_to_human	true	MSA/final_human_referenced_residue_agreement.tsv
gallus_gallus	IIIb	IIIb	IIIb	primary_claim_supported_with_minor_flags	false	main	2	S	S	identical_to_human	true	MSA/final_human_referenced_residue_agreement.tsv
gallus_gallus	IIIb	IIIb	IIIb	primary_claim_supported_with_minor_flags	false	main	3	G	G	identical_to_human	false	MSA/final_human_referenced_residue_agreement.tsv
gallus_gallus	IIIb	IIIb	IIIb	primary_claim_supported_with_minor_flags	false	main	4	I	I	identical_to_human	true	MSA/final_human_referenced_residue_agreement.tsv
gallus_gallus	IIIb	IIIb	IIIb	primary_claim_supported_with_minor_flags	false	main	5	N	N	identical_to_human	false	MSA/final_human_referenced_residue_agreement.tsv
gallus_gallus	IIIb	IIIb	IIIb	primary_claim_supported_with_minor_flags	false	main	6	S	S	identical_to_human	true	MSA/final_human_referenced_residue_agreement.tsv
gallus_gallus	IIIb	IIIb	IIIb	primary_claim_supported_with_minor_flags	false	main	7	S	S	identical_to_human	true	MSA/final_human_referenced_residue_agreement.tsv
gallus_gallus	IIIb	IIIb	IIIb	primary_claim_supported_with_minor_flags	false	main	8	N	N	identical_to_human	true	MSA/final_human_referenced_residue_agreement.tsv
gallus_gallus	IIIb	IIIb	IIIb	primary_claim_supported_with_minor_flags	false	main	9	A	A	identical_to_human	true	MSA/final_human_referenced_residue_agreement.tsv
gallus_gallus	IIIb	IIIb	IIIb	primary_claim_supported_with_minor_flags	false	main	10	E	E	identical_to_human	true	MSA/final_human_referenced_residue_agreement.tsv
gallus_gallus	IIIb	IIIb	IIIb	primary_claim_supported_with_minor_flags	false	main	11	V	V	identical_to_human	false	MSA/final_human_referenced_residue_agreement.tsv
gallus_gallus	IIIb	IIIb	IIIb	primary_claim_supported_with_minor_flags	false	main	12	L	L	identical_to_human	false	MSA/final_human_referenced_residue_agreement.tsv
gallus_gallus	IIIb	IIIb	IIIb	primary_claim_supported_with_minor_flags	false	main	13	A	T	nonconservative_substitution	false	MSA/final_human_referenced_residue_agreement.tsv
gallus_gallus	IIIb	IIIb	IIIb	primary_claim_supported_with_minor_flags	false	main	14	L	L	identical_to_human	true	MSA/final_human_referenced_residue_agreement.tsv
gallus_gallus	IIIb	IIIb	IIIb	primary_claim_supported_with_minor_flags	false	main	15	F	Y	conservative_substitution	false	MSA/final_human_referenced_residue_agreement.tsv
gallus_gallus	IIIb	IIIb	IIIb	primary_claim_supported_with_minor_flags	false	main	16	N	N	identical_to_human	false	MSA/final_human_referenced_residue_agreement.tsv
gallus_gallus	IIIb	IIIb	IIIb	primary_claim_supported_with_minor_flags	false	main	17	V	V	identical_to_human	false	MSA/final_human_referenced_residue_agreement.tsv
gallus_gallus	IIIb	IIIb	IIIb	primary_claim_supported_with_minor_flags	false	main	18	T	T	identical_to_human	false	MSA/final_human_referenced_residue_agreement.tsv
gallus_gallus	IIIb	IIIb	IIIb	primary_claim_supported_with_minor_flags	false	main	19	E	E	identical_to_human	true	MSA/final_human_referenced_residue_agreement.tsv
gallus_gallus	IIIb	IIIb	IIIb	primary_claim_supported_with_minor_flags	false	main	20	A	A	identical_to_human	false	MSA/final_human_referenced_residue_agreement.tsv
gallus_gallus	IIIb	IIIb	IIIb	primary_claim_supported_with_minor_flags	false	main	21	D	D	identical_to_human	false	MSA/final_human_referenced_residue_agreement.tsv
gallus_gallus	IIIb	IIIb	IIIb	primary_claim_supported_with_minor_flags	false	main	22	A	A	identical_to_human	false	MSA/final_human_referenced_residue_agreement.tsv
gallus_gallus	IIIb	IIIb	IIIb	primary_claim_supported_with_minor_flags	false	main	23	G	G	identical_to_human	false	MSA/final_human_referenced_residue_agreement.tsv
gallus_gallus	IIIb	IIIb	IIIb	primary_claim_supported_with_minor_flags	false	main	24	E	E	identical_to_human	false	MSA/final_human_referenced_residue_agreement.tsv
gallus_gallus	IIIb	IIIb	IIIb	primary_claim_supported_with_minor_flags	false	main	25	Y	Y	identical_to_human	false	MSA/final_human_referenced_residue_agreement.tsv
gallus_gallus	IIIb	IIIb	IIIb	primary_claim_supported_with_minor_flags	false	main	26	I	I	identical_to_human	true	MSA/final_human_referenced_residue_agreement.tsv
gallus_gallus	IIIb	IIIb	IIIb	primary_claim_supported_with_minor_flags	false	main	27	C	C	identical_to_human	false	MSA/final_human_referenced_residue_agreement.tsv
gallus_gallus	IIIb	IIIb	IIIb	primary_claim_supported_with_minor_flags	false	main	28	K	K	identical_to_human	true	MSA/final_human_referenced_residue_agreement.tsv
gallus_gallus	IIIb	IIIb	IIIb	primary_claim_supported_with_minor_flags	false	main	29	V	V	identical_to_human	true	MSA/final_human_referenced_residue_agreement.tsv
gallus_gallus	IIIb	IIIb	IIIb	primary_claim_supported_with_minor_flags	false	main	30	S	S	identical_to_human	true	MSA/final_human_referenced_residue_agreement.tsv
gallus_gallus	IIIb	IIIb	IIIb	primary_claim_supported_with_minor_flags	false	main	31	N	N	identical_to_human	false	MSA/final_human_referenced_residue_agreement.tsv
gallus_gallus	IIIb	IIIb	IIIb	primary_claim_supported_with_minor_flags	false	main	32	Y	Y	identical_to_human	true	MSA/final_human_referenced_residue_agreement.tsv
gallus_gallus	IIIb	IIIb	IIIb	primary_claim_supported_with_minor_flags	false	main	33	I	I	identical_to_human	false	MSA/final_human_referenced_residue_agreement.tsv
gallus_gallus	IIIb	IIIb	IIIb	primary_claim_supported_with_minor_flags	false	main	34	G	G	identical_to_human	false	MSA/final_human_referenced_residue_agreement.tsv
gallus_gallus	IIIb	IIIb	IIIb	primary_claim_supported_with_minor_flags	false	main	35	Q	E	conservative_substitution	false	MSA/final_human_referenced_residue_agreement.tsv
gallus_gallus	IIIb	IIIb	IIIb	primary_claim_supported_with_minor_flags	false	main	36	A	A	identical_to_human	true	MSA/final_human_referenced_residue_agreement.tsv
gallus_gallus	IIIb	IIIb	IIIb	primary_claim_supported_with_minor_flags	false	main	37	N	N	identical_to_human	true	MSA/final_human_referenced_residue_agreement.tsv
gallus_gallus	IIIb	IIIb	IIIb	primary_claim_supported_with_minor_flags	false	main	38	Q	Q	identical_to_human	true	MSA/final_human_referenced_residue_agreement.tsv
gallus_gallus	IIIb	IIIb	IIIb	primary_claim_supported_with_minor_flags	false	main	39	S	S	identical_to_human	false	MSA/final_human_referenced_residue_agreement.tsv
gallus_gallus	IIIb	IIIb	IIIb	primary_claim_supported_with_minor_flags	false	main	40	A	A	identical_to_human	false	MSA/final_human_referenced_residue_agreement.tsv
gallus_gallus	IIIb	IIIb	IIIb	primary_claim_supported_with_minor_flags	false	main	41	W	W	identical_to_human	false	MSA/final_human_referenced_residue_agreement.tsv
gallus_gallus	IIIb	IIIb	IIIb	primary_claim_supported_with_minor_flags	false	main	42	L	L	identical_to_human	false	MSA/final_human_referenced_residue_agreement.tsv
gallus_gallus	IIIb	IIIb	IIIb	primary_claim_supported_with_minor_flags	false	main	43	T	S	conservative_substitution	false	MSA/final_human_referenced_residue_agreement.tsv
gallus_gallus	IIIb	IIIb	IIIb	primary_claim_supported_with_minor_flags	false	main	44	V	V	identical_to_human	false	MSA/final_human_referenced_residue_agreement.tsv
gallus_gallus	IIIb	IIIb	IIIb	primary_claim_supported_with_minor_flags	false	main	45	L	L	identical_to_human	false	MSA/final_human_referenced_residue_agreement.tsv
gallus_gallus	IIIb	IIIb	IIIb	primary_claim_supported_with_minor_flags	false	main	46	P	P	identical_to_human	false	MSA/final_human_referenced_residue_agreement.tsv
gallus_gallus	IIIc	IIIc	IIIc	primary_claim_supported_with_minor_flags	false	main	1	A	A	identical_to_human	true	MSA/final_human_referenced_residue_agreement.tsv
gallus_gallus	IIIc	IIIc	IIIc	primary_claim_supported_with_minor_flags	false	main	2	A	A	identical_to_human	true	MSA/final_human_referenced_residue_agreement.tsv
gallus_gallus	IIIc	IIIc	IIIc	primary_claim_supported_with_minor_flags	false	main	3	G	G	identical_to_human	false	MSA/final_human_referenced_residue_agreement.tsv
gallus_gallus	IIIc	IIIc	IIIc	primary_claim_supported_with_minor_flags	false	main	4	V	V	identical_to_human	true	MSA/final_human_referenced_residue_agreement.tsv
gallus_gallus	IIIc	IIIc	IIIc	primary_claim_supported_with_minor_flags	false	main	5	N	N	identical_to_human	false	MSA/final_human_referenced_residue_agreement.tsv
gallus_gallus	IIIc	IIIc	IIIc	primary_claim_supported_with_minor_flags	false	main	6	T	T	identical_to_human	true	MSA/final_human_referenced_residue_agreement.tsv
gallus_gallus	IIIc	IIIc	IIIc	primary_claim_supported_with_minor_flags	false	main	7	T	T	identical_to_human	true	MSA/final_human_referenced_residue_agreement.tsv
gallus_gallus	IIIc	IIIc	IIIc	primary_claim_supported_with_minor_flags	false	main	8	D	D	identical_to_human	true	MSA/final_human_referenced_residue_agreement.tsv
gallus_gallus	IIIc	IIIc	IIIc	primary_claim_supported_with_minor_flags	false	main	9	K	K	identical_to_human	true	MSA/final_human_referenced_residue_agreement.tsv
gallus_gallus	IIIc	IIIc	IIIc	primary_claim_supported_with_minor_flags	false	main	10	E	E	identical_to_human	true	MSA/final_human_referenced_residue_agreement.tsv
gallus_gallus	IIIc	IIIc	IIIc	primary_claim_supported_with_minor_flags	false	main	11	I	I	identical_to_human	false	MSA/final_human_referenced_residue_agreement.tsv
gallus_gallus	IIIc	IIIc	IIIc	primary_claim_supported_with_minor_flags	false	main	12	E	E	identical_to_human	false	MSA/final_human_referenced_residue_agreement.tsv
gallus_gallus	IIIc	IIIc	IIIc	primary_claim_supported_with_minor_flags	false	main	13	V	V	identical_to_human	false	MSA/final_human_referenced_residue_agreement.tsv
gallus_gallus	IIIc	IIIc	IIIc	primary_claim_supported_with_minor_flags	false	main	14	L	L	identical_to_human	true	MSA/final_human_referenced_residue_agreement.tsv
gallus_gallus	IIIc	IIIc	IIIc	primary_claim_supported_with_minor_flags	false	main	15	Y	Y	identical_to_human	false	MSA/final_human_referenced_residue_agreement.tsv
gallus_gallus	IIIc	IIIc	IIIc	primary_claim_supported_with_minor_flags	false	main	16	I	I	identical_to_human	false	MSA/final_human_referenced_residue_agreement.tsv
gallus_gallus	IIIc	IIIc	IIIc	primary_claim_supported_with_minor_flags	false	main	17	R	R	identical_to_human	false	MSA/final_human_referenced_residue_agreement.tsv
gallus_gallus	IIIc	IIIc	IIIc	primary_claim_supported_with_minor_flags	false	main	18	N	N	identical_to_human	false	MSA/final_human_referenced_residue_agreement.tsv
gallus_gallus	IIIc	IIIc	IIIc	primary_claim_supported_with_minor_flags	false	main	19	V	V	identical_to_human	true	MSA/final_human_referenced_residue_agreement.tsv
gallus_gallus	IIIc	IIIc	IIIc	primary_claim_supported_with_minor_flags	false	main	20	T	T	identical_to_human	false	MSA/final_human_referenced_residue_agreement.tsv
gallus_gallus	IIIc	IIIc	IIIc	primary_claim_supported_with_minor_flags	false	main	21	F	F	identical_to_human	false	MSA/final_human_referenced_residue_agreement.tsv
gallus_gallus	IIIc	IIIc	IIIc	primary_claim_supported_with_minor_flags	false	main	22	E	E	identical_to_human	false	MSA/final_human_referenced_residue_agreement.tsv
gallus_gallus	IIIc	IIIc	IIIc	primary_claim_supported_with_minor_flags	false	main	23	D	D	identical_to_human	false	MSA/final_human_referenced_residue_agreement.tsv
gallus_gallus	IIIc	IIIc	IIIc	primary_claim_supported_with_minor_flags	false	main	24	A	A	identical_to_human	false	MSA/final_human_referenced_residue_agreement.tsv
gallus_gallus	IIIc	IIIc	IIIc	primary_claim_supported_with_minor_flags	false	main	25	G	G	identical_to_human	false	MSA/final_human_referenced_residue_agreement.tsv
gallus_gallus	IIIc	IIIc	IIIc	primary_claim_supported_with_minor_flags	false	main	26	E	E	identical_to_human	true	MSA/final_human_referenced_residue_agreement.tsv
gallus_gallus	IIIc	IIIc	IIIc	primary_claim_supported_with_minor_flags	false	main	27	Y	Y	identical_to_human	false	MSA/final_human_referenced_residue_agreement.tsv
gallus_gallus	IIIc	IIIc	IIIc	primary_claim_supported_with_minor_flags	false	main	28	T	T	identical_to_human	true	MSA/final_human_referenced_residue_agreement.tsv
gallus_gallus	IIIc	IIIc	IIIc	primary_claim_supported_with_minor_flags	false	main	29	C	C	identical_to_human	true	MSA/final_human_referenced_residue_agreement.tsv
gallus_gallus	IIIc	IIIc	IIIc	primary_claim_supported_with_minor_flags	false	main	30	L	L	identical_to_human	true	MSA/final_human_referenced_residue_agreement.tsv
gallus_gallus	IIIc	IIIc	IIIc	primary_claim_supported_with_minor_flags	false	main	31	A	A	identical_to_human	false	MSA/final_human_referenced_residue_agreement.tsv
gallus_gallus	IIIc	IIIc	IIIc	primary_claim_supported_with_minor_flags	false	main	32	G	G	identical_to_human	true	MSA/final_human_referenced_residue_agreement.tsv
gallus_gallus	IIIc	IIIc	IIIc	primary_claim_supported_with_minor_flags	false	main	33	N	N	identical_to_human	false	MSA/final_human_referenced_residue_agreement.tsv
gallus_gallus	IIIc	IIIc	IIIc	primary_claim_supported_with_minor_flags	false	main	34	S	S	identical_to_human	false	MSA/final_human_referenced_residue_agreement.tsv
gallus_gallus	IIIc	IIIc	IIIc	primary_claim_supported_with_minor_flags	false	main	35	I	I	identical_to_human	false	MSA/final_human_referenced_residue_agreement.tsv
gallus_gallus	IIIc	IIIc	IIIc	primary_claim_supported_with_minor_flags	false	main	36	G	G	identical_to_human	true	MSA/final_human_referenced_residue_agreement.tsv
gallus_gallus	IIIc	IIIc	IIIc	primary_claim_supported_with_minor_flags	false	main	37	I	I	identical_to_human	true	MSA/final_human_referenced_residue_agreement.tsv
gallus_gallus	IIIc	IIIc	IIIc	primary_claim_supported_with_minor_flags	false	main	38	S	S	identical_to_human	true	MSA/final_human_referenced_residue_agreement.tsv
gallus_gallus	IIIc	IIIc	IIIc	primary_claim_supported_with_minor_flags	false	main	39	F	F	identical_to_human	false	MSA/final_human_referenced_residue_agreement.tsv
gallus_gallus	IIIc	IIIc	IIIc	primary_claim_supported_with_minor_flags	false	main	40	H	H	identical_to_human	false	MSA/final_human_referenced_residue_agreement.tsv
gallus_gallus	IIIc	IIIc	IIIc	primary_claim_supported_with_minor_flags	false	main	41	S	T	conservative_substitution	false	MSA/final_human_referenced_residue_agreement.tsv
gallus_gallus	IIIc	IIIc	IIIc	primary_claim_supported_with_minor_flags	false	main	42	A	A	identical_to_human	false	MSA/final_human_referenced_residue_agreement.tsv
gallus_gallus	IIIc	IIIc	IIIc	primary_claim_supported_with_minor_flags	false	main	43	W	W	identical_to_human	false	MSA/final_human_referenced_residue_agreement.tsv
gallus_gallus	IIIc	IIIc	IIIc	primary_claim_supported_with_minor_flags	false	main	44	L	L	identical_to_human	false	MSA/final_human_referenced_residue_agreement.tsv
gallus_gallus	IIIc	IIIc	IIIc	primary_claim_supported_with_minor_flags	false	main	45	T	T	identical_to_human	false	MSA/final_human_referenced_residue_agreement.tsv
gallus_gallus	IIIc	IIIc	IIIc	primary_claim_supported_with_minor_flags	false	main	46	V	V	identical_to_human	false	MSA/final_human_referenced_residue_agreement.tsv
gallus_gallus	IIIc	IIIc	IIIc	primary_claim_supported_with_minor_flags	false	main	47	L	L	identical_to_human	false	MSA/final_human_referenced_residue_agreement.tsv
gallus_gallus	IIIc	IIIc	IIIc	primary_claim_supported_with_minor_flags	false	main	48	P	P	identical_to_human	false	MSA/final_human_referenced_residue_agreement.tsv
meleagris_gallopavo	IIIb	IIIb	IIIb	primary_claim_supported_with_minor_flags	false	main	1	H	H	identical_to_human	true	MSA/final_human_referenced_residue_agreement.tsv
meleagris_gallopavo	IIIb	IIIb	IIIb	primary_claim_supported_with_minor_flags	false	main	2	S	S	identical_to_human	true	MSA/final_human_referenced_residue_agreement.tsv
meleagris_gallopavo	IIIb	IIIb	IIIb	primary_claim_supported_with_minor_flags	false	main	3	G	G	identical_to_human	false	MSA/final_human_referenced_residue_agreement.tsv
meleagris_gallopavo	IIIb	IIIb	IIIb	primary_claim_supported_with_minor_flags	false	main	4	I	I	identical_to_human	true	MSA/final_human_referenced_residue_agreement.tsv
meleagris_gallopavo	IIIb	IIIb	IIIb	primary_claim_supported_with_minor_flags	false	main	5	N	N	identical_to_human	false	MSA/final_human_referenced_residue_agreement.tsv
meleagris_gallopavo	IIIb	IIIb	IIIb	primary_claim_supported_with_minor_flags	false	main	6	S	S	identical_to_human	true	MSA/final_human_referenced_residue_agreement.tsv
meleagris_gallopavo	IIIb	IIIb	IIIb	primary_claim_supported_with_minor_flags	false	main	7	S	S	identical_to_human	true	MSA/final_human_referenced_residue_agreement.tsv
meleagris_gallopavo	IIIb	IIIb	IIIb	primary_claim_supported_with_minor_flags	false	main	8	N	N	identical_to_human	true	MSA/final_human_referenced_residue_agreement.tsv
meleagris_gallopavo	IIIb	IIIb	IIIb	primary_claim_supported_with_minor_flags	false	main	9	A	A	identical_to_human	true	MSA/final_human_referenced_residue_agreement.tsv
meleagris_gallopavo	IIIb	IIIb	IIIb	primary_claim_supported_with_minor_flags	false	main	10	E	E	identical_to_human	true	MSA/final_human_referenced_residue_agreement.tsv
meleagris_gallopavo	IIIb	IIIb	IIIb	primary_claim_supported_with_minor_flags	false	main	11	V	V	identical_to_human	false	MSA/final_human_referenced_residue_agreement.tsv
meleagris_gallopavo	IIIb	IIIb	IIIb	primary_claim_supported_with_minor_flags	false	main	12	L	L	identical_to_human	false	MSA/final_human_referenced_residue_agreement.tsv
meleagris_gallopavo	IIIb	IIIb	IIIb	primary_claim_supported_with_minor_flags	false	main	13	A	T	nonconservative_substitution	false	MSA/final_human_referenced_residue_agreement.tsv
meleagris_gallopavo	IIIb	IIIb	IIIb	primary_claim_supported_with_minor_flags	false	main	14	L	L	identical_to_human	true	MSA/final_human_referenced_residue_agreement.tsv
meleagris_gallopavo	IIIb	IIIb	IIIb	primary_claim_supported_with_minor_flags	false	main	15	F	Y	conservative_substitution	false	MSA/final_human_referenced_residue_agreement.tsv
meleagris_gallopavo	IIIb	IIIb	IIIb	primary_claim_supported_with_minor_flags	false	main	16	N	N	identical_to_human	false	MSA/final_human_referenced_residue_agreement.tsv
meleagris_gallopavo	IIIb	IIIb	IIIb	primary_claim_supported_with_minor_flags	false	main	17	V	V	identical_to_human	false	MSA/final_human_referenced_residue_agreement.tsv
meleagris_gallopavo	IIIb	IIIb	IIIb	primary_claim_supported_with_minor_flags	false	main	18	T	T	identical_to_human	false	MSA/final_human_referenced_residue_agreement.tsv
meleagris_gallopavo	IIIb	IIIb	IIIb	primary_claim_supported_with_minor_flags	false	main	19	E	E	identical_to_human	true	MSA/final_human_referenced_residue_agreement.tsv
meleagris_gallopavo	IIIb	IIIb	IIIb	primary_claim_supported_with_minor_flags	false	main	20	A	A	identical_to_human	false	MSA/final_human_referenced_residue_agreement.tsv
meleagris_gallopavo	IIIb	IIIb	IIIb	primary_claim_supported_with_minor_flags	false	main	21	D	D	identical_to_human	false	MSA/final_human_referenced_residue_agreement.tsv
meleagris_gallopavo	IIIb	IIIb	IIIb	primary_claim_supported_with_minor_flags	false	main	22	A	A	identical_to_human	false	MSA/final_human_referenced_residue_agreement.tsv
meleagris_gallopavo	IIIb	IIIb	IIIb	primary_claim_supported_with_minor_flags	false	main	23	G	G	identical_to_human	false	MSA/final_human_referenced_residue_agreement.tsv
meleagris_gallopavo	IIIb	IIIb	IIIb	primary_claim_supported_with_minor_flags	false	main	24	E	E	identical_to_human	false	MSA/final_human_referenced_residue_agreement.tsv
meleagris_gallopavo	IIIb	IIIb	IIIb	primary_claim_supported_with_minor_flags	false	main	25	Y	Y	identical_to_human	false	MSA/final_human_referenced_residue_agreement.tsv
meleagris_gallopavo	IIIb	IIIb	IIIb	primary_claim_supported_with_minor_flags	false	main	26	I	I	identical_to_human	true	MSA/final_human_referenced_residue_agreement.tsv
meleagris_gallopavo	IIIb	IIIb	IIIb	primary_claim_supported_with_minor_flags	false	main	27	C	C	identical_to_human	false	MSA/final_human_referenced_residue_agreement.tsv
meleagris_gallopavo	IIIb	IIIb	IIIb	primary_claim_supported_with_minor_flags	false	main	28	K	K	identical_to_human	true	MSA/final_human_referenced_residue_agreement.tsv
meleagris_gallopavo	IIIb	IIIb	IIIb	primary_claim_supported_with_minor_flags	false	main	29	V	V	identical_to_human	true	MSA/final_human_referenced_residue_agreement.tsv
meleagris_gallopavo	IIIb	IIIb	IIIb	primary_claim_supported_with_minor_flags	false	main	30	S	S	identical_to_human	true	MSA/final_human_referenced_residue_agreement.tsv
meleagris_gallopavo	IIIb	IIIb	IIIb	primary_claim_supported_with_minor_flags	false	main	31	N	N	identical_to_human	false	MSA/final_human_referenced_residue_agreement.tsv
meleagris_gallopavo	IIIb	IIIb	IIIb	primary_claim_supported_with_minor_flags	false	main	32	Y	Y	identical_to_human	true	MSA/final_human_referenced_residue_agreement.tsv
meleagris_gallopavo	IIIb	IIIb	IIIb	primary_claim_supported_with_minor_flags	false	main	33	I	I	identical_to_human	false	MSA/final_human_referenced_residue_agreement.tsv
meleagris_gallopavo	IIIb	IIIb	IIIb	primary_claim_supported_with_minor_flags	false	main	34	G	G	identical_to_human	false	MSA/final_human_referenced_residue_agreement.tsv
meleagris_gallopavo	IIIb	IIIb	IIIb	primary_claim_supported_with_minor_flags	false	main	35	Q	E	conservative_substitution	false	MSA/final_human_referenced_residue_agreement.tsv
meleagris_gallopavo	IIIb	IIIb	IIIb	primary_claim_supported_with_minor_flags	false	main	36	A	A	identical_to_human	true	MSA/final_human_referenced_residue_agreement.tsv
meleagris_gallopavo	IIIb	IIIb	IIIb	primary_claim_supported_with_minor_flags	false	main	37	N	N	identical_to_human	true	MSA/final_human_referenced_residue_agreement.tsv
meleagris_gallopavo	IIIb	IIIb	IIIb	primary_claim_supported_with_minor_flags	false	main	38	Q	Q	identical_to_human	true	MSA/final_human_referenced_residue_agreement.tsv
meleagris_gallopavo	IIIb	IIIb	IIIb	primary_claim_supported_with_minor_flags	false	main	39	S	S	identical_to_human	false	MSA/final_human_referenced_residue_agreement.tsv
meleagris_gallopavo	IIIb	IIIb	IIIb	primary_claim_supported_with_minor_flags	false	main	40	A	A	identical_to_human	false	MSA/final_human_referenced_residue_agreement.tsv
meleagris_gallopavo	IIIb	IIIb	IIIb	primary_claim_supported_with_minor_flags	false	main	41	W	W	identical_to_human	false	MSA/final_human_referenced_residue_agreement.tsv
meleagris_gallopavo	IIIb	IIIb	IIIb	primary_claim_supported_with_minor_flags	false	main	42	L	L	identical_to_human	false	MSA/final_human_referenced_residue_agreement.tsv
meleagris_gallopavo	IIIb	IIIb	IIIb	primary_claim_supported_with_minor_flags	false	main	43	T	S	conservative_substitution	false	MSA/final_human_referenced_residue_agreement.tsv
meleagris_gallopavo	IIIb	IIIb	IIIb	primary_claim_supported_with_minor_flags	false	main	44	V	V	identical_to_human	false	MSA/final_human_referenced_residue_agreement.tsv
meleagris_gallopavo	IIIb	IIIb	IIIb	primary_claim_supported_with_minor_flags	false	main	45	L	L	identical_to_human	false	MSA/final_human_referenced_residue_agreement.tsv
meleagris_gallopavo	IIIb	IIIb	IIIb	primary_claim_supported_with_minor_flags	false	main	46	P	P	identical_to_human	false	MSA/final_human_referenced_residue_agreement.tsv
meleagris_gallopavo	IIIc	IIIc	IIIc	primary_claim_supported_with_minor_flags	false	main	1	A	A	identical_to_human	true	MSA/final_human_referenced_residue_agreement.tsv
meleagris_gallopavo	IIIc	IIIc	IIIc	primary_claim_supported_with_minor_flags	false	main	2	A	A	identical_to_human	true	MSA/final_human_referenced_residue_agreement.tsv
meleagris_gallopavo	IIIc	IIIc	IIIc	primary_claim_supported_with_minor_flags	false	main	3	G	G	identical_to_human	false	MSA/final_human_referenced_residue_agreement.tsv
meleagris_gallopavo	IIIc	IIIc	IIIc	primary_claim_supported_with_minor_flags	false	main	4	V	V	identical_to_human	true	MSA/final_human_referenced_residue_agreement.tsv
meleagris_gallopavo	IIIc	IIIc	IIIc	primary_claim_supported_with_minor_flags	false	main	5	N	N	identical_to_human	false	MSA/final_human_referenced_residue_agreement.tsv
meleagris_gallopavo	IIIc	IIIc	IIIc	primary_claim_supported_with_minor_flags	false	main	6	T	T	identical_to_human	true	MSA/final_human_referenced_residue_agreement.tsv
meleagris_gallopavo	IIIc	IIIc	IIIc	primary_claim_supported_with_minor_flags	false	main	7	T	T	identical_to_human	true	MSA/final_human_referenced_residue_agreement.tsv
meleagris_gallopavo	IIIc	IIIc	IIIc	primary_claim_supported_with_minor_flags	false	main	8	D	D	identical_to_human	true	MSA/final_human_referenced_residue_agreement.tsv
meleagris_gallopavo	IIIc	IIIc	IIIc	primary_claim_supported_with_minor_flags	false	main	9	K	K	identical_to_human	true	MSA/final_human_referenced_residue_agreement.tsv
meleagris_gallopavo	IIIc	IIIc	IIIc	primary_claim_supported_with_minor_flags	false	main	10	E	E	identical_to_human	true	MSA/final_human_referenced_residue_agreement.tsv
meleagris_gallopavo	IIIc	IIIc	IIIc	primary_claim_supported_with_minor_flags	false	main	11	I	I	identical_to_human	false	MSA/final_human_referenced_residue_agreement.tsv
meleagris_gallopavo	IIIc	IIIc	IIIc	primary_claim_supported_with_minor_flags	false	main	12	E	E	identical_to_human	false	MSA/final_human_referenced_residue_agreement.tsv
meleagris_gallopavo	IIIc	IIIc	IIIc	primary_claim_supported_with_minor_flags	false	main	13	V	V	identical_to_human	false	MSA/final_human_referenced_residue_agreement.tsv
meleagris_gallopavo	IIIc	IIIc	IIIc	primary_claim_supported_with_minor_flags	false	main	14	L	L	identical_to_human	true	MSA/final_human_referenced_residue_agreement.tsv
meleagris_gallopavo	IIIc	IIIc	IIIc	primary_claim_supported_with_minor_flags	false	main	15	Y	Y	identical_to_human	false	MSA/final_human_referenced_residue_agreement.tsv
meleagris_gallopavo	IIIc	IIIc	IIIc	primary_claim_supported_with_minor_flags	false	main	16	I	I	identical_to_human	false	MSA/final_human_referenced_residue_agreement.tsv
meleagris_gallopavo	IIIc	IIIc	IIIc	primary_claim_supported_with_minor_flags	false	main	17	R	R	identical_to_human	false	MSA/final_human_referenced_residue_agreement.tsv
meleagris_gallopavo	IIIc	IIIc	IIIc	primary_claim_supported_with_minor_flags	false	main	18	N	N	identical_to_human	false	MSA/final_human_referenced_residue_agreement.tsv
meleagris_gallopavo	IIIc	IIIc	IIIc	primary_claim_supported_with_minor_flags	false	main	19	V	V	identical_to_human	true	MSA/final_human_referenced_residue_agreement.tsv
meleagris_gallopavo	IIIc	IIIc	IIIc	primary_claim_supported_with_minor_flags	false	main	20	T	T	identical_to_human	false	MSA/final_human_referenced_residue_agreement.tsv
meleagris_gallopavo	IIIc	IIIc	IIIc	primary_claim_supported_with_minor_flags	false	main	21	F	F	identical_to_human	false	MSA/final_human_referenced_residue_agreement.tsv
meleagris_gallopavo	IIIc	IIIc	IIIc	primary_claim_supported_with_minor_flags	false	main	22	E	E	identical_to_human	false	MSA/final_human_referenced_residue_agreement.tsv
meleagris_gallopavo	IIIc	IIIc	IIIc	primary_claim_supported_with_minor_flags	false	main	23	D	D	identical_to_human	false	MSA/final_human_referenced_residue_agreement.tsv
meleagris_gallopavo	IIIc	IIIc	IIIc	primary_claim_supported_with_minor_flags	false	main	24	A	A	identical_to_human	false	MSA/final_human_referenced_residue_agreement.tsv
meleagris_gallopavo	IIIc	IIIc	IIIc	primary_claim_supported_with_minor_flags	false	main	25	G	G	identical_to_human	false	MSA/final_human_referenced_residue_agreement.tsv
meleagris_gallopavo	IIIc	IIIc	IIIc	primary_claim_supported_with_minor_flags	false	main	26	E	E	identical_to_human	true	MSA/final_human_referenced_residue_agreement.tsv
meleagris_gallopavo	IIIc	IIIc	IIIc	primary_claim_supported_with_minor_flags	false	main	27	Y	Y	identical_to_human	false	MSA/final_human_referenced_residue_agreement.tsv
meleagris_gallopavo	IIIc	IIIc	IIIc	primary_claim_supported_with_minor_flags	false	main	28	T	T	identical_to_human	true	MSA/final_human_referenced_residue_agreement.tsv
meleagris_gallopavo	IIIc	IIIc	IIIc	primary_claim_supported_with_minor_flags	false	main	29	C	C	identical_to_human	true	MSA/final_human_referenced_residue_agreement.tsv
meleagris_gallopavo	IIIc	IIIc	IIIc	primary_claim_supported_with_minor_flags	false	main	30	L	L	identical_to_human	true	MSA/final_human_referenced_residue_agreement.tsv
meleagris_gallopavo	IIIc	IIIc	IIIc	primary_claim_supported_with_minor_flags	false	main	31	A	A	identical_to_human	false	MSA/final_human_referenced_residue_agreement.tsv
meleagris_gallopavo	IIIc	IIIc	IIIc	primary_claim_supported_with_minor_flags	false	main	32	G	G	identical_to_human	true	MSA/final_human_referenced_residue_agreement.tsv
meleagris_gallopavo	IIIc	IIIc	IIIc	primary_claim_supported_with_minor_flags	false	main	33	N	N	identical_to_human	false	MSA/final_human_referenced_residue_agreement.tsv
meleagris_gallopavo	IIIc	IIIc	IIIc	primary_claim_supported_with_minor_flags	false	main	34	S	S	identical_to_human	false	MSA/final_human_referenced_residue_agreement.tsv
meleagris_gallopavo	IIIc	IIIc	IIIc	primary_claim_supported_with_minor_flags	false	main	35	I	I	identical_to_human	false	MSA/final_human_referenced_residue_agreement.tsv
meleagris_gallopavo	IIIc	IIIc	IIIc	primary_claim_supported_with_minor_flags	false	main	36	G	G	identical_to_human	true	MSA/final_human_referenced_residue_agreement.tsv
meleagris_gallopavo	IIIc	IIIc	IIIc	primary_claim_supported_with_minor_flags	false	main	37	I	I	identical_to_human	true	MSA/final_human_referenced_residue_agreement.tsv
meleagris_gallopavo	IIIc	IIIc	IIIc	primary_claim_supported_with_minor_flags	false	main	38	S	S	identical_to_human	true	MSA/final_human_referenced_residue_agreement.tsv
meleagris_gallopavo	IIIc	IIIc	IIIc	primary_claim_supported_with_minor_flags	false	main	39	F	F	identical_to_human	false	MSA/final_human_referenced_residue_agreement.tsv
meleagris_gallopavo	IIIc	IIIc	IIIc	primary_claim_supported_with_minor_flags	false	main	40	H	H	identical_to_human	false	MSA/final_human_referenced_residue_agreement.tsv
meleagris_gallopavo	IIIc	IIIc	IIIc	primary_claim_supported_with_minor_flags	false	main	41	S	T	conservative_substitution	false	MSA/final_human_referenced_residue_agreement.tsv
meleagris_gallopavo	IIIc	IIIc	IIIc	primary_claim_supported_with_minor_flags	false	main	42	A	A	identical_to_human	false	MSA/final_human_referenced_residue_agreement.tsv
meleagris_gallopavo	IIIc	IIIc	IIIc	primary_claim_supported_with_minor_flags	false	main	43	W	W	identical_to_human	false	MSA/final_human_referenced_residue_agreement.tsv
meleagris_gallopavo	IIIc	IIIc	IIIc	primary_claim_supported_with_minor_flags	false	main	44	L	L	identical_to_human	false	MSA/final_human_referenced_residue_agreement.tsv
meleagris_gallopavo	IIIc	IIIc	IIIc	primary_claim_supported_with_minor_flags	false	main	45	T	T	identical_to_human	false	MSA/final_human_referenced_residue_agreement.tsv
meleagris_gallopavo	IIIc	IIIc	IIIc	primary_claim_supported_with_minor_flags	false	main	46	V	V	identical_to_human	false	MSA/final_human_referenced_residue_agreement.tsv
meleagris_gallopavo	IIIc	IIIc	IIIc	primary_claim_supported_with_minor_flags	false	main	47	L	L	identical_to_human	false	MSA/final_human_referenced_residue_agreement.tsv
meleagris_gallopavo	IIIc	IIIc	IIIc	primary_claim_supported_with_minor_flags	false	main	48	P	P	identical_to_human	false	MSA/final_human_referenced_residue_agreement.tsv
taeniopygia_guttata	IIIb	IIIb	IIIb	primary_claim_supported_with_minor_flags	false	main	1	H	H	identical_to_human	true	MSA/final_human_referenced_residue_agreement.tsv
taeniopygia_guttata	IIIb	IIIb	IIIb	primary_claim_supported_with_minor_flags	false	main	2	S	S	identical_to_human	true	MSA/final_human_referenced_residue_agreement.tsv
taeniopygia_guttata	IIIb	IIIb	IIIb	primary_claim_supported_with_minor_flags	false	main	3	G	G	identical_to_human	false	MSA/final_human_referenced_residue_agreement.tsv
taeniopygia_guttata	IIIb	IIIb	IIIb	primary_claim_supported_with_minor_flags	false	main	4	I	I	identical_to_human	true	MSA/final_human_referenced_residue_agreement.tsv
taeniopygia_guttata	IIIb	IIIb	IIIb	primary_claim_supported_with_minor_flags	false	main	5	N	N	identical_to_human	false	MSA/final_human_referenced_residue_agreement.tsv
taeniopygia_guttata	IIIb	IIIb	IIIb	primary_claim_supported_with_minor_flags	false	main	6	S	S	identical_to_human	true	MSA/final_human_referenced_residue_agreement.tsv
taeniopygia_guttata	IIIb	IIIb	IIIb	primary_claim_supported_with_minor_flags	false	main	7	S	S	identical_to_human	true	MSA/final_human_referenced_residue_agreement.tsv
taeniopygia_guttata	IIIb	IIIb	IIIb	primary_claim_supported_with_minor_flags	false	main	8	N	N	identical_to_human	true	MSA/final_human_referenced_residue_agreement.tsv
taeniopygia_guttata	IIIb	IIIb	IIIb	primary_claim_supported_with_minor_flags	false	main	9	A	A	identical_to_human	true	MSA/final_human_referenced_residue_agreement.tsv
taeniopygia_guttata	IIIb	IIIb	IIIb	primary_claim_supported_with_minor_flags	false	main	10	E	E	identical_to_human	true	MSA/final_human_referenced_residue_agreement.tsv
taeniopygia_guttata	IIIb	IIIb	IIIb	primary_claim_supported_with_minor_flags	false	main	11	V	V	identical_to_human	false	MSA/final_human_referenced_residue_agreement.tsv
taeniopygia_guttata	IIIb	IIIb	IIIb	primary_claim_supported_with_minor_flags	false	main	12	L	L	identical_to_human	false	MSA/final_human_referenced_residue_agreement.tsv
taeniopygia_guttata	IIIb	IIIb	IIIb	primary_claim_supported_with_minor_flags	false	main	13	A	T	nonconservative_substitution	false	MSA/final_human_referenced_residue_agreement.tsv
taeniopygia_guttata	IIIb	IIIb	IIIb	primary_claim_supported_with_minor_flags	false	main	14	L	L	identical_to_human	true	MSA/final_human_referenced_residue_agreement.tsv
taeniopygia_guttata	IIIb	IIIb	IIIb	primary_claim_supported_with_minor_flags	false	main	15	F	Y	conservative_substitution	false	MSA/final_human_referenced_residue_agreement.tsv
taeniopygia_guttata	IIIb	IIIb	IIIb	primary_claim_supported_with_minor_flags	false	main	16	N	N	identical_to_human	false	MSA/final_human_referenced_residue_agreement.tsv
taeniopygia_guttata	IIIb	IIIb	IIIb	primary_claim_supported_with_minor_flags	false	main	17	V	V	identical_to_human	false	MSA/final_human_referenced_residue_agreement.tsv
taeniopygia_guttata	IIIb	IIIb	IIIb	primary_claim_supported_with_minor_flags	false	main	18	T	T	identical_to_human	false	MSA/final_human_referenced_residue_agreement.tsv
taeniopygia_guttata	IIIb	IIIb	IIIb	primary_claim_supported_with_minor_flags	false	main	19	E	E	identical_to_human	true	MSA/final_human_referenced_residue_agreement.tsv
taeniopygia_guttata	IIIb	IIIb	IIIb	primary_claim_supported_with_minor_flags	false	main	20	A	A	identical_to_human	false	MSA/final_human_referenced_residue_agreement.tsv
taeniopygia_guttata	IIIb	IIIb	IIIb	primary_claim_supported_with_minor_flags	false	main	21	D	D	identical_to_human	false	MSA/final_human_referenced_residue_agreement.tsv
taeniopygia_guttata	IIIb	IIIb	IIIb	primary_claim_supported_with_minor_flags	false	main	22	A	A	identical_to_human	false	MSA/final_human_referenced_residue_agreement.tsv
taeniopygia_guttata	IIIb	IIIb	IIIb	primary_claim_supported_with_minor_flags	false	main	23	G	G	identical_to_human	false	MSA/final_human_referenced_residue_agreement.tsv
taeniopygia_guttata	IIIb	IIIb	IIIb	primary_claim_supported_with_minor_flags	false	main	24	E	E	identical_to_human	false	MSA/final_human_referenced_residue_agreement.tsv
taeniopygia_guttata	IIIb	IIIb	IIIb	primary_claim_supported_with_minor_flags	false	main	25	Y	Y	identical_to_human	false	MSA/final_human_referenced_residue_agreement.tsv
taeniopygia_guttata	IIIb	IIIb	IIIb	primary_claim_supported_with_minor_flags	false	main	26	I	I	identical_to_human	true	MSA/final_human_referenced_residue_agreement.tsv
taeniopygia_guttata	IIIb	IIIb	IIIb	primary_claim_supported_with_minor_flags	false	main	27	C	C	identical_to_human	false	MSA/final_human_referenced_residue_agreement.tsv
taeniopygia_guttata	IIIb	IIIb	IIIb	primary_claim_supported_with_minor_flags	false	main	28	K	K	identical_to_human	true	MSA/final_human_referenced_residue_agreement.tsv
taeniopygia_guttata	IIIb	IIIb	IIIb	primary_claim_supported_with_minor_flags	false	main	29	V	V	identical_to_human	true	MSA/final_human_referenced_residue_agreement.tsv
taeniopygia_guttata	IIIb	IIIb	IIIb	primary_claim_supported_with_minor_flags	false	main	30	S	S	identical_to_human	true	MSA/final_human_referenced_residue_agreement.tsv
taeniopygia_guttata	IIIb	IIIb	IIIb	primary_claim_supported_with_minor_flags	false	main	31	N	N	identical_to_human	false	MSA/final_human_referenced_residue_agreement.tsv
taeniopygia_guttata	IIIb	IIIb	IIIb	primary_claim_supported_with_minor_flags	false	main	32	Y	Y	identical_to_human	true	MSA/final_human_referenced_residue_agreement.tsv
taeniopygia_guttata	IIIb	IIIb	IIIb	primary_claim_supported_with_minor_flags	false	main	33	I	I	identical_to_human	false	MSA/final_human_referenced_residue_agreement.tsv
taeniopygia_guttata	IIIb	IIIb	IIIb	primary_claim_supported_with_minor_flags	false	main	34	G	G	identical_to_human	false	MSA/final_human_referenced_residue_agreement.tsv
taeniopygia_guttata	IIIb	IIIb	IIIb	primary_claim_supported_with_minor_flags	false	main	35	Q	E	conservative_substitution	false	MSA/final_human_referenced_residue_agreement.tsv
taeniopygia_guttata	IIIb	IIIb	IIIb	primary_claim_supported_with_minor_flags	false	main	36	A	A	identical_to_human	true	MSA/final_human_referenced_residue_agreement.tsv
taeniopygia_guttata	IIIb	IIIb	IIIb	primary_claim_supported_with_minor_flags	false	main	37	N	N	identical_to_human	true	MSA/final_human_referenced_residue_agreement.tsv
taeniopygia_guttata	IIIb	IIIb	IIIb	primary_claim_supported_with_minor_flags	false	main	38	Q	Q	identical_to_human	true	MSA/final_human_referenced_residue_agreement.tsv
taeniopygia_guttata	IIIb	IIIb	IIIb	primary_claim_supported_with_minor_flags	false	main	39	S	S	identical_to_human	false	MSA/final_human_referenced_residue_agreement.tsv
taeniopygia_guttata	IIIb	IIIb	IIIb	primary_claim_supported_with_minor_flags	false	main	40	A	A	identical_to_human	false	MSA/final_human_referenced_residue_agreement.tsv
taeniopygia_guttata	IIIb	IIIb	IIIb	primary_claim_supported_with_minor_flags	false	main	41	W	W	identical_to_human	false	MSA/final_human_referenced_residue_agreement.tsv
taeniopygia_guttata	IIIb	IIIb	IIIb	primary_claim_supported_with_minor_flags	false	main	42	L	L	identical_to_human	false	MSA/final_human_referenced_residue_agreement.tsv
taeniopygia_guttata	IIIb	IIIb	IIIb	primary_claim_supported_with_minor_flags	false	main	43	T	S	conservative_substitution	false	MSA/final_human_referenced_residue_agreement.tsv
taeniopygia_guttata	IIIb	IIIb	IIIb	primary_claim_supported_with_minor_flags	false	main	44	V	V	identical_to_human	false	MSA/final_human_referenced_residue_agreement.tsv
taeniopygia_guttata	IIIb	IIIb	IIIb	primary_claim_supported_with_minor_flags	false	main	45	L	L	identical_to_human	false	MSA/final_human_referenced_residue_agreement.tsv
taeniopygia_guttata	IIIb	IIIb	IIIb	primary_claim_supported_with_minor_flags	false	main	46	P	P	identical_to_human	false	MSA/final_human_referenced_residue_agreement.tsv
taeniopygia_guttata	IIIc	IIIc	IIIc	primary_claim_supported_with_minor_flags	false	main	1	A	A	identical_to_human	true	MSA/final_human_referenced_residue_agreement.tsv
taeniopygia_guttata	IIIc	IIIc	IIIc	primary_claim_supported_with_minor_flags	false	main	2	A	A	identical_to_human	true	MSA/final_human_referenced_residue_agreement.tsv
taeniopygia_guttata	IIIc	IIIc	IIIc	primary_claim_supported_with_minor_flags	false	main	3	G	G	identical_to_human	false	MSA/final_human_referenced_residue_agreement.tsv
taeniopygia_guttata	IIIc	IIIc	IIIc	primary_claim_supported_with_minor_flags	false	main	4	V	V	identical_to_human	true	MSA/final_human_referenced_residue_agreement.tsv
taeniopygia_guttata	IIIc	IIIc	IIIc	primary_claim_supported_with_minor_flags	false	main	5	N	N	identical_to_human	false	MSA/final_human_referenced_residue_agreement.tsv
taeniopygia_guttata	IIIc	IIIc	IIIc	primary_claim_supported_with_minor_flags	false	main	6	T	T	identical_to_human	true	MSA/final_human_referenced_residue_agreement.tsv
taeniopygia_guttata	IIIc	IIIc	IIIc	primary_claim_supported_with_minor_flags	false	main	7	T	T	identical_to_human	true	MSA/final_human_referenced_residue_agreement.tsv
taeniopygia_guttata	IIIc	IIIc	IIIc	primary_claim_supported_with_minor_flags	false	main	8	D	D	identical_to_human	true	MSA/final_human_referenced_residue_agreement.tsv
taeniopygia_guttata	IIIc	IIIc	IIIc	primary_claim_supported_with_minor_flags	false	main	9	K	K	identical_to_human	true	MSA/final_human_referenced_residue_agreement.tsv
taeniopygia_guttata	IIIc	IIIc	IIIc	primary_claim_supported_with_minor_flags	false	main	10	E	E	identical_to_human	true	MSA/final_human_referenced_residue_agreement.tsv
taeniopygia_guttata	IIIc	IIIc	IIIc	primary_claim_supported_with_minor_flags	false	main	11	I	I	identical_to_human	false	MSA/final_human_referenced_residue_agreement.tsv
taeniopygia_guttata	IIIc	IIIc	IIIc	primary_claim_supported_with_minor_flags	false	main	12	E	E	identical_to_human	false	MSA/final_human_referenced_residue_agreement.tsv
taeniopygia_guttata	IIIc	IIIc	IIIc	primary_claim_supported_with_minor_flags	false	main	13	V	V	identical_to_human	false	MSA/final_human_referenced_residue_agreement.tsv
taeniopygia_guttata	IIIc	IIIc	IIIc	primary_claim_supported_with_minor_flags	false	main	14	L	L	identical_to_human	true	MSA/final_human_referenced_residue_agreement.tsv
taeniopygia_guttata	IIIc	IIIc	IIIc	primary_claim_supported_with_minor_flags	false	main	15	Y	Y	identical_to_human	false	MSA/final_human_referenced_residue_agreement.tsv
taeniopygia_guttata	IIIc	IIIc	IIIc	primary_claim_supported_with_minor_flags	false	main	16	I	I	identical_to_human	false	MSA/final_human_referenced_residue_agreement.tsv
taeniopygia_guttata	IIIc	IIIc	IIIc	primary_claim_supported_with_minor_flags	false	main	17	R	R	identical_to_human	false	MSA/final_human_referenced_residue_agreement.tsv
taeniopygia_guttata	IIIc	IIIc	IIIc	primary_claim_supported_with_minor_flags	false	main	18	N	N	identical_to_human	false	MSA/final_human_referenced_residue_agreement.tsv
taeniopygia_guttata	IIIc	IIIc	IIIc	primary_claim_supported_with_minor_flags	false	main	19	V	V	identical_to_human	true	MSA/final_human_referenced_residue_agreement.tsv
taeniopygia_guttata	IIIc	IIIc	IIIc	primary_claim_supported_with_minor_flags	false	main	20	T	T	identical_to_human	false	MSA/final_human_referenced_residue_agreement.tsv
taeniopygia_guttata	IIIc	IIIc	IIIc	primary_claim_supported_with_minor_flags	false	main	21	F	F	identical_to_human	false	MSA/final_human_referenced_residue_agreement.tsv
taeniopygia_guttata	IIIc	IIIc	IIIc	primary_claim_supported_with_minor_flags	false	main	22	E	E	identical_to_human	false	MSA/final_human_referenced_residue_agreement.tsv
taeniopygia_guttata	IIIc	IIIc	IIIc	primary_claim_supported_with_minor_flags	false	main	23	D	D	identical_to_human	false	MSA/final_human_referenced_residue_agreement.tsv
taeniopygia_guttata	IIIc	IIIc	IIIc	primary_claim_supported_with_minor_flags	false	main	24	A	A	identical_to_human	false	MSA/final_human_referenced_residue_agreement.tsv
taeniopygia_guttata	IIIc	IIIc	IIIc	primary_claim_supported_with_minor_flags	false	main	25	G	G	identical_to_human	false	MSA/final_human_referenced_residue_agreement.tsv
taeniopygia_guttata	IIIc	IIIc	IIIc	primary_claim_supported_with_minor_flags	false	main	26	E	E	identical_to_human	true	MSA/final_human_referenced_residue_agreement.tsv
taeniopygia_guttata	IIIc	IIIc	IIIc	primary_claim_supported_with_minor_flags	false	main	27	Y	Y	identical_to_human	false	MSA/final_human_referenced_residue_agreement.tsv
taeniopygia_guttata	IIIc	IIIc	IIIc	primary_claim_supported_with_minor_flags	false	main	28	T	T	identical_to_human	true	MSA/final_human_referenced_residue_agreement.tsv
taeniopygia_guttata	IIIc	IIIc	IIIc	primary_claim_supported_with_minor_flags	false	main	29	C	C	identical_to_human	true	MSA/final_human_referenced_residue_agreement.tsv
taeniopygia_guttata	IIIc	IIIc	IIIc	primary_claim_supported_with_minor_flags	false	main	30	L	L	identical_to_human	true	MSA/final_human_referenced_residue_agreement.tsv
taeniopygia_guttata	IIIc	IIIc	IIIc	primary_claim_supported_with_minor_flags	false	main	31	A	A	identical_to_human	false	MSA/final_human_referenced_residue_agreement.tsv
taeniopygia_guttata	IIIc	IIIc	IIIc	primary_claim_supported_with_minor_flags	false	main	32	G	G	identical_to_human	true	MSA/final_human_referenced_residue_agreement.tsv
taeniopygia_guttata	IIIc	IIIc	IIIc	primary_claim_supported_with_minor_flags	false	main	33	N	N	identical_to_human	false	MSA/final_human_referenced_residue_agreement.tsv
taeniopygia_guttata	IIIc	IIIc	IIIc	primary_claim_supported_with_minor_flags	false	main	34	S	S	identical_to_human	false	MSA/final_human_referenced_residue_agreement.tsv
taeniopygia_guttata	IIIc	IIIc	IIIc	primary_claim_supported_with_minor_flags	false	main	35	I	I	identical_to_human	false	MSA/final_human_referenced_residue_agreement.tsv
taeniopygia_guttata	IIIc	IIIc	IIIc	primary_claim_supported_with_minor_flags	false	main	36	G	G	identical_to_human	true	MSA/final_human_referenced_residue_agreement.tsv
taeniopygia_guttata	IIIc	IIIc	IIIc	primary_claim_supported_with_minor_flags	false	main	37	I	I	identical_to_human	true	MSA/final_human_referenced_residue_agreement.tsv
taeniopygia_guttata	IIIc	IIIc	IIIc	primary_claim_supported_with_minor_flags	false	main	38	S	S	identical_to_human	true	MSA/final_human_referenced_residue_agreement.tsv
taeniopygia_guttata	IIIc	IIIc	IIIc	primary_claim_supported_with_minor_flags	false	main	39	F	F	identical_to_human	false	MSA/final_human_referenced_residue_agreement.tsv
taeniopygia_guttata	IIIc	IIIc	IIIc	primary_claim_supported_with_minor_flags	false	main	40	H	H	identical_to_human	false	MSA/final_human_referenced_residue_agreement.tsv
taeniopygia_guttata	IIIc	IIIc	IIIc	primary_claim_supported_with_minor_flags	false	main	41	S	T	conservative_substitution	false	MSA/final_human_referenced_residue_agreement.tsv
taeniopygia_guttata	IIIc	IIIc	IIIc	primary_claim_supported_with_minor_flags	false	main	42	A	A	identical_to_human	false	MSA/final_human_referenced_residue_agreement.tsv
taeniopygia_guttata	IIIc	IIIc	IIIc	primary_claim_supported_with_minor_flags	false	main	43	W	W	identical_to_human	false	MSA/final_human_referenced_residue_agreement.tsv
taeniopygia_guttata	IIIc	IIIc	IIIc	primary_claim_supported_with_minor_flags	false	main	44	L	L	identical_to_human	false	MSA/final_human_referenced_residue_agreement.tsv
taeniopygia_guttata	IIIc	IIIc	IIIc	primary_claim_supported_with_minor_flags	false	main	45	T	T	identical_to_human	false	MSA/final_human_referenced_residue_agreement.tsv
taeniopygia_guttata	IIIc	IIIc	IIIc	primary_claim_supported_with_minor_flags	false	main	46	V	V	identical_to_human	false	MSA/final_human_referenced_residue_agreement.tsv
taeniopygia_guttata	IIIc	IIIc	IIIc	primary_claim_supported_with_minor_flags	false	main	47	L	L	identical_to_human	false	MSA/final_human_referenced_residue_agreement.tsv
taeniopygia_guttata	IIIc	IIIc	IIIc	primary_claim_supported_with_minor_flags	false	main	48	P	P	identical_to_human	false	MSA/final_human_referenced_residue_agreement.tsv
alligator_mississippiensis	IIIb	IIIb	IIIb	primary_claim_supported_with_minor_flags	false	main	1	H		gap_or_missing	true	MSA/final_human_referenced_residue_agreement.tsv
alligator_mississippiensis	IIIb	IIIb	IIIb	primary_claim_supported_with_minor_flags	false	main	2	S	S	identical_to_human	true	MSA/final_human_referenced_residue_agreement.tsv
alligator_mississippiensis	IIIb	IIIb	IIIb	primary_claim_supported_with_minor_flags	false	main	3	G	G	identical_to_human	false	MSA/final_human_referenced_residue_agreement.tsv
alligator_mississippiensis	IIIb	IIIb	IIIb	primary_claim_supported_with_minor_flags	false	main	4	I	I	identical_to_human	true	MSA/final_human_referenced_residue_agreement.tsv
alligator_mississippiensis	IIIb	IIIb	IIIb	primary_claim_supported_with_minor_flags	false	main	5	N	N	identical_to_human	false	MSA/final_human_referenced_residue_agreement.tsv
alligator_mississippiensis	IIIb	IIIb	IIIb	primary_claim_supported_with_minor_flags	false	main	6	S	S	identical_to_human	true	MSA/final_human_referenced_residue_agreement.tsv
alligator_mississippiensis	IIIb	IIIb	IIIb	primary_claim_supported_with_minor_flags	false	main	7	S	S	identical_to_human	true	MSA/final_human_referenced_residue_agreement.tsv
alligator_mississippiensis	IIIb	IIIb	IIIb	primary_claim_supported_with_minor_flags	false	main	8	N	N	identical_to_human	true	MSA/final_human_referenced_residue_agreement.tsv
alligator_mississippiensis	IIIb	IIIb	IIIb	primary_claim_supported_with_minor_flags	false	main	9	A	A	identical_to_human	true	MSA/final_human_referenced_residue_agreement.tsv
alligator_mississippiensis	IIIb	IIIb	IIIb	primary_claim_supported_with_minor_flags	false	main	10	E	E	identical_to_human	true	MSA/final_human_referenced_residue_agreement.tsv
alligator_mississippiensis	IIIb	IIIb	IIIb	primary_claim_supported_with_minor_flags	false	main	11	V	V	identical_to_human	false	MSA/final_human_referenced_residue_agreement.tsv
alligator_mississippiensis	IIIb	IIIb	IIIb	primary_claim_supported_with_minor_flags	false	main	12	L	L	identical_to_human	false	MSA/final_human_referenced_residue_agreement.tsv
alligator_mississippiensis	IIIb	IIIb	IIIb	primary_claim_supported_with_minor_flags	false	main	13	A	T	nonconservative_substitution	false	MSA/final_human_referenced_residue_agreement.tsv
alligator_mississippiensis	IIIb	IIIb	IIIb	primary_claim_supported_with_minor_flags	false	main	14	L	L	identical_to_human	true	MSA/final_human_referenced_residue_agreement.tsv
alligator_mississippiensis	IIIb	IIIb	IIIb	primary_claim_supported_with_minor_flags	false	main	15	F	Y	conservative_substitution	false	MSA/final_human_referenced_residue_agreement.tsv
alligator_mississippiensis	IIIb	IIIb	IIIb	primary_claim_supported_with_minor_flags	false	main	16	N	N	identical_to_human	false	MSA/final_human_referenced_residue_agreement.tsv
alligator_mississippiensis	IIIb	IIIb	IIIb	primary_claim_supported_with_minor_flags	false	main	17	V	V	identical_to_human	false	MSA/final_human_referenced_residue_agreement.tsv
alligator_mississippiensis	IIIb	IIIb	IIIb	primary_claim_supported_with_minor_flags	false	main	18	T	T	identical_to_human	false	MSA/final_human_referenced_residue_agreement.tsv
alligator_mississippiensis	IIIb	IIIb	IIIb	primary_claim_supported_with_minor_flags	false	main	19	E	E	identical_to_human	true	MSA/final_human_referenced_residue_agreement.tsv
alligator_mississippiensis	IIIb	IIIb	IIIb	primary_claim_supported_with_minor_flags	false	main	20	A	A	identical_to_human	false	MSA/final_human_referenced_residue_agreement.tsv
alligator_mississippiensis	IIIb	IIIb	IIIb	primary_claim_supported_with_minor_flags	false	main	21	D	D	identical_to_human	false	MSA/final_human_referenced_residue_agreement.tsv
alligator_mississippiensis	IIIb	IIIb	IIIb	primary_claim_supported_with_minor_flags	false	main	22	A	A	identical_to_human	false	MSA/final_human_referenced_residue_agreement.tsv
alligator_mississippiensis	IIIb	IIIb	IIIb	primary_claim_supported_with_minor_flags	false	main	23	G	G	identical_to_human	false	MSA/final_human_referenced_residue_agreement.tsv
alligator_mississippiensis	IIIb	IIIb	IIIb	primary_claim_supported_with_minor_flags	false	main	24	E	E	identical_to_human	false	MSA/final_human_referenced_residue_agreement.tsv
alligator_mississippiensis	IIIb	IIIb	IIIb	primary_claim_supported_with_minor_flags	false	main	25	Y	Y	identical_to_human	false	MSA/final_human_referenced_residue_agreement.tsv
alligator_mississippiensis	IIIb	IIIb	IIIb	primary_claim_supported_with_minor_flags	false	main	26	I	I	identical_to_human	true	MSA/final_human_referenced_residue_agreement.tsv
alligator_mississippiensis	IIIb	IIIb	IIIb	primary_claim_supported_with_minor_flags	false	main	27	C	C	identical_to_human	false	MSA/final_human_referenced_residue_agreement.tsv
alligator_mississippiensis	IIIb	IIIb	IIIb	primary_claim_supported_with_minor_flags	false	main	28	K	K	identical_to_human	true	MSA/final_human_referenced_residue_agreement.tsv
alligator_mississippiensis	IIIb	IIIb	IIIb	primary_claim_supported_with_minor_flags	false	main	29	V	V	identical_to_human	true	MSA/final_human_referenced_residue_agreement.tsv
alligator_mississippiensis	IIIb	IIIb	IIIb	primary_claim_supported_with_minor_flags	false	main	30	S	S	identical_to_human	true	MSA/final_human_referenced_residue_agreement.tsv
alligator_mississippiensis	IIIb	IIIb	IIIb	primary_claim_supported_with_minor_flags	false	main	31	N	N	identical_to_human	false	MSA/final_human_referenced_residue_agreement.tsv
alligator_mississippiensis	IIIb	IIIb	IIIb	primary_claim_supported_with_minor_flags	false	main	32	Y	Y	identical_to_human	true	MSA/final_human_referenced_residue_agreement.tsv
alligator_mississippiensis	IIIb	IIIb	IIIb	primary_claim_supported_with_minor_flags	false	main	33	I	I	identical_to_human	false	MSA/final_human_referenced_residue_agreement.tsv
alligator_mississippiensis	IIIb	IIIb	IIIb	primary_claim_supported_with_minor_flags	false	main	34	G	G	identical_to_human	false	MSA/final_human_referenced_residue_agreement.tsv
alligator_mississippiensis	IIIb	IIIb	IIIb	primary_claim_supported_with_minor_flags	false	main	35	Q	E	conservative_substitution	false	MSA/final_human_referenced_residue_agreement.tsv
alligator_mississippiensis	IIIb	IIIb	IIIb	primary_claim_supported_with_minor_flags	false	main	36	A	A	identical_to_human	true	MSA/final_human_referenced_residue_agreement.tsv
alligator_mississippiensis	IIIb	IIIb	IIIb	primary_claim_supported_with_minor_flags	false	main	37	N	N	identical_to_human	true	MSA/final_human_referenced_residue_agreement.tsv
alligator_mississippiensis	IIIb	IIIb	IIIb	primary_claim_supported_with_minor_flags	false	main	38	Q	Q	identical_to_human	true	MSA/final_human_referenced_residue_agreement.tsv
alligator_mississippiensis	IIIb	IIIb	IIIb	primary_claim_supported_with_minor_flags	false	main	39	S	S	identical_to_human	false	MSA/final_human_referenced_residue_agreement.tsv
alligator_mississippiensis	IIIb	IIIb	IIIb	primary_claim_supported_with_minor_flags	false	main	40	A	A	identical_to_human	false	MSA/final_human_referenced_residue_agreement.tsv
alligator_mississippiensis	IIIb	IIIb	IIIb	primary_claim_supported_with_minor_flags	false	main	41	W	W	identical_to_human	false	MSA/final_human_referenced_residue_agreement.tsv
alligator_mississippiensis	IIIb	IIIb	IIIb	primary_claim_supported_with_minor_flags	false	main	42	L	L	identical_to_human	false	MSA/final_human_referenced_residue_agreement.tsv
alligator_mississippiensis	IIIb	IIIb	IIIb	primary_claim_supported_with_minor_flags	false	main	43	T	T	identical_to_human	false	MSA/final_human_referenced_residue_agreement.tsv
alligator_mississippiensis	IIIb	IIIb	IIIb	primary_claim_supported_with_minor_flags	false	main	44	V	V	identical_to_human	false	MSA/final_human_referenced_residue_agreement.tsv
alligator_mississippiensis	IIIb	IIIb	IIIb	primary_claim_supported_with_minor_flags	false	main	45	L	L	identical_to_human	false	MSA/final_human_referenced_residue_agreement.tsv
alligator_mississippiensis	IIIb	IIIb	IIIb	primary_claim_supported_with_minor_flags	false	main	46	P	P	identical_to_human	false	MSA/final_human_referenced_residue_agreement.tsv
alligator_mississippiensis	IIIc	IIIc	IIIc	primary_claim_supported_with_minor_flags	false	main	1	A	A	identical_to_human	true	MSA/final_human_referenced_residue_agreement.tsv
alligator_mississippiensis	IIIc	IIIc	IIIc	primary_claim_supported_with_minor_flags	false	main	2	A	A	identical_to_human	true	MSA/final_human_referenced_residue_agreement.tsv
alligator_mississippiensis	IIIc	IIIc	IIIc	primary_claim_supported_with_minor_flags	false	main	3	G	G	identical_to_human	false	MSA/final_human_referenced_residue_agreement.tsv
alligator_mississippiensis	IIIc	IIIc	IIIc	primary_claim_supported_with_minor_flags	false	main	4	V	V	identical_to_human	true	MSA/final_human_referenced_residue_agreement.tsv
alligator_mississippiensis	IIIc	IIIc	IIIc	primary_claim_supported_with_minor_flags	false	main	5	N	N	identical_to_human	false	MSA/final_human_referenced_residue_agreement.tsv
alligator_mississippiensis	IIIc	IIIc	IIIc	primary_claim_supported_with_minor_flags	false	main	6	T	T	identical_to_human	true	MSA/final_human_referenced_residue_agreement.tsv
alligator_mississippiensis	IIIc	IIIc	IIIc	primary_claim_supported_with_minor_flags	false	main	7	T	T	identical_to_human	true	MSA/final_human_referenced_residue_agreement.tsv
alligator_mississippiensis	IIIc	IIIc	IIIc	primary_claim_supported_with_minor_flags	false	main	8	D	D	identical_to_human	true	MSA/final_human_referenced_residue_agreement.tsv
alligator_mississippiensis	IIIc	IIIc	IIIc	primary_claim_supported_with_minor_flags	false	main	9	K	K	identical_to_human	true	MSA/final_human_referenced_residue_agreement.tsv
alligator_mississippiensis	IIIc	IIIc	IIIc	primary_claim_supported_with_minor_flags	false	main	10	E	E	identical_to_human	true	MSA/final_human_referenced_residue_agreement.tsv
alligator_mississippiensis	IIIc	IIIc	IIIc	primary_claim_supported_with_minor_flags	false	main	11	I	I	identical_to_human	false	MSA/final_human_referenced_residue_agreement.tsv
alligator_mississippiensis	IIIc	IIIc	IIIc	primary_claim_supported_with_minor_flags	false	main	12	E	E	identical_to_human	false	MSA/final_human_referenced_residue_agreement.tsv
alligator_mississippiensis	IIIc	IIIc	IIIc	primary_claim_supported_with_minor_flags	false	main	13	V	V	identical_to_human	false	MSA/final_human_referenced_residue_agreement.tsv
alligator_mississippiensis	IIIc	IIIc	IIIc	primary_claim_supported_with_minor_flags	false	main	14	L	L	identical_to_human	true	MSA/final_human_referenced_residue_agreement.tsv
alligator_mississippiensis	IIIc	IIIc	IIIc	primary_claim_supported_with_minor_flags	false	main	15	Y	Y	identical_to_human	false	MSA/final_human_referenced_residue_agreement.tsv
alligator_mississippiensis	IIIc	IIIc	IIIc	primary_claim_supported_with_minor_flags	false	main	16	I	I	identical_to_human	false	MSA/final_human_referenced_residue_agreement.tsv
alligator_mississippiensis	IIIc	IIIc	IIIc	primary_claim_supported_with_minor_flags	false	main	17	R	R	identical_to_human	false	MSA/final_human_referenced_residue_agreement.tsv
alligator_mississippiensis	IIIc	IIIc	IIIc	primary_claim_supported_with_minor_flags	false	main	18	N	N	identical_to_human	false	MSA/final_human_referenced_residue_agreement.tsv
alligator_mississippiensis	IIIc	IIIc	IIIc	primary_claim_supported_with_minor_flags	false	main	19	V	V	identical_to_human	true	MSA/final_human_referenced_residue_agreement.tsv
alligator_mississippiensis	IIIc	IIIc	IIIc	primary_claim_supported_with_minor_flags	false	main	20	T	T	identical_to_human	false	MSA/final_human_referenced_residue_agreement.tsv
alligator_mississippiensis	IIIc	IIIc	IIIc	primary_claim_supported_with_minor_flags	false	main	21	F	F	identical_to_human	false	MSA/final_human_referenced_residue_agreement.tsv
alligator_mississippiensis	IIIc	IIIc	IIIc	primary_claim_supported_with_minor_flags	false	main	22	E	E	identical_to_human	false	MSA/final_human_referenced_residue_agreement.tsv
alligator_mississippiensis	IIIc	IIIc	IIIc	primary_claim_supported_with_minor_flags	false	main	23	D	D	identical_to_human	false	MSA/final_human_referenced_residue_agreement.tsv
alligator_mississippiensis	IIIc	IIIc	IIIc	primary_claim_supported_with_minor_flags	false	main	24	A	A	identical_to_human	false	MSA/final_human_referenced_residue_agreement.tsv
alligator_mississippiensis	IIIc	IIIc	IIIc	primary_claim_supported_with_minor_flags	false	main	25	G	G	identical_to_human	false	MSA/final_human_referenced_residue_agreement.tsv
alligator_mississippiensis	IIIc	IIIc	IIIc	primary_claim_supported_with_minor_flags	false	main	26	E	E	identical_to_human	true	MSA/final_human_referenced_residue_agreement.tsv
alligator_mississippiensis	IIIc	IIIc	IIIc	primary_claim_supported_with_minor_flags	false	main	27	Y	Y	identical_to_human	false	MSA/final_human_referenced_residue_agreement.tsv
alligator_mississippiensis	IIIc	IIIc	IIIc	primary_claim_supported_with_minor_flags	false	main	28	T	T	identical_to_human	true	MSA/final_human_referenced_residue_agreement.tsv
alligator_mississippiensis	IIIc	IIIc	IIIc	primary_claim_supported_with_minor_flags	false	main	29	C	C	identical_to_human	true	MSA/final_human_referenced_residue_agreement.tsv
alligator_mississippiensis	IIIc	IIIc	IIIc	primary_claim_supported_with_minor_flags	false	main	30	L	L	identical_to_human	true	MSA/final_human_referenced_residue_agreement.tsv
alligator_mississippiensis	IIIc	IIIc	IIIc	primary_claim_supported_with_minor_flags	false	main	31	A	A	identical_to_human	false	MSA/final_human_referenced_residue_agreement.tsv
alligator_mississippiensis	IIIc	IIIc	IIIc	primary_claim_supported_with_minor_flags	false	main	32	G	G	identical_to_human	true	MSA/final_human_referenced_residue_agreement.tsv
alligator_mississippiensis	IIIc	IIIc	IIIc	primary_claim_supported_with_minor_flags	false	main	33	N	N	identical_to_human	false	MSA/final_human_referenced_residue_agreement.tsv
alligator_mississippiensis	IIIc	IIIc	IIIc	primary_claim_supported_with_minor_flags	false	main	34	S	S	identical_to_human	false	MSA/final_human_referenced_residue_agreement.tsv
alligator_mississippiensis	IIIc	IIIc	IIIc	primary_claim_supported_with_minor_flags	false	main	35	I	I	identical_to_human	false	MSA/final_human_referenced_residue_agreement.tsv
alligator_mississippiensis	IIIc	IIIc	IIIc	primary_claim_supported_with_minor_flags	false	main	36	G	G	identical_to_human	true	MSA/final_human_referenced_residue_agreement.tsv
alligator_mississippiensis	IIIc	IIIc	IIIc	primary_claim_supported_with_minor_flags	false	main	37	I	I	identical_to_human	true	MSA/final_human_referenced_residue_agreement.tsv
alligator_mississippiensis	IIIc	IIIc	IIIc	primary_claim_supported_with_minor_flags	false	main	38	S	S	identical_to_human	true	MSA/final_human_referenced_residue_agreement.tsv
alligator_mississippiensis	IIIc	IIIc	IIIc	primary_claim_supported_with_minor_flags	false	main	39	F	F	identical_to_human	false	MSA/final_human_referenced_residue_agreement.tsv
alligator_mississippiensis	IIIc	IIIc	IIIc	primary_claim_supported_with_minor_flags	false	main	40	H	H	identical_to_human	false	MSA/final_human_referenced_residue_agreement.tsv
alligator_mississippiensis	IIIc	IIIc	IIIc	primary_claim_supported_with_minor_flags	false	main	41	S	T	conservative_substitution	false	MSA/final_human_referenced_residue_agreement.tsv
alligator_mississippiensis	IIIc	IIIc	IIIc	primary_claim_supported_with_minor_flags	false	main	42	A	A	identical_to_human	false	MSA/final_human_referenced_residue_agreement.tsv
alligator_mississippiensis	IIIc	IIIc	IIIc	primary_claim_supported_with_minor_flags	false	main	43	W	W	identical_to_human	false	MSA/final_human_referenced_residue_agreement.tsv
alligator_mississippiensis	IIIc	IIIc	IIIc	primary_claim_supported_with_minor_flags	false	main	44	L	L	identical_to_human	false	MSA/final_human_referenced_residue_agreement.tsv
alligator_mississippiensis	IIIc	IIIc	IIIc	primary_claim_supported_with_minor_flags	false	main	45	T	T	identical_to_human	false	MSA/final_human_referenced_residue_agreement.tsv
alligator_mississippiensis	IIIc	IIIc	IIIc	primary_claim_supported_with_minor_flags	false	main	46	V	V	identical_to_human	false	MSA/final_human_referenced_residue_agreement.tsv
alligator_mississippiensis	IIIc	IIIc	IIIc	primary_claim_supported_with_minor_flags	false	main	47	L	L	identical_to_human	false	MSA/final_human_referenced_residue_agreement.tsv
alligator_mississippiensis	IIIc	IIIc	IIIc	primary_claim_supported_with_minor_flags	false	main	48	P	P	identical_to_human	false	MSA/final_human_referenced_residue_agreement.tsv
chrysemys_picta_bellii	IIIb	IIIb	IIIb	primary_claim_supported_with_minor_flags	false	main	1	H	H	identical_to_human	true	MSA/final_human_referenced_residue_agreement.tsv
chrysemys_picta_bellii	IIIb	IIIb	IIIb	primary_claim_supported_with_minor_flags	false	main	2	S	S	identical_to_human	true	MSA/final_human_referenced_residue_agreement.tsv
chrysemys_picta_bellii	IIIb	IIIb	IIIb	primary_claim_supported_with_minor_flags	false	main	3	G	G	identical_to_human	false	MSA/final_human_referenced_residue_agreement.tsv
chrysemys_picta_bellii	IIIb	IIIb	IIIb	primary_claim_supported_with_minor_flags	false	main	4	I	I	identical_to_human	true	MSA/final_human_referenced_residue_agreement.tsv
chrysemys_picta_bellii	IIIb	IIIb	IIIb	primary_claim_supported_with_minor_flags	false	main	5	N	N	identical_to_human	false	MSA/final_human_referenced_residue_agreement.tsv
chrysemys_picta_bellii	IIIb	IIIb	IIIb	primary_claim_supported_with_minor_flags	false	main	6	S	S	identical_to_human	true	MSA/final_human_referenced_residue_agreement.tsv
chrysemys_picta_bellii	IIIb	IIIb	IIIb	primary_claim_supported_with_minor_flags	false	main	7	S	S	identical_to_human	true	MSA/final_human_referenced_residue_agreement.tsv
chrysemys_picta_bellii	IIIb	IIIb	IIIb	primary_claim_supported_with_minor_flags	false	main	8	N	N	identical_to_human	true	MSA/final_human_referenced_residue_agreement.tsv
chrysemys_picta_bellii	IIIb	IIIb	IIIb	primary_claim_supported_with_minor_flags	false	main	9	A	A	identical_to_human	true	MSA/final_human_referenced_residue_agreement.tsv
chrysemys_picta_bellii	IIIb	IIIb	IIIb	primary_claim_supported_with_minor_flags	false	main	10	E	E	identical_to_human	true	MSA/final_human_referenced_residue_agreement.tsv
chrysemys_picta_bellii	IIIb	IIIb	IIIb	primary_claim_supported_with_minor_flags	false	main	11	V	V	identical_to_human	false	MSA/final_human_referenced_residue_agreement.tsv
chrysemys_picta_bellii	IIIb	IIIb	IIIb	primary_claim_supported_with_minor_flags	false	main	12	L	L	identical_to_human	false	MSA/final_human_referenced_residue_agreement.tsv
chrysemys_picta_bellii	IIIb	IIIb	IIIb	primary_claim_supported_with_minor_flags	false	main	13	A	T	nonconservative_substitution	false	MSA/final_human_referenced_residue_agreement.tsv
chrysemys_picta_bellii	IIIb	IIIb	IIIb	primary_claim_supported_with_minor_flags	false	main	14	L	L	identical_to_human	true	MSA/final_human_referenced_residue_agreement.tsv
chrysemys_picta_bellii	IIIb	IIIb	IIIb	primary_claim_supported_with_minor_flags	false	main	15	F	Y	conservative_substitution	false	MSA/final_human_referenced_residue_agreement.tsv
chrysemys_picta_bellii	IIIb	IIIb	IIIb	primary_claim_supported_with_minor_flags	false	main	16	N	N	identical_to_human	false	MSA/final_human_referenced_residue_agreement.tsv
chrysemys_picta_bellii	IIIb	IIIb	IIIb	primary_claim_supported_with_minor_flags	false	main	17	V	V	identical_to_human	false	MSA/final_human_referenced_residue_agreement.tsv
chrysemys_picta_bellii	IIIb	IIIb	IIIb	primary_claim_supported_with_minor_flags	false	main	18	T	T	identical_to_human	false	MSA/final_human_referenced_residue_agreement.tsv
chrysemys_picta_bellii	IIIb	IIIb	IIIb	primary_claim_supported_with_minor_flags	false	main	19	E	E	identical_to_human	true	MSA/final_human_referenced_residue_agreement.tsv
chrysemys_picta_bellii	IIIb	IIIb	IIIb	primary_claim_supported_with_minor_flags	false	main	20	A	A	identical_to_human	false	MSA/final_human_referenced_residue_agreement.tsv
chrysemys_picta_bellii	IIIb	IIIb	IIIb	primary_claim_supported_with_minor_flags	false	main	21	D	D	identical_to_human	false	MSA/final_human_referenced_residue_agreement.tsv
chrysemys_picta_bellii	IIIb	IIIb	IIIb	primary_claim_supported_with_minor_flags	false	main	22	A	A	identical_to_human	false	MSA/final_human_referenced_residue_agreement.tsv
chrysemys_picta_bellii	IIIb	IIIb	IIIb	primary_claim_supported_with_minor_flags	false	main	23	G	G	identical_to_human	false	MSA/final_human_referenced_residue_agreement.tsv
chrysemys_picta_bellii	IIIb	IIIb	IIIb	primary_claim_supported_with_minor_flags	false	main	24	E	E	identical_to_human	false	MSA/final_human_referenced_residue_agreement.tsv
chrysemys_picta_bellii	IIIb	IIIb	IIIb	primary_claim_supported_with_minor_flags	false	main	25	Y	Y	identical_to_human	false	MSA/final_human_referenced_residue_agreement.tsv
chrysemys_picta_bellii	IIIb	IIIb	IIIb	primary_claim_supported_with_minor_flags	false	main	26	I	I	identical_to_human	true	MSA/final_human_referenced_residue_agreement.tsv
chrysemys_picta_bellii	IIIb	IIIb	IIIb	primary_claim_supported_with_minor_flags	false	main	27	C	C	identical_to_human	false	MSA/final_human_referenced_residue_agreement.tsv
chrysemys_picta_bellii	IIIb	IIIb	IIIb	primary_claim_supported_with_minor_flags	false	main	28	K	K	identical_to_human	true	MSA/final_human_referenced_residue_agreement.tsv
chrysemys_picta_bellii	IIIb	IIIb	IIIb	primary_claim_supported_with_minor_flags	false	main	29	V	V	identical_to_human	true	MSA/final_human_referenced_residue_agreement.tsv
chrysemys_picta_bellii	IIIb	IIIb	IIIb	primary_claim_supported_with_minor_flags	false	main	30	S	S	identical_to_human	true	MSA/final_human_referenced_residue_agreement.tsv
chrysemys_picta_bellii	IIIb	IIIb	IIIb	primary_claim_supported_with_minor_flags	false	main	31	N	N	identical_to_human	false	MSA/final_human_referenced_residue_agreement.tsv
chrysemys_picta_bellii	IIIb	IIIb	IIIb	primary_claim_supported_with_minor_flags	false	main	32	Y	Y	identical_to_human	true	MSA/final_human_referenced_residue_agreement.tsv
chrysemys_picta_bellii	IIIb	IIIb	IIIb	primary_claim_supported_with_minor_flags	false	main	33	I	I	identical_to_human	false	MSA/final_human_referenced_residue_agreement.tsv
chrysemys_picta_bellii	IIIb	IIIb	IIIb	primary_claim_supported_with_minor_flags	false	main	34	G	G	identical_to_human	false	MSA/final_human_referenced_residue_agreement.tsv
chrysemys_picta_bellii	IIIb	IIIb	IIIb	primary_claim_supported_with_minor_flags	false	main	35	Q	E	conservative_substitution	false	MSA/final_human_referenced_residue_agreement.tsv
chrysemys_picta_bellii	IIIb	IIIb	IIIb	primary_claim_supported_with_minor_flags	false	main	36	A	A	identical_to_human	true	MSA/final_human_referenced_residue_agreement.tsv
chrysemys_picta_bellii	IIIb	IIIb	IIIb	primary_claim_supported_with_minor_flags	false	main	37	N	N	identical_to_human	true	MSA/final_human_referenced_residue_agreement.tsv
chrysemys_picta_bellii	IIIb	IIIb	IIIb	primary_claim_supported_with_minor_flags	false	main	38	Q	Q	identical_to_human	true	MSA/final_human_referenced_residue_agreement.tsv
chrysemys_picta_bellii	IIIb	IIIb	IIIb	primary_claim_supported_with_minor_flags	false	main	39	S	S	identical_to_human	false	MSA/final_human_referenced_residue_agreement.tsv
chrysemys_picta_bellii	IIIb	IIIb	IIIb	primary_claim_supported_with_minor_flags	false	main	40	A	A	identical_to_human	false	MSA/final_human_referenced_residue_agreement.tsv
chrysemys_picta_bellii	IIIb	IIIb	IIIb	primary_claim_supported_with_minor_flags	false	main	41	W	W	identical_to_human	false	MSA/final_human_referenced_residue_agreement.tsv
chrysemys_picta_bellii	IIIb	IIIb	IIIb	primary_claim_supported_with_minor_flags	false	main	42	L	L	identical_to_human	false	MSA/final_human_referenced_residue_agreement.tsv
chrysemys_picta_bellii	IIIb	IIIb	IIIb	primary_claim_supported_with_minor_flags	false	main	43	T	T	identical_to_human	false	MSA/final_human_referenced_residue_agreement.tsv
chrysemys_picta_bellii	IIIb	IIIb	IIIb	primary_claim_supported_with_minor_flags	false	main	44	V	V	identical_to_human	false	MSA/final_human_referenced_residue_agreement.tsv
chrysemys_picta_bellii	IIIb	IIIb	IIIb	primary_claim_supported_with_minor_flags	false	main	45	L		gap_or_missing	false	MSA/final_human_referenced_residue_agreement.tsv
chrysemys_picta_bellii	IIIb	IIIb	IIIb	primary_claim_supported_with_minor_flags	false	main	46	P		gap_or_missing	false	MSA/final_human_referenced_residue_agreement.tsv
chrysemys_picta_bellii	IIIc	IIIc	IIIc	primary_claim_supported_with_minor_flags	false	main	1	A	A	identical_to_human	true	MSA/final_human_referenced_residue_agreement.tsv
chrysemys_picta_bellii	IIIc	IIIc	IIIc	primary_claim_supported_with_minor_flags	false	main	2	A	A	identical_to_human	true	MSA/final_human_referenced_residue_agreement.tsv
chrysemys_picta_bellii	IIIc	IIIc	IIIc	primary_claim_supported_with_minor_flags	false	main	3	G	G	identical_to_human	false	MSA/final_human_referenced_residue_agreement.tsv
chrysemys_picta_bellii	IIIc	IIIc	IIIc	primary_claim_supported_with_minor_flags	false	main	4	V	V	identical_to_human	true	MSA/final_human_referenced_residue_agreement.tsv
chrysemys_picta_bellii	IIIc	IIIc	IIIc	primary_claim_supported_with_minor_flags	false	main	5	N	N	identical_to_human	false	MSA/final_human_referenced_residue_agreement.tsv
chrysemys_picta_bellii	IIIc	IIIc	IIIc	primary_claim_supported_with_minor_flags	false	main	6	T	T	identical_to_human	true	MSA/final_human_referenced_residue_agreement.tsv
chrysemys_picta_bellii	IIIc	IIIc	IIIc	primary_claim_supported_with_minor_flags	false	main	7	T	T	identical_to_human	true	MSA/final_human_referenced_residue_agreement.tsv
chrysemys_picta_bellii	IIIc	IIIc	IIIc	primary_claim_supported_with_minor_flags	false	main	8	D	D	identical_to_human	true	MSA/final_human_referenced_residue_agreement.tsv
chrysemys_picta_bellii	IIIc	IIIc	IIIc	primary_claim_supported_with_minor_flags	false	main	9	K	K	identical_to_human	true	MSA/final_human_referenced_residue_agreement.tsv
chrysemys_picta_bellii	IIIc	IIIc	IIIc	primary_claim_supported_with_minor_flags	false	main	10	E	E	identical_to_human	true	MSA/final_human_referenced_residue_agreement.tsv
chrysemys_picta_bellii	IIIc	IIIc	IIIc	primary_claim_supported_with_minor_flags	false	main	11	I	I	identical_to_human	false	MSA/final_human_referenced_residue_agreement.tsv
chrysemys_picta_bellii	IIIc	IIIc	IIIc	primary_claim_supported_with_minor_flags	false	main	12	E	E	identical_to_human	false	MSA/final_human_referenced_residue_agreement.tsv
chrysemys_picta_bellii	IIIc	IIIc	IIIc	primary_claim_supported_with_minor_flags	false	main	13	V	V	identical_to_human	false	MSA/final_human_referenced_residue_agreement.tsv
chrysemys_picta_bellii	IIIc	IIIc	IIIc	primary_claim_supported_with_minor_flags	false	main	14	L	L	identical_to_human	true	MSA/final_human_referenced_residue_agreement.tsv
chrysemys_picta_bellii	IIIc	IIIc	IIIc	primary_claim_supported_with_minor_flags	false	main	15	Y	Y	identical_to_human	false	MSA/final_human_referenced_residue_agreement.tsv
chrysemys_picta_bellii	IIIc	IIIc	IIIc	primary_claim_supported_with_minor_flags	false	main	16	I	I	identical_to_human	false	MSA/final_human_referenced_residue_agreement.tsv
chrysemys_picta_bellii	IIIc	IIIc	IIIc	primary_claim_supported_with_minor_flags	false	main	17	R	R	identical_to_human	false	MSA/final_human_referenced_residue_agreement.tsv
chrysemys_picta_bellii	IIIc	IIIc	IIIc	primary_claim_supported_with_minor_flags	false	main	18	N	N	identical_to_human	false	MSA/final_human_referenced_residue_agreement.tsv
chrysemys_picta_bellii	IIIc	IIIc	IIIc	primary_claim_supported_with_minor_flags	false	main	19	V	V	identical_to_human	true	MSA/final_human_referenced_residue_agreement.tsv
chrysemys_picta_bellii	IIIc	IIIc	IIIc	primary_claim_supported_with_minor_flags	false	main	20	T	T	identical_to_human	false	MSA/final_human_referenced_residue_agreement.tsv
chrysemys_picta_bellii	IIIc	IIIc	IIIc	primary_claim_supported_with_minor_flags	false	main	21	F	F	identical_to_human	false	MSA/final_human_referenced_residue_agreement.tsv
chrysemys_picta_bellii	IIIc	IIIc	IIIc	primary_claim_supported_with_minor_flags	false	main	22	E	E	identical_to_human	false	MSA/final_human_referenced_residue_agreement.tsv
chrysemys_picta_bellii	IIIc	IIIc	IIIc	primary_claim_supported_with_minor_flags	false	main	23	D	D	identical_to_human	false	MSA/final_human_referenced_residue_agreement.tsv
chrysemys_picta_bellii	IIIc	IIIc	IIIc	primary_claim_supported_with_minor_flags	false	main	24	A	A	identical_to_human	false	MSA/final_human_referenced_residue_agreement.tsv
chrysemys_picta_bellii	IIIc	IIIc	IIIc	primary_claim_supported_with_minor_flags	false	main	25	G	G	identical_to_human	false	MSA/final_human_referenced_residue_agreement.tsv
chrysemys_picta_bellii	IIIc	IIIc	IIIc	primary_claim_supported_with_minor_flags	false	main	26	E	E	identical_to_human	true	MSA/final_human_referenced_residue_agreement.tsv
chrysemys_picta_bellii	IIIc	IIIc	IIIc	primary_claim_supported_with_minor_flags	false	main	27	Y	Y	identical_to_human	false	MSA/final_human_referenced_residue_agreement.tsv
chrysemys_picta_bellii	IIIc	IIIc	IIIc	primary_claim_supported_with_minor_flags	false	main	28	T	T	identical_to_human	true	MSA/final_human_referenced_residue_agreement.tsv
chrysemys_picta_bellii	IIIc	IIIc	IIIc	primary_claim_supported_with_minor_flags	false	main	29	C	C	identical_to_human	true	MSA/final_human_referenced_residue_agreement.tsv
chrysemys_picta_bellii	IIIc	IIIc	IIIc	primary_claim_supported_with_minor_flags	false	main	30	L	L	identical_to_human	true	MSA/final_human_referenced_residue_agreement.tsv
chrysemys_picta_bellii	IIIc	IIIc	IIIc	primary_claim_supported_with_minor_flags	false	main	31	A	A	identical_to_human	false	MSA/final_human_referenced_residue_agreement.tsv
chrysemys_picta_bellii	IIIc	IIIc	IIIc	primary_claim_supported_with_minor_flags	false	main	32	G	G	identical_to_human	true	MSA/final_human_referenced_residue_agreement.tsv
chrysemys_picta_bellii	IIIc	IIIc	IIIc	primary_claim_supported_with_minor_flags	false	main	33	N	N	identical_to_human	false	MSA/final_human_referenced_residue_agreement.tsv
chrysemys_picta_bellii	IIIc	IIIc	IIIc	primary_claim_supported_with_minor_flags	false	main	34	S	S	identical_to_human	false	MSA/final_human_referenced_residue_agreement.tsv
chrysemys_picta_bellii	IIIc	IIIc	IIIc	primary_claim_supported_with_minor_flags	false	main	35	I	I	identical_to_human	false	MSA/final_human_referenced_residue_agreement.tsv
chrysemys_picta_bellii	IIIc	IIIc	IIIc	primary_claim_supported_with_minor_flags	false	main	36	G	G	identical_to_human	true	MSA/final_human_referenced_residue_agreement.tsv
chrysemys_picta_bellii	IIIc	IIIc	IIIc	primary_claim_supported_with_minor_flags	false	main	37	I	I	identical_to_human	true	MSA/final_human_referenced_residue_agreement.tsv
chrysemys_picta_bellii	IIIc	IIIc	IIIc	primary_claim_supported_with_minor_flags	false	main	38	S	S	identical_to_human	true	MSA/final_human_referenced_residue_agreement.tsv
chrysemys_picta_bellii	IIIc	IIIc	IIIc	primary_claim_supported_with_minor_flags	false	main	39	F	F	identical_to_human	false	MSA/final_human_referenced_residue_agreement.tsv
chrysemys_picta_bellii	IIIc	IIIc	IIIc	primary_claim_supported_with_minor_flags	false	main	40	H	H	identical_to_human	false	MSA/final_human_referenced_residue_agreement.tsv
chrysemys_picta_bellii	IIIc	IIIc	IIIc	primary_claim_supported_with_minor_flags	false	main	41	S	T	conservative_substitution	false	MSA/final_human_referenced_residue_agreement.tsv
chrysemys_picta_bellii	IIIc	IIIc	IIIc	primary_claim_supported_with_minor_flags	false	main	42	A	A	identical_to_human	false	MSA/final_human_referenced_residue_agreement.tsv
chrysemys_picta_bellii	IIIc	IIIc	IIIc	primary_claim_supported_with_minor_flags	false	main	43	W	W	identical_to_human	false	MSA/final_human_referenced_residue_agreement.tsv
chrysemys_picta_bellii	IIIc	IIIc	IIIc	primary_claim_supported_with_minor_flags	false	main	44	L	L	identical_to_human	false	MSA/final_human_referenced_residue_agreement.tsv
chrysemys_picta_bellii	IIIc	IIIc	IIIc	primary_claim_supported_with_minor_flags	false	main	45	T	T	identical_to_human	false	MSA/final_human_referenced_residue_agreement.tsv
chrysemys_picta_bellii	IIIc	IIIc	IIIc	primary_claim_supported_with_minor_flags	false	main	46	V	V	identical_to_human	false	MSA/final_human_referenced_residue_agreement.tsv
chrysemys_picta_bellii	IIIc	IIIc	IIIc	primary_claim_supported_with_minor_flags	false	main	47	L	L	identical_to_human	false	MSA/final_human_referenced_residue_agreement.tsv
chrysemys_picta_bellii	IIIc	IIIc	IIIc	primary_claim_supported_with_minor_flags	false	main	48	P	P	identical_to_human	false	MSA/final_human_referenced_residue_agreement.tsv
anolis_carolinensis	IIIb	IIIb	IIIb	primary_claim_supported_with_minor_flags	false	main	1	H	H	identical_to_human	true	MSA/final_human_referenced_residue_agreement.tsv
anolis_carolinensis	IIIb	IIIb	IIIb	primary_claim_supported_with_minor_flags	false	main	2	S	S	identical_to_human	true	MSA/final_human_referenced_residue_agreement.tsv
anolis_carolinensis	IIIb	IIIb	IIIb	primary_claim_supported_with_minor_flags	false	main	3	G	G	identical_to_human	false	MSA/final_human_referenced_residue_agreement.tsv
anolis_carolinensis	IIIb	IIIb	IIIb	primary_claim_supported_with_minor_flags	false	main	4	I	I	identical_to_human	true	MSA/final_human_referenced_residue_agreement.tsv
anolis_carolinensis	IIIb	IIIb	IIIb	primary_claim_supported_with_minor_flags	false	main	5	N	N	identical_to_human	false	MSA/final_human_referenced_residue_agreement.tsv
anolis_carolinensis	IIIb	IIIb	IIIb	primary_claim_supported_with_minor_flags	false	main	6	S	S	identical_to_human	true	MSA/final_human_referenced_residue_agreement.tsv
anolis_carolinensis	IIIb	IIIb	IIIb	primary_claim_supported_with_minor_flags	false	main	7	S	S	identical_to_human	true	MSA/final_human_referenced_residue_agreement.tsv
anolis_carolinensis	IIIb	IIIb	IIIb	primary_claim_supported_with_minor_flags	false	main	8	N	N	identical_to_human	true	MSA/final_human_referenced_residue_agreement.tsv
anolis_carolinensis	IIIb	IIIb	IIIb	primary_claim_supported_with_minor_flags	false	main	9	A	T	nonconservative_substitution	true	MSA/final_human_referenced_residue_agreement.tsv
anolis_carolinensis	IIIb	IIIb	IIIb	primary_claim_supported_with_minor_flags	false	main	10	E	E	identical_to_human	true	MSA/final_human_referenced_residue_agreement.tsv
anolis_carolinensis	IIIb	IIIb	IIIb	primary_claim_supported_with_minor_flags	false	main	11	V	V	identical_to_human	false	MSA/final_human_referenced_residue_agreement.tsv
anolis_carolinensis	IIIb	IIIb	IIIb	primary_claim_supported_with_minor_flags	false	main	12	L	L	identical_to_human	false	MSA/final_human_referenced_residue_agreement.tsv
anolis_carolinensis	IIIb	IIIb	IIIb	primary_claim_supported_with_minor_flags	false	main	13	A	K	nonconservative_substitution	false	MSA/final_human_referenced_residue_agreement.tsv
anolis_carolinensis	IIIb	IIIb	IIIb	primary_claim_supported_with_minor_flags	false	main	14	L	L	identical_to_human	true	MSA/final_human_referenced_residue_agreement.tsv
anolis_carolinensis	IIIb	IIIb	IIIb	primary_claim_supported_with_minor_flags	false	main	15	F	H	nonconservative_substitution	false	MSA/final_human_referenced_residue_agreement.tsv
anolis_carolinensis	IIIb	IIIb	IIIb	primary_claim_supported_with_minor_flags	false	main	16	N	N	identical_to_human	false	MSA/final_human_referenced_residue_agreement.tsv
anolis_carolinensis	IIIb	IIIb	IIIb	primary_claim_supported_with_minor_flags	false	main	17	V	V	identical_to_human	false	MSA/final_human_referenced_residue_agreement.tsv
anolis_carolinensis	IIIb	IIIb	IIIb	primary_claim_supported_with_minor_flags	false	main	18	T	T	identical_to_human	false	MSA/final_human_referenced_residue_agreement.tsv
anolis_carolinensis	IIIb	IIIb	IIIb	primary_claim_supported_with_minor_flags	false	main	19	E	E	identical_to_human	true	MSA/final_human_referenced_residue_agreement.tsv
anolis_carolinensis	IIIb	IIIb	IIIb	primary_claim_supported_with_minor_flags	false	main	20	A	E	nonconservative_substitution	false	MSA/final_human_referenced_residue_agreement.tsv
anolis_carolinensis	IIIb	IIIb	IIIb	primary_claim_supported_with_minor_flags	false	main	21	D	D	identical_to_human	false	MSA/final_human_referenced_residue_agreement.tsv
anolis_carolinensis	IIIb	IIIb	IIIb	primary_claim_supported_with_minor_flags	false	main	22	A	A	identical_to_human	false	MSA/final_human_referenced_residue_agreement.tsv
anolis_carolinensis	IIIb	IIIb	IIIb	primary_claim_supported_with_minor_flags	false	main	23	G	G	identical_to_human	false	MSA/final_human_referenced_residue_agreement.tsv
anolis_carolinensis	IIIb	IIIb	IIIb	primary_claim_supported_with_minor_flags	false	main	24	E	E	identical_to_human	false	MSA/final_human_referenced_residue_agreement.tsv
anolis_carolinensis	IIIb	IIIb	IIIb	primary_claim_supported_with_minor_flags	false	main	25	Y	Y	identical_to_human	false	MSA/final_human_referenced_residue_agreement.tsv
anolis_carolinensis	IIIb	IIIb	IIIb	primary_claim_supported_with_minor_flags	false	main	26	I	I	identical_to_human	true	MSA/final_human_referenced_residue_agreement.tsv
anolis_carolinensis	IIIb	IIIb	IIIb	primary_claim_supported_with_minor_flags	false	main	27	C	C	identical_to_human	false	MSA/final_human_referenced_residue_agreement.tsv
anolis_carolinensis	IIIb	IIIb	IIIb	primary_claim_supported_with_minor_flags	false	main	28	K	K	identical_to_human	true	MSA/final_human_referenced_residue_agreement.tsv
anolis_carolinensis	IIIb	IIIb	IIIb	primary_claim_supported_with_minor_flags	false	main	29	V	V	identical_to_human	true	MSA/final_human_referenced_residue_agreement.tsv
anolis_carolinensis	IIIb	IIIb	IIIb	primary_claim_supported_with_minor_flags	false	main	30	S	S	identical_to_human	true	MSA/final_human_referenced_residue_agreement.tsv
anolis_carolinensis	IIIb	IIIb	IIIb	primary_claim_supported_with_minor_flags	false	main	31	N	N	identical_to_human	false	MSA/final_human_referenced_residue_agreement.tsv
anolis_carolinensis	IIIb	IIIb	IIIb	primary_claim_supported_with_minor_flags	false	main	32	Y	Y	identical_to_human	true	MSA/final_human_referenced_residue_agreement.tsv
anolis_carolinensis	IIIb	IIIb	IIIb	primary_claim_supported_with_minor_flags	false	main	33	I	I	identical_to_human	false	MSA/final_human_referenced_residue_agreement.tsv
anolis_carolinensis	IIIb	IIIb	IIIb	primary_claim_supported_with_minor_flags	false	main	34	G	G	identical_to_human	false	MSA/final_human_referenced_residue_agreement.tsv
anolis_carolinensis	IIIb	IIIb	IIIb	primary_claim_supported_with_minor_flags	false	main	35	Q	E	conservative_substitution	false	MSA/final_human_referenced_residue_agreement.tsv
anolis_carolinensis	IIIb	IIIb	IIIb	primary_claim_supported_with_minor_flags	false	main	36	A	A	identical_to_human	true	MSA/final_human_referenced_residue_agreement.tsv
anolis_carolinensis	IIIb	IIIb	IIIb	primary_claim_supported_with_minor_flags	false	main	37	N	N	identical_to_human	true	MSA/final_human_referenced_residue_agreement.tsv
anolis_carolinensis	IIIb	IIIb	IIIb	primary_claim_supported_with_minor_flags	false	main	38	Q	Q	identical_to_human	true	MSA/final_human_referenced_residue_agreement.tsv
anolis_carolinensis	IIIb	IIIb	IIIb	primary_claim_supported_with_minor_flags	false	main	39	S	S	identical_to_human	false	MSA/final_human_referenced_residue_agreement.tsv
anolis_carolinensis	IIIb	IIIb	IIIb	primary_claim_supported_with_minor_flags	false	main	40	A	A	identical_to_human	false	MSA/final_human_referenced_residue_agreement.tsv
anolis_carolinensis	IIIb	IIIb	IIIb	primary_claim_supported_with_minor_flags	false	main	41	W	W	identical_to_human	false	MSA/final_human_referenced_residue_agreement.tsv
anolis_carolinensis	IIIb	IIIb	IIIb	primary_claim_supported_with_minor_flags	false	main	42	L	L	identical_to_human	false	MSA/final_human_referenced_residue_agreement.tsv
anolis_carolinensis	IIIb	IIIb	IIIb	primary_claim_supported_with_minor_flags	false	main	43	T	V	nonconservative_substitution	false	MSA/final_human_referenced_residue_agreement.tsv
anolis_carolinensis	IIIb	IIIb	IIIb	primary_claim_supported_with_minor_flags	false	main	44	V	V	identical_to_human	false	MSA/final_human_referenced_residue_agreement.tsv
anolis_carolinensis	IIIb	IIIb	IIIb	primary_claim_supported_with_minor_flags	false	main	45	L	L	identical_to_human	false	MSA/final_human_referenced_residue_agreement.tsv
anolis_carolinensis	IIIb	IIIb	IIIb	primary_claim_supported_with_minor_flags	false	main	46	P	P	identical_to_human	false	MSA/final_human_referenced_residue_agreement.tsv
anolis_carolinensis	IIIc	IIIc	IIIc	primary_claim_supported_with_minor_flags	false	main	1	A		gap_or_missing	true	MSA/final_human_referenced_residue_agreement.tsv
anolis_carolinensis	IIIc	IIIc	IIIc	primary_claim_supported_with_minor_flags	false	main	2	A	A	identical_to_human	true	MSA/final_human_referenced_residue_agreement.tsv
anolis_carolinensis	IIIc	IIIc	IIIc	primary_claim_supported_with_minor_flags	false	main	3	G	G	identical_to_human	false	MSA/final_human_referenced_residue_agreement.tsv
anolis_carolinensis	IIIc	IIIc	IIIc	primary_claim_supported_with_minor_flags	false	main	4	V	V	identical_to_human	true	MSA/final_human_referenced_residue_agreement.tsv
anolis_carolinensis	IIIc	IIIc	IIIc	primary_claim_supported_with_minor_flags	false	main	5	N	N	identical_to_human	false	MSA/final_human_referenced_residue_agreement.tsv
anolis_carolinensis	IIIc	IIIc	IIIc	primary_claim_supported_with_minor_flags	false	main	6	T	T	identical_to_human	true	MSA/final_human_referenced_residue_agreement.tsv
anolis_carolinensis	IIIc	IIIc	IIIc	primary_claim_supported_with_minor_flags	false	main	7	T	T	identical_to_human	true	MSA/final_human_referenced_residue_agreement.tsv
anolis_carolinensis	IIIc	IIIc	IIIc	primary_claim_supported_with_minor_flags	false	main	8	D	D	identical_to_human	true	MSA/final_human_referenced_residue_agreement.tsv
anolis_carolinensis	IIIc	IIIc	IIIc	primary_claim_supported_with_minor_flags	false	main	9	K	K	identical_to_human	true	MSA/final_human_referenced_residue_agreement.tsv
anolis_carolinensis	IIIc	IIIc	IIIc	primary_claim_supported_with_minor_flags	false	main	10	E	E	identical_to_human	true	MSA/final_human_referenced_residue_agreement.tsv
anolis_carolinensis	IIIc	IIIc	IIIc	primary_claim_supported_with_minor_flags	false	main	11	I	I	identical_to_human	false	MSA/final_human_referenced_residue_agreement.tsv
anolis_carolinensis	IIIc	IIIc	IIIc	primary_claim_supported_with_minor_flags	false	main	12	E	E	identical_to_human	false	MSA/final_human_referenced_residue_agreement.tsv
anolis_carolinensis	IIIc	IIIc	IIIc	primary_claim_supported_with_minor_flags	false	main	13	V	V	identical_to_human	false	MSA/final_human_referenced_residue_agreement.tsv
anolis_carolinensis	IIIc	IIIc	IIIc	primary_claim_supported_with_minor_flags	false	main	14	L	L	identical_to_human	true	MSA/final_human_referenced_residue_agreement.tsv
anolis_carolinensis	IIIc	IIIc	IIIc	primary_claim_supported_with_minor_flags	false	main	15	Y	H	conservative_substitution	false	MSA/final_human_referenced_residue_agreement.tsv
anolis_carolinensis	IIIc	IIIc	IIIc	primary_claim_supported_with_minor_flags	false	main	16	I	I	identical_to_human	false	MSA/final_human_referenced_residue_agreement.tsv
anolis_carolinensis	IIIc	IIIc	IIIc	primary_claim_supported_with_minor_flags	false	main	17	R	Q	conservative_substitution	false	MSA/final_human_referenced_residue_agreement.tsv
anolis_carolinensis	IIIc	IIIc	IIIc	primary_claim_supported_with_minor_flags	false	main	18	N	N	identical_to_human	false	MSA/final_human_referenced_residue_agreement.tsv
anolis_carolinensis	IIIc	IIIc	IIIc	primary_claim_supported_with_minor_flags	false	main	19	V	V	identical_to_human	true	MSA/final_human_referenced_residue_agreement.tsv
anolis_carolinensis	IIIc	IIIc	IIIc	primary_claim_supported_with_minor_flags	false	main	20	T	T	identical_to_human	false	MSA/final_human_referenced_residue_agreement.tsv
anolis_carolinensis	IIIc	IIIc	IIIc	primary_claim_supported_with_minor_flags	false	main	21	F	V	nonconservative_substitution	false	MSA/final_human_referenced_residue_agreement.tsv
anolis_carolinensis	IIIc	IIIc	IIIc	primary_claim_supported_with_minor_flags	false	main	22	E	E	identical_to_human	false	MSA/final_human_referenced_residue_agreement.tsv
anolis_carolinensis	IIIc	IIIc	IIIc	primary_claim_supported_with_minor_flags	false	main	23	D	D	identical_to_human	false	MSA/final_human_referenced_residue_agreement.tsv
anolis_carolinensis	IIIc	IIIc	IIIc	primary_claim_supported_with_minor_flags	false	main	24	A	A	identical_to_human	false	MSA/final_human_referenced_residue_agreement.tsv
anolis_carolinensis	IIIc	IIIc	IIIc	primary_claim_supported_with_minor_flags	false	main	25	G	G	identical_to_human	false	MSA/final_human_referenced_residue_agreement.tsv
anolis_carolinensis	IIIc	IIIc	IIIc	primary_claim_supported_with_minor_flags	false	main	26	E	E	identical_to_human	true	MSA/final_human_referenced_residue_agreement.tsv
anolis_carolinensis	IIIc	IIIc	IIIc	primary_claim_supported_with_minor_flags	false	main	27	Y	Y	identical_to_human	false	MSA/final_human_referenced_residue_agreement.tsv
anolis_carolinensis	IIIc	IIIc	IIIc	primary_claim_supported_with_minor_flags	false	main	28	T	T	identical_to_human	true	MSA/final_human_referenced_residue_agreement.tsv
anolis_carolinensis	IIIc	IIIc	IIIc	primary_claim_supported_with_minor_flags	false	main	29	C	C	identical_to_human	true	MSA/final_human_referenced_residue_agreement.tsv
anolis_carolinensis	IIIc	IIIc	IIIc	primary_claim_supported_with_minor_flags	false	main	30	L	L	identical_to_human	true	MSA/final_human_referenced_residue_agreement.tsv
anolis_carolinensis	IIIc	IIIc	IIIc	primary_claim_supported_with_minor_flags	false	main	31	A	A	identical_to_human	false	MSA/final_human_referenced_residue_agreement.tsv
anolis_carolinensis	IIIc	IIIc	IIIc	primary_claim_supported_with_minor_flags	false	main	32	G	G	identical_to_human	true	MSA/final_human_referenced_residue_agreement.tsv
anolis_carolinensis	IIIc	IIIc	IIIc	primary_claim_supported_with_minor_flags	false	main	33	N	N	identical_to_human	false	MSA/final_human_referenced_residue_agreement.tsv
anolis_carolinensis	IIIc	IIIc	IIIc	primary_claim_supported_with_minor_flags	false	main	34	S	S	identical_to_human	false	MSA/final_human_referenced_residue_agreement.tsv
anolis_carolinensis	IIIc	IIIc	IIIc	primary_claim_supported_with_minor_flags	false	main	35	I	I	identical_to_human	false	MSA/final_human_referenced_residue_agreement.tsv
anolis_carolinensis	IIIc	IIIc	IIIc	primary_claim_supported_with_minor_flags	false	main	36	G	G	identical_to_human	true	MSA/final_human_referenced_residue_agreement.tsv
anolis_carolinensis	IIIc	IIIc	IIIc	primary_claim_supported_with_minor_flags	false	main	37	I	I	identical_to_human	true	MSA/final_human_referenced_residue_agreement.tsv
anolis_carolinensis	IIIc	IIIc	IIIc	primary_claim_supported_with_minor_flags	false	main	38	S	S	identical_to_human	true	MSA/final_human_referenced_residue_agreement.tsv
anolis_carolinensis	IIIc	IIIc	IIIc	primary_claim_supported_with_minor_flags	false	main	39	F	F	identical_to_human	false	MSA/final_human_referenced_residue_agreement.tsv
anolis_carolinensis	IIIc	IIIc	IIIc	primary_claim_supported_with_minor_flags	false	main	40	H	H	identical_to_human	false	MSA/final_human_referenced_residue_agreement.tsv
anolis_carolinensis	IIIc	IIIc	IIIc	primary_claim_supported_with_minor_flags	false	main	41	S	S	identical_to_human	false	MSA/final_human_referenced_residue_agreement.tsv
anolis_carolinensis	IIIc	IIIc	IIIc	primary_claim_supported_with_minor_flags	false	main	42	A	A	identical_to_human	false	MSA/final_human_referenced_residue_agreement.tsv
anolis_carolinensis	IIIc	IIIc	IIIc	primary_claim_supported_with_minor_flags	false	main	43	W	W	identical_to_human	false	MSA/final_human_referenced_residue_agreement.tsv
anolis_carolinensis	IIIc	IIIc	IIIc	primary_claim_supported_with_minor_flags	false	main	44	L	L	identical_to_human	false	MSA/final_human_referenced_residue_agreement.tsv
anolis_carolinensis	IIIc	IIIc	IIIc	primary_claim_supported_with_minor_flags	false	main	45	T	T	identical_to_human	false	MSA/final_human_referenced_residue_agreement.tsv
anolis_carolinensis	IIIc	IIIc	IIIc	primary_claim_supported_with_minor_flags	false	main	46	V	V	identical_to_human	false	MSA/final_human_referenced_residue_agreement.tsv
anolis_carolinensis	IIIc	IIIc	IIIc	primary_claim_supported_with_minor_flags	false	main	47	L	L	identical_to_human	false	MSA/final_human_referenced_residue_agreement.tsv
anolis_carolinensis	IIIc	IIIc	IIIc	primary_claim_supported_with_minor_flags	false	main	48	P	P	identical_to_human	false	MSA/final_human_referenced_residue_agreement.tsv
ambystoma_mexicanum	IIIb	IIIb	IIIb	primary_claim_supported_with_minor_flags	false	main	1	H		gap_or_missing	true	MSA/final_human_referenced_residue_agreement.tsv
ambystoma_mexicanum	IIIb	IIIb	IIIb	primary_claim_supported_with_minor_flags	false	main	2	S	S	identical_to_human	true	MSA/final_human_referenced_residue_agreement.tsv
ambystoma_mexicanum	IIIb	IIIb	IIIb	primary_claim_supported_with_minor_flags	false	main	3	G	G	identical_to_human	false	MSA/final_human_referenced_residue_agreement.tsv
ambystoma_mexicanum	IIIb	IIIb	IIIb	primary_claim_supported_with_minor_flags	false	main	4	I	I	identical_to_human	true	MSA/final_human_referenced_residue_agreement.tsv
ambystoma_mexicanum	IIIb	IIIb	IIIb	primary_claim_supported_with_minor_flags	false	main	5	N	N	identical_to_human	false	MSA/final_human_referenced_residue_agreement.tsv
ambystoma_mexicanum	IIIb	IIIb	IIIb	primary_claim_supported_with_minor_flags	false	main	6	S	S	identical_to_human	true	MSA/final_human_referenced_residue_agreement.tsv
ambystoma_mexicanum	IIIb	IIIb	IIIb	primary_claim_supported_with_minor_flags	false	main	7	S	S	identical_to_human	true	MSA/final_human_referenced_residue_agreement.tsv
ambystoma_mexicanum	IIIb	IIIb	IIIb	primary_claim_supported_with_minor_flags	false	main	8	N	N	identical_to_human	true	MSA/final_human_referenced_residue_agreement.tsv
ambystoma_mexicanum	IIIb	IIIb	IIIb	primary_claim_supported_with_minor_flags	false	main	9	A	A	identical_to_human	true	MSA/final_human_referenced_residue_agreement.tsv
ambystoma_mexicanum	IIIb	IIIb	IIIb	primary_claim_supported_with_minor_flags	false	main	10	E	E	identical_to_human	true	MSA/final_human_referenced_residue_agreement.tsv
ambystoma_mexicanum	IIIb	IIIb	IIIb	primary_claim_supported_with_minor_flags	false	main	11	V	V	identical_to_human	false	MSA/final_human_referenced_residue_agreement.tsv
ambystoma_mexicanum	IIIb	IIIb	IIIb	primary_claim_supported_with_minor_flags	false	main	12	L	L	identical_to_human	false	MSA/final_human_referenced_residue_agreement.tsv
ambystoma_mexicanum	IIIb	IIIb	IIIb	primary_claim_supported_with_minor_flags	false	main	13	A	T	nonconservative_substitution	false	MSA/final_human_referenced_residue_agreement.tsv
ambystoma_mexicanum	IIIb	IIIb	IIIb	primary_claim_supported_with_minor_flags	false	main	14	L	L	identical_to_human	true	MSA/final_human_referenced_residue_agreement.tsv
ambystoma_mexicanum	IIIb	IIIb	IIIb	primary_claim_supported_with_minor_flags	false	main	15	F	Y	conservative_substitution	false	MSA/final_human_referenced_residue_agreement.tsv
ambystoma_mexicanum	IIIb	IIIb	IIIb	primary_claim_supported_with_minor_flags	false	main	16	N	N	identical_to_human	false	MSA/final_human_referenced_residue_agreement.tsv
ambystoma_mexicanum	IIIb	IIIb	IIIb	primary_claim_supported_with_minor_flags	false	main	17	V	V	identical_to_human	false	MSA/final_human_referenced_residue_agreement.tsv
ambystoma_mexicanum	IIIb	IIIb	IIIb	primary_claim_supported_with_minor_flags	false	main	18	T	T	identical_to_human	false	MSA/final_human_referenced_residue_agreement.tsv
ambystoma_mexicanum	IIIb	IIIb	IIIb	primary_claim_supported_with_minor_flags	false	main	19	E	V	nonconservative_substitution	true	MSA/final_human_referenced_residue_agreement.tsv
ambystoma_mexicanum	IIIb	IIIb	IIIb	primary_claim_supported_with_minor_flags	false	main	20	A	A	identical_to_human	false	MSA/final_human_referenced_residue_agreement.tsv
ambystoma_mexicanum	IIIb	IIIb	IIIb	primary_claim_supported_with_minor_flags	false	main	21	D	D	identical_to_human	false	MSA/final_human_referenced_residue_agreement.tsv
ambystoma_mexicanum	IIIb	IIIb	IIIb	primary_claim_supported_with_minor_flags	false	main	22	A	E	nonconservative_substitution	false	MSA/final_human_referenced_residue_agreement.tsv
ambystoma_mexicanum	IIIb	IIIb	IIIb	primary_claim_supported_with_minor_flags	false	main	23	G	G	identical_to_human	false	MSA/final_human_referenced_residue_agreement.tsv
ambystoma_mexicanum	IIIb	IIIb	IIIb	primary_claim_supported_with_minor_flags	false	main	24	E	K	conservative_substitution	false	MSA/final_human_referenced_residue_agreement.tsv
ambystoma_mexicanum	IIIb	IIIb	IIIb	primary_claim_supported_with_minor_flags	false	main	25	Y	Y	identical_to_human	false	MSA/final_human_referenced_residue_agreement.tsv
ambystoma_mexicanum	IIIb	IIIb	IIIb	primary_claim_supported_with_minor_flags	false	main	26	I	I	identical_to_human	true	MSA/final_human_referenced_residue_agreement.tsv
ambystoma_mexicanum	IIIb	IIIb	IIIb	primary_claim_supported_with_minor_flags	false	main	27	C	C	identical_to_human	false	MSA/final_human_referenced_residue_agreement.tsv
ambystoma_mexicanum	IIIb	IIIb	IIIb	primary_claim_supported_with_minor_flags	false	main	28	K	K	identical_to_human	true	MSA/final_human_referenced_residue_agreement.tsv
ambystoma_mexicanum	IIIb	IIIb	IIIb	primary_claim_supported_with_minor_flags	false	main	29	V	V	identical_to_human	true	MSA/final_human_referenced_residue_agreement.tsv
ambystoma_mexicanum	IIIb	IIIb	IIIb	primary_claim_supported_with_minor_flags	false	main	30	S	S	identical_to_human	true	MSA/final_human_referenced_residue_agreement.tsv
ambystoma_mexicanum	IIIb	IIIb	IIIb	primary_claim_supported_with_minor_flags	false	main	31	N	N	identical_to_human	false	MSA/final_human_referenced_residue_agreement.tsv
ambystoma_mexicanum	IIIb	IIIb	IIIb	primary_claim_supported_with_minor_flags	false	main	32	Y	Y	identical_to_human	true	MSA/final_human_referenced_residue_agreement.tsv
ambystoma_mexicanum	IIIb	IIIb	IIIb	primary_claim_supported_with_minor_flags	false	main	33	I	I	identical_to_human	false	MSA/final_human_referenced_residue_agreement.tsv
ambystoma_mexicanum	IIIb	IIIb	IIIb	primary_claim_supported_with_minor_flags	false	main	34	G	G	identical_to_human	false	MSA/final_human_referenced_residue_agreement.tsv
ambystoma_mexicanum	IIIb	IIIb	IIIb	primary_claim_supported_with_minor_flags	false	main	35	Q	E	conservative_substitution	false	MSA/final_human_referenced_residue_agreement.tsv
ambystoma_mexicanum	IIIb	IIIb	IIIb	primary_claim_supported_with_minor_flags	false	main	36	A	A	identical_to_human	true	MSA/final_human_referenced_residue_agreement.tsv
ambystoma_mexicanum	IIIb	IIIb	IIIb	primary_claim_supported_with_minor_flags	false	main	37	N	N	identical_to_human	true	MSA/final_human_referenced_residue_agreement.tsv
ambystoma_mexicanum	IIIb	IIIb	IIIb	primary_claim_supported_with_minor_flags	false	main	38	Q	Q	identical_to_human	true	MSA/final_human_referenced_residue_agreement.tsv
ambystoma_mexicanum	IIIb	IIIb	IIIb	primary_claim_supported_with_minor_flags	false	main	39	S	S	identical_to_human	false	MSA/final_human_referenced_residue_agreement.tsv
ambystoma_mexicanum	IIIb	IIIb	IIIb	primary_claim_supported_with_minor_flags	false	main	40	A	A	identical_to_human	false	MSA/final_human_referenced_residue_agreement.tsv
ambystoma_mexicanum	IIIb	IIIb	IIIb	primary_claim_supported_with_minor_flags	false	main	41	W	W	identical_to_human	false	MSA/final_human_referenced_residue_agreement.tsv
ambystoma_mexicanum	IIIb	IIIb	IIIb	primary_claim_supported_with_minor_flags	false	main	42	L	L	identical_to_human	false	MSA/final_human_referenced_residue_agreement.tsv
ambystoma_mexicanum	IIIb	IIIb	IIIb	primary_claim_supported_with_minor_flags	false	main	43	T	T	identical_to_human	false	MSA/final_human_referenced_residue_agreement.tsv
ambystoma_mexicanum	IIIb	IIIb	IIIb	primary_claim_supported_with_minor_flags	false	main	44	V	V	identical_to_human	false	MSA/final_human_referenced_residue_agreement.tsv
ambystoma_mexicanum	IIIb	IIIb	IIIb	primary_claim_supported_with_minor_flags	false	main	45	L	L	identical_to_human	false	MSA/final_human_referenced_residue_agreement.tsv
ambystoma_mexicanum	IIIb	IIIb	IIIb	primary_claim_supported_with_minor_flags	false	main	46	P	P	identical_to_human	false	MSA/final_human_referenced_residue_agreement.tsv
ambystoma_mexicanum	IIIc	IIIc	IIIc	primary_claim_supported_with_minor_flags	false	main	1	A	A	identical_to_human	true	MSA/final_human_referenced_residue_agreement.tsv
ambystoma_mexicanum	IIIc	IIIc	IIIc	primary_claim_supported_with_minor_flags	false	main	2	A	A	identical_to_human	true	MSA/final_human_referenced_residue_agreement.tsv
ambystoma_mexicanum	IIIc	IIIc	IIIc	primary_claim_supported_with_minor_flags	false	main	3	G	G	identical_to_human	false	MSA/final_human_referenced_residue_agreement.tsv
ambystoma_mexicanum	IIIc	IIIc	IIIc	primary_claim_supported_with_minor_flags	false	main	4	V	V	identical_to_human	true	MSA/final_human_referenced_residue_agreement.tsv
ambystoma_mexicanum	IIIc	IIIc	IIIc	primary_claim_supported_with_minor_flags	false	main	5	N	N	identical_to_human	false	MSA/final_human_referenced_residue_agreement.tsv
ambystoma_mexicanum	IIIc	IIIc	IIIc	primary_claim_supported_with_minor_flags	false	main	6	T	T	identical_to_human	true	MSA/final_human_referenced_residue_agreement.tsv
ambystoma_mexicanum	IIIc	IIIc	IIIc	primary_claim_supported_with_minor_flags	false	main	7	T	T	identical_to_human	true	MSA/final_human_referenced_residue_agreement.tsv
ambystoma_mexicanum	IIIc	IIIc	IIIc	primary_claim_supported_with_minor_flags	false	main	8	D	D	identical_to_human	true	MSA/final_human_referenced_residue_agreement.tsv
ambystoma_mexicanum	IIIc	IIIc	IIIc	primary_claim_supported_with_minor_flags	false	main	9	K	K	identical_to_human	true	MSA/final_human_referenced_residue_agreement.tsv
ambystoma_mexicanum	IIIc	IIIc	IIIc	primary_claim_supported_with_minor_flags	false	main	10	E	E	identical_to_human	true	MSA/final_human_referenced_residue_agreement.tsv
ambystoma_mexicanum	IIIc	IIIc	IIIc	primary_claim_supported_with_minor_flags	false	main	11	I	I	identical_to_human	false	MSA/final_human_referenced_residue_agreement.tsv
ambystoma_mexicanum	IIIc	IIIc	IIIc	primary_claim_supported_with_minor_flags	false	main	12	E	E	identical_to_human	false	MSA/final_human_referenced_residue_agreement.tsv
ambystoma_mexicanum	IIIc	IIIc	IIIc	primary_claim_supported_with_minor_flags	false	main	13	V	V	identical_to_human	false	MSA/final_human_referenced_residue_agreement.tsv
ambystoma_mexicanum	IIIc	IIIc	IIIc	primary_claim_supported_with_minor_flags	false	main	14	L	L	identical_to_human	true	MSA/final_human_referenced_residue_agreement.tsv
ambystoma_mexicanum	IIIc	IIIc	IIIc	primary_claim_supported_with_minor_flags	false	main	15	Y	Y	identical_to_human	false	MSA/final_human_referenced_residue_agreement.tsv
ambystoma_mexicanum	IIIc	IIIc	IIIc	primary_claim_supported_with_minor_flags	false	main	16	I	V	conservative_substitution	false	MSA/final_human_referenced_residue_agreement.tsv
ambystoma_mexicanum	IIIc	IIIc	IIIc	primary_claim_supported_with_minor_flags	false	main	17	R	R	identical_to_human	false	MSA/final_human_referenced_residue_agreement.tsv
ambystoma_mexicanum	IIIc	IIIc	IIIc	primary_claim_supported_with_minor_flags	false	main	18	N	N	identical_to_human	false	MSA/final_human_referenced_residue_agreement.tsv
ambystoma_mexicanum	IIIc	IIIc	IIIc	primary_claim_supported_with_minor_flags	false	main	19	V	V	identical_to_human	true	MSA/final_human_referenced_residue_agreement.tsv
ambystoma_mexicanum	IIIc	IIIc	IIIc	primary_claim_supported_with_minor_flags	false	main	20	T	S	conservative_substitution	false	MSA/final_human_referenced_residue_agreement.tsv
ambystoma_mexicanum	IIIc	IIIc	IIIc	primary_claim_supported_with_minor_flags	false	main	21	F	F	identical_to_human	false	MSA/final_human_referenced_residue_agreement.tsv
ambystoma_mexicanum	IIIc	IIIc	IIIc	primary_claim_supported_with_minor_flags	false	main	22	E	E	identical_to_human	false	MSA/final_human_referenced_residue_agreement.tsv
ambystoma_mexicanum	IIIc	IIIc	IIIc	primary_claim_supported_with_minor_flags	false	main	23	D	D	identical_to_human	false	MSA/final_human_referenced_residue_agreement.tsv
ambystoma_mexicanum	IIIc	IIIc	IIIc	primary_claim_supported_with_minor_flags	false	main	24	A	A	identical_to_human	false	MSA/final_human_referenced_residue_agreement.tsv
ambystoma_mexicanum	IIIc	IIIc	IIIc	primary_claim_supported_with_minor_flags	false	main	25	G	G	identical_to_human	false	MSA/final_human_referenced_residue_agreement.tsv
ambystoma_mexicanum	IIIc	IIIc	IIIc	primary_claim_supported_with_minor_flags	false	main	26	E	E	identical_to_human	true	MSA/final_human_referenced_residue_agreement.tsv
ambystoma_mexicanum	IIIc	IIIc	IIIc	primary_claim_supported_with_minor_flags	false	main	27	Y	Y	identical_to_human	false	MSA/final_human_referenced_residue_agreement.tsv
ambystoma_mexicanum	IIIc	IIIc	IIIc	primary_claim_supported_with_minor_flags	false	main	28	T	T	identical_to_human	true	MSA/final_human_referenced_residue_agreement.tsv
ambystoma_mexicanum	IIIc	IIIc	IIIc	primary_claim_supported_with_minor_flags	false	main	29	C	C	identical_to_human	true	MSA/final_human_referenced_residue_agreement.tsv
ambystoma_mexicanum	IIIc	IIIc	IIIc	primary_claim_supported_with_minor_flags	false	main	30	L	L	identical_to_human	true	MSA/final_human_referenced_residue_agreement.tsv
ambystoma_mexicanum	IIIc	IIIc	IIIc	primary_claim_supported_with_minor_flags	false	main	31	A	A	identical_to_human	false	MSA/final_human_referenced_residue_agreement.tsv
ambystoma_mexicanum	IIIc	IIIc	IIIc	primary_claim_supported_with_minor_flags	false	main	32	G	G	identical_to_human	true	MSA/final_human_referenced_residue_agreement.tsv
ambystoma_mexicanum	IIIc	IIIc	IIIc	primary_claim_supported_with_minor_flags	false	main	33	N	N	identical_to_human	false	MSA/final_human_referenced_residue_agreement.tsv
ambystoma_mexicanum	IIIc	IIIc	IIIc	primary_claim_supported_with_minor_flags	false	main	34	S	S	identical_to_human	false	MSA/final_human_referenced_residue_agreement.tsv
ambystoma_mexicanum	IIIc	IIIc	IIIc	primary_claim_supported_with_minor_flags	false	main	35	I	I	identical_to_human	false	MSA/final_human_referenced_residue_agreement.tsv
ambystoma_mexicanum	IIIc	IIIc	IIIc	primary_claim_supported_with_minor_flags	false	main	36	G	G	identical_to_human	true	MSA/final_human_referenced_residue_agreement.tsv
ambystoma_mexicanum	IIIc	IIIc	IIIc	primary_claim_supported_with_minor_flags	false	main	37	I	I	identical_to_human	true	MSA/final_human_referenced_residue_agreement.tsv
ambystoma_mexicanum	IIIc	IIIc	IIIc	primary_claim_supported_with_minor_flags	false	main	38	S	S	identical_to_human	true	MSA/final_human_referenced_residue_agreement.tsv
ambystoma_mexicanum	IIIc	IIIc	IIIc	primary_claim_supported_with_minor_flags	false	main	39	F	Y	conservative_substitution	false	MSA/final_human_referenced_residue_agreement.tsv
ambystoma_mexicanum	IIIc	IIIc	IIIc	primary_claim_supported_with_minor_flags	false	main	40	H	H	identical_to_human	false	MSA/final_human_referenced_residue_agreement.tsv
ambystoma_mexicanum	IIIc	IIIc	IIIc	primary_claim_supported_with_minor_flags	false	main	41	S	S	identical_to_human	false	MSA/final_human_referenced_residue_agreement.tsv
ambystoma_mexicanum	IIIc	IIIc	IIIc	primary_claim_supported_with_minor_flags	false	main	42	A	A	identical_to_human	false	MSA/final_human_referenced_residue_agreement.tsv
ambystoma_mexicanum	IIIc	IIIc	IIIc	primary_claim_supported_with_minor_flags	false	main	43	W	W	identical_to_human	false	MSA/final_human_referenced_residue_agreement.tsv
ambystoma_mexicanum	IIIc	IIIc	IIIc	primary_claim_supported_with_minor_flags	false	main	44	L	L	identical_to_human	false	MSA/final_human_referenced_residue_agreement.tsv
ambystoma_mexicanum	IIIc	IIIc	IIIc	primary_claim_supported_with_minor_flags	false	main	45	T	T	identical_to_human	false	MSA/final_human_referenced_residue_agreement.tsv
ambystoma_mexicanum	IIIc	IIIc	IIIc	primary_claim_supported_with_minor_flags	false	main	46	V	V	identical_to_human	false	MSA/final_human_referenced_residue_agreement.tsv
ambystoma_mexicanum	IIIc	IIIc	IIIc	primary_claim_supported_with_minor_flags	false	main	47	L	L	identical_to_human	false	MSA/final_human_referenced_residue_agreement.tsv
ambystoma_mexicanum	IIIc	IIIc	IIIc	primary_claim_supported_with_minor_flags	false	main	48	P	P	identical_to_human	false	MSA/final_human_referenced_residue_agreement.tsv
xenopus_tropicalis	IIIb	IIIb	IIIb	primary_claim_supported_with_minor_flags	false	main	1	H		gap_or_missing	true	MSA/final_human_referenced_residue_agreement.tsv
xenopus_tropicalis	IIIb	IIIb	IIIb	primary_claim_supported_with_minor_flags	false	main	2	S	S	identical_to_human	true	MSA/final_human_referenced_residue_agreement.tsv
xenopus_tropicalis	IIIb	IIIb	IIIb	primary_claim_supported_with_minor_flags	false	main	3	G	G	identical_to_human	false	MSA/final_human_referenced_residue_agreement.tsv
xenopus_tropicalis	IIIb	IIIb	IIIb	primary_claim_supported_with_minor_flags	false	main	4	I	I	identical_to_human	true	MSA/final_human_referenced_residue_agreement.tsv
xenopus_tropicalis	IIIb	IIIb	IIIb	primary_claim_supported_with_minor_flags	false	main	5	N	N	identical_to_human	false	MSA/final_human_referenced_residue_agreement.tsv
xenopus_tropicalis	IIIb	IIIb	IIIb	primary_claim_supported_with_minor_flags	false	main	6	S	S	identical_to_human	true	MSA/final_human_referenced_residue_agreement.tsv
xenopus_tropicalis	IIIb	IIIb	IIIb	primary_claim_supported_with_minor_flags	false	main	7	S	S	identical_to_human	true	MSA/final_human_referenced_residue_agreement.tsv
xenopus_tropicalis	IIIb	IIIb	IIIb	primary_claim_supported_with_minor_flags	false	main	8	N	S	conservative_substitution	true	MSA/final_human_referenced_residue_agreement.tsv
xenopus_tropicalis	IIIb	IIIb	IIIb	primary_claim_supported_with_minor_flags	false	main	9	A	A	identical_to_human	true	MSA/final_human_referenced_residue_agreement.tsv
xenopus_tropicalis	IIIb	IIIb	IIIb	primary_claim_supported_with_minor_flags	false	main	10	E	E	identical_to_human	true	MSA/final_human_referenced_residue_agreement.tsv
xenopus_tropicalis	IIIb	IIIb	IIIb	primary_claim_supported_with_minor_flags	false	main	11	V	V	identical_to_human	false	MSA/final_human_referenced_residue_agreement.tsv
xenopus_tropicalis	IIIb	IIIb	IIIb	primary_claim_supported_with_minor_flags	false	main	12	L	L	identical_to_human	false	MSA/final_human_referenced_residue_agreement.tsv
xenopus_tropicalis	IIIb	IIIb	IIIb	primary_claim_supported_with_minor_flags	false	main	13	A	K	nonconservative_substitution	false	MSA/final_human_referenced_residue_agreement.tsv
xenopus_tropicalis	IIIb	IIIb	IIIb	primary_claim_supported_with_minor_flags	false	main	14	L	L	identical_to_human	true	MSA/final_human_referenced_residue_agreement.tsv
xenopus_tropicalis	IIIb	IIIb	IIIb	primary_claim_supported_with_minor_flags	false	main	15	F	Y	conservative_substitution	false	MSA/final_human_referenced_residue_agreement.tsv
xenopus_tropicalis	IIIb	IIIb	IIIb	primary_claim_supported_with_minor_flags	false	main	16	N	N	identical_to_human	false	MSA/final_human_referenced_residue_agreement.tsv
xenopus_tropicalis	IIIb	IIIb	IIIb	primary_claim_supported_with_minor_flags	false	main	17	V	V	identical_to_human	false	MSA/final_human_referenced_residue_agreement.tsv
xenopus_tropicalis	IIIb	IIIb	IIIb	primary_claim_supported_with_minor_flags	false	main	18	T	T	identical_to_human	false	MSA/final_human_referenced_residue_agreement.tsv
xenopus_tropicalis	IIIb	IIIb	IIIb	primary_claim_supported_with_minor_flags	false	main	19	E	E	identical_to_human	true	MSA/final_human_referenced_residue_agreement.tsv
xenopus_tropicalis	IIIb	IIIb	IIIb	primary_claim_supported_with_minor_flags	false	main	20	A	E	nonconservative_substitution	false	MSA/final_human_referenced_residue_agreement.tsv
xenopus_tropicalis	IIIb	IIIb	IIIb	primary_claim_supported_with_minor_flags	false	main	21	D	D	identical_to_human	false	MSA/final_human_referenced_residue_agreement.tsv
xenopus_tropicalis	IIIb	IIIb	IIIb	primary_claim_supported_with_minor_flags	false	main	22	A	A	identical_to_human	false	MSA/final_human_referenced_residue_agreement.tsv
xenopus_tropicalis	IIIb	IIIb	IIIb	primary_claim_supported_with_minor_flags	false	main	23	G	G	identical_to_human	false	MSA/final_human_referenced_residue_agreement.tsv
xenopus_tropicalis	IIIb	IIIb	IIIb	primary_claim_supported_with_minor_flags	false	main	24	E	E	identical_to_human	false	MSA/final_human_referenced_residue_agreement.tsv
xenopus_tropicalis	IIIb	IIIb	IIIb	primary_claim_supported_with_minor_flags	false	main	25	Y	Y	identical_to_human	false	MSA/final_human_referenced_residue_agreement.tsv
xenopus_tropicalis	IIIb	IIIb	IIIb	primary_claim_supported_with_minor_flags	false	main	26	I	I	identical_to_human	true	MSA/final_human_referenced_residue_agreement.tsv
xenopus_tropicalis	IIIb	IIIb	IIIb	primary_claim_supported_with_minor_flags	false	main	27	C	C	identical_to_human	false	MSA/final_human_referenced_residue_agreement.tsv
xenopus_tropicalis	IIIb	IIIb	IIIb	primary_claim_supported_with_minor_flags	false	main	28	K	A	nonconservative_substitution	true	MSA/final_human_referenced_residue_agreement.tsv
xenopus_tropicalis	IIIb	IIIb	IIIb	primary_claim_supported_with_minor_flags	false	main	29	V	V	identical_to_human	true	MSA/final_human_referenced_residue_agreement.tsv
xenopus_tropicalis	IIIb	IIIb	IIIb	primary_claim_supported_with_minor_flags	false	main	30	S	S	identical_to_human	true	MSA/final_human_referenced_residue_agreement.tsv
xenopus_tropicalis	IIIb	IIIb	IIIb	primary_claim_supported_with_minor_flags	false	main	31	N	N	identical_to_human	false	MSA/final_human_referenced_residue_agreement.tsv
xenopus_tropicalis	IIIb	IIIb	IIIb	primary_claim_supported_with_minor_flags	false	main	32	Y	Y	identical_to_human	true	MSA/final_human_referenced_residue_agreement.tsv
xenopus_tropicalis	IIIb	IIIb	IIIb	primary_claim_supported_with_minor_flags	false	main	33	I	I	identical_to_human	false	MSA/final_human_referenced_residue_agreement.tsv
xenopus_tropicalis	IIIb	IIIb	IIIb	primary_claim_supported_with_minor_flags	false	main	34	G	G	identical_to_human	false	MSA/final_human_referenced_residue_agreement.tsv
xenopus_tropicalis	IIIb	IIIb	IIIb	primary_claim_supported_with_minor_flags	false	main	35	Q	E	conservative_substitution	false	MSA/final_human_referenced_residue_agreement.tsv
xenopus_tropicalis	IIIb	IIIb	IIIb	primary_claim_supported_with_minor_flags	false	main	36	A	A	identical_to_human	true	MSA/final_human_referenced_residue_agreement.tsv
xenopus_tropicalis	IIIb	IIIb	IIIb	primary_claim_supported_with_minor_flags	false	main	37	N	N	identical_to_human	true	MSA/final_human_referenced_residue_agreement.tsv
xenopus_tropicalis	IIIb	IIIb	IIIb	primary_claim_supported_with_minor_flags	false	main	38	Q	K	conservative_substitution	true	MSA/final_human_referenced_residue_agreement.tsv
xenopus_tropicalis	IIIb	IIIb	IIIb	primary_claim_supported_with_minor_flags	false	main	39	S	S	identical_to_human	false	MSA/final_human_referenced_residue_agreement.tsv
xenopus_tropicalis	IIIb	IIIb	IIIb	primary_claim_supported_with_minor_flags	false	main	40	A	A	identical_to_human	false	MSA/final_human_referenced_residue_agreement.tsv
xenopus_tropicalis	IIIb	IIIb	IIIb	primary_claim_supported_with_minor_flags	false	main	41	W	W	identical_to_human	false	MSA/final_human_referenced_residue_agreement.tsv
xenopus_tropicalis	IIIb	IIIb	IIIb	primary_claim_supported_with_minor_flags	false	main	42	L	L	identical_to_human	false	MSA/final_human_referenced_residue_agreement.tsv
xenopus_tropicalis	IIIb	IIIb	IIIb	primary_claim_supported_with_minor_flags	false	main	43	T	T	identical_to_human	false	MSA/final_human_referenced_residue_agreement.tsv
xenopus_tropicalis	IIIb	IIIb	IIIb	primary_claim_supported_with_minor_flags	false	main	44	V	V	identical_to_human	false	MSA/final_human_referenced_residue_agreement.tsv
xenopus_tropicalis	IIIb	IIIb	IIIb	primary_claim_supported_with_minor_flags	false	main	45	L		gap_or_missing	false	MSA/final_human_referenced_residue_agreement.tsv
xenopus_tropicalis	IIIb	IIIb	IIIb	primary_claim_supported_with_minor_flags	false	main	46	P		gap_or_missing	false	MSA/final_human_referenced_residue_agreement.tsv
xenopus_tropicalis	IIIc	IIIc	IIIc	primary_claim_supported_with_minor_flags	false	main	1	A	A	identical_to_human	true	MSA/final_human_referenced_residue_agreement.tsv
xenopus_tropicalis	IIIc	IIIc	IIIc	primary_claim_supported_with_minor_flags	false	main	2	A	A	identical_to_human	true	MSA/final_human_referenced_residue_agreement.tsv
xenopus_tropicalis	IIIc	IIIc	IIIc	primary_claim_supported_with_minor_flags	false	main	3	G	G	identical_to_human	false	MSA/final_human_referenced_residue_agreement.tsv
xenopus_tropicalis	IIIc	IIIc	IIIc	primary_claim_supported_with_minor_flags	false	main	4	V	V	identical_to_human	true	MSA/final_human_referenced_residue_agreement.tsv
xenopus_tropicalis	IIIc	IIIc	IIIc	primary_claim_supported_with_minor_flags	false	main	5	N	N	identical_to_human	false	MSA/final_human_referenced_residue_agreement.tsv
xenopus_tropicalis	IIIc	IIIc	IIIc	primary_claim_supported_with_minor_flags	false	main	6	T	V	nonconservative_substitution	true	MSA/final_human_referenced_residue_agreement.tsv
xenopus_tropicalis	IIIc	IIIc	IIIc	primary_claim_supported_with_minor_flags	false	main	7	T	T	identical_to_human	true	MSA/final_human_referenced_residue_agreement.tsv
xenopus_tropicalis	IIIc	IIIc	IIIc	primary_claim_supported_with_minor_flags	false	main	8	D	D	identical_to_human	true	MSA/final_human_referenced_residue_agreement.tsv
xenopus_tropicalis	IIIc	IIIc	IIIc	primary_claim_supported_with_minor_flags	false	main	9	K	E	conservative_substitution	true	MSA/final_human_referenced_residue_agreement.tsv
xenopus_tropicalis	IIIc	IIIc	IIIc	primary_claim_supported_with_minor_flags	false	main	10	E	E	identical_to_human	true	MSA/final_human_referenced_residue_agreement.tsv
xenopus_tropicalis	IIIc	IIIc	IIIc	primary_claim_supported_with_minor_flags	false	main	11	I	I	identical_to_human	false	MSA/final_human_referenced_residue_agreement.tsv
xenopus_tropicalis	IIIc	IIIc	IIIc	primary_claim_supported_with_minor_flags	false	main	12	E	E	identical_to_human	false	MSA/final_human_referenced_residue_agreement.tsv
xenopus_tropicalis	IIIc	IIIc	IIIc	primary_claim_supported_with_minor_flags	false	main	13	V	V	identical_to_human	false	MSA/final_human_referenced_residue_agreement.tsv
xenopus_tropicalis	IIIc	IIIc	IIIc	primary_claim_supported_with_minor_flags	false	main	14	L	L	identical_to_human	true	MSA/final_human_referenced_residue_agreement.tsv
xenopus_tropicalis	IIIc	IIIc	IIIc	primary_claim_supported_with_minor_flags	false	main	15	Y	Y	identical_to_human	false	MSA/final_human_referenced_residue_agreement.tsv
xenopus_tropicalis	IIIc	IIIc	IIIc	primary_claim_supported_with_minor_flags	false	main	16	I	V	conservative_substitution	false	MSA/final_human_referenced_residue_agreement.tsv
xenopus_tropicalis	IIIc	IIIc	IIIc	primary_claim_supported_with_minor_flags	false	main	17	R	R	identical_to_human	false	MSA/final_human_referenced_residue_agreement.tsv
xenopus_tropicalis	IIIc	IIIc	IIIc	primary_claim_supported_with_minor_flags	false	main	18	N	N	identical_to_human	false	MSA/final_human_referenced_residue_agreement.tsv
xenopus_tropicalis	IIIc	IIIc	IIIc	primary_claim_supported_with_minor_flags	false	main	19	V	V	identical_to_human	true	MSA/final_human_referenced_residue_agreement.tsv
xenopus_tropicalis	IIIc	IIIc	IIIc	primary_claim_supported_with_minor_flags	false	main	20	T	S	conservative_substitution	false	MSA/final_human_referenced_residue_agreement.tsv
xenopus_tropicalis	IIIc	IIIc	IIIc	primary_claim_supported_with_minor_flags	false	main	21	F	F	identical_to_human	false	MSA/final_human_referenced_residue_agreement.tsv
xenopus_tropicalis	IIIc	IIIc	IIIc	primary_claim_supported_with_minor_flags	false	main	22	E	E	identical_to_human	false	MSA/final_human_referenced_residue_agreement.tsv
xenopus_tropicalis	IIIc	IIIc	IIIc	primary_claim_supported_with_minor_flags	false	main	23	D	D	identical_to_human	false	MSA/final_human_referenced_residue_agreement.tsv
xenopus_tropicalis	IIIc	IIIc	IIIc	primary_claim_supported_with_minor_flags	false	main	24	A	A	identical_to_human	false	MSA/final_human_referenced_residue_agreement.tsv
xenopus_tropicalis	IIIc	IIIc	IIIc	primary_claim_supported_with_minor_flags	false	main	25	G	G	identical_to_human	false	MSA/final_human_referenced_residue_agreement.tsv
xenopus_tropicalis	IIIc	IIIc	IIIc	primary_claim_supported_with_minor_flags	false	main	26	E	E	identical_to_human	true	MSA/final_human_referenced_residue_agreement.tsv
xenopus_tropicalis	IIIc	IIIc	IIIc	primary_claim_supported_with_minor_flags	false	main	27	Y	Y	identical_to_human	false	MSA/final_human_referenced_residue_agreement.tsv
xenopus_tropicalis	IIIc	IIIc	IIIc	primary_claim_supported_with_minor_flags	false	main	28	T	T	identical_to_human	true	MSA/final_human_referenced_residue_agreement.tsv
xenopus_tropicalis	IIIc	IIIc	IIIc	primary_claim_supported_with_minor_flags	false	main	29	C	C	identical_to_human	true	MSA/final_human_referenced_residue_agreement.tsv
xenopus_tropicalis	IIIc	IIIc	IIIc	primary_claim_supported_with_minor_flags	false	main	30	L	I	conservative_substitution	true	MSA/final_human_referenced_residue_agreement.tsv
xenopus_tropicalis	IIIc	IIIc	IIIc	primary_claim_supported_with_minor_flags	false	main	31	A	A	identical_to_human	false	MSA/final_human_referenced_residue_agreement.tsv
xenopus_tropicalis	IIIc	IIIc	IIIc	primary_claim_supported_with_minor_flags	false	main	32	G	G	identical_to_human	true	MSA/final_human_referenced_residue_agreement.tsv
xenopus_tropicalis	IIIc	IIIc	IIIc	primary_claim_supported_with_minor_flags	false	main	33	N	N	identical_to_human	false	MSA/final_human_referenced_residue_agreement.tsv
xenopus_tropicalis	IIIc	IIIc	IIIc	primary_claim_supported_with_minor_flags	false	main	34	S	S	identical_to_human	false	MSA/final_human_referenced_residue_agreement.tsv
xenopus_tropicalis	IIIc	IIIc	IIIc	primary_claim_supported_with_minor_flags	false	main	35	I	I	identical_to_human	false	MSA/final_human_referenced_residue_agreement.tsv
xenopus_tropicalis	IIIc	IIIc	IIIc	primary_claim_supported_with_minor_flags	false	main	36	G	G	identical_to_human	true	MSA/final_human_referenced_residue_agreement.tsv
xenopus_tropicalis	IIIc	IIIc	IIIc	primary_claim_supported_with_minor_flags	false	main	37	I	I	identical_to_human	true	MSA/final_human_referenced_residue_agreement.tsv
xenopus_tropicalis	IIIc	IIIc	IIIc	primary_claim_supported_with_minor_flags	false	main	38	S	S	identical_to_human	true	MSA/final_human_referenced_residue_agreement.tsv
xenopus_tropicalis	IIIc	IIIc	IIIc	primary_claim_supported_with_minor_flags	false	main	39	F	Q	nonconservative_substitution	false	MSA/final_human_referenced_residue_agreement.tsv
xenopus_tropicalis	IIIc	IIIc	IIIc	primary_claim_supported_with_minor_flags	false	main	40	H	H	identical_to_human	false	MSA/final_human_referenced_residue_agreement.tsv
xenopus_tropicalis	IIIc	IIIc	IIIc	primary_claim_supported_with_minor_flags	false	main	41	S	S	identical_to_human	false	MSA/final_human_referenced_residue_agreement.tsv
xenopus_tropicalis	IIIc	IIIc	IIIc	primary_claim_supported_with_minor_flags	false	main	42	A	A	identical_to_human	false	MSA/final_human_referenced_residue_agreement.tsv
xenopus_tropicalis	IIIc	IIIc	IIIc	primary_claim_supported_with_minor_flags	false	main	43	W	W	identical_to_human	false	MSA/final_human_referenced_residue_agreement.tsv
xenopus_tropicalis	IIIc	IIIc	IIIc	primary_claim_supported_with_minor_flags	false	main	44	L	L	identical_to_human	false	MSA/final_human_referenced_residue_agreement.tsv
xenopus_tropicalis	IIIc	IIIc	IIIc	primary_claim_supported_with_minor_flags	false	main	45	T	T	identical_to_human	false	MSA/final_human_referenced_residue_agreement.tsv
xenopus_tropicalis	IIIc	IIIc	IIIc	primary_claim_supported_with_minor_flags	false	main	46	V	V	identical_to_human	false	MSA/final_human_referenced_residue_agreement.tsv
xenopus_tropicalis	IIIc	IIIc	IIIc	primary_claim_supported_with_minor_flags	false	main	47	L	H	nonconservative_substitution	false	MSA/final_human_referenced_residue_agreement.tsv
xenopus_tropicalis	IIIc	IIIc	IIIc	primary_claim_supported_with_minor_flags	false	main	48	P	P	identical_to_human	false	MSA/final_human_referenced_residue_agreement.tsv
danio_rerio	IIIb	IIIb	IIIb	primary_claim_supported_with_minor_flags	false	main	1	H		gap_or_missing	true	MSA/final_human_referenced_residue_agreement.tsv
danio_rerio	IIIb	IIIb	IIIb	primary_claim_supported_with_minor_flags	false	main	2	S	S	identical_to_human	true	MSA/final_human_referenced_residue_agreement.tsv
danio_rerio	IIIb	IIIb	IIIb	primary_claim_supported_with_minor_flags	false	main	3	G	G	identical_to_human	false	MSA/final_human_referenced_residue_agreement.tsv
danio_rerio	IIIb	IIIb	IIIb	primary_claim_supported_with_minor_flags	false	main	4	I	I	identical_to_human	true	MSA/final_human_referenced_residue_agreement.tsv
danio_rerio	IIIb	IIIb	IIIb	primary_claim_supported_with_minor_flags	false	main	5	N	N	identical_to_human	false	MSA/final_human_referenced_residue_agreement.tsv
danio_rerio	IIIb	IIIb	IIIb	primary_claim_supported_with_minor_flags	false	main	6	S	S	identical_to_human	true	MSA/final_human_referenced_residue_agreement.tsv
danio_rerio	IIIb	IIIb	IIIb	primary_claim_supported_with_minor_flags	false	main	7	S	S	identical_to_human	true	MSA/final_human_referenced_residue_agreement.tsv
danio_rerio	IIIb	IIIb	IIIb	primary_claim_supported_with_minor_flags	false	main	8	N	D	conservative_substitution	true	MSA/final_human_referenced_residue_agreement.tsv
danio_rerio	IIIb	IIIb	IIIb	primary_claim_supported_with_minor_flags	false	main	9	A	V	nonconservative_substitution	true	MSA/final_human_referenced_residue_agreement.tsv
danio_rerio	IIIb	IIIb	IIIb	primary_claim_supported_with_minor_flags	false	main	10	E	E	identical_to_human	true	MSA/final_human_referenced_residue_agreement.tsv
danio_rerio	IIIb	IIIb	IIIb	primary_claim_supported_with_minor_flags	false	main	11	V	V	identical_to_human	false	MSA/final_human_referenced_residue_agreement.tsv
danio_rerio	IIIb	IIIb	IIIb	primary_claim_supported_with_minor_flags	false	main	12	L	L	identical_to_human	false	MSA/final_human_referenced_residue_agreement.tsv
danio_rerio	IIIb	IIIb	IIIb	primary_claim_supported_with_minor_flags	false	main	13	A	M	nonconservative_substitution	false	MSA/final_human_referenced_residue_agreement.tsv
danio_rerio	IIIb	IIIb	IIIb	primary_claim_supported_with_minor_flags	false	main	14	L	L	identical_to_human	true	MSA/final_human_referenced_residue_agreement.tsv
danio_rerio	IIIb	IIIb	IIIb	primary_claim_supported_with_minor_flags	false	main	15	F	T	nonconservative_substitution	false	MSA/final_human_referenced_residue_agreement.tsv
danio_rerio	IIIb	IIIb	IIIb	primary_claim_supported_with_minor_flags	false	main	16	N	N	identical_to_human	false	MSA/final_human_referenced_residue_agreement.tsv
danio_rerio	IIIb	IIIb	IIIb	primary_claim_supported_with_minor_flags	false	main	17	V	V	identical_to_human	false	MSA/final_human_referenced_residue_agreement.tsv
danio_rerio	IIIb	IIIb	IIIb	primary_claim_supported_with_minor_flags	false	main	18	T	T	identical_to_human	false	MSA/final_human_referenced_residue_agreement.tsv
danio_rerio	IIIb	IIIb	IIIb	primary_claim_supported_with_minor_flags	false	main	19	E	E	identical_to_human	true	MSA/final_human_referenced_residue_agreement.tsv
danio_rerio	IIIb	IIIb	IIIb	primary_claim_supported_with_minor_flags	false	main	20	A	E	nonconservative_substitution	false	MSA/final_human_referenced_residue_agreement.tsv
danio_rerio	IIIb	IIIb	IIIb	primary_claim_supported_with_minor_flags	false	main	21	D	D	identical_to_human	false	MSA/final_human_referenced_residue_agreement.tsv
danio_rerio	IIIb	IIIb	IIIb	primary_claim_supported_with_minor_flags	false	main	22	A	A	identical_to_human	false	MSA/final_human_referenced_residue_agreement.tsv
danio_rerio	IIIb	IIIb	IIIb	primary_claim_supported_with_minor_flags	false	main	23	G	G	identical_to_human	false	MSA/final_human_referenced_residue_agreement.tsv
danio_rerio	IIIb	IIIb	IIIb	primary_claim_supported_with_minor_flags	false	main	24	E	E	identical_to_human	false	MSA/final_human_referenced_residue_agreement.tsv
danio_rerio	IIIb	IIIb	IIIb	primary_claim_supported_with_minor_flags	false	main	25	Y	I	nonconservative_substitution	false	MSA/final_human_referenced_residue_agreement.tsv
danio_rerio	IIIb	IIIb	IIIb	primary_claim_supported_with_minor_flags	false	main	26	I	T	nonconservative_substitution	true	MSA/final_human_referenced_residue_agreement.tsv
danio_rerio	IIIb	IIIb	IIIb	primary_claim_supported_with_minor_flags	false	main	27	C	C	identical_to_human	false	MSA/final_human_referenced_residue_agreement.tsv
danio_rerio	IIIb	IIIb	IIIb	primary_claim_supported_with_minor_flags	false	main	28	K	K	identical_to_human	true	MSA/final_human_referenced_residue_agreement.tsv
danio_rerio	IIIb	IIIb	IIIb	primary_claim_supported_with_minor_flags	false	main	29	V	V	identical_to_human	true	MSA/final_human_referenced_residue_agreement.tsv
danio_rerio	IIIb	IIIb	IIIb	primary_claim_supported_with_minor_flags	false	main	30	S	S	identical_to_human	true	MSA/final_human_referenced_residue_agreement.tsv
danio_rerio	IIIb	IIIb	IIIb	primary_claim_supported_with_minor_flags	false	main	31	N	N	identical_to_human	false	MSA/final_human_referenced_residue_agreement.tsv
danio_rerio	IIIb	IIIb	IIIb	primary_claim_supported_with_minor_flags	false	main	32	Y	Y	identical_to_human	true	MSA/final_human_referenced_residue_agreement.tsv
danio_rerio	IIIb	IIIb	IIIb	primary_claim_supported_with_minor_flags	false	main	33	I	I	identical_to_human	false	MSA/final_human_referenced_residue_agreement.tsv
danio_rerio	IIIb	IIIb	IIIb	primary_claim_supported_with_minor_flags	false	main	34	G	G	identical_to_human	false	MSA/final_human_referenced_residue_agreement.tsv
danio_rerio	IIIb	IIIb	IIIb	primary_claim_supported_with_minor_flags	false	main	35	Q	E	conservative_substitution	false	MSA/final_human_referenced_residue_agreement.tsv
danio_rerio	IIIb	IIIb	IIIb	primary_claim_supported_with_minor_flags	false	main	36	A	A	identical_to_human	true	MSA/final_human_referenced_residue_agreement.tsv
danio_rerio	IIIb	IIIb	IIIb	primary_claim_supported_with_minor_flags	false	main	37	N	N	identical_to_human	true	MSA/final_human_referenced_residue_agreement.tsv
danio_rerio	IIIb	IIIb	IIIb	primary_claim_supported_with_minor_flags	false	main	38	Q	N	nonconservative_substitution	true	MSA/final_human_referenced_residue_agreement.tsv
danio_rerio	IIIb	IIIb	IIIb	primary_claim_supported_with_minor_flags	false	main	39	S	S	identical_to_human	false	MSA/final_human_referenced_residue_agreement.tsv
danio_rerio	IIIb	IIIb	IIIb	primary_claim_supported_with_minor_flags	false	main	40	A	C	nonconservative_substitution	false	MSA/final_human_referenced_residue_agreement.tsv
danio_rerio	IIIb	IIIb	IIIb	primary_claim_supported_with_minor_flags	false	main	41	W	W	identical_to_human	false	MSA/final_human_referenced_residue_agreement.tsv
danio_rerio	IIIb	IIIb	IIIb	primary_claim_supported_with_minor_flags	false	main	42	L	L	identical_to_human	false	MSA/final_human_referenced_residue_agreement.tsv
danio_rerio	IIIb	IIIb	IIIb	primary_claim_supported_with_minor_flags	false	main	43	T	I	nonconservative_substitution	false	MSA/final_human_referenced_residue_agreement.tsv
danio_rerio	IIIb	IIIb	IIIb	primary_claim_supported_with_minor_flags	false	main	44	V	V	identical_to_human	false	MSA/final_human_referenced_residue_agreement.tsv
danio_rerio	IIIb	IIIb	IIIb	primary_claim_supported_with_minor_flags	false	main	45	L	I	conservative_substitution	false	MSA/final_human_referenced_residue_agreement.tsv
danio_rerio	IIIb	IIIb	IIIb	primary_claim_supported_with_minor_flags	false	main	46	P	P	identical_to_human	false	MSA/final_human_referenced_residue_agreement.tsv
danio_rerio	IIIc	IIIc	IIIc	primary_claim_supported_with_minor_flags	false	main	1	A		gap_or_missing	true	MSA/final_human_referenced_residue_agreement.tsv
danio_rerio	IIIc	IIIc	IIIc	primary_claim_supported_with_minor_flags	false	main	2	A	A	identical_to_human	true	MSA/final_human_referenced_residue_agreement.tsv
danio_rerio	IIIc	IIIc	IIIc	primary_claim_supported_with_minor_flags	false	main	3	G	G	identical_to_human	false	MSA/final_human_referenced_residue_agreement.tsv
danio_rerio	IIIc	IIIc	IIIc	primary_claim_supported_with_minor_flags	false	main	4	V	V	identical_to_human	true	MSA/final_human_referenced_residue_agreement.tsv
danio_rerio	IIIc	IIIc	IIIc	primary_claim_supported_with_minor_flags	false	main	5	N	N	identical_to_human	false	MSA/final_human_referenced_residue_agreement.tsv
danio_rerio	IIIc	IIIc	IIIc	primary_claim_supported_with_minor_flags	false	main	6	T	T	identical_to_human	true	MSA/final_human_referenced_residue_agreement.tsv
danio_rerio	IIIc	IIIc	IIIc	primary_claim_supported_with_minor_flags	false	main	7	T	T	identical_to_human	true	MSA/final_human_referenced_residue_agreement.tsv
danio_rerio	IIIc	IIIc	IIIc	primary_claim_supported_with_minor_flags	false	main	8	D	D	identical_to_human	true	MSA/final_human_referenced_residue_agreement.tsv
danio_rerio	IIIc	IIIc	IIIc	primary_claim_supported_with_minor_flags	false	main	9	K	K	identical_to_human	true	MSA/final_human_referenced_residue_agreement.tsv
danio_rerio	IIIc	IIIc	IIIc	primary_claim_supported_with_minor_flags	false	main	10	E	E	identical_to_human	true	MSA/final_human_referenced_residue_agreement.tsv
danio_rerio	IIIc	IIIc	IIIc	primary_claim_supported_with_minor_flags	false	main	11	I	I	identical_to_human	false	MSA/final_human_referenced_residue_agreement.tsv
danio_rerio	IIIc	IIIc	IIIc	primary_claim_supported_with_minor_flags	false	main	12	E	E	identical_to_human	false	MSA/final_human_referenced_residue_agreement.tsv
danio_rerio	IIIc	IIIc	IIIc	primary_claim_supported_with_minor_flags	false	main	13	V	V	identical_to_human	false	MSA/final_human_referenced_residue_agreement.tsv
danio_rerio	IIIc	IIIc	IIIc	primary_claim_supported_with_minor_flags	false	main	14	L	L	identical_to_human	true	MSA/final_human_referenced_residue_agreement.tsv
danio_rerio	IIIc	IIIc	IIIc	primary_claim_supported_with_minor_flags	false	main	15	Y	Y	identical_to_human	false	MSA/final_human_referenced_residue_agreement.tsv
danio_rerio	IIIc	IIIc	IIIc	primary_claim_supported_with_minor_flags	false	main	16	I	L	conservative_substitution	false	MSA/final_human_referenced_residue_agreement.tsv
danio_rerio	IIIc	IIIc	IIIc	primary_claim_supported_with_minor_flags	false	main	17	R	P	nonconservative_substitution	false	MSA/final_human_referenced_residue_agreement.tsv
danio_rerio	IIIc	IIIc	IIIc	primary_claim_supported_with_minor_flags	false	main	18	N	N	identical_to_human	false	MSA/final_human_referenced_residue_agreement.tsv
danio_rerio	IIIc	IIIc	IIIc	primary_claim_supported_with_minor_flags	false	main	19	V	V	identical_to_human	true	MSA/final_human_referenced_residue_agreement.tsv
danio_rerio	IIIc	IIIc	IIIc	primary_claim_supported_with_minor_flags	false	main	20	T	T	identical_to_human	false	MSA/final_human_referenced_residue_agreement.tsv
danio_rerio	IIIc	IIIc	IIIc	primary_claim_supported_with_minor_flags	false	main	21	F	F	identical_to_human	false	MSA/final_human_referenced_residue_agreement.tsv
danio_rerio	IIIc	IIIc	IIIc	primary_claim_supported_with_minor_flags	false	main	22	E	E	identical_to_human	false	MSA/final_human_referenced_residue_agreement.tsv
danio_rerio	IIIc	IIIc	IIIc	primary_claim_supported_with_minor_flags	false	main	23	D	D	identical_to_human	false	MSA/final_human_referenced_residue_agreement.tsv
danio_rerio	IIIc	IIIc	IIIc	primary_claim_supported_with_minor_flags	false	main	24	A	A	identical_to_human	false	MSA/final_human_referenced_residue_agreement.tsv
danio_rerio	IIIc	IIIc	IIIc	primary_claim_supported_with_minor_flags	false	main	25	G	G	identical_to_human	false	MSA/final_human_referenced_residue_agreement.tsv
danio_rerio	IIIc	IIIc	IIIc	primary_claim_supported_with_minor_flags	false	main	26	E	E	identical_to_human	true	MSA/final_human_referenced_residue_agreement.tsv
danio_rerio	IIIc	IIIc	IIIc	primary_claim_supported_with_minor_flags	false	main	27	Y	Y	identical_to_human	false	MSA/final_human_referenced_residue_agreement.tsv
danio_rerio	IIIc	IIIc	IIIc	primary_claim_supported_with_minor_flags	false	main	28	T	T	identical_to_human	true	MSA/final_human_referenced_residue_agreement.tsv
danio_rerio	IIIc	IIIc	IIIc	primary_claim_supported_with_minor_flags	false	main	29	C	C	identical_to_human	true	MSA/final_human_referenced_residue_agreement.tsv
danio_rerio	IIIc	IIIc	IIIc	primary_claim_supported_with_minor_flags	false	main	30	L	L	identical_to_human	true	MSA/final_human_referenced_residue_agreement.tsv
danio_rerio	IIIc	IIIc	IIIc	primary_claim_supported_with_minor_flags	false	main	31	A	A	identical_to_human	false	MSA/final_human_referenced_residue_agreement.tsv
danio_rerio	IIIc	IIIc	IIIc	primary_claim_supported_with_minor_flags	false	main	32	G	G	identical_to_human	true	MSA/final_human_referenced_residue_agreement.tsv
danio_rerio	IIIc	IIIc	IIIc	primary_claim_supported_with_minor_flags	false	main	33	N	N	identical_to_human	false	MSA/final_human_referenced_residue_agreement.tsv
danio_rerio	IIIc	IIIc	IIIc	primary_claim_supported_with_minor_flags	false	main	34	S	S	identical_to_human	false	MSA/final_human_referenced_residue_agreement.tsv
danio_rerio	IIIc	IIIc	IIIc	primary_claim_supported_with_minor_flags	false	main	35	I	I	identical_to_human	false	MSA/final_human_referenced_residue_agreement.tsv
danio_rerio	IIIc	IIIc	IIIc	primary_claim_supported_with_minor_flags	false	main	36	G	G	identical_to_human	true	MSA/final_human_referenced_residue_agreement.tsv
danio_rerio	IIIc	IIIc	IIIc	primary_claim_supported_with_minor_flags	false	main	37	I	I	identical_to_human	true	MSA/final_human_referenced_residue_agreement.tsv
danio_rerio	IIIc	IIIc	IIIc	primary_claim_supported_with_minor_flags	false	main	38	S	S	identical_to_human	true	MSA/final_human_referenced_residue_agreement.tsv
danio_rerio	IIIc	IIIc	IIIc	primary_claim_supported_with_minor_flags	false	main	39	F	Y	conservative_substitution	false	MSA/final_human_referenced_residue_agreement.tsv
danio_rerio	IIIc	IIIc	IIIc	primary_claim_supported_with_minor_flags	false	main	40	H	H	identical_to_human	false	MSA/final_human_referenced_residue_agreement.tsv
danio_rerio	IIIc	IIIc	IIIc	primary_claim_supported_with_minor_flags	false	main	41	S	T	conservative_substitution	false	MSA/final_human_referenced_residue_agreement.tsv
danio_rerio	IIIc	IIIc	IIIc	primary_claim_supported_with_minor_flags	false	main	42	A	A	identical_to_human	false	MSA/final_human_referenced_residue_agreement.tsv
danio_rerio	IIIc	IIIc	IIIc	primary_claim_supported_with_minor_flags	false	main	43	W	W	identical_to_human	false	MSA/final_human_referenced_residue_agreement.tsv
danio_rerio	IIIc	IIIc	IIIc	primary_claim_supported_with_minor_flags	false	main	44	L	L	identical_to_human	false	MSA/final_human_referenced_residue_agreement.tsv
danio_rerio	IIIc	IIIc	IIIc	primary_claim_supported_with_minor_flags	false	main	45	T	T	identical_to_human	false	MSA/final_human_referenced_residue_agreement.tsv
danio_rerio	IIIc	IIIc	IIIc	primary_claim_supported_with_minor_flags	false	main	46	V	V	identical_to_human	false	MSA/final_human_referenced_residue_agreement.tsv
danio_rerio	IIIc	IIIc	IIIc	primary_claim_supported_with_minor_flags	false	main	47	L	H	nonconservative_substitution	false	MSA/final_human_referenced_residue_agreement.tsv
danio_rerio	IIIc	IIIc	IIIc	primary_claim_supported_with_minor_flags	false	main	48	P	P	identical_to_human	false	MSA/final_human_referenced_residue_agreement.tsv
oryzias_latipes	IIIb	IIIb	IIIb	primary_claim_supported_with_minor_flags	false	main	1	H		gap_or_missing	true	MSA/final_human_referenced_residue_agreement.tsv
oryzias_latipes	IIIb	IIIb	IIIb	primary_claim_supported_with_minor_flags	false	main	2	S	S	identical_to_human	true	MSA/final_human_referenced_residue_agreement.tsv
oryzias_latipes	IIIb	IIIb	IIIb	primary_claim_supported_with_minor_flags	false	main	3	G	G	identical_to_human	false	MSA/final_human_referenced_residue_agreement.tsv
oryzias_latipes	IIIb	IIIb	IIIb	primary_claim_supported_with_minor_flags	false	main	4	I	I	identical_to_human	true	MSA/final_human_referenced_residue_agreement.tsv
oryzias_latipes	IIIb	IIIb	IIIb	primary_claim_supported_with_minor_flags	false	main	5	N	N	identical_to_human	false	MSA/final_human_referenced_residue_agreement.tsv
oryzias_latipes	IIIb	IIIb	IIIb	primary_claim_supported_with_minor_flags	false	main	6	S	S	identical_to_human	true	MSA/final_human_referenced_residue_agreement.tsv
oryzias_latipes	IIIb	IIIb	IIIb	primary_claim_supported_with_minor_flags	false	main	7	S	S	identical_to_human	true	MSA/final_human_referenced_residue_agreement.tsv
oryzias_latipes	IIIb	IIIb	IIIb	primary_claim_supported_with_minor_flags	false	main	8	N	D	conservative_substitution	true	MSA/final_human_referenced_residue_agreement.tsv
oryzias_latipes	IIIb	IIIb	IIIb	primary_claim_supported_with_minor_flags	false	main	9	A	V	nonconservative_substitution	true	MSA/final_human_referenced_residue_agreement.tsv
oryzias_latipes	IIIb	IIIb	IIIb	primary_claim_supported_with_minor_flags	false	main	10	E	E	identical_to_human	true	MSA/final_human_referenced_residue_agreement.tsv
oryzias_latipes	IIIb	IIIb	IIIb	primary_claim_supported_with_minor_flags	false	main	11	V	V	identical_to_human	false	MSA/final_human_referenced_residue_agreement.tsv
oryzias_latipes	IIIb	IIIb	IIIb	primary_claim_supported_with_minor_flags	false	main	12	L	L	identical_to_human	false	MSA/final_human_referenced_residue_agreement.tsv
oryzias_latipes	IIIb	IIIb	IIIb	primary_claim_supported_with_minor_flags	false	main	13	A	T	nonconservative_substitution	false	MSA/final_human_referenced_residue_agreement.tsv
oryzias_latipes	IIIb	IIIb	IIIb	primary_claim_supported_with_minor_flags	false	main	14	L	L	identical_to_human	true	MSA/final_human_referenced_residue_agreement.tsv
oryzias_latipes	IIIb	IIIb	IIIb	primary_claim_supported_with_minor_flags	false	main	15	F	T	nonconservative_substitution	false	MSA/final_human_referenced_residue_agreement.tsv
oryzias_latipes	IIIb	IIIb	IIIb	primary_claim_supported_with_minor_flags	false	main	16	N	N	identical_to_human	false	MSA/final_human_referenced_residue_agreement.tsv
oryzias_latipes	IIIb	IIIb	IIIb	primary_claim_supported_with_minor_flags	false	main	17	V	V	identical_to_human	false	MSA/final_human_referenced_residue_agreement.tsv
oryzias_latipes	IIIb	IIIb	IIIb	primary_claim_supported_with_minor_flags	false	main	18	T	S	conservative_substitution	false	MSA/final_human_referenced_residue_agreement.tsv
oryzias_latipes	IIIb	IIIb	IIIb	primary_claim_supported_with_minor_flags	false	main	19	E	E	identical_to_human	true	MSA/final_human_referenced_residue_agreement.tsv
oryzias_latipes	IIIb	IIIb	IIIb	primary_claim_supported_with_minor_flags	false	main	20	A	E	nonconservative_substitution	false	MSA/final_human_referenced_residue_agreement.tsv
oryzias_latipes	IIIb	IIIb	IIIb	primary_claim_supported_with_minor_flags	false	main	21	D	D	identical_to_human	false	MSA/final_human_referenced_residue_agreement.tsv
oryzias_latipes	IIIb	IIIb	IIIb	primary_claim_supported_with_minor_flags	false	main	22	A	A	identical_to_human	false	MSA/final_human_referenced_residue_agreement.tsv
oryzias_latipes	IIIb	IIIb	IIIb	primary_claim_supported_with_minor_flags	false	main	23	G	G	identical_to_human	false	MSA/final_human_referenced_residue_agreement.tsv
oryzias_latipes	IIIb	IIIb	IIIb	primary_claim_supported_with_minor_flags	false	main	24	E	E	identical_to_human	false	MSA/final_human_referenced_residue_agreement.tsv
oryzias_latipes	IIIb	IIIb	IIIb	primary_claim_supported_with_minor_flags	false	main	25	Y	Y	identical_to_human	false	MSA/final_human_referenced_residue_agreement.tsv
oryzias_latipes	IIIb	IIIb	IIIb	primary_claim_supported_with_minor_flags	false	main	26	I	T	nonconservative_substitution	true	MSA/final_human_referenced_residue_agreement.tsv
oryzias_latipes	IIIb	IIIb	IIIb	primary_claim_supported_with_minor_flags	false	main	27	C	C	identical_to_human	false	MSA/final_human_referenced_residue_agreement.tsv
oryzias_latipes	IIIb	IIIb	IIIb	primary_claim_supported_with_minor_flags	false	main	28	K	K	identical_to_human	true	MSA/final_human_referenced_residue_agreement.tsv
oryzias_latipes	IIIb	IIIb	IIIb	primary_claim_supported_with_minor_flags	false	main	29	V	V	identical_to_human	true	MSA/final_human_referenced_residue_agreement.tsv
oryzias_latipes	IIIb	IIIb	IIIb	primary_claim_supported_with_minor_flags	false	main	30	S	S	identical_to_human	true	MSA/final_human_referenced_residue_agreement.tsv
oryzias_latipes	IIIb	IIIb	IIIb	primary_claim_supported_with_minor_flags	false	main	31	N	N	identical_to_human	false	MSA/final_human_referenced_residue_agreement.tsv
oryzias_latipes	IIIb	IIIb	IIIb	primary_claim_supported_with_minor_flags	false	main	32	Y	Y	identical_to_human	true	MSA/final_human_referenced_residue_agreement.tsv
oryzias_latipes	IIIb	IIIb	IIIb	primary_claim_supported_with_minor_flags	false	main	33	I	I	identical_to_human	false	MSA/final_human_referenced_residue_agreement.tsv
oryzias_latipes	IIIb	IIIb	IIIb	primary_claim_supported_with_minor_flags	false	main	34	G	G	identical_to_human	false	MSA/final_human_referenced_residue_agreement.tsv
oryzias_latipes	IIIb	IIIb	IIIb	primary_claim_supported_with_minor_flags	false	main	35	Q	E	conservative_substitution	false	MSA/final_human_referenced_residue_agreement.tsv
oryzias_latipes	IIIb	IIIb	IIIb	primary_claim_supported_with_minor_flags	false	main	36	A	A	identical_to_human	true	MSA/final_human_referenced_residue_agreement.tsv
oryzias_latipes	IIIb	IIIb	IIIb	primary_claim_supported_with_minor_flags	false	main	37	N	H	conservative_substitution	true	MSA/final_human_referenced_residue_agreement.tsv
oryzias_latipes	IIIb	IIIb	IIIb	primary_claim_supported_with_minor_flags	false	main	38	Q	Q	identical_to_human	true	MSA/final_human_referenced_residue_agreement.tsv
oryzias_latipes	IIIb	IIIb	IIIb	primary_claim_supported_with_minor_flags	false	main	39	S	S	identical_to_human	false	MSA/final_human_referenced_residue_agreement.tsv
oryzias_latipes	IIIb	IIIb	IIIb	primary_claim_supported_with_minor_flags	false	main	40	A	G	nonconservative_substitution	false	MSA/final_human_referenced_residue_agreement.tsv
oryzias_latipes	IIIb	IIIb	IIIb	primary_claim_supported_with_minor_flags	false	main	41	W	W	identical_to_human	false	MSA/final_human_referenced_residue_agreement.tsv
oryzias_latipes	IIIb	IIIb	IIIb	primary_claim_supported_with_minor_flags	false	main	42	L	L	identical_to_human	false	MSA/final_human_referenced_residue_agreement.tsv
oryzias_latipes	IIIb	IIIb	IIIb	primary_claim_supported_with_minor_flags	false	main	43	T	T	identical_to_human	false	MSA/final_human_referenced_residue_agreement.tsv
oryzias_latipes	IIIb	IIIb	IIIb	primary_claim_supported_with_minor_flags	false	main	44	V	V	identical_to_human	false	MSA/final_human_referenced_residue_agreement.tsv
oryzias_latipes	IIIb	IIIb	IIIb	primary_claim_supported_with_minor_flags	false	main	45	L	I	conservative_substitution	false	MSA/final_human_referenced_residue_agreement.tsv
oryzias_latipes	IIIb	IIIb	IIIb	primary_claim_supported_with_minor_flags	false	main	46	P	P	identical_to_human	false	MSA/final_human_referenced_residue_agreement.tsv
oryzias_latipes	IIIc	IIIc	IIIc	primary_claim_supported_with_minor_flags	false	main	1	A		gap_or_missing	true	MSA/final_human_referenced_residue_agreement.tsv
oryzias_latipes	IIIc	IIIc	IIIc	primary_claim_supported_with_minor_flags	false	main	2	A	A	identical_to_human	true	MSA/final_human_referenced_residue_agreement.tsv
oryzias_latipes	IIIc	IIIc	IIIc	primary_claim_supported_with_minor_flags	false	main	3	G	G	identical_to_human	false	MSA/final_human_referenced_residue_agreement.tsv
oryzias_latipes	IIIc	IIIc	IIIc	primary_claim_supported_with_minor_flags	false	main	4	V	V	identical_to_human	true	MSA/final_human_referenced_residue_agreement.tsv
oryzias_latipes	IIIc	IIIc	IIIc	primary_claim_supported_with_minor_flags	false	main	5	N	N	identical_to_human	false	MSA/final_human_referenced_residue_agreement.tsv
oryzias_latipes	IIIc	IIIc	IIIc	primary_claim_supported_with_minor_flags	false	main	6	T	T	identical_to_human	true	MSA/final_human_referenced_residue_agreement.tsv
oryzias_latipes	IIIc	IIIc	IIIc	primary_claim_supported_with_minor_flags	false	main	7	T	T	identical_to_human	true	MSA/final_human_referenced_residue_agreement.tsv
oryzias_latipes	IIIc	IIIc	IIIc	primary_claim_supported_with_minor_flags	false	main	8	D	D	identical_to_human	true	MSA/final_human_referenced_residue_agreement.tsv
oryzias_latipes	IIIc	IIIc	IIIc	primary_claim_supported_with_minor_flags	false	main	9	K	K	identical_to_human	true	MSA/final_human_referenced_residue_agreement.tsv
oryzias_latipes	IIIc	IIIc	IIIc	primary_claim_supported_with_minor_flags	false	main	10	E	E	identical_to_human	true	MSA/final_human_referenced_residue_agreement.tsv
oryzias_latipes	IIIc	IIIc	IIIc	primary_claim_supported_with_minor_flags	false	main	11	I	I	identical_to_human	false	MSA/final_human_referenced_residue_agreement.tsv
oryzias_latipes	IIIc	IIIc	IIIc	primary_claim_supported_with_minor_flags	false	main	12	E	E	identical_to_human	false	MSA/final_human_referenced_residue_agreement.tsv
oryzias_latipes	IIIc	IIIc	IIIc	primary_claim_supported_with_minor_flags	false	main	13	V	V	identical_to_human	false	MSA/final_human_referenced_residue_agreement.tsv
oryzias_latipes	IIIc	IIIc	IIIc	primary_claim_supported_with_minor_flags	false	main	14	L	L	identical_to_human	true	MSA/final_human_referenced_residue_agreement.tsv
oryzias_latipes	IIIc	IIIc	IIIc	primary_claim_supported_with_minor_flags	false	main	15	Y	H	conservative_substitution	false	MSA/final_human_referenced_residue_agreement.tsv
oryzias_latipes	IIIc	IIIc	IIIc	primary_claim_supported_with_minor_flags	false	main	16	I	L	conservative_substitution	false	MSA/final_human_referenced_residue_agreement.tsv
oryzias_latipes	IIIc	IIIc	IIIc	primary_claim_supported_with_minor_flags	false	main	17	R	P	nonconservative_substitution	false	MSA/final_human_referenced_residue_agreement.tsv
oryzias_latipes	IIIc	IIIc	IIIc	primary_claim_supported_with_minor_flags	false	main	18	N	N	identical_to_human	false	MSA/final_human_referenced_residue_agreement.tsv
oryzias_latipes	IIIc	IIIc	IIIc	primary_claim_supported_with_minor_flags	false	main	19	V	V	identical_to_human	true	MSA/final_human_referenced_residue_agreement.tsv
oryzias_latipes	IIIc	IIIc	IIIc	primary_claim_supported_with_minor_flags	false	main	20	T	T	identical_to_human	false	MSA/final_human_referenced_residue_agreement.tsv
oryzias_latipes	IIIc	IIIc	IIIc	primary_claim_supported_with_minor_flags	false	main	21	F	F	identical_to_human	false	MSA/final_human_referenced_residue_agreement.tsv
oryzias_latipes	IIIc	IIIc	IIIc	primary_claim_supported_with_minor_flags	false	main	22	E	E	identical_to_human	false	MSA/final_human_referenced_residue_agreement.tsv
oryzias_latipes	IIIc	IIIc	IIIc	primary_claim_supported_with_minor_flags	false	main	23	D	D	identical_to_human	false	MSA/final_human_referenced_residue_agreement.tsv
oryzias_latipes	IIIc	IIIc	IIIc	primary_claim_supported_with_minor_flags	false	main	24	A	A	identical_to_human	false	MSA/final_human_referenced_residue_agreement.tsv
oryzias_latipes	IIIc	IIIc	IIIc	primary_claim_supported_with_minor_flags	false	main	25	G	G	identical_to_human	false	MSA/final_human_referenced_residue_agreement.tsv
oryzias_latipes	IIIc	IIIc	IIIc	primary_claim_supported_with_minor_flags	false	main	26	E	E	identical_to_human	true	MSA/final_human_referenced_residue_agreement.tsv
oryzias_latipes	IIIc	IIIc	IIIc	primary_claim_supported_with_minor_flags	false	main	27	Y	Y	identical_to_human	false	MSA/final_human_referenced_residue_agreement.tsv
oryzias_latipes	IIIc	IIIc	IIIc	primary_claim_supported_with_minor_flags	false	main	28	T	T	identical_to_human	true	MSA/final_human_referenced_residue_agreement.tsv
oryzias_latipes	IIIc	IIIc	IIIc	primary_claim_supported_with_minor_flags	false	main	29	C	C	identical_to_human	true	MSA/final_human_referenced_residue_agreement.tsv
oryzias_latipes	IIIc	IIIc	IIIc	primary_claim_supported_with_minor_flags	false	main	30	L	L	identical_to_human	true	MSA/final_human_referenced_residue_agreement.tsv
oryzias_latipes	IIIc	IIIc	IIIc	primary_claim_supported_with_minor_flags	false	main	31	A	A	identical_to_human	false	MSA/final_human_referenced_residue_agreement.tsv
oryzias_latipes	IIIc	IIIc	IIIc	primary_claim_supported_with_minor_flags	false	main	32	G	G	identical_to_human	true	MSA/final_human_referenced_residue_agreement.tsv
oryzias_latipes	IIIc	IIIc	IIIc	primary_claim_supported_with_minor_flags	false	main	33	N	N	identical_to_human	false	MSA/final_human_referenced_residue_agreement.tsv
oryzias_latipes	IIIc	IIIc	IIIc	primary_claim_supported_with_minor_flags	false	main	34	S	S	identical_to_human	false	MSA/final_human_referenced_residue_agreement.tsv
oryzias_latipes	IIIc	IIIc	IIIc	primary_claim_supported_with_minor_flags	false	main	35	I	I	identical_to_human	false	MSA/final_human_referenced_residue_agreement.tsv
oryzias_latipes	IIIc	IIIc	IIIc	primary_claim_supported_with_minor_flags	false	main	36	G	G	identical_to_human	true	MSA/final_human_referenced_residue_agreement.tsv
oryzias_latipes	IIIc	IIIc	IIIc	primary_claim_supported_with_minor_flags	false	main	37	I	I	identical_to_human	true	MSA/final_human_referenced_residue_agreement.tsv
oryzias_latipes	IIIc	IIIc	IIIc	primary_claim_supported_with_minor_flags	false	main	38	S	S	identical_to_human	true	MSA/final_human_referenced_residue_agreement.tsv
oryzias_latipes	IIIc	IIIc	IIIc	primary_claim_supported_with_minor_flags	false	main	39	F	Y	conservative_substitution	false	MSA/final_human_referenced_residue_agreement.tsv
oryzias_latipes	IIIc	IIIc	IIIc	primary_claim_supported_with_minor_flags	false	main	40	H	H	identical_to_human	false	MSA/final_human_referenced_residue_agreement.tsv
oryzias_latipes	IIIc	IIIc	IIIc	primary_claim_supported_with_minor_flags	false	main	41	S	T	conservative_substitution	false	MSA/final_human_referenced_residue_agreement.tsv
oryzias_latipes	IIIc	IIIc	IIIc	primary_claim_supported_with_minor_flags	false	main	42	A	A	identical_to_human	false	MSA/final_human_referenced_residue_agreement.tsv
oryzias_latipes	IIIc	IIIc	IIIc	primary_claim_supported_with_minor_flags	false	main	43	W	T	nonconservative_substitution	false	MSA/final_human_referenced_residue_agreement.tsv
oryzias_latipes	IIIc	IIIc	IIIc	primary_claim_supported_with_minor_flags	false	main	44	L	L	identical_to_human	false	MSA/final_human_referenced_residue_agreement.tsv
oryzias_latipes	IIIc	IIIc	IIIc	primary_claim_supported_with_minor_flags	false	main	45	T	T	identical_to_human	false	MSA/final_human_referenced_residue_agreement.tsv
oryzias_latipes	IIIc	IIIc	IIIc	primary_claim_supported_with_minor_flags	false	main	46	V	V	identical_to_human	false	MSA/final_human_referenced_residue_agreement.tsv
oryzias_latipes	IIIc	IIIc	IIIc	primary_claim_supported_with_minor_flags	false	main	47	L	L	identical_to_human	false	MSA/final_human_referenced_residue_agreement.tsv
oryzias_latipes	IIIc	IIIc	IIIc	primary_claim_supported_with_minor_flags	false	main	48	P	P	identical_to_human	false	MSA/final_human_referenced_residue_agreement.tsv
gasterosteus_aculeatus	IIIb	IIIb	IIIb	primary_claim_supported_with_minor_flags	false	main	1	H		gap_or_missing	true	MSA/final_human_referenced_residue_agreement.tsv
gasterosteus_aculeatus	IIIb	IIIb	IIIb	primary_claim_supported_with_minor_flags	false	main	2	S	S	identical_to_human	true	MSA/final_human_referenced_residue_agreement.tsv
gasterosteus_aculeatus	IIIb	IIIb	IIIb	primary_claim_supported_with_minor_flags	false	main	3	G	G	identical_to_human	false	MSA/final_human_referenced_residue_agreement.tsv
gasterosteus_aculeatus	IIIb	IIIb	IIIb	primary_claim_supported_with_minor_flags	false	main	4	I	I	identical_to_human	true	MSA/final_human_referenced_residue_agreement.tsv
gasterosteus_aculeatus	IIIb	IIIb	IIIb	primary_claim_supported_with_minor_flags	false	main	5	N	N	identical_to_human	false	MSA/final_human_referenced_residue_agreement.tsv
gasterosteus_aculeatus	IIIb	IIIb	IIIb	primary_claim_supported_with_minor_flags	false	main	6	S	S	identical_to_human	true	MSA/final_human_referenced_residue_agreement.tsv
gasterosteus_aculeatus	IIIb	IIIb	IIIb	primary_claim_supported_with_minor_flags	false	main	7	S	S	identical_to_human	true	MSA/final_human_referenced_residue_agreement.tsv
gasterosteus_aculeatus	IIIb	IIIb	IIIb	primary_claim_supported_with_minor_flags	false	main	8	N	D	conservative_substitution	true	MSA/final_human_referenced_residue_agreement.tsv
gasterosteus_aculeatus	IIIb	IIIb	IIIb	primary_claim_supported_with_minor_flags	false	main	9	A	V	nonconservative_substitution	true	MSA/final_human_referenced_residue_agreement.tsv
gasterosteus_aculeatus	IIIb	IIIb	IIIb	primary_claim_supported_with_minor_flags	false	main	10	E	E	identical_to_human	true	MSA/final_human_referenced_residue_agreement.tsv
gasterosteus_aculeatus	IIIb	IIIb	IIIb	primary_claim_supported_with_minor_flags	false	main	11	V	M	conservative_substitution	false	MSA/final_human_referenced_residue_agreement.tsv
gasterosteus_aculeatus	IIIb	IIIb	IIIb	primary_claim_supported_with_minor_flags	false	main	12	L	L	identical_to_human	false	MSA/final_human_referenced_residue_agreement.tsv
gasterosteus_aculeatus	IIIb	IIIb	IIIb	primary_claim_supported_with_minor_flags	false	main	13	A	T	nonconservative_substitution	false	MSA/final_human_referenced_residue_agreement.tsv
gasterosteus_aculeatus	IIIb	IIIb	IIIb	primary_claim_supported_with_minor_flags	false	main	14	L	L	identical_to_human	true	MSA/final_human_referenced_residue_agreement.tsv
gasterosteus_aculeatus	IIIb	IIIb	IIIb	primary_claim_supported_with_minor_flags	false	main	15	F	T	nonconservative_substitution	false	MSA/final_human_referenced_residue_agreement.tsv
gasterosteus_aculeatus	IIIb	IIIb	IIIb	primary_claim_supported_with_minor_flags	false	main	16	N	N	identical_to_human	false	MSA/final_human_referenced_residue_agreement.tsv
gasterosteus_aculeatus	IIIb	IIIb	IIIb	primary_claim_supported_with_minor_flags	false	main	17	V	V	identical_to_human	false	MSA/final_human_referenced_residue_agreement.tsv
gasterosteus_aculeatus	IIIb	IIIb	IIIb	primary_claim_supported_with_minor_flags	false	main	18	T	T	identical_to_human	false	MSA/final_human_referenced_residue_agreement.tsv
gasterosteus_aculeatus	IIIb	IIIb	IIIb	primary_claim_supported_with_minor_flags	false	main	19	E	E	identical_to_human	true	MSA/final_human_referenced_residue_agreement.tsv
gasterosteus_aculeatus	IIIb	IIIb	IIIb	primary_claim_supported_with_minor_flags	false	main	20	A	K	nonconservative_substitution	false	MSA/final_human_referenced_residue_agreement.tsv
gasterosteus_aculeatus	IIIb	IIIb	IIIb	primary_claim_supported_with_minor_flags	false	main	21	D	D	identical_to_human	false	MSA/final_human_referenced_residue_agreement.tsv
gasterosteus_aculeatus	IIIb	IIIb	IIIb	primary_claim_supported_with_minor_flags	false	main	22	A	A	identical_to_human	false	MSA/final_human_referenced_residue_agreement.tsv
gasterosteus_aculeatus	IIIb	IIIb	IIIb	primary_claim_supported_with_minor_flags	false	main	23	G	G	identical_to_human	false	MSA/final_human_referenced_residue_agreement.tsv
gasterosteus_aculeatus	IIIb	IIIb	IIIb	primary_claim_supported_with_minor_flags	false	main	24	E	E	identical_to_human	false	MSA/final_human_referenced_residue_agreement.tsv
gasterosteus_aculeatus	IIIb	IIIb	IIIb	primary_claim_supported_with_minor_flags	false	main	25	Y	Y	identical_to_human	false	MSA/final_human_referenced_residue_agreement.tsv
gasterosteus_aculeatus	IIIb	IIIb	IIIb	primary_claim_supported_with_minor_flags	false	main	26	I	I	identical_to_human	true	MSA/final_human_referenced_residue_agreement.tsv
gasterosteus_aculeatus	IIIb	IIIb	IIIb	primary_claim_supported_with_minor_flags	false	main	27	C	C	identical_to_human	false	MSA/final_human_referenced_residue_agreement.tsv
gasterosteus_aculeatus	IIIb	IIIb	IIIb	primary_claim_supported_with_minor_flags	false	main	28	K	K	identical_to_human	true	MSA/final_human_referenced_residue_agreement.tsv
gasterosteus_aculeatus	IIIb	IIIb	IIIb	primary_claim_supported_with_minor_flags	false	main	29	V	V	identical_to_human	true	MSA/final_human_referenced_residue_agreement.tsv
gasterosteus_aculeatus	IIIb	IIIb	IIIb	primary_claim_supported_with_minor_flags	false	main	30	S	S	identical_to_human	true	MSA/final_human_referenced_residue_agreement.tsv
gasterosteus_aculeatus	IIIb	IIIb	IIIb	primary_claim_supported_with_minor_flags	false	main	31	N	N	identical_to_human	false	MSA/final_human_referenced_residue_agreement.tsv
gasterosteus_aculeatus	IIIb	IIIb	IIIb	primary_claim_supported_with_minor_flags	false	main	32	Y	Y	identical_to_human	true	MSA/final_human_referenced_residue_agreement.tsv
gasterosteus_aculeatus	IIIb	IIIb	IIIb	primary_claim_supported_with_minor_flags	false	main	33	I	I	identical_to_human	false	MSA/final_human_referenced_residue_agreement.tsv
gasterosteus_aculeatus	IIIb	IIIb	IIIb	primary_claim_supported_with_minor_flags	false	main	34	G	G	identical_to_human	false	MSA/final_human_referenced_residue_agreement.tsv
gasterosteus_aculeatus	IIIb	IIIb	IIIb	primary_claim_supported_with_minor_flags	false	main	35	Q	E	conservative_substitution	false	MSA/final_human_referenced_residue_agreement.tsv
gasterosteus_aculeatus	IIIb	IIIb	IIIb	primary_claim_supported_with_minor_flags	false	main	36	A	A	identical_to_human	true	MSA/final_human_referenced_residue_agreement.tsv
gasterosteus_aculeatus	IIIb	IIIb	IIIb	primary_claim_supported_with_minor_flags	false	main	37	N	C	nonconservative_substitution	true	MSA/final_human_referenced_residue_agreement.tsv
gasterosteus_aculeatus	IIIb	IIIb	IIIb	primary_claim_supported_with_minor_flags	false	main	38	Q	Q	identical_to_human	true	MSA/final_human_referenced_residue_agreement.tsv
gasterosteus_aculeatus	IIIb	IIIb	IIIb	primary_claim_supported_with_minor_flags	false	main	39	S	S	identical_to_human	false	MSA/final_human_referenced_residue_agreement.tsv
gasterosteus_aculeatus	IIIb	IIIb	IIIb	primary_claim_supported_with_minor_flags	false	main	40	A	G	nonconservative_substitution	false	MSA/final_human_referenced_residue_agreement.tsv
gasterosteus_aculeatus	IIIb	IIIb	IIIb	primary_claim_supported_with_minor_flags	false	main	41	W	W	identical_to_human	false	MSA/final_human_referenced_residue_agreement.tsv
gasterosteus_aculeatus	IIIb	IIIb	IIIb	primary_claim_supported_with_minor_flags	false	main	42	L	L	identical_to_human	false	MSA/final_human_referenced_residue_agreement.tsv
gasterosteus_aculeatus	IIIb	IIIb	IIIb	primary_claim_supported_with_minor_flags	false	main	43	T	T	identical_to_human	false	MSA/final_human_referenced_residue_agreement.tsv
gasterosteus_aculeatus	IIIb	IIIb	IIIb	primary_claim_supported_with_minor_flags	false	main	44	V	V	identical_to_human	false	MSA/final_human_referenced_residue_agreement.tsv
gasterosteus_aculeatus	IIIb	IIIb	IIIb	primary_claim_supported_with_minor_flags	false	main	45	L	V	conservative_substitution	false	MSA/final_human_referenced_residue_agreement.tsv
gasterosteus_aculeatus	IIIb	IIIb	IIIb	primary_claim_supported_with_minor_flags	false	main	46	P	P	identical_to_human	false	MSA/final_human_referenced_residue_agreement.tsv
gasterosteus_aculeatus	IIIc	IIIc	IIIc	primary_claim_supported_with_minor_flags	false	main	1	A		gap_or_missing	true	MSA/final_human_referenced_residue_agreement.tsv
gasterosteus_aculeatus	IIIc	IIIc	IIIc	primary_claim_supported_with_minor_flags	false	main	2	A	A	identical_to_human	true	MSA/final_human_referenced_residue_agreement.tsv
gasterosteus_aculeatus	IIIc	IIIc	IIIc	primary_claim_supported_with_minor_flags	false	main	3	G	G	identical_to_human	false	MSA/final_human_referenced_residue_agreement.tsv
gasterosteus_aculeatus	IIIc	IIIc	IIIc	primary_claim_supported_with_minor_flags	false	main	4	V	V	identical_to_human	true	MSA/final_human_referenced_residue_agreement.tsv
gasterosteus_aculeatus	IIIc	IIIc	IIIc	primary_claim_supported_with_minor_flags	false	main	5	N	N	identical_to_human	false	MSA/final_human_referenced_residue_agreement.tsv
gasterosteus_aculeatus	IIIc	IIIc	IIIc	primary_claim_supported_with_minor_flags	false	main	6	T	T	identical_to_human	true	MSA/final_human_referenced_residue_agreement.tsv
gasterosteus_aculeatus	IIIc	IIIc	IIIc	primary_claim_supported_with_minor_flags	false	main	7	T	T	identical_to_human	true	MSA/final_human_referenced_residue_agreement.tsv
gasterosteus_aculeatus	IIIc	IIIc	IIIc	primary_claim_supported_with_minor_flags	false	main	8	D	D	identical_to_human	true	MSA/final_human_referenced_residue_agreement.tsv
gasterosteus_aculeatus	IIIc	IIIc	IIIc	primary_claim_supported_with_minor_flags	false	main	9	K	K	identical_to_human	true	MSA/final_human_referenced_residue_agreement.tsv
gasterosteus_aculeatus	IIIc	IIIc	IIIc	primary_claim_supported_with_minor_flags	false	main	10	E	E	identical_to_human	true	MSA/final_human_referenced_residue_agreement.tsv
gasterosteus_aculeatus	IIIc	IIIc	IIIc	primary_claim_supported_with_minor_flags	false	main	11	I	I	identical_to_human	false	MSA/final_human_referenced_residue_agreement.tsv
gasterosteus_aculeatus	IIIc	IIIc	IIIc	primary_claim_supported_with_minor_flags	false	main	12	E	E	identical_to_human	false	MSA/final_human_referenced_residue_agreement.tsv
gasterosteus_aculeatus	IIIc	IIIc	IIIc	primary_claim_supported_with_minor_flags	false	main	13	V	A	nonconservative_substitution	false	MSA/final_human_referenced_residue_agreement.tsv
gasterosteus_aculeatus	IIIc	IIIc	IIIc	primary_claim_supported_with_minor_flags	false	main	14	L	L	identical_to_human	true	MSA/final_human_referenced_residue_agreement.tsv
gasterosteus_aculeatus	IIIc	IIIc	IIIc	primary_claim_supported_with_minor_flags	false	main	15	Y	Y	identical_to_human	false	MSA/final_human_referenced_residue_agreement.tsv
gasterosteus_aculeatus	IIIc	IIIc	IIIc	primary_claim_supported_with_minor_flags	false	main	16	I	L	conservative_substitution	false	MSA/final_human_referenced_residue_agreement.tsv
gasterosteus_aculeatus	IIIc	IIIc	IIIc	primary_claim_supported_with_minor_flags	false	main	17	R	P	nonconservative_substitution	false	MSA/final_human_referenced_residue_agreement.tsv
gasterosteus_aculeatus	IIIc	IIIc	IIIc	primary_claim_supported_with_minor_flags	false	main	18	N	N	identical_to_human	false	MSA/final_human_referenced_residue_agreement.tsv
gasterosteus_aculeatus	IIIc	IIIc	IIIc	primary_claim_supported_with_minor_flags	false	main	19	V	V	identical_to_human	true	MSA/final_human_referenced_residue_agreement.tsv
gasterosteus_aculeatus	IIIc	IIIc	IIIc	primary_claim_supported_with_minor_flags	false	main	20	T	T	identical_to_human	false	MSA/final_human_referenced_residue_agreement.tsv
gasterosteus_aculeatus	IIIc	IIIc	IIIc	primary_claim_supported_with_minor_flags	false	main	21	F	F	identical_to_human	false	MSA/final_human_referenced_residue_agreement.tsv
gasterosteus_aculeatus	IIIc	IIIc	IIIc	primary_claim_supported_with_minor_flags	false	main	22	E	E	identical_to_human	false	MSA/final_human_referenced_residue_agreement.tsv
gasterosteus_aculeatus	IIIc	IIIc	IIIc	primary_claim_supported_with_minor_flags	false	main	23	D	D	identical_to_human	false	MSA/final_human_referenced_residue_agreement.tsv
gasterosteus_aculeatus	IIIc	IIIc	IIIc	primary_claim_supported_with_minor_flags	false	main	24	A	S	conservative_substitution	false	MSA/final_human_referenced_residue_agreement.tsv
gasterosteus_aculeatus	IIIc	IIIc	IIIc	primary_claim_supported_with_minor_flags	false	main	25	G	G	identical_to_human	false	MSA/final_human_referenced_residue_agreement.tsv
gasterosteus_aculeatus	IIIc	IIIc	IIIc	primary_claim_supported_with_minor_flags	false	main	26	E	E	identical_to_human	true	MSA/final_human_referenced_residue_agreement.tsv
gasterosteus_aculeatus	IIIc	IIIc	IIIc	primary_claim_supported_with_minor_flags	false	main	27	Y	Y	identical_to_human	false	MSA/final_human_referenced_residue_agreement.tsv
gasterosteus_aculeatus	IIIc	IIIc	IIIc	primary_claim_supported_with_minor_flags	false	main	28	T	T	identical_to_human	true	MSA/final_human_referenced_residue_agreement.tsv
gasterosteus_aculeatus	IIIc	IIIc	IIIc	primary_claim_supported_with_minor_flags	false	main	29	C	C	identical_to_human	true	MSA/final_human_referenced_residue_agreement.tsv
gasterosteus_aculeatus	IIIc	IIIc	IIIc	primary_claim_supported_with_minor_flags	false	main	30	L	L	identical_to_human	true	MSA/final_human_referenced_residue_agreement.tsv
gasterosteus_aculeatus	IIIc	IIIc	IIIc	primary_claim_supported_with_minor_flags	false	main	31	A	A	identical_to_human	false	MSA/final_human_referenced_residue_agreement.tsv
gasterosteus_aculeatus	IIIc	IIIc	IIIc	primary_claim_supported_with_minor_flags	false	main	32	G	G	identical_to_human	true	MSA/final_human_referenced_residue_agreement.tsv
gasterosteus_aculeatus	IIIc	IIIc	IIIc	primary_claim_supported_with_minor_flags	false	main	33	N	N	identical_to_human	false	MSA/final_human_referenced_residue_agreement.tsv
gasterosteus_aculeatus	IIIc	IIIc	IIIc	primary_claim_supported_with_minor_flags	false	main	34	S	S	identical_to_human	false	MSA/final_human_referenced_residue_agreement.tsv
gasterosteus_aculeatus	IIIc	IIIc	IIIc	primary_claim_supported_with_minor_flags	false	main	35	I	I	identical_to_human	false	MSA/final_human_referenced_residue_agreement.tsv
gasterosteus_aculeatus	IIIc	IIIc	IIIc	primary_claim_supported_with_minor_flags	false	main	36	G	G	identical_to_human	true	MSA/final_human_referenced_residue_agreement.tsv
gasterosteus_aculeatus	IIIc	IIIc	IIIc	primary_claim_supported_with_minor_flags	false	main	37	I	I	identical_to_human	true	MSA/final_human_referenced_residue_agreement.tsv
gasterosteus_aculeatus	IIIc	IIIc	IIIc	primary_claim_supported_with_minor_flags	false	main	38	S	S	identical_to_human	true	MSA/final_human_referenced_residue_agreement.tsv
gasterosteus_aculeatus	IIIc	IIIc	IIIc	primary_claim_supported_with_minor_flags	false	main	39	F	Y	conservative_substitution	false	MSA/final_human_referenced_residue_agreement.tsv
gasterosteus_aculeatus	IIIc	IIIc	IIIc	primary_claim_supported_with_minor_flags	false	main	40	H	H	identical_to_human	false	MSA/final_human_referenced_residue_agreement.tsv
gasterosteus_aculeatus	IIIc	IIIc	IIIc	primary_claim_supported_with_minor_flags	false	main	41	S	T	conservative_substitution	false	MSA/final_human_referenced_residue_agreement.tsv
gasterosteus_aculeatus	IIIc	IIIc	IIIc	primary_claim_supported_with_minor_flags	false	main	42	A	A	identical_to_human	false	MSA/final_human_referenced_residue_agreement.tsv
gasterosteus_aculeatus	IIIc	IIIc	IIIc	primary_claim_supported_with_minor_flags	false	main	43	W	W	identical_to_human	false	MSA/final_human_referenced_residue_agreement.tsv
gasterosteus_aculeatus	IIIc	IIIc	IIIc	primary_claim_supported_with_minor_flags	false	main	44	L	L	identical_to_human	false	MSA/final_human_referenced_residue_agreement.tsv
gasterosteus_aculeatus	IIIc	IIIc	IIIc	primary_claim_supported_with_minor_flags	false	main	45	T	T	identical_to_human	false	MSA/final_human_referenced_residue_agreement.tsv
gasterosteus_aculeatus	IIIc	IIIc	IIIc	primary_claim_supported_with_minor_flags	false	main	46	V	V	identical_to_human	false	MSA/final_human_referenced_residue_agreement.tsv
gasterosteus_aculeatus	IIIc	IIIc	IIIc	primary_claim_supported_with_minor_flags	false	main	47	L	L	identical_to_human	false	MSA/final_human_referenced_residue_agreement.tsv
gasterosteus_aculeatus	IIIc	IIIc	IIIc	primary_claim_supported_with_minor_flags	false	main	48	P	P	identical_to_human	false	MSA/final_human_referenced_residue_agreement.tsv
oreochromis_niloticus	IIIb	IIIb	IIIb	primary_claim_supported_with_minor_flags	false	main	1	H		gap_or_missing	true	MSA/final_human_referenced_residue_agreement.tsv
oreochromis_niloticus	IIIb	IIIb	IIIb	primary_claim_supported_with_minor_flags	false	main	2	S	S	identical_to_human	true	MSA/final_human_referenced_residue_agreement.tsv
oreochromis_niloticus	IIIb	IIIb	IIIb	primary_claim_supported_with_minor_flags	false	main	3	G	G	identical_to_human	false	MSA/final_human_referenced_residue_agreement.tsv
oreochromis_niloticus	IIIb	IIIb	IIIb	primary_claim_supported_with_minor_flags	false	main	4	I	I	identical_to_human	true	MSA/final_human_referenced_residue_agreement.tsv
oreochromis_niloticus	IIIb	IIIb	IIIb	primary_claim_supported_with_minor_flags	false	main	5	N	N	identical_to_human	false	MSA/final_human_referenced_residue_agreement.tsv
oreochromis_niloticus	IIIb	IIIb	IIIb	primary_claim_supported_with_minor_flags	false	main	6	S	S	identical_to_human	true	MSA/final_human_referenced_residue_agreement.tsv
oreochromis_niloticus	IIIb	IIIb	IIIb	primary_claim_supported_with_minor_flags	false	main	7	S	S	identical_to_human	true	MSA/final_human_referenced_residue_agreement.tsv
oreochromis_niloticus	IIIb	IIIb	IIIb	primary_claim_supported_with_minor_flags	false	main	8	N	D	conservative_substitution	true	MSA/final_human_referenced_residue_agreement.tsv
oreochromis_niloticus	IIIb	IIIb	IIIb	primary_claim_supported_with_minor_flags	false	main	9	A	V	nonconservative_substitution	true	MSA/final_human_referenced_residue_agreement.tsv
oreochromis_niloticus	IIIb	IIIb	IIIb	primary_claim_supported_with_minor_flags	false	main	10	E	E	identical_to_human	true	MSA/final_human_referenced_residue_agreement.tsv
oreochromis_niloticus	IIIb	IIIb	IIIb	primary_claim_supported_with_minor_flags	false	main	11	V	V	identical_to_human	false	MSA/final_human_referenced_residue_agreement.tsv
oreochromis_niloticus	IIIb	IIIb	IIIb	primary_claim_supported_with_minor_flags	false	main	12	L	L	identical_to_human	false	MSA/final_human_referenced_residue_agreement.tsv
oreochromis_niloticus	IIIb	IIIb	IIIb	primary_claim_supported_with_minor_flags	false	main	13	A	T	nonconservative_substitution	false	MSA/final_human_referenced_residue_agreement.tsv
oreochromis_niloticus	IIIb	IIIb	IIIb	primary_claim_supported_with_minor_flags	false	main	14	L	L	identical_to_human	true	MSA/final_human_referenced_residue_agreement.tsv
oreochromis_niloticus	IIIb	IIIb	IIIb	primary_claim_supported_with_minor_flags	false	main	15	F	T	nonconservative_substitution	false	MSA/final_human_referenced_residue_agreement.tsv
oreochromis_niloticus	IIIb	IIIb	IIIb	primary_claim_supported_with_minor_flags	false	main	16	N	N	identical_to_human	false	MSA/final_human_referenced_residue_agreement.tsv
oreochromis_niloticus	IIIb	IIIb	IIIb	primary_claim_supported_with_minor_flags	false	main	17	V	V	identical_to_human	false	MSA/final_human_referenced_residue_agreement.tsv
oreochromis_niloticus	IIIb	IIIb	IIIb	primary_claim_supported_with_minor_flags	false	main	18	T	T	identical_to_human	false	MSA/final_human_referenced_residue_agreement.tsv
oreochromis_niloticus	IIIb	IIIb	IIIb	primary_claim_supported_with_minor_flags	false	main	19	E	E	identical_to_human	true	MSA/final_human_referenced_residue_agreement.tsv
oreochromis_niloticus	IIIb	IIIb	IIIb	primary_claim_supported_with_minor_flags	false	main	20	A	Q	nonconservative_substitution	false	MSA/final_human_referenced_residue_agreement.tsv
oreochromis_niloticus	IIIb	IIIb	IIIb	primary_claim_supported_with_minor_flags	false	main	21	D	D	identical_to_human	false	MSA/final_human_referenced_residue_agreement.tsv
oreochromis_niloticus	IIIb	IIIb	IIIb	primary_claim_supported_with_minor_flags	false	main	22	A	A	identical_to_human	false	MSA/final_human_referenced_residue_agreement.tsv
oreochromis_niloticus	IIIb	IIIb	IIIb	primary_claim_supported_with_minor_flags	false	main	23	G	G	identical_to_human	false	MSA/final_human_referenced_residue_agreement.tsv
oreochromis_niloticus	IIIb	IIIb	IIIb	primary_claim_supported_with_minor_flags	false	main	24	E	E	identical_to_human	false	MSA/final_human_referenced_residue_agreement.tsv
oreochromis_niloticus	IIIb	IIIb	IIIb	primary_claim_supported_with_minor_flags	false	main	25	Y	Y	identical_to_human	false	MSA/final_human_referenced_residue_agreement.tsv
oreochromis_niloticus	IIIb	IIIb	IIIb	primary_claim_supported_with_minor_flags	false	main	26	I	V	conservative_substitution	true	MSA/final_human_referenced_residue_agreement.tsv
oreochromis_niloticus	IIIb	IIIb	IIIb	primary_claim_supported_with_minor_flags	false	main	27	C	C	identical_to_human	false	MSA/final_human_referenced_residue_agreement.tsv
oreochromis_niloticus	IIIb	IIIb	IIIb	primary_claim_supported_with_minor_flags	false	main	28	K	K	identical_to_human	true	MSA/final_human_referenced_residue_agreement.tsv
oreochromis_niloticus	IIIb	IIIb	IIIb	primary_claim_supported_with_minor_flags	false	main	29	V	A	nonconservative_substitution	true	MSA/final_human_referenced_residue_agreement.tsv
oreochromis_niloticus	IIIb	IIIb	IIIb	primary_claim_supported_with_minor_flags	false	main	30	S	S	identical_to_human	true	MSA/final_human_referenced_residue_agreement.tsv
oreochromis_niloticus	IIIb	IIIb	IIIb	primary_claim_supported_with_minor_flags	false	main	31	N	N	identical_to_human	false	MSA/final_human_referenced_residue_agreement.tsv
oreochromis_niloticus	IIIb	IIIb	IIIb	primary_claim_supported_with_minor_flags	false	main	32	Y	Y	identical_to_human	true	MSA/final_human_referenced_residue_agreement.tsv
oreochromis_niloticus	IIIb	IIIb	IIIb	primary_claim_supported_with_minor_flags	false	main	33	I	I	identical_to_human	false	MSA/final_human_referenced_residue_agreement.tsv
oreochromis_niloticus	IIIb	IIIb	IIIb	primary_claim_supported_with_minor_flags	false	main	34	G	G	identical_to_human	false	MSA/final_human_referenced_residue_agreement.tsv
oreochromis_niloticus	IIIb	IIIb	IIIb	primary_claim_supported_with_minor_flags	false	main	35	Q	E	conservative_substitution	false	MSA/final_human_referenced_residue_agreement.tsv
oreochromis_niloticus	IIIb	IIIb	IIIb	primary_claim_supported_with_minor_flags	false	main	36	A	V	nonconservative_substitution	true	MSA/final_human_referenced_residue_agreement.tsv
oreochromis_niloticus	IIIb	IIIb	IIIb	primary_claim_supported_with_minor_flags	false	main	37	N	S	conservative_substitution	true	MSA/final_human_referenced_residue_agreement.tsv
oreochromis_niloticus	IIIb	IIIb	IIIb	primary_claim_supported_with_minor_flags	false	main	38	Q	Q	identical_to_human	true	MSA/final_human_referenced_residue_agreement.tsv
oreochromis_niloticus	IIIb	IIIb	IIIb	primary_claim_supported_with_minor_flags	false	main	39	S	S	identical_to_human	false	MSA/final_human_referenced_residue_agreement.tsv
oreochromis_niloticus	IIIb	IIIb	IIIb	primary_claim_supported_with_minor_flags	false	main	40	A	G	nonconservative_substitution	false	MSA/final_human_referenced_residue_agreement.tsv
oreochromis_niloticus	IIIb	IIIb	IIIb	primary_claim_supported_with_minor_flags	false	main	41	W	W	identical_to_human	false	MSA/final_human_referenced_residue_agreement.tsv
oreochromis_niloticus	IIIb	IIIb	IIIb	primary_claim_supported_with_minor_flags	false	main	42	L	L	identical_to_human	false	MSA/final_human_referenced_residue_agreement.tsv
oreochromis_niloticus	IIIb	IIIb	IIIb	primary_claim_supported_with_minor_flags	false	main	43	T	T	identical_to_human	false	MSA/final_human_referenced_residue_agreement.tsv
oreochromis_niloticus	IIIb	IIIb	IIIb	primary_claim_supported_with_minor_flags	false	main	44	V	V	identical_to_human	false	MSA/final_human_referenced_residue_agreement.tsv
oreochromis_niloticus	IIIb	IIIb	IIIb	primary_claim_supported_with_minor_flags	false	main	45	L	I	conservative_substitution	false	MSA/final_human_referenced_residue_agreement.tsv
oreochromis_niloticus	IIIb	IIIb	IIIb	primary_claim_supported_with_minor_flags	false	main	46	P		gap_or_missing	false	MSA/final_human_referenced_residue_agreement.tsv
oreochromis_niloticus	IIIc	IIIc	IIIc	primary_claim_supported_with_minor_flags	false	main	1	A		gap_or_missing	true	MSA/final_human_referenced_residue_agreement.tsv
oreochromis_niloticus	IIIc	IIIc	IIIc	primary_claim_supported_with_minor_flags	false	main	2	A	A	identical_to_human	true	MSA/final_human_referenced_residue_agreement.tsv
oreochromis_niloticus	IIIc	IIIc	IIIc	primary_claim_supported_with_minor_flags	false	main	3	G	G	identical_to_human	false	MSA/final_human_referenced_residue_agreement.tsv
oreochromis_niloticus	IIIc	IIIc	IIIc	primary_claim_supported_with_minor_flags	false	main	4	V	V	identical_to_human	true	MSA/final_human_referenced_residue_agreement.tsv
oreochromis_niloticus	IIIc	IIIc	IIIc	primary_claim_supported_with_minor_flags	false	main	5	N	N	identical_to_human	false	MSA/final_human_referenced_residue_agreement.tsv
oreochromis_niloticus	IIIc	IIIc	IIIc	primary_claim_supported_with_minor_flags	false	main	6	T	T	identical_to_human	true	MSA/final_human_referenced_residue_agreement.tsv
oreochromis_niloticus	IIIc	IIIc	IIIc	primary_claim_supported_with_minor_flags	false	main	7	T	T	identical_to_human	true	MSA/final_human_referenced_residue_agreement.tsv
oreochromis_niloticus	IIIc	IIIc	IIIc	primary_claim_supported_with_minor_flags	false	main	8	D	D	identical_to_human	true	MSA/final_human_referenced_residue_agreement.tsv
oreochromis_niloticus	IIIc	IIIc	IIIc	primary_claim_supported_with_minor_flags	false	main	9	K	K	identical_to_human	true	MSA/final_human_referenced_residue_agreement.tsv
oreochromis_niloticus	IIIc	IIIc	IIIc	primary_claim_supported_with_minor_flags	false	main	10	E	E	identical_to_human	true	MSA/final_human_referenced_residue_agreement.tsv
oreochromis_niloticus	IIIc	IIIc	IIIc	primary_claim_supported_with_minor_flags	false	main	11	I	I	identical_to_human	false	MSA/final_human_referenced_residue_agreement.tsv
oreochromis_niloticus	IIIc	IIIc	IIIc	primary_claim_supported_with_minor_flags	false	main	12	E	E	identical_to_human	false	MSA/final_human_referenced_residue_agreement.tsv
oreochromis_niloticus	IIIc	IIIc	IIIc	primary_claim_supported_with_minor_flags	false	main	13	V	V	identical_to_human	false	MSA/final_human_referenced_residue_agreement.tsv
oreochromis_niloticus	IIIc	IIIc	IIIc	primary_claim_supported_with_minor_flags	false	main	14	L	L	identical_to_human	true	MSA/final_human_referenced_residue_agreement.tsv
oreochromis_niloticus	IIIc	IIIc	IIIc	primary_claim_supported_with_minor_flags	false	main	15	Y	Y	identical_to_human	false	MSA/final_human_referenced_residue_agreement.tsv
oreochromis_niloticus	IIIc	IIIc	IIIc	primary_claim_supported_with_minor_flags	false	main	16	I	L	conservative_substitution	false	MSA/final_human_referenced_residue_agreement.tsv
oreochromis_niloticus	IIIc	IIIc	IIIc	primary_claim_supported_with_minor_flags	false	main	17	R	P	nonconservative_substitution	false	MSA/final_human_referenced_residue_agreement.tsv
oreochromis_niloticus	IIIc	IIIc	IIIc	primary_claim_supported_with_minor_flags	false	main	18	N	N	identical_to_human	false	MSA/final_human_referenced_residue_agreement.tsv
oreochromis_niloticus	IIIc	IIIc	IIIc	primary_claim_supported_with_minor_flags	false	main	19	V	V	identical_to_human	true	MSA/final_human_referenced_residue_agreement.tsv
oreochromis_niloticus	IIIc	IIIc	IIIc	primary_claim_supported_with_minor_flags	false	main	20	T	T	identical_to_human	false	MSA/final_human_referenced_residue_agreement.tsv
oreochromis_niloticus	IIIc	IIIc	IIIc	primary_claim_supported_with_minor_flags	false	main	21	F	F	identical_to_human	false	MSA/final_human_referenced_residue_agreement.tsv
oreochromis_niloticus	IIIc	IIIc	IIIc	primary_claim_supported_with_minor_flags	false	main	22	E	E	identical_to_human	false	MSA/final_human_referenced_residue_agreement.tsv
oreochromis_niloticus	IIIc	IIIc	IIIc	primary_claim_supported_with_minor_flags	false	main	23	D	D	identical_to_human	false	MSA/final_human_referenced_residue_agreement.tsv
oreochromis_niloticus	IIIc	IIIc	IIIc	primary_claim_supported_with_minor_flags	false	main	24	A	A	identical_to_human	false	MSA/final_human_referenced_residue_agreement.tsv
oreochromis_niloticus	IIIc	IIIc	IIIc	primary_claim_supported_with_minor_flags	false	main	25	G	G	identical_to_human	false	MSA/final_human_referenced_residue_agreement.tsv
oreochromis_niloticus	IIIc	IIIc	IIIc	primary_claim_supported_with_minor_flags	false	main	26	E	E	identical_to_human	true	MSA/final_human_referenced_residue_agreement.tsv
oreochromis_niloticus	IIIc	IIIc	IIIc	primary_claim_supported_with_minor_flags	false	main	27	Y	Y	identical_to_human	false	MSA/final_human_referenced_residue_agreement.tsv
oreochromis_niloticus	IIIc	IIIc	IIIc	primary_claim_supported_with_minor_flags	false	main	28	T	T	identical_to_human	true	MSA/final_human_referenced_residue_agreement.tsv
oreochromis_niloticus	IIIc	IIIc	IIIc	primary_claim_supported_with_minor_flags	false	main	29	C	C	identical_to_human	true	MSA/final_human_referenced_residue_agreement.tsv
oreochromis_niloticus	IIIc	IIIc	IIIc	primary_claim_supported_with_minor_flags	false	main	30	L	L	identical_to_human	true	MSA/final_human_referenced_residue_agreement.tsv
oreochromis_niloticus	IIIc	IIIc	IIIc	primary_claim_supported_with_minor_flags	false	main	31	A	A	identical_to_human	false	MSA/final_human_referenced_residue_agreement.tsv
oreochromis_niloticus	IIIc	IIIc	IIIc	primary_claim_supported_with_minor_flags	false	main	32	G	G	identical_to_human	true	MSA/final_human_referenced_residue_agreement.tsv
oreochromis_niloticus	IIIc	IIIc	IIIc	primary_claim_supported_with_minor_flags	false	main	33	N	N	identical_to_human	false	MSA/final_human_referenced_residue_agreement.tsv
oreochromis_niloticus	IIIc	IIIc	IIIc	primary_claim_supported_with_minor_flags	false	main	34	S	S	identical_to_human	false	MSA/final_human_referenced_residue_agreement.tsv
oreochromis_niloticus	IIIc	IIIc	IIIc	primary_claim_supported_with_minor_flags	false	main	35	I	I	identical_to_human	false	MSA/final_human_referenced_residue_agreement.tsv
oreochromis_niloticus	IIIc	IIIc	IIIc	primary_claim_supported_with_minor_flags	false	main	36	G	G	identical_to_human	true	MSA/final_human_referenced_residue_agreement.tsv
oreochromis_niloticus	IIIc	IIIc	IIIc	primary_claim_supported_with_minor_flags	false	main	37	I	I	identical_to_human	true	MSA/final_human_referenced_residue_agreement.tsv
oreochromis_niloticus	IIIc	IIIc	IIIc	primary_claim_supported_with_minor_flags	false	main	38	S	S	identical_to_human	true	MSA/final_human_referenced_residue_agreement.tsv
oreochromis_niloticus	IIIc	IIIc	IIIc	primary_claim_supported_with_minor_flags	false	main	39	F	Y	conservative_substitution	false	MSA/final_human_referenced_residue_agreement.tsv
oreochromis_niloticus	IIIc	IIIc	IIIc	primary_claim_supported_with_minor_flags	false	main	40	H	H	identical_to_human	false	MSA/final_human_referenced_residue_agreement.tsv
oreochromis_niloticus	IIIc	IIIc	IIIc	primary_claim_supported_with_minor_flags	false	main	41	S	T	conservative_substitution	false	MSA/final_human_referenced_residue_agreement.tsv
oreochromis_niloticus	IIIc	IIIc	IIIc	primary_claim_supported_with_minor_flags	false	main	42	A	A	identical_to_human	false	MSA/final_human_referenced_residue_agreement.tsv
oreochromis_niloticus	IIIc	IIIc	IIIc	primary_claim_supported_with_minor_flags	false	main	43	W	W	identical_to_human	false	MSA/final_human_referenced_residue_agreement.tsv
oreochromis_niloticus	IIIc	IIIc	IIIc	primary_claim_supported_with_minor_flags	false	main	44	L	L	identical_to_human	false	MSA/final_human_referenced_residue_agreement.tsv
oreochromis_niloticus	IIIc	IIIc	IIIc	primary_claim_supported_with_minor_flags	false	main	45	T	T	identical_to_human	false	MSA/final_human_referenced_residue_agreement.tsv
oreochromis_niloticus	IIIc	IIIc	IIIc	primary_claim_supported_with_minor_flags	false	main	46	V	V	identical_to_human	false	MSA/final_human_referenced_residue_agreement.tsv
oreochromis_niloticus	IIIc	IIIc	IIIc	primary_claim_supported_with_minor_flags	false	main	47	L	L	identical_to_human	false	MSA/final_human_referenced_residue_agreement.tsv
oreochromis_niloticus	IIIc	IIIc	IIIc	primary_claim_supported_with_minor_flags	false	main	48	P	P	identical_to_human	false	MSA/final_human_referenced_residue_agreement.tsv
takifugu_rubripes	IIIb	IIIb	IIIb	primary_claim_supported_with_minor_flags	false	main	1	H		gap_or_missing	true	MSA/final_human_referenced_residue_agreement.tsv
takifugu_rubripes	IIIb	IIIb	IIIb	primary_claim_supported_with_minor_flags	false	main	2	S	S	identical_to_human	true	MSA/final_human_referenced_residue_agreement.tsv
takifugu_rubripes	IIIb	IIIb	IIIb	primary_claim_supported_with_minor_flags	false	main	3	G	G	identical_to_human	false	MSA/final_human_referenced_residue_agreement.tsv
takifugu_rubripes	IIIb	IIIb	IIIb	primary_claim_supported_with_minor_flags	false	main	4	I	I	identical_to_human	true	MSA/final_human_referenced_residue_agreement.tsv
takifugu_rubripes	IIIb	IIIb	IIIb	primary_claim_supported_with_minor_flags	false	main	5	N	N	identical_to_human	false	MSA/final_human_referenced_residue_agreement.tsv
takifugu_rubripes	IIIb	IIIb	IIIb	primary_claim_supported_with_minor_flags	false	main	6	S	S	identical_to_human	true	MSA/final_human_referenced_residue_agreement.tsv
takifugu_rubripes	IIIb	IIIb	IIIb	primary_claim_supported_with_minor_flags	false	main	7	S	S	identical_to_human	true	MSA/final_human_referenced_residue_agreement.tsv
takifugu_rubripes	IIIb	IIIb	IIIb	primary_claim_supported_with_minor_flags	false	main	8	N	D	conservative_substitution	true	MSA/final_human_referenced_residue_agreement.tsv
takifugu_rubripes	IIIb	IIIb	IIIb	primary_claim_supported_with_minor_flags	false	main	9	A	V	nonconservative_substitution	true	MSA/final_human_referenced_residue_agreement.tsv
takifugu_rubripes	IIIb	IIIb	IIIb	primary_claim_supported_with_minor_flags	false	main	10	E	E	identical_to_human	true	MSA/final_human_referenced_residue_agreement.tsv
takifugu_rubripes	IIIb	IIIb	IIIb	primary_claim_supported_with_minor_flags	false	main	11	V	I	conservative_substitution	false	MSA/final_human_referenced_residue_agreement.tsv
takifugu_rubripes	IIIb	IIIb	IIIb	primary_claim_supported_with_minor_flags	false	main	12	L	L	identical_to_human	false	MSA/final_human_referenced_residue_agreement.tsv
takifugu_rubripes	IIIb	IIIb	IIIb	primary_claim_supported_with_minor_flags	false	main	13	A	T	nonconservative_substitution	false	MSA/final_human_referenced_residue_agreement.tsv
takifugu_rubripes	IIIb	IIIb	IIIb	primary_claim_supported_with_minor_flags	false	main	14	L	L	identical_to_human	true	MSA/final_human_referenced_residue_agreement.tsv
takifugu_rubripes	IIIb	IIIb	IIIb	primary_claim_supported_with_minor_flags	false	main	15	F	T	nonconservative_substitution	false	MSA/final_human_referenced_residue_agreement.tsv
takifugu_rubripes	IIIb	IIIb	IIIb	primary_claim_supported_with_minor_flags	false	main	16	N	N	identical_to_human	false	MSA/final_human_referenced_residue_agreement.tsv
takifugu_rubripes	IIIb	IIIb	IIIb	primary_claim_supported_with_minor_flags	false	main	17	V	V	identical_to_human	false	MSA/final_human_referenced_residue_agreement.tsv
takifugu_rubripes	IIIb	IIIb	IIIb	primary_claim_supported_with_minor_flags	false	main	18	T	T	identical_to_human	false	MSA/final_human_referenced_residue_agreement.tsv
takifugu_rubripes	IIIb	IIIb	IIIb	primary_claim_supported_with_minor_flags	false	main	19	E	E	identical_to_human	true	MSA/final_human_referenced_residue_agreement.tsv
takifugu_rubripes	IIIb	IIIb	IIIb	primary_claim_supported_with_minor_flags	false	main	20	A	E	nonconservative_substitution	false	MSA/final_human_referenced_residue_agreement.tsv
takifugu_rubripes	IIIb	IIIb	IIIb	primary_claim_supported_with_minor_flags	false	main	21	D	D	identical_to_human	false	MSA/final_human_referenced_residue_agreement.tsv
takifugu_rubripes	IIIb	IIIb	IIIb	primary_claim_supported_with_minor_flags	false	main	22	A	A	identical_to_human	false	MSA/final_human_referenced_residue_agreement.tsv
takifugu_rubripes	IIIb	IIIb	IIIb	primary_claim_supported_with_minor_flags	false	main	23	G	G	identical_to_human	false	MSA/final_human_referenced_residue_agreement.tsv
takifugu_rubripes	IIIb	IIIb	IIIb	primary_claim_supported_with_minor_flags	false	main	24	E	E	identical_to_human	false	MSA/final_human_referenced_residue_agreement.tsv
takifugu_rubripes	IIIb	IIIb	IIIb	primary_claim_supported_with_minor_flags	false	main	25	Y	Y	identical_to_human	false	MSA/final_human_referenced_residue_agreement.tsv
takifugu_rubripes	IIIb	IIIb	IIIb	primary_claim_supported_with_minor_flags	false	main	26	I	I	identical_to_human	true	MSA/final_human_referenced_residue_agreement.tsv
takifugu_rubripes	IIIb	IIIb	IIIb	primary_claim_supported_with_minor_flags	false	main	27	C	C	identical_to_human	false	MSA/final_human_referenced_residue_agreement.tsv
takifugu_rubripes	IIIb	IIIb	IIIb	primary_claim_supported_with_minor_flags	false	main	28	K	K	identical_to_human	true	MSA/final_human_referenced_residue_agreement.tsv
takifugu_rubripes	IIIb	IIIb	IIIb	primary_claim_supported_with_minor_flags	false	main	29	V	V	identical_to_human	true	MSA/final_human_referenced_residue_agreement.tsv
takifugu_rubripes	IIIb	IIIb	IIIb	primary_claim_supported_with_minor_flags	false	main	30	S	S	identical_to_human	true	MSA/final_human_referenced_residue_agreement.tsv
takifugu_rubripes	IIIb	IIIb	IIIb	primary_claim_supported_with_minor_flags	false	main	31	N	N	identical_to_human	false	MSA/final_human_referenced_residue_agreement.tsv
takifugu_rubripes	IIIb	IIIb	IIIb	primary_claim_supported_with_minor_flags	false	main	32	Y	Y	identical_to_human	true	MSA/final_human_referenced_residue_agreement.tsv
takifugu_rubripes	IIIb	IIIb	IIIb	primary_claim_supported_with_minor_flags	false	main	33	I	I	identical_to_human	false	MSA/final_human_referenced_residue_agreement.tsv
takifugu_rubripes	IIIb	IIIb	IIIb	primary_claim_supported_with_minor_flags	false	main	34	G	G	identical_to_human	false	MSA/final_human_referenced_residue_agreement.tsv
takifugu_rubripes	IIIb	IIIb	IIIb	primary_claim_supported_with_minor_flags	false	main	35	Q	E	conservative_substitution	false	MSA/final_human_referenced_residue_agreement.tsv
takifugu_rubripes	IIIb	IIIb	IIIb	primary_claim_supported_with_minor_flags	false	main	36	A	A	identical_to_human	true	MSA/final_human_referenced_residue_agreement.tsv
takifugu_rubripes	IIIb	IIIb	IIIb	primary_claim_supported_with_minor_flags	false	main	37	N	S	conservative_substitution	true	MSA/final_human_referenced_residue_agreement.tsv
takifugu_rubripes	IIIb	IIIb	IIIb	primary_claim_supported_with_minor_flags	false	main	38	Q	Q	identical_to_human	true	MSA/final_human_referenced_residue_agreement.tsv
takifugu_rubripes	IIIb	IIIb	IIIb	primary_claim_supported_with_minor_flags	false	main	39	S	S	identical_to_human	false	MSA/final_human_referenced_residue_agreement.tsv
takifugu_rubripes	IIIb	IIIb	IIIb	primary_claim_supported_with_minor_flags	false	main	40	A	G	nonconservative_substitution	false	MSA/final_human_referenced_residue_agreement.tsv
takifugu_rubripes	IIIb	IIIb	IIIb	primary_claim_supported_with_minor_flags	false	main	41	W	W	identical_to_human	false	MSA/final_human_referenced_residue_agreement.tsv
takifugu_rubripes	IIIb	IIIb	IIIb	primary_claim_supported_with_minor_flags	false	main	42	L	L	identical_to_human	false	MSA/final_human_referenced_residue_agreement.tsv
takifugu_rubripes	IIIb	IIIb	IIIb	primary_claim_supported_with_minor_flags	false	main	43	T	T	identical_to_human	false	MSA/final_human_referenced_residue_agreement.tsv
takifugu_rubripes	IIIb	IIIb	IIIb	primary_claim_supported_with_minor_flags	false	main	44	V	V	identical_to_human	false	MSA/final_human_referenced_residue_agreement.tsv
takifugu_rubripes	IIIb	IIIb	IIIb	primary_claim_supported_with_minor_flags	false	main	45	L	I	conservative_substitution	false	MSA/final_human_referenced_residue_agreement.tsv
takifugu_rubripes	IIIb	IIIb	IIIb	primary_claim_supported_with_minor_flags	false	main	46	P	P	identical_to_human	false	MSA/final_human_referenced_residue_agreement.tsv
takifugu_rubripes	IIIc	IIIc	IIIc	primary_claim_supported_with_minor_flags	false	main	1	A		gap_or_missing	true	MSA/final_human_referenced_residue_agreement.tsv
takifugu_rubripes	IIIc	IIIc	IIIc	primary_claim_supported_with_minor_flags	false	main	2	A	A	identical_to_human	true	MSA/final_human_referenced_residue_agreement.tsv
takifugu_rubripes	IIIc	IIIc	IIIc	primary_claim_supported_with_minor_flags	false	main	3	G	G	identical_to_human	false	MSA/final_human_referenced_residue_agreement.tsv
takifugu_rubripes	IIIc	IIIc	IIIc	primary_claim_supported_with_minor_flags	false	main	4	V	V	identical_to_human	true	MSA/final_human_referenced_residue_agreement.tsv
takifugu_rubripes	IIIc	IIIc	IIIc	primary_claim_supported_with_minor_flags	false	main	5	N	N	identical_to_human	false	MSA/final_human_referenced_residue_agreement.tsv
takifugu_rubripes	IIIc	IIIc	IIIc	primary_claim_supported_with_minor_flags	false	main	6	T	T	identical_to_human	true	MSA/final_human_referenced_residue_agreement.tsv
takifugu_rubripes	IIIc	IIIc	IIIc	primary_claim_supported_with_minor_flags	false	main	7	T	T	identical_to_human	true	MSA/final_human_referenced_residue_agreement.tsv
takifugu_rubripes	IIIc	IIIc	IIIc	primary_claim_supported_with_minor_flags	false	main	8	D	D	identical_to_human	true	MSA/final_human_referenced_residue_agreement.tsv
takifugu_rubripes	IIIc	IIIc	IIIc	primary_claim_supported_with_minor_flags	false	main	9	K	K	identical_to_human	true	MSA/final_human_referenced_residue_agreement.tsv
takifugu_rubripes	IIIc	IIIc	IIIc	primary_claim_supported_with_minor_flags	false	main	10	E	E	identical_to_human	true	MSA/final_human_referenced_residue_agreement.tsv
takifugu_rubripes	IIIc	IIIc	IIIc	primary_claim_supported_with_minor_flags	false	main	11	I	I	identical_to_human	false	MSA/final_human_referenced_residue_agreement.tsv
takifugu_rubripes	IIIc	IIIc	IIIc	primary_claim_supported_with_minor_flags	false	main	12	E	E	identical_to_human	false	MSA/final_human_referenced_residue_agreement.tsv
takifugu_rubripes	IIIc	IIIc	IIIc	primary_claim_supported_with_minor_flags	false	main	13	V	V	identical_to_human	false	MSA/final_human_referenced_residue_agreement.tsv
takifugu_rubripes	IIIc	IIIc	IIIc	primary_claim_supported_with_minor_flags	false	main	14	L	L	identical_to_human	true	MSA/final_human_referenced_residue_agreement.tsv
takifugu_rubripes	IIIc	IIIc	IIIc	primary_claim_supported_with_minor_flags	false	main	15	Y	Y	identical_to_human	false	MSA/final_human_referenced_residue_agreement.tsv
takifugu_rubripes	IIIc	IIIc	IIIc	primary_claim_supported_with_minor_flags	false	main	16	I	L	conservative_substitution	false	MSA/final_human_referenced_residue_agreement.tsv
takifugu_rubripes	IIIc	IIIc	IIIc	primary_claim_supported_with_minor_flags	false	main	17	R	P	nonconservative_substitution	false	MSA/final_human_referenced_residue_agreement.tsv
takifugu_rubripes	IIIc	IIIc	IIIc	primary_claim_supported_with_minor_flags	false	main	18	N	N	identical_to_human	false	MSA/final_human_referenced_residue_agreement.tsv
takifugu_rubripes	IIIc	IIIc	IIIc	primary_claim_supported_with_minor_flags	false	main	19	V	V	identical_to_human	true	MSA/final_human_referenced_residue_agreement.tsv
takifugu_rubripes	IIIc	IIIc	IIIc	primary_claim_supported_with_minor_flags	false	main	20	T	T	identical_to_human	false	MSA/final_human_referenced_residue_agreement.tsv
takifugu_rubripes	IIIc	IIIc	IIIc	primary_claim_supported_with_minor_flags	false	main	21	F	F	identical_to_human	false	MSA/final_human_referenced_residue_agreement.tsv
takifugu_rubripes	IIIc	IIIc	IIIc	primary_claim_supported_with_minor_flags	false	main	22	E	E	identical_to_human	false	MSA/final_human_referenced_residue_agreement.tsv
takifugu_rubripes	IIIc	IIIc	IIIc	primary_claim_supported_with_minor_flags	false	main	23	D	D	identical_to_human	false	MSA/final_human_referenced_residue_agreement.tsv
takifugu_rubripes	IIIc	IIIc	IIIc	primary_claim_supported_with_minor_flags	false	main	24	A	A	identical_to_human	false	MSA/final_human_referenced_residue_agreement.tsv
takifugu_rubripes	IIIc	IIIc	IIIc	primary_claim_supported_with_minor_flags	false	main	25	G	G	identical_to_human	false	MSA/final_human_referenced_residue_agreement.tsv
takifugu_rubripes	IIIc	IIIc	IIIc	primary_claim_supported_with_minor_flags	false	main	26	E	E	identical_to_human	true	MSA/final_human_referenced_residue_agreement.tsv
takifugu_rubripes	IIIc	IIIc	IIIc	primary_claim_supported_with_minor_flags	false	main	27	Y	Y	identical_to_human	false	MSA/final_human_referenced_residue_agreement.tsv
takifugu_rubripes	IIIc	IIIc	IIIc	primary_claim_supported_with_minor_flags	false	main	28	T	T	identical_to_human	true	MSA/final_human_referenced_residue_agreement.tsv
takifugu_rubripes	IIIc	IIIc	IIIc	primary_claim_supported_with_minor_flags	false	main	29	C	C	identical_to_human	true	MSA/final_human_referenced_residue_agreement.tsv
takifugu_rubripes	IIIc	IIIc	IIIc	primary_claim_supported_with_minor_flags	false	main	30	L	L	identical_to_human	true	MSA/final_human_referenced_residue_agreement.tsv
takifugu_rubripes	IIIc	IIIc	IIIc	primary_claim_supported_with_minor_flags	false	main	31	A	A	identical_to_human	false	MSA/final_human_referenced_residue_agreement.tsv
takifugu_rubripes	IIIc	IIIc	IIIc	primary_claim_supported_with_minor_flags	false	main	32	G	G	identical_to_human	true	MSA/final_human_referenced_residue_agreement.tsv
takifugu_rubripes	IIIc	IIIc	IIIc	primary_claim_supported_with_minor_flags	false	main	33	N	N	identical_to_human	false	MSA/final_human_referenced_residue_agreement.tsv
takifugu_rubripes	IIIc	IIIc	IIIc	primary_claim_supported_with_minor_flags	false	main	34	S	S	identical_to_human	false	MSA/final_human_referenced_residue_agreement.tsv
takifugu_rubripes	IIIc	IIIc	IIIc	primary_claim_supported_with_minor_flags	false	main	35	I	I	identical_to_human	false	MSA/final_human_referenced_residue_agreement.tsv
takifugu_rubripes	IIIc	IIIc	IIIc	primary_claim_supported_with_minor_flags	false	main	36	G	G	identical_to_human	true	MSA/final_human_referenced_residue_agreement.tsv
takifugu_rubripes	IIIc	IIIc	IIIc	primary_claim_supported_with_minor_flags	false	main	37	I	I	identical_to_human	true	MSA/final_human_referenced_residue_agreement.tsv
takifugu_rubripes	IIIc	IIIc	IIIc	primary_claim_supported_with_minor_flags	false	main	38	S	S	identical_to_human	true	MSA/final_human_referenced_residue_agreement.tsv
takifugu_rubripes	IIIc	IIIc	IIIc	primary_claim_supported_with_minor_flags	false	main	39	F	F	identical_to_human	false	MSA/final_human_referenced_residue_agreement.tsv
takifugu_rubripes	IIIc	IIIc	IIIc	primary_claim_supported_with_minor_flags	false	main	40	H	H	identical_to_human	false	MSA/final_human_referenced_residue_agreement.tsv
takifugu_rubripes	IIIc	IIIc	IIIc	primary_claim_supported_with_minor_flags	false	main	41	S	T	conservative_substitution	false	MSA/final_human_referenced_residue_agreement.tsv
takifugu_rubripes	IIIc	IIIc	IIIc	primary_claim_supported_with_minor_flags	false	main	42	A	A	identical_to_human	false	MSA/final_human_referenced_residue_agreement.tsv
takifugu_rubripes	IIIc	IIIc	IIIc	primary_claim_supported_with_minor_flags	false	main	43	W	W	identical_to_human	false	MSA/final_human_referenced_residue_agreement.tsv
takifugu_rubripes	IIIc	IIIc	IIIc	primary_claim_supported_with_minor_flags	false	main	44	L	L	identical_to_human	false	MSA/final_human_referenced_residue_agreement.tsv
takifugu_rubripes	IIIc	IIIc	IIIc	primary_claim_supported_with_minor_flags	false	main	45	T	T	identical_to_human	false	MSA/final_human_referenced_residue_agreement.tsv
takifugu_rubripes	IIIc	IIIc	IIIc	primary_claim_supported_with_minor_flags	false	main	46	V	V	identical_to_human	false	MSA/final_human_referenced_residue_agreement.tsv
takifugu_rubripes	IIIc	IIIc	IIIc	primary_claim_supported_with_minor_flags	false	main	47	L	L	identical_to_human	false	MSA/final_human_referenced_residue_agreement.tsv
takifugu_rubripes	IIIc	IIIc	IIIc	primary_claim_supported_with_minor_flags	false	main	48	P	P	identical_to_human	false	MSA/final_human_referenced_residue_agreement.tsv
