species	isoform	final_isoform_label	upstream_label	label_consistency_status	human_reference_isoform	human_reference_residue_index	alignment_col	human_reference_aa	species_aa	agreement_class	substitution_class	blosum62_score_if_available	is_gap	is_review_species	recommended_use	position_warning
alligator_mississippiensis	IIIb	IIIb	IIIc	swapped_relative_to_upstream	IIIb	1	1	H		gap_or_missing	gap		true	false	main_text_primary_claim
alligator_mississippiensis	IIIb	IIIb	IIIc	swapped_relative_to_upstream	IIIb	2	2	S	S	identical_to_human	identical	4.0	false	false	main_text_primary_claim
alligator_mississippiensis	IIIb	IIIb	IIIc	swapped_relative_to_upstream	IIIb	3	3	G	G	identical_to_human	identical	6.0	false	false	main_text_primary_claim
alligator_mississippiensis	IIIb	IIIb	IIIc	swapped_relative_to_upstream	IIIb	4	4	I	I	identical_to_human	identical	4.0	false	false	main_text_primary_claim
alligator_mississippiensis	IIIb	IIIb	IIIc	swapped_relative_to_upstream	IIIb	5	5	N	N	identical_to_human	identical	6.0	false	false	main_text_primary_claim
alligator_mississippiensis	IIIb	IIIb	IIIc	swapped_relative_to_upstream	IIIb	6	6	S	S	identical_to_human	identical	4.0	false	false	main_text_primary_claim
alligator_mississippiensis	IIIb	IIIb	IIIc	swapped_relative_to_upstream	IIIb	7	7	S	S	identical_to_human	identical	4.0	false	false	main_text_primary_claim
alligator_mississippiensis	IIIb	IIIb	IIIc	swapped_relative_to_upstream	IIIb	8	8	N	N	identical_to_human	identical	6.0	false	false	main_text_primary_claim
alligator_mississippiensis	IIIb	IIIb	IIIc	swapped_relative_to_upstream	IIIb	9	11	A	A	identical_to_human	identical	4.0	false	false	main_text_primary_claim
alligator_mississippiensis	IIIb	IIIb	IIIc	swapped_relative_to_upstream	IIIb	10	12	E	E	identical_to_human	identical	5.0	false	false	main_text_primary_claim
alligator_mississippiensis	IIIb	IIIb	IIIc	swapped_relative_to_upstream	IIIb	11	13	V	V	identical_to_human	identical	4.0	false	false	main_text_primary_claim
alligator_mississippiensis	IIIb	IIIb	IIIc	swapped_relative_to_upstream	IIIb	12	14	L	L	identical_to_human	identical	4.0	false	false	main_text_primary_claim
alligator_mississippiensis	IIIb	IIIb	IIIc	swapped_relative_to_upstream	IIIb	13	15	A	T	nonconservative_substitution	semi_conservative	0.0	false	false	main_text_primary_claim
alligator_mississippiensis	IIIb	IIIb	IIIc	swapped_relative_to_upstream	IIIb	14	16	L	L	identical_to_human	identical	4.0	false	false	main_text_primary_claim
alligator_mississippiensis	IIIb	IIIb	IIIc	swapped_relative_to_upstream	IIIb	15	17	F	Y	conservative_substitution	conservative	3.0	false	false	main_text_primary_claim
alligator_mississippiensis	IIIb	IIIb	IIIc	swapped_relative_to_upstream	IIIb	16	18	N	N	identical_to_human	identical	6.0	false	false	main_text_primary_claim
alligator_mississippiensis	IIIb	IIIb	IIIc	swapped_relative_to_upstream	IIIb	17	19	V	V	identical_to_human	identical	4.0	false	false	main_text_primary_claim
alligator_mississippiensis	IIIb	IIIb	IIIc	swapped_relative_to_upstream	IIIb	18	20	T	T	identical_to_human	identical	5.0	false	false	main_text_primary_claim
alligator_mississippiensis	IIIb	IIIb	IIIc	swapped_relative_to_upstream	IIIb	19	21	E	E	identical_to_human	identical	5.0	false	false	main_text_primary_claim
alligator_mississippiensis	IIIb	IIIb	IIIc	swapped_relative_to_upstream	IIIb	20	22	A	A	identical_to_human	identical	4.0	false	false	main_text_primary_claim
alligator_mississippiensis	IIIb	IIIb	IIIc	swapped_relative_to_upstream	IIIb	21	23	D	D	identical_to_human	identical	6.0	false	false	main_text_primary_claim
alligator_mississippiensis	IIIb	IIIb	IIIc	swapped_relative_to_upstream	IIIb	22	24	A	A	identical_to_human	identical	4.0	false	false	main_text_primary_claim
alligator_mississippiensis	IIIb	IIIb	IIIc	swapped_relative_to_upstream	IIIb	23	25	G	G	identical_to_human	identical	6.0	false	false	main_text_primary_claim
alligator_mississippiensis	IIIb	IIIb	IIIc	swapped_relative_to_upstream	IIIb	24	26	E	E	identical_to_human	identical	5.0	false	false	main_text_primary_claim
alligator_mississippiensis	IIIb	IIIb	IIIc	swapped_relative_to_upstream	IIIb	25	27	Y	Y	identical_to_human	identical	7.0	false	false	main_text_primary_claim
alligator_mississippiensis	IIIb	IIIb	IIIc	swapped_relative_to_upstream	IIIb	26	28	I	I	identical_to_human	identical	4.0	false	false	main_text_primary_claim
alligator_mississippiensis	IIIb	IIIb	IIIc	swapped_relative_to_upstream	IIIb	27	29	C	C	identical_to_human	identical	9.0	false	false	main_text_primary_claim
alligator_mississippiensis	IIIb	IIIb	IIIc	swapped_relative_to_upstream	IIIb	28	30	K	K	identical_to_human	identical	5.0	false	false	main_text_primary_claim
alligator_mississippiensis	IIIb	IIIb	IIIc	swapped_relative_to_upstream	IIIb	29	31	V	V	identical_to_human	identical	4.0	false	false	main_text_primary_claim
alligator_mississippiensis	IIIb	IIIb	IIIc	swapped_relative_to_upstream	IIIb	30	32	S	S	identical_to_human	identical	4.0	false	false	main_text_primary_claim
alligator_mississippiensis	IIIb	IIIb	IIIc	swapped_relative_to_upstream	IIIb	31	45	N	N	identical_to_human	identical	6.0	false	false	main_text_primary_claim
alligator_mississippiensis	IIIb	IIIb	IIIc	swapped_relative_to_upstream	IIIb	32	46	Y	Y	identical_to_human	identical	7.0	false	false	main_text_primary_claim
alligator_mississippiensis	IIIb	IIIb	IIIc	swapped_relative_to_upstream	IIIb	33	47	I	I	identical_to_human	identical	4.0	false	false	main_text_primary_claim
alligator_mississippiensis	IIIb	IIIb	IIIc	swapped_relative_to_upstream	IIIb	34	48	G	G	identical_to_human	identical	6.0	false	false	main_text_primary_claim
alligator_mississippiensis	IIIb	IIIb	IIIc	swapped_relative_to_upstream	IIIb	35	49	Q	E	conservative_substitution	conservative	2.0	false	false	main_text_primary_claim
alligator_mississippiensis	IIIb	IIIb	IIIc	swapped_relative_to_upstream	IIIb	36	50	A	A	identical_to_human	identical	4.0	false	false	main_text_primary_claim
alligator_mississippiensis	IIIb	IIIb	IIIc	swapped_relative_to_upstream	IIIb	37	51	N	N	identical_to_human	identical	6.0	false	false	main_text_primary_claim
alligator_mississippiensis	IIIb	IIIb	IIIc	swapped_relative_to_upstream	IIIb	38	52	Q	Q	identical_to_human	identical	5.0	false	false	main_text_primary_claim
alligator_mississippiensis	IIIb	IIIb	IIIc	swapped_relative_to_upstream	IIIb	39	53	S	S	identical_to_human	identical	4.0	false	false	main_text_primary_claim
alligator_mississippiensis	IIIb	IIIb	IIIc	swapped_relative_to_upstream	IIIb	40	54	A	A	identical_to_human	identical	4.0	false	false	main_text_primary_claim
alligator_mississippiensis	IIIb	IIIb	IIIc	swapped_relative_to_upstream	IIIb	41	55	W	W	identical_to_human	identical	11.0	false	false	main_text_primary_claim
alligator_mississippiensis	IIIb	IIIb	IIIc	swapped_relative_to_upstream	IIIb	42	56	L	L	identical_to_human	identical	4.0	false	false	main_text_primary_claim
alligator_mississippiensis	IIIb	IIIb	IIIc	swapped_relative_to_upstream	IIIb	43	57	T	T	identical_to_human	identical	5.0	false	false	main_text_primary_claim
alligator_mississippiensis	IIIb	IIIb	IIIc	swapped_relative_to_upstream	IIIb	44	58	V	V	identical_to_human	identical	4.0	false	false	main_text_primary_claim
alligator_mississippiensis	IIIb	IIIb	IIIc	swapped_relative_to_upstream	IIIb	45	59	L	L	identical_to_human	identical	4.0	false	false	main_text_primary_claim
alligator_mississippiensis	IIIb	IIIb	IIIc	swapped_relative_to_upstream	IIIb	46	69	P	P	identical_to_human	identical	7.0	false	false	main_text_primary_claim
ambystoma_mexicanum	IIIb	IIIb	IIIc	swapped_relative_to_upstream	IIIb	1	1	H		gap_or_missing	gap		true	false	main_text_primary_claim
ambystoma_mexicanum	IIIb	IIIb	IIIc	swapped_relative_to_upstream	IIIb	2	2	S	S	identical_to_human	identical	4.0	false	false	main_text_primary_claim
ambystoma_mexicanum	IIIb	IIIb	IIIc	swapped_relative_to_upstream	IIIb	3	3	G	G	identical_to_human	identical	6.0	false	false	main_text_primary_claim
ambystoma_mexicanum	IIIb	IIIb	IIIc	swapped_relative_to_upstream	IIIb	4	4	I	I	identical_to_human	identical	4.0	false	false	main_text_primary_claim
ambystoma_mexicanum	IIIb	IIIb	IIIc	swapped_relative_to_upstream	IIIb	5	5	N	N	identical_to_human	identical	6.0	false	false	main_text_primary_claim
ambystoma_mexicanum	IIIb	IIIb	IIIc	swapped_relative_to_upstream	IIIb	6	6	S	S	identical_to_human	identical	4.0	false	false	main_text_primary_claim
ambystoma_mexicanum	IIIb	IIIb	IIIc	swapped_relative_to_upstream	IIIb	7	7	S	S	identical_to_human	identical	4.0	false	false	main_text_primary_claim
ambystoma_mexicanum	IIIb	IIIb	IIIc	swapped_relative_to_upstream	IIIb	8	8	N	N	identical_to_human	identical	6.0	false	false	main_text_primary_claim
ambystoma_mexicanum	IIIb	IIIb	IIIc	swapped_relative_to_upstream	IIIb	9	11	A	A	identical_to_human	identical	4.0	false	false	main_text_primary_claim
ambystoma_mexicanum	IIIb	IIIb	IIIc	swapped_relative_to_upstream	IIIb	10	12	E	E	identical_to_human	identical	5.0	false	false	main_text_primary_claim
ambystoma_mexicanum	IIIb	IIIb	IIIc	swapped_relative_to_upstream	IIIb	11	13	V	V	identical_to_human	identical	4.0	false	false	main_text_primary_claim
ambystoma_mexicanum	IIIb	IIIb	IIIc	swapped_relative_to_upstream	IIIb	12	14	L	L	identical_to_human	identical	4.0	false	false	main_text_primary_claim
ambystoma_mexicanum	IIIb	IIIb	IIIc	swapped_relative_to_upstream	IIIb	13	15	A	T	nonconservative_substitution	semi_conservative	0.0	false	false	main_text_primary_claim
ambystoma_mexicanum	IIIb	IIIb	IIIc	swapped_relative_to_upstream	IIIb	14	16	L	L	identical_to_human	identical	4.0	false	false	main_text_primary_claim
ambystoma_mexicanum	IIIb	IIIb	IIIc	swapped_relative_to_upstream	IIIb	15	17	F	Y	conservative_substitution	conservative	3.0	false	false	main_text_primary_claim
ambystoma_mexicanum	IIIb	IIIb	IIIc	swapped_relative_to_upstream	IIIb	16	18	N	N	identical_to_human	identical	6.0	false	false	main_text_primary_claim
ambystoma_mexicanum	IIIb	IIIb	IIIc	swapped_relative_to_upstream	IIIb	17	19	V	V	identical_to_human	identical	4.0	false	false	main_text_primary_claim
ambystoma_mexicanum	IIIb	IIIb	IIIc	swapped_relative_to_upstream	IIIb	18	20	T	T	identical_to_human	identical	5.0	false	false	main_text_primary_claim
ambystoma_mexicanum	IIIb	IIIb	IIIc	swapped_relative_to_upstream	IIIb	19	21	E	V	nonconservative_substitution	nonconservative	-2.0	false	false	main_text_primary_claim
ambystoma_mexicanum	IIIb	IIIb	IIIc	swapped_relative_to_upstream	IIIb	20	22	A	A	identical_to_human	identical	4.0	false	false	main_text_primary_claim
ambystoma_mexicanum	IIIb	IIIb	IIIc	swapped_relative_to_upstream	IIIb	21	23	D	D	identical_to_human	identical	6.0	false	false	main_text_primary_claim
ambystoma_mexicanum	IIIb	IIIb	IIIc	swapped_relative_to_upstream	IIIb	22	24	A	E	nonconservative_substitution	nonconservative	-1.0	false	false	main_text_primary_claim
ambystoma_mexicanum	IIIb	IIIb	IIIc	swapped_relative_to_upstream	IIIb	23	25	G	G	identical_to_human	identical	6.0	false	false	main_text_primary_claim
ambystoma_mexicanum	IIIb	IIIb	IIIc	swapped_relative_to_upstream	IIIb	24	26	E	K	conservative_substitution	conservative	1.0	false	false	main_text_primary_claim
ambystoma_mexicanum	IIIb	IIIb	IIIc	swapped_relative_to_upstream	IIIb	25	27	Y	Y	identical_to_human	identical	7.0	false	false	main_text_primary_claim
ambystoma_mexicanum	IIIb	IIIb	IIIc	swapped_relative_to_upstream	IIIb	26	28	I	I	identical_to_human	identical	4.0	false	false	main_text_primary_claim
ambystoma_mexicanum	IIIb	IIIb	IIIc	swapped_relative_to_upstream	IIIb	27	29	C	C	identical_to_human	identical	9.0	false	false	main_text_primary_claim
ambystoma_mexicanum	IIIb	IIIb	IIIc	swapped_relative_to_upstream	IIIb	28	30	K	K	identical_to_human	identical	5.0	false	false	main_text_primary_claim
ambystoma_mexicanum	IIIb	IIIb	IIIc	swapped_relative_to_upstream	IIIb	29	31	V	V	identical_to_human	identical	4.0	false	false	main_text_primary_claim
ambystoma_mexicanum	IIIb	IIIb	IIIc	swapped_relative_to_upstream	IIIb	30	32	S	S	identical_to_human	identical	4.0	false	false	main_text_primary_claim
ambystoma_mexicanum	IIIb	IIIb	IIIc	swapped_relative_to_upstream	IIIb	31	45	N	N	identical_to_human	identical	6.0	false	false	main_text_primary_claim
ambystoma_mexicanum	IIIb	IIIb	IIIc	swapped_relative_to_upstream	IIIb	32	46	Y	Y	identical_to_human	identical	7.0	false	false	main_text_primary_claim
ambystoma_mexicanum	IIIb	IIIb	IIIc	swapped_relative_to_upstream	IIIb	33	47	I	I	identical_to_human	identical	4.0	false	false	main_text_primary_claim
ambystoma_mexicanum	IIIb	IIIb	IIIc	swapped_relative_to_upstream	IIIb	34	48	G	G	identical_to_human	identical	6.0	false	false	main_text_primary_claim
ambystoma_mexicanum	IIIb	IIIb	IIIc	swapped_relative_to_upstream	IIIb	35	49	Q	E	conservative_substitution	conservative	2.0	false	false	main_text_primary_claim
ambystoma_mexicanum	IIIb	IIIb	IIIc	swapped_relative_to_upstream	IIIb	36	50	A	A	identical_to_human	identical	4.0	false	false	main_text_primary_claim
ambystoma_mexicanum	IIIb	IIIb	IIIc	swapped_relative_to_upstream	IIIb	37	51	N	N	identical_to_human	identical	6.0	false	false	main_text_primary_claim
ambystoma_mexicanum	IIIb	IIIb	IIIc	swapped_relative_to_upstream	IIIb	38	52	Q	Q	identical_to_human	identical	5.0	false	false	main_text_primary_claim
ambystoma_mexicanum	IIIb	IIIb	IIIc	swapped_relative_to_upstream	IIIb	39	53	S	S	identical_to_human	identical	4.0	false	false	main_text_primary_claim
ambystoma_mexicanum	IIIb	IIIb	IIIc	swapped_relative_to_upstream	IIIb	40	54	A	A	identical_to_human	identical	4.0	false	false	main_text_primary_claim
ambystoma_mexicanum	IIIb	IIIb	IIIc	swapped_relative_to_upstream	IIIb	41	55	W	W	identical_to_human	identical	11.0	false	false	main_text_primary_claim
ambystoma_mexicanum	IIIb	IIIb	IIIc	swapped_relative_to_upstream	IIIb	42	56	L	L	identical_to_human	identical	4.0	false	false	main_text_primary_claim
ambystoma_mexicanum	IIIb	IIIb	IIIc	swapped_relative_to_upstream	IIIb	43	57	T	T	identical_to_human	identical	5.0	false	false	main_text_primary_claim
ambystoma_mexicanum	IIIb	IIIb	IIIc	swapped_relative_to_upstream	IIIb	44	58	V	V	identical_to_human	identical	4.0	false	false	main_text_primary_claim
ambystoma_mexicanum	IIIb	IIIb	IIIc	swapped_relative_to_upstream	IIIb	45	59	L	L	identical_to_human	identical	4.0	false	false	main_text_primary_claim
ambystoma_mexicanum	IIIb	IIIb	IIIc	swapped_relative_to_upstream	IIIb	46	69	P	P	identical_to_human	identical	7.0	false	false	main_text_primary_claim
anolis_carolinensis	IIIb	IIIb	IIIc	swapped_relative_to_upstream	IIIb	1	1	H	H	identical_to_human	identical	8.0	false	false	main_text_primary_claim
anolis_carolinensis	IIIb	IIIb	IIIc	swapped_relative_to_upstream	IIIb	2	2	S	S	identical_to_human	identical	4.0	false	false	main_text_primary_claim
anolis_carolinensis	IIIb	IIIb	IIIc	swapped_relative_to_upstream	IIIb	3	3	G	G	identical_to_human	identical	6.0	false	false	main_text_primary_claim
anolis_carolinensis	IIIb	IIIb	IIIc	swapped_relative_to_upstream	IIIb	4	4	I	I	identical_to_human	identical	4.0	false	false	main_text_primary_claim
anolis_carolinensis	IIIb	IIIb	IIIc	swapped_relative_to_upstream	IIIb	5	5	N	N	identical_to_human	identical	6.0	false	false	main_text_primary_claim
anolis_carolinensis	IIIb	IIIb	IIIc	swapped_relative_to_upstream	IIIb	6	6	S	S	identical_to_human	identical	4.0	false	false	main_text_primary_claim
anolis_carolinensis	IIIb	IIIb	IIIc	swapped_relative_to_upstream	IIIb	7	7	S	S	identical_to_human	identical	4.0	false	false	main_text_primary_claim
anolis_carolinensis	IIIb	IIIb	IIIc	swapped_relative_to_upstream	IIIb	8	8	N	N	identical_to_human	identical	6.0	false	false	main_text_primary_claim
anolis_carolinensis	IIIb	IIIb	IIIc	swapped_relative_to_upstream	IIIb	9	11	A	T	nonconservative_substitution	semi_conservative	0.0	false	false	main_text_primary_claim
anolis_carolinensis	IIIb	IIIb	IIIc	swapped_relative_to_upstream	IIIb	10	12	E	E	identical_to_human	identical	5.0	false	false	main_text_primary_claim
anolis_carolinensis	IIIb	IIIb	IIIc	swapped_relative_to_upstream	IIIb	11	13	V	V	identical_to_human	identical	4.0	false	false	main_text_primary_claim
anolis_carolinensis	IIIb	IIIb	IIIc	swapped_relative_to_upstream	IIIb	12	14	L	L	identical_to_human	identical	4.0	false	false	main_text_primary_claim
anolis_carolinensis	IIIb	IIIb	IIIc	swapped_relative_to_upstream	IIIb	13	15	A	K	nonconservative_substitution	nonconservative	-1.0	false	false	main_text_primary_claim
anolis_carolinensis	IIIb	IIIb	IIIc	swapped_relative_to_upstream	IIIb	14	16	L	L	identical_to_human	identical	4.0	false	false	main_text_primary_claim
anolis_carolinensis	IIIb	IIIb	IIIc	swapped_relative_to_upstream	IIIb	15	17	F	H	nonconservative_substitution	nonconservative	-1.0	false	false	main_text_primary_claim
anolis_carolinensis	IIIb	IIIb	IIIc	swapped_relative_to_upstream	IIIb	16	18	N	N	identical_to_human	identical	6.0	false	false	main_text_primary_claim
anolis_carolinensis	IIIb	IIIb	IIIc	swapped_relative_to_upstream	IIIb	17	19	V	V	identical_to_human	identical	4.0	false	false	main_text_primary_claim
anolis_carolinensis	IIIb	IIIb	IIIc	swapped_relative_to_upstream	IIIb	18	20	T	T	identical_to_human	identical	5.0	false	false	main_text_primary_claim
anolis_carolinensis	IIIb	IIIb	IIIc	swapped_relative_to_upstream	IIIb	19	21	E	E	identical_to_human	identical	5.0	false	false	main_text_primary_claim
anolis_carolinensis	IIIb	IIIb	IIIc	swapped_relative_to_upstream	IIIb	20	22	A	E	nonconservative_substitution	nonconservative	-1.0	false	false	main_text_primary_claim
anolis_carolinensis	IIIb	IIIb	IIIc	swapped_relative_to_upstream	IIIb	21	23	D	D	identical_to_human	identical	6.0	false	false	main_text_primary_claim
anolis_carolinensis	IIIb	IIIb	IIIc	swapped_relative_to_upstream	IIIb	22	24	A	A	identical_to_human	identical	4.0	false	false	main_text_primary_claim
anolis_carolinensis	IIIb	IIIb	IIIc	swapped_relative_to_upstream	IIIb	23	25	G	G	identical_to_human	identical	6.0	false	false	main_text_primary_claim
anolis_carolinensis	IIIb	IIIb	IIIc	swapped_relative_to_upstream	IIIb	24	26	E	E	identical_to_human	identical	5.0	false	false	main_text_primary_claim
anolis_carolinensis	IIIb	IIIb	IIIc	swapped_relative_to_upstream	IIIb	25	27	Y	Y	identical_to_human	identical	7.0	false	false	main_text_primary_claim
anolis_carolinensis	IIIb	IIIb	IIIc	swapped_relative_to_upstream	IIIb	26	28	I	I	identical_to_human	identical	4.0	false	false	main_text_primary_claim
anolis_carolinensis	IIIb	IIIb	IIIc	swapped_relative_to_upstream	IIIb	27	29	C	C	identical_to_human	identical	9.0	false	false	main_text_primary_claim
anolis_carolinensis	IIIb	IIIb	IIIc	swapped_relative_to_upstream	IIIb	28	30	K	K	identical_to_human	identical	5.0	false	false	main_text_primary_claim
anolis_carolinensis	IIIb	IIIb	IIIc	swapped_relative_to_upstream	IIIb	29	31	V	V	identical_to_human	identical	4.0	false	false	main_text_primary_claim
anolis_carolinensis	IIIb	IIIb	IIIc	swapped_relative_to_upstream	IIIb	30	32	S	S	identical_to_human	identical	4.0	false	false	main_text_primary_claim
anolis_carolinensis	IIIb	IIIb	IIIc	swapped_relative_to_upstream	IIIb	31	45	N	N	identical_to_human	identical	6.0	false	false	main_text_primary_claim
anolis_carolinensis	IIIb	IIIb	IIIc	swapped_relative_to_upstream	IIIb	32	46	Y	Y	identical_to_human	identical	7.0	false	false	main_text_primary_claim
anolis_carolinensis	IIIb	IIIb	IIIc	swapped_relative_to_upstream	IIIb	33	47	I	I	identical_to_human	identical	4.0	false	false	main_text_primary_claim
anolis_carolinensis	IIIb	IIIb	IIIc	swapped_relative_to_upstream	IIIb	34	48	G	G	identical_to_human	identical	6.0	false	false	main_text_primary_claim
anolis_carolinensis	IIIb	IIIb	IIIc	swapped_relative_to_upstream	IIIb	35	49	Q	E	conservative_substitution	conservative	2.0	false	false	main_text_primary_claim
anolis_carolinensis	IIIb	IIIb	IIIc	swapped_relative_to_upstream	IIIb	36	50	A	A	identical_to_human	identical	4.0	false	false	main_text_primary_claim
anolis_carolinensis	IIIb	IIIb	IIIc	swapped_relative_to_upstream	IIIb	37	51	N	N	identical_to_human	identical	6.0	false	false	main_text_primary_claim
anolis_carolinensis	IIIb	IIIb	IIIc	swapped_relative_to_upstream	IIIb	38	52	Q	Q	identical_to_human	identical	5.0	false	false	main_text_primary_claim
anolis_carolinensis	IIIb	IIIb	IIIc	swapped_relative_to_upstream	IIIb	39	53	S	S	identical_to_human	identical	4.0	false	false	main_text_primary_claim
anolis_carolinensis	IIIb	IIIb	IIIc	swapped_relative_to_upstream	IIIb	40	54	A	A	identical_to_human	identical	4.0	false	false	main_text_primary_claim
anolis_carolinensis	IIIb	IIIb	IIIc	swapped_relative_to_upstream	IIIb	41	55	W	W	identical_to_human	identical	11.0	false	false	main_text_primary_claim
anolis_carolinensis	IIIb	IIIb	IIIc	swapped_relative_to_upstream	IIIb	42	56	L	L	identical_to_human	identical	4.0	false	false	main_text_primary_claim
anolis_carolinensis	IIIb	IIIb	IIIc	swapped_relative_to_upstream	IIIb	43	57	T	V	nonconservative_substitution	semi_conservative	0.0	false	false	main_text_primary_claim
anolis_carolinensis	IIIb	IIIb	IIIc	swapped_relative_to_upstream	IIIb	44	58	V	V	identical_to_human	identical	4.0	false	false	main_text_primary_claim
anolis_carolinensis	IIIb	IIIb	IIIc	swapped_relative_to_upstream	IIIb	45	59	L	L	identical_to_human	identical	4.0	false	false	main_text_primary_claim
anolis_carolinensis	IIIb	IIIb	IIIc	swapped_relative_to_upstream	IIIb	46	69	P	P	identical_to_human	identical	7.0	false	false	main_text_primary_claim
bos_taurus	IIIb	IIIb	IIIc	swapped_relative_to_upstream	IIIb	1	1	H	H	identical_to_human	identical	8.0	false	false	main_text_primary_claim
bos_taurus	IIIb	IIIb	IIIc	swapped_relative_to_upstream	IIIb	2	2	S	S	identical_to_human	identical	4.0	false	false	main_text_primary_claim
bos_taurus	IIIb	IIIb	IIIc	swapped_relative_to_upstream	IIIb	3	3	G	G	identical_to_human	identical	6.0	false	false	main_text_primary_claim
bos_taurus	IIIb	IIIb	IIIc	swapped_relative_to_upstream	IIIb	4	4	I	I	identical_to_human	identical	4.0	false	false	main_text_primary_claim
bos_taurus	IIIb	IIIb	IIIc	swapped_relative_to_upstream	IIIb	5	5	N	N	identical_to_human	identical	6.0	false	false	main_text_primary_claim
bos_taurus	IIIb	IIIb	IIIc	swapped_relative_to_upstream	IIIb	6	6	S	S	identical_to_human	identical	4.0	false	false	main_text_primary_claim
bos_taurus	IIIb	IIIb	IIIc	swapped_relative_to_upstream	IIIb	7	7	S	S	identical_to_human	identical	4.0	false	false	main_text_primary_claim
bos_taurus	IIIb	IIIb	IIIc	swapped_relative_to_upstream	IIIb	8	8	N	N	identical_to_human	identical	6.0	false	false	main_text_primary_claim
bos_taurus	IIIb	IIIb	IIIc	swapped_relative_to_upstream	IIIb	9	11	A	A	identical_to_human	identical	4.0	false	false	main_text_primary_claim
bos_taurus	IIIb	IIIb	IIIc	swapped_relative_to_upstream	IIIb	10	12	E	E	identical_to_human	identical	5.0	false	false	main_text_primary_claim
bos_taurus	IIIb	IIIb	IIIc	swapped_relative_to_upstream	IIIb	11	13	V	V	identical_to_human	identical	4.0	false	false	main_text_primary_claim
bos_taurus	IIIb	IIIb	IIIc	swapped_relative_to_upstream	IIIb	12	14	L	L	identical_to_human	identical	4.0	false	false	main_text_primary_claim
bos_taurus	IIIb	IIIb	IIIc	swapped_relative_to_upstream	IIIb	13	15	A	A	identical_to_human	identical	4.0	false	false	main_text_primary_claim
bos_taurus	IIIb	IIIb	IIIc	swapped_relative_to_upstream	IIIb	14	16	L	L	identical_to_human	identical	4.0	false	false	main_text_primary_claim
bos_taurus	IIIb	IIIb	IIIc	swapped_relative_to_upstream	IIIb	15	17	F	F	identical_to_human	identical	6.0	false	false	main_text_primary_claim
bos_taurus	IIIb	IIIb	IIIc	swapped_relative_to_upstream	IIIb	16	18	N	N	identical_to_human	identical	6.0	false	false	main_text_primary_claim
bos_taurus	IIIb	IIIb	IIIc	swapped_relative_to_upstream	IIIb	17	19	V	V	identical_to_human	identical	4.0	false	false	main_text_primary_claim
bos_taurus	IIIb	IIIb	IIIc	swapped_relative_to_upstream	IIIb	18	20	T	T	identical_to_human	identical	5.0	false	false	main_text_primary_claim
bos_taurus	IIIb	IIIb	IIIc	swapped_relative_to_upstream	IIIb	19	21	E	E	identical_to_human	identical	5.0	false	false	main_text_primary_claim
bos_taurus	IIIb	IIIb	IIIc	swapped_relative_to_upstream	IIIb	20	22	A	A	identical_to_human	identical	4.0	false	false	main_text_primary_claim
bos_taurus	IIIb	IIIb	IIIc	swapped_relative_to_upstream	IIIb	21	23	D	D	identical_to_human	identical	6.0	false	false	main_text_primary_claim
bos_taurus	IIIb	IIIb	IIIc	swapped_relative_to_upstream	IIIb	22	24	A	A	identical_to_human	identical	4.0	false	false	main_text_primary_claim
bos_taurus	IIIb	IIIb	IIIc	swapped_relative_to_upstream	IIIb	23	25	G	G	identical_to_human	identical	6.0	false	false	main_text_primary_claim
bos_taurus	IIIb	IIIb	IIIc	swapped_relative_to_upstream	IIIb	24	26	E	E	identical_to_human	identical	5.0	false	false	main_text_primary_claim
bos_taurus	IIIb	IIIb	IIIc	swapped_relative_to_upstream	IIIb	25	27	Y	Y	identical_to_human	identical	7.0	false	false	main_text_primary_claim
bos_taurus	IIIb	IIIb	IIIc	swapped_relative_to_upstream	IIIb	26	28	I	I	identical_to_human	identical	4.0	false	false	main_text_primary_claim
bos_taurus	IIIb	IIIb	IIIc	swapped_relative_to_upstream	IIIb	27	29	C	C	identical_to_human	identical	9.0	false	false	main_text_primary_claim
bos_taurus	IIIb	IIIb	IIIc	swapped_relative_to_upstream	IIIb	28	30	K	K	identical_to_human	identical	5.0	false	false	main_text_primary_claim
bos_taurus	IIIb	IIIb	IIIc	swapped_relative_to_upstream	IIIb	29	31	V	V	identical_to_human	identical	4.0	false	false	main_text_primary_claim
bos_taurus	IIIb	IIIb	IIIc	swapped_relative_to_upstream	IIIb	30	32	S	S	identical_to_human	identical	4.0	false	false	main_text_primary_claim
bos_taurus	IIIb	IIIb	IIIc	swapped_relative_to_upstream	IIIb	31	45	N	N	identical_to_human	identical	6.0	false	false	main_text_primary_claim
bos_taurus	IIIb	IIIb	IIIc	swapped_relative_to_upstream	IIIb	32	46	Y	Y	identical_to_human	identical	7.0	false	false	main_text_primary_claim
bos_taurus	IIIb	IIIb	IIIc	swapped_relative_to_upstream	IIIb	33	47	I	I	identical_to_human	identical	4.0	false	false	main_text_primary_claim
bos_taurus	IIIb	IIIb	IIIc	swapped_relative_to_upstream	IIIb	34	48	G	G	identical_to_human	identical	6.0	false	false	main_text_primary_claim
bos_taurus	IIIb	IIIb	IIIc	swapped_relative_to_upstream	IIIb	35	49	Q	Q	identical_to_human	identical	5.0	false	false	main_text_primary_claim
bos_taurus	IIIb	IIIb	IIIc	swapped_relative_to_upstream	IIIb	36	50	A	A	identical_to_human	identical	4.0	false	false	main_text_primary_claim
bos_taurus	IIIb	IIIb	IIIc	swapped_relative_to_upstream	IIIb	37	51	N	N	identical_to_human	identical	6.0	false	false	main_text_primary_claim
bos_taurus	IIIb	IIIb	IIIc	swapped_relative_to_upstream	IIIb	38	52	Q	Q	identical_to_human	identical	5.0	false	false	main_text_primary_claim
bos_taurus	IIIb	IIIb	IIIc	swapped_relative_to_upstream	IIIb	39	53	S	S	identical_to_human	identical	4.0	false	false	main_text_primary_claim
bos_taurus	IIIb	IIIb	IIIc	swapped_relative_to_upstream	IIIb	40	54	A	A	identical_to_human	identical	4.0	false	false	main_text_primary_claim
bos_taurus	IIIb	IIIb	IIIc	swapped_relative_to_upstream	IIIb	41	55	W	W	identical_to_human	identical	11.0	false	false	main_text_primary_claim
bos_taurus	IIIb	IIIb	IIIc	swapped_relative_to_upstream	IIIb	42	56	L	L	identical_to_human	identical	4.0	false	false	main_text_primary_claim
bos_taurus	IIIb	IIIb	IIIc	swapped_relative_to_upstream	IIIb	43	57	T	T	identical_to_human	identical	5.0	false	false	main_text_primary_claim
bos_taurus	IIIb	IIIb	IIIc	swapped_relative_to_upstream	IIIb	44	58	V	V	identical_to_human	identical	4.0	false	false	main_text_primary_claim
bos_taurus	IIIb	IIIb	IIIc	swapped_relative_to_upstream	IIIb	45	59	L	L	identical_to_human	identical	4.0	false	false	main_text_primary_claim
bos_taurus	IIIb	IIIb	IIIc	swapped_relative_to_upstream	IIIb	46	69	P	P	identical_to_human	identical	7.0	false	false	main_text_primary_claim
callithrix_jacchus	IIIb	IIIb	IIIc	swapped_relative_to_upstream	IIIb	1	1	H	H	identical_to_human	identical	8.0	false	false	main_text_primary_claim
callithrix_jacchus	IIIb	IIIb	IIIc	swapped_relative_to_upstream	IIIb	2	2	S	S	identical_to_human	identical	4.0	false	false	main_text_primary_claim
callithrix_jacchus	IIIb	IIIb	IIIc	swapped_relative_to_upstream	IIIb	3	3	G	G	identical_to_human	identical	6.0	false	false	main_text_primary_claim
callithrix_jacchus	IIIb	IIIb	IIIc	swapped_relative_to_upstream	IIIb	4	4	I	I	identical_to_human	identical	4.0	false	false	main_text_primary_claim
callithrix_jacchus	IIIb	IIIb	IIIc	swapped_relative_to_upstream	IIIb	5	5	N	N	identical_to_human	identical	6.0	false	false	main_text_primary_claim
callithrix_jacchus	IIIb	IIIb	IIIc	swapped_relative_to_upstream	IIIb	6	6	S	S	identical_to_human	identical	4.0	false	false	main_text_primary_claim
callithrix_jacchus	IIIb	IIIb	IIIc	swapped_relative_to_upstream	IIIb	7	7	S	S	identical_to_human	identical	4.0	false	false	main_text_primary_claim
callithrix_jacchus	IIIb	IIIb	IIIc	swapped_relative_to_upstream	IIIb	8	8	N	N	identical_to_human	identical	6.0	false	false	main_text_primary_claim
callithrix_jacchus	IIIb	IIIb	IIIc	swapped_relative_to_upstream	IIIb	9	11	A	A	identical_to_human	identical	4.0	false	false	main_text_primary_claim
callithrix_jacchus	IIIb	IIIb	IIIc	swapped_relative_to_upstream	IIIb	10	12	E	E	identical_to_human	identical	5.0	false	false	main_text_primary_claim
callithrix_jacchus	IIIb	IIIb	IIIc	swapped_relative_to_upstream	IIIb	11	13	V	V	identical_to_human	identical	4.0	false	false	main_text_primary_claim
callithrix_jacchus	IIIb	IIIb	IIIc	swapped_relative_to_upstream	IIIb	12	14	L	L	identical_to_human	identical	4.0	false	false	main_text_primary_claim
callithrix_jacchus	IIIb	IIIb	IIIc	swapped_relative_to_upstream	IIIb	13	15	A	A	identical_to_human	identical	4.0	false	false	main_text_primary_claim
callithrix_jacchus	IIIb	IIIb	IIIc	swapped_relative_to_upstream	IIIb	14	16	L	L	identical_to_human	identical	4.0	false	false	main_text_primary_claim
callithrix_jacchus	IIIb	IIIb	IIIc	swapped_relative_to_upstream	IIIb	15	17	F	F	identical_to_human	identical	6.0	false	false	main_text_primary_claim
callithrix_jacchus	IIIb	IIIb	IIIc	swapped_relative_to_upstream	IIIb	16	18	N	N	identical_to_human	identical	6.0	false	false	main_text_primary_claim
callithrix_jacchus	IIIb	IIIb	IIIc	swapped_relative_to_upstream	IIIb	17	19	V	V	identical_to_human	identical	4.0	false	false	main_text_primary_claim
callithrix_jacchus	IIIb	IIIb	IIIc	swapped_relative_to_upstream	IIIb	18	20	T	T	identical_to_human	identical	5.0	false	false	main_text_primary_claim
callithrix_jacchus	IIIb	IIIb	IIIc	swapped_relative_to_upstream	IIIb	19	21	E	E	identical_to_human	identical	5.0	false	false	main_text_primary_claim
callithrix_jacchus	IIIb	IIIb	IIIc	swapped_relative_to_upstream	IIIb	20	22	A	A	identical_to_human	identical	4.0	false	false	main_text_primary_claim
callithrix_jacchus	IIIb	IIIb	IIIc	swapped_relative_to_upstream	IIIb	21	23	D	D	identical_to_human	identical	6.0	false	false	main_text_primary_claim
callithrix_jacchus	IIIb	IIIb	IIIc	swapped_relative_to_upstream	IIIb	22	24	A	A	identical_to_human	identical	4.0	false	false	main_text_primary_claim
callithrix_jacchus	IIIb	IIIb	IIIc	swapped_relative_to_upstream	IIIb	23	25	G	G	identical_to_human	identical	6.0	false	false	main_text_primary_claim
callithrix_jacchus	IIIb	IIIb	IIIc	swapped_relative_to_upstream	IIIb	24	26	E	E	identical_to_human	identical	5.0	false	false	main_text_primary_claim
callithrix_jacchus	IIIb	IIIb	IIIc	swapped_relative_to_upstream	IIIb	25	27	Y	Y	identical_to_human	identical	7.0	false	false	main_text_primary_claim
callithrix_jacchus	IIIb	IIIb	IIIc	swapped_relative_to_upstream	IIIb	26	28	I	I	identical_to_human	identical	4.0	false	false	main_text_primary_claim
callithrix_jacchus	IIIb	IIIb	IIIc	swapped_relative_to_upstream	IIIb	27	29	C	C	identical_to_human	identical	9.0	false	false	main_text_primary_claim
callithrix_jacchus	IIIb	IIIb	IIIc	swapped_relative_to_upstream	IIIb	28	30	K	K	identical_to_human	identical	5.0	false	false	main_text_primary_claim
callithrix_jacchus	IIIb	IIIb	IIIc	swapped_relative_to_upstream	IIIb	29	31	V	V	identical_to_human	identical	4.0	false	false	main_text_primary_claim
callithrix_jacchus	IIIb	IIIb	IIIc	swapped_relative_to_upstream	IIIb	30	32	S	S	identical_to_human	identical	4.0	false	false	main_text_primary_claim
callithrix_jacchus	IIIb	IIIb	IIIc	swapped_relative_to_upstream	IIIb	31	45	N	N	identical_to_human	identical	6.0	false	false	main_text_primary_claim
callithrix_jacchus	IIIb	IIIb	IIIc	swapped_relative_to_upstream	IIIb	32	46	Y	Y	identical_to_human	identical	7.0	false	false	main_text_primary_claim
callithrix_jacchus	IIIb	IIIb	IIIc	swapped_relative_to_upstream	IIIb	33	47	I	I	identical_to_human	identical	4.0	false	false	main_text_primary_claim
callithrix_jacchus	IIIb	IIIb	IIIc	swapped_relative_to_upstream	IIIb	34	48	G	G	identical_to_human	identical	6.0	false	false	main_text_primary_claim
callithrix_jacchus	IIIb	IIIb	IIIc	swapped_relative_to_upstream	IIIb	35	49	Q	Q	identical_to_human	identical	5.0	false	false	main_text_primary_claim
callithrix_jacchus	IIIb	IIIb	IIIc	swapped_relative_to_upstream	IIIb	36	50	A	A	identical_to_human	identical	4.0	false	false	main_text_primary_claim
callithrix_jacchus	IIIb	IIIb	IIIc	swapped_relative_to_upstream	IIIb	37	51	N	N	identical_to_human	identical	6.0	false	false	main_text_primary_claim
callithrix_jacchus	IIIb	IIIb	IIIc	swapped_relative_to_upstream	IIIb	38	52	Q	Q	identical_to_human	identical	5.0	false	false	main_text_primary_claim
callithrix_jacchus	IIIb	IIIb	IIIc	swapped_relative_to_upstream	IIIb	39	53	S	S	identical_to_human	identical	4.0	false	false	main_text_primary_claim
callithrix_jacchus	IIIb	IIIb	IIIc	swapped_relative_to_upstream	IIIb	40	54	A	A	identical_to_human	identical	4.0	false	false	main_text_primary_claim
callithrix_jacchus	IIIb	IIIb	IIIc	swapped_relative_to_upstream	IIIb	41	55	W	W	identical_to_human	identical	11.0	false	false	main_text_primary_claim
callithrix_jacchus	IIIb	IIIb	IIIc	swapped_relative_to_upstream	IIIb	42	56	L	L	identical_to_human	identical	4.0	false	false	main_text_primary_claim
callithrix_jacchus	IIIb	IIIb	IIIc	swapped_relative_to_upstream	IIIb	43	57	T	T	identical_to_human	identical	5.0	false	false	main_text_primary_claim
callithrix_jacchus	IIIb	IIIb	IIIc	swapped_relative_to_upstream	IIIb	44	58	V	V	identical_to_human	identical	4.0	false	false	main_text_primary_claim
callithrix_jacchus	IIIb	IIIb	IIIc	swapped_relative_to_upstream	IIIb	45	59	L	L	identical_to_human	identical	4.0	false	false	main_text_primary_claim
callithrix_jacchus	IIIb	IIIb	IIIc	swapped_relative_to_upstream	IIIb	46	69	P	P	identical_to_human	identical	7.0	false	false	main_text_primary_claim
canis_lupus_familiaris	IIIb	IIIb	IIIb	unresolved_no_sequence	IIIb	1	1	H	H	identical_to_human	identical	8.0	false	true	supplementary_only
canis_lupus_familiaris	IIIb	IIIb	IIIb	unresolved_no_sequence	IIIb	2	2	S	S	identical_to_human	identical	4.0	false	true	supplementary_only
canis_lupus_familiaris	IIIb	IIIb	IIIb	unresolved_no_sequence	IIIb	3	3	G	G	identical_to_human	identical	6.0	false	true	supplementary_only
canis_lupus_familiaris	IIIb	IIIb	IIIb	unresolved_no_sequence	IIIb	4	4	I	I	identical_to_human	identical	4.0	false	true	supplementary_only
canis_lupus_familiaris	IIIb	IIIb	IIIb	unresolved_no_sequence	IIIb	5	5	N	N	identical_to_human	identical	6.0	false	true	supplementary_only
canis_lupus_familiaris	IIIb	IIIb	IIIb	unresolved_no_sequence	IIIb	6	6	S	S	identical_to_human	identical	4.0	false	true	supplementary_only
canis_lupus_familiaris	IIIb	IIIb	IIIb	unresolved_no_sequence	IIIb	7	7	S	S	identical_to_human	identical	4.0	false	true	supplementary_only
canis_lupus_familiaris	IIIb	IIIb	IIIb	unresolved_no_sequence	IIIb	8	8	N	N	identical_to_human	identical	6.0	false	true	supplementary_only
canis_lupus_familiaris	IIIb	IIIb	IIIb	unresolved_no_sequence	IIIb	9	11	A	A	identical_to_human	identical	4.0	false	true	supplementary_only
canis_lupus_familiaris	IIIb	IIIb	IIIb	unresolved_no_sequence	IIIb	10	12	E	E	identical_to_human	identical	5.0	false	true	supplementary_only
canis_lupus_familiaris	IIIb	IIIb	IIIb	unresolved_no_sequence	IIIb	11	13	V	V	identical_to_human	identical	4.0	false	true	supplementary_only
canis_lupus_familiaris	IIIb	IIIb	IIIb	unresolved_no_sequence	IIIb	12	14	L	L	identical_to_human	identical	4.0	false	true	supplementary_only
canis_lupus_familiaris	IIIb	IIIb	IIIb	unresolved_no_sequence	IIIb	13	15	A	A	identical_to_human	identical	4.0	false	true	supplementary_only
canis_lupus_familiaris	IIIb	IIIb	IIIb	unresolved_no_sequence	IIIb	14	16	L	L	identical_to_human	identical	4.0	false	true	supplementary_only
canis_lupus_familiaris	IIIb	IIIb	IIIb	unresolved_no_sequence	IIIb	15	17	F	F	identical_to_human	identical	6.0	false	true	supplementary_only
canis_lupus_familiaris	IIIb	IIIb	IIIb	unresolved_no_sequence	IIIb	16	18	N	N	identical_to_human	identical	6.0	false	true	supplementary_only
canis_lupus_familiaris	IIIb	IIIb	IIIb	unresolved_no_sequence	IIIb	17	19	V	V	identical_to_human	identical	4.0	false	true	supplementary_only
canis_lupus_familiaris	IIIb	IIIb	IIIb	unresolved_no_sequence	IIIb	18	20	T	T	identical_to_human	identical	5.0	false	true	supplementary_only
canis_lupus_familiaris	IIIb	IIIb	IIIb	unresolved_no_sequence	IIIb	19	21	E	E	identical_to_human	identical	5.0	false	true	supplementary_only
canis_lupus_familiaris	IIIb	IIIb	IIIb	unresolved_no_sequence	IIIb	20	22	A	E	nonconservative_substitution	nonconservative	-1.0	false	true	supplementary_only
canis_lupus_familiaris	IIIb	IIIb	IIIb	unresolved_no_sequence	IIIb	21	23	D	D	identical_to_human	identical	6.0	false	true	supplementary_only
canis_lupus_familiaris	IIIb	IIIb	IIIb	unresolved_no_sequence	IIIb	22	24	A	A	identical_to_human	identical	4.0	false	true	supplementary_only
canis_lupus_familiaris	IIIb	IIIb	IIIb	unresolved_no_sequence	IIIb	23	25	G	G	identical_to_human	identical	6.0	false	true	supplementary_only
canis_lupus_familiaris	IIIb	IIIb	IIIb	unresolved_no_sequence	IIIb	24	26	E	E	identical_to_human	identical	5.0	false	true	supplementary_only
canis_lupus_familiaris	IIIb	IIIb	IIIb	unresolved_no_sequence	IIIb	25	27	Y	Y	identical_to_human	identical	7.0	false	true	supplementary_only
canis_lupus_familiaris	IIIb	IIIb	IIIb	unresolved_no_sequence	IIIb	26	28	I	I	identical_to_human	identical	4.0	false	true	supplementary_only
canis_lupus_familiaris	IIIb	IIIb	IIIb	unresolved_no_sequence	IIIb	27	29	C	C	identical_to_human	identical	9.0	false	true	supplementary_only
canis_lupus_familiaris	IIIb	IIIb	IIIb	unresolved_no_sequence	IIIb	28	30	K	K	identical_to_human	identical	5.0	false	true	supplementary_only
canis_lupus_familiaris	IIIb	IIIb	IIIb	unresolved_no_sequence	IIIb	29	31	V	V	identical_to_human	identical	4.0	false	true	supplementary_only
canis_lupus_familiaris	IIIb	IIIb	IIIb	unresolved_no_sequence	IIIb	30	32	S	S	identical_to_human	identical	4.0	false	true	supplementary_only
canis_lupus_familiaris	IIIb	IIIb	IIIb	unresolved_no_sequence	IIIb	31	45	N	N	identical_to_human	identical	6.0	false	true	supplementary_only
canis_lupus_familiaris	IIIb	IIIb	IIIb	unresolved_no_sequence	IIIb	32	46	Y	Y	identical_to_human	identical	7.0	false	true	supplementary_only
canis_lupus_familiaris	IIIb	IIIb	IIIb	unresolved_no_sequence	IIIb	33	47	I	I	identical_to_human	identical	4.0	false	true	supplementary_only
canis_lupus_familiaris	IIIb	IIIb	IIIb	unresolved_no_sequence	IIIb	34	48	G	G	identical_to_human	identical	6.0	false	true	supplementary_only
canis_lupus_familiaris	IIIb	IIIb	IIIb	unresolved_no_sequence	IIIb	35	49	Q	Q	identical_to_human	identical	5.0	false	true	supplementary_only
canis_lupus_familiaris	IIIb	IIIb	IIIb	unresolved_no_sequence	IIIb	36	50	A	A	identical_to_human	identical	4.0	false	true	supplementary_only
canis_lupus_familiaris	IIIb	IIIb	IIIb	unresolved_no_sequence	IIIb	37	51	N	N	identical_to_human	identical	6.0	false	true	supplementary_only
canis_lupus_familiaris	IIIb	IIIb	IIIb	unresolved_no_sequence	IIIb	38	52	Q	Q	identical_to_human	identical	5.0	false	true	supplementary_only
canis_lupus_familiaris	IIIb	IIIb	IIIb	unresolved_no_sequence	IIIb	39	53	S	S	identical_to_human	identical	4.0	false	true	supplementary_only
canis_lupus_familiaris	IIIb	IIIb	IIIb	unresolved_no_sequence	IIIb	40	54	A	A	identical_to_human	identical	4.0	false	true	supplementary_only
canis_lupus_familiaris	IIIb	IIIb	IIIb	unresolved_no_sequence	IIIb	41	55	W	W	identical_to_human	identical	11.0	false	true	supplementary_only
canis_lupus_familiaris	IIIb	IIIb	IIIb	unresolved_no_sequence	IIIb	42	56	L	L	identical_to_human	identical	4.0	false	true	supplementary_only
canis_lupus_familiaris	IIIb	IIIb	IIIb	unresolved_no_sequence	IIIb	43	57	T	T	identical_to_human	identical	5.0	false	true	supplementary_only
canis_lupus_familiaris	IIIb	IIIb	IIIb	unresolved_no_sequence	IIIb	44	58	V	V	identical_to_human	identical	4.0	false	true	supplementary_only
canis_lupus_familiaris	IIIb	IIIb	IIIb	unresolved_no_sequence	IIIb	45	59	L	L	identical_to_human	identical	4.0	false	true	supplementary_only
canis_lupus_familiaris	IIIb	IIIb	IIIb	unresolved_no_sequence	IIIb	46	69	P	P	identical_to_human	identical	7.0	false	true	supplementary_only
chrysemys_picta_bellii	IIIb	IIIb	IIIc	swapped_relative_to_upstream	IIIb	1	1	H	H	identical_to_human	identical	8.0	false	false	main_text_primary_claim
chrysemys_picta_bellii	IIIb	IIIb	IIIc	swapped_relative_to_upstream	IIIb	2	2	S	S	identical_to_human	identical	4.0	false	false	main_text_primary_claim
chrysemys_picta_bellii	IIIb	IIIb	IIIc	swapped_relative_to_upstream	IIIb	3	3	G	G	identical_to_human	identical	6.0	false	false	main_text_primary_claim
chrysemys_picta_bellii	IIIb	IIIb	IIIc	swapped_relative_to_upstream	IIIb	4	4	I	I	identical_to_human	identical	4.0	false	false	main_text_primary_claim
chrysemys_picta_bellii	IIIb	IIIb	IIIc	swapped_relative_to_upstream	IIIb	5	5	N	N	identical_to_human	identical	6.0	false	false	main_text_primary_claim
chrysemys_picta_bellii	IIIb	IIIb	IIIc	swapped_relative_to_upstream	IIIb	6	6	S	S	identical_to_human	identical	4.0	false	false	main_text_primary_claim
chrysemys_picta_bellii	IIIb	IIIb	IIIc	swapped_relative_to_upstream	IIIb	7	7	S	S	identical_to_human	identical	4.0	false	false	main_text_primary_claim
chrysemys_picta_bellii	IIIb	IIIb	IIIc	swapped_relative_to_upstream	IIIb	8	8	N	N	identical_to_human	identical	6.0	false	false	main_text_primary_claim
chrysemys_picta_bellii	IIIb	IIIb	IIIc	swapped_relative_to_upstream	IIIb	9	11	A	A	identical_to_human	identical	4.0	false	false	main_text_primary_claim
chrysemys_picta_bellii	IIIb	IIIb	IIIc	swapped_relative_to_upstream	IIIb	10	12	E	E	identical_to_human	identical	5.0	false	false	main_text_primary_claim
chrysemys_picta_bellii	IIIb	IIIb	IIIc	swapped_relative_to_upstream	IIIb	11	13	V	V	identical_to_human	identical	4.0	false	false	main_text_primary_claim
chrysemys_picta_bellii	IIIb	IIIb	IIIc	swapped_relative_to_upstream	IIIb	12	14	L	L	identical_to_human	identical	4.0	false	false	main_text_primary_claim
chrysemys_picta_bellii	IIIb	IIIb	IIIc	swapped_relative_to_upstream	IIIb	13	15	A	T	nonconservative_substitution	semi_conservative	0.0	false	false	main_text_primary_claim
chrysemys_picta_bellii	IIIb	IIIb	IIIc	swapped_relative_to_upstream	IIIb	14	16	L	L	identical_to_human	identical	4.0	false	false	main_text_primary_claim
chrysemys_picta_bellii	IIIb	IIIb	IIIc	swapped_relative_to_upstream	IIIb	15	17	F	Y	conservative_substitution	conservative	3.0	false	false	main_text_primary_claim
chrysemys_picta_bellii	IIIb	IIIb	IIIc	swapped_relative_to_upstream	IIIb	16	18	N	N	identical_to_human	identical	6.0	false	false	main_text_primary_claim
chrysemys_picta_bellii	IIIb	IIIb	IIIc	swapped_relative_to_upstream	IIIb	17	19	V	V	identical_to_human	identical	4.0	false	false	main_text_primary_claim
chrysemys_picta_bellii	IIIb	IIIb	IIIc	swapped_relative_to_upstream	IIIb	18	20	T	T	identical_to_human	identical	5.0	false	false	main_text_primary_claim
chrysemys_picta_bellii	IIIb	IIIb	IIIc	swapped_relative_to_upstream	IIIb	19	21	E	E	identical_to_human	identical	5.0	false	false	main_text_primary_claim
chrysemys_picta_bellii	IIIb	IIIb	IIIc	swapped_relative_to_upstream	IIIb	20	22	A	A	identical_to_human	identical	4.0	false	false	main_text_primary_claim
chrysemys_picta_bellii	IIIb	IIIb	IIIc	swapped_relative_to_upstream	IIIb	21	23	D	D	identical_to_human	identical	6.0	false	false	main_text_primary_claim
chrysemys_picta_bellii	IIIb	IIIb	IIIc	swapped_relative_to_upstream	IIIb	22	24	A	A	identical_to_human	identical	4.0	false	false	main_text_primary_claim
chrysemys_picta_bellii	IIIb	IIIb	IIIc	swapped_relative_to_upstream	IIIb	23	25	G	G	identical_to_human	identical	6.0	false	false	main_text_primary_claim
chrysemys_picta_bellii	IIIb	IIIb	IIIc	swapped_relative_to_upstream	IIIb	24	26	E	E	identical_to_human	identical	5.0	false	false	main_text_primary_claim
chrysemys_picta_bellii	IIIb	IIIb	IIIc	swapped_relative_to_upstream	IIIb	25	27	Y	Y	identical_to_human	identical	7.0	false	false	main_text_primary_claim
chrysemys_picta_bellii	IIIb	IIIb	IIIc	swapped_relative_to_upstream	IIIb	26	28	I	I	identical_to_human	identical	4.0	false	false	main_text_primary_claim
chrysemys_picta_bellii	IIIb	IIIb	IIIc	swapped_relative_to_upstream	IIIb	27	29	C	C	identical_to_human	identical	9.0	false	false	main_text_primary_claim
chrysemys_picta_bellii	IIIb	IIIb	IIIc	swapped_relative_to_upstream	IIIb	28	30	K	K	identical_to_human	identical	5.0	false	false	main_text_primary_claim
chrysemys_picta_bellii	IIIb	IIIb	IIIc	swapped_relative_to_upstream	IIIb	29	31	V	V	identical_to_human	identical	4.0	false	false	main_text_primary_claim
chrysemys_picta_bellii	IIIb	IIIb	IIIc	swapped_relative_to_upstream	IIIb	30	32	S	S	identical_to_human	identical	4.0	false	false	main_text_primary_claim
chrysemys_picta_bellii	IIIb	IIIb	IIIc	swapped_relative_to_upstream	IIIb	31	45	N	N	identical_to_human	identical	6.0	false	false	main_text_primary_claim
chrysemys_picta_bellii	IIIb	IIIb	IIIc	swapped_relative_to_upstream	IIIb	32	46	Y	Y	identical_to_human	identical	7.0	false	false	main_text_primary_claim
chrysemys_picta_bellii	IIIb	IIIb	IIIc	swapped_relative_to_upstream	IIIb	33	47	I	I	identical_to_human	identical	4.0	false	false	main_text_primary_claim
chrysemys_picta_bellii	IIIb	IIIb	IIIc	swapped_relative_to_upstream	IIIb	34	48	G	G	identical_to_human	identical	6.0	false	false	main_text_primary_claim
chrysemys_picta_bellii	IIIb	IIIb	IIIc	swapped_relative_to_upstream	IIIb	35	49	Q	E	conservative_substitution	conservative	2.0	false	false	main_text_primary_claim
chrysemys_picta_bellii	IIIb	IIIb	IIIc	swapped_relative_to_upstream	IIIb	36	50	A	A	identical_to_human	identical	4.0	false	false	main_text_primary_claim
chrysemys_picta_bellii	IIIb	IIIb	IIIc	swapped_relative_to_upstream	IIIb	37	51	N	N	identical_to_human	identical	6.0	false	false	main_text_primary_claim
chrysemys_picta_bellii	IIIb	IIIb	IIIc	swapped_relative_to_upstream	IIIb	38	52	Q	Q	identical_to_human	identical	5.0	false	false	main_text_primary_claim
chrysemys_picta_bellii	IIIb	IIIb	IIIc	swapped_relative_to_upstream	IIIb	39	53	S	S	identical_to_human	identical	4.0	false	false	main_text_primary_claim
chrysemys_picta_bellii	IIIb	IIIb	IIIc	swapped_relative_to_upstream	IIIb	40	54	A	A	identical_to_human	identical	4.0	false	false	main_text_primary_claim
chrysemys_picta_bellii	IIIb	IIIb	IIIc	swapped_relative_to_upstream	IIIb	41	55	W	W	identical_to_human	identical	11.0	false	false	main_text_primary_claim
chrysemys_picta_bellii	IIIb	IIIb	IIIc	swapped_relative_to_upstream	IIIb	42	56	L	L	identical_to_human	identical	4.0	false	false	main_text_primary_claim
chrysemys_picta_bellii	IIIb	IIIb	IIIc	swapped_relative_to_upstream	IIIb	43	57	T	T	identical_to_human	identical	5.0	false	false	main_text_primary_claim
chrysemys_picta_bellii	IIIb	IIIb	IIIc	swapped_relative_to_upstream	IIIb	44	58	V	V	identical_to_human	identical	4.0	false	false	main_text_primary_claim
chrysemys_picta_bellii	IIIb	IIIb	IIIc	swapped_relative_to_upstream	IIIb	45	59	L		gap_or_missing	gap		true	false	main_text_primary_claim
chrysemys_picta_bellii	IIIb	IIIb	IIIc	swapped_relative_to_upstream	IIIb	46	69	P		gap_or_missing	gap		true	false	main_text_primary_claim
danio_rerio	IIIb	IIIb	IIIc	swapped_relative_to_upstream	IIIb	1	1	H		gap_or_missing	gap		true	false	main_text_with_footnote
danio_rerio	IIIb	IIIb	IIIc	swapped_relative_to_upstream	IIIb	2	2	S	S	identical_to_human	identical	4.0	false	false	main_text_with_footnote
danio_rerio	IIIb	IIIb	IIIc	swapped_relative_to_upstream	IIIb	3	3	G	G	identical_to_human	identical	6.0	false	false	main_text_with_footnote
danio_rerio	IIIb	IIIb	IIIc	swapped_relative_to_upstream	IIIb	4	4	I	I	identical_to_human	identical	4.0	false	false	main_text_with_footnote
danio_rerio	IIIb	IIIb	IIIc	swapped_relative_to_upstream	IIIb	5	5	N	N	identical_to_human	identical	6.0	false	false	main_text_with_footnote
danio_rerio	IIIb	IIIb	IIIc	swapped_relative_to_upstream	IIIb	6	6	S	S	identical_to_human	identical	4.0	false	false	main_text_with_footnote
danio_rerio	IIIb	IIIb	IIIc	swapped_relative_to_upstream	IIIb	7	7	S	S	identical_to_human	identical	4.0	false	false	main_text_with_footnote
danio_rerio	IIIb	IIIb	IIIc	swapped_relative_to_upstream	IIIb	8	8	N	D	conservative_substitution	conservative	1.0	false	false	main_text_with_footnote
danio_rerio	IIIb	IIIb	IIIc	swapped_relative_to_upstream	IIIb	9	11	A	V	nonconservative_substitution	semi_conservative	0.0	false	false	main_text_with_footnote
danio_rerio	IIIb	IIIb	IIIc	swapped_relative_to_upstream	IIIb	10	12	E	E	identical_to_human	identical	5.0	false	false	main_text_with_footnote
danio_rerio	IIIb	IIIb	IIIc	swapped_relative_to_upstream	IIIb	11	13	V	V	identical_to_human	identical	4.0	false	false	main_text_with_footnote
danio_rerio	IIIb	IIIb	IIIc	swapped_relative_to_upstream	IIIb	12	14	L	L	identical_to_human	identical	4.0	false	false	main_text_with_footnote
danio_rerio	IIIb	IIIb	IIIc	swapped_relative_to_upstream	IIIb	13	15	A	M	nonconservative_substitution	nonconservative	-1.0	false	false	main_text_with_footnote
danio_rerio	IIIb	IIIb	IIIc	swapped_relative_to_upstream	IIIb	14	16	L	L	identical_to_human	identical	4.0	false	false	main_text_with_footnote
danio_rerio	IIIb	IIIb	IIIc	swapped_relative_to_upstream	IIIb	15	17	F	T	nonconservative_substitution	nonconservative	-2.0	false	false	main_text_with_footnote
danio_rerio	IIIb	IIIb	IIIc	swapped_relative_to_upstream	IIIb	16	18	N	N	identical_to_human	identical	6.0	false	false	main_text_with_footnote
danio_rerio	IIIb	IIIb	IIIc	swapped_relative_to_upstream	IIIb	17	19	V	V	identical_to_human	identical	4.0	false	false	main_text_with_footnote
danio_rerio	IIIb	IIIb	IIIc	swapped_relative_to_upstream	IIIb	18	20	T	T	identical_to_human	identical	5.0	false	false	main_text_with_footnote
danio_rerio	IIIb	IIIb	IIIc	swapped_relative_to_upstream	IIIb	19	21	E	E	identical_to_human	identical	5.0	false	false	main_text_with_footnote
danio_rerio	IIIb	IIIb	IIIc	swapped_relative_to_upstream	IIIb	20	22	A	E	nonconservative_substitution	nonconservative	-1.0	false	false	main_text_with_footnote
danio_rerio	IIIb	IIIb	IIIc	swapped_relative_to_upstream	IIIb	21	23	D	D	identical_to_human	identical	6.0	false	false	main_text_with_footnote
danio_rerio	IIIb	IIIb	IIIc	swapped_relative_to_upstream	IIIb	22	24	A	A	identical_to_human	identical	4.0	false	false	main_text_with_footnote
danio_rerio	IIIb	IIIb	IIIc	swapped_relative_to_upstream	IIIb	23	25	G	G	identical_to_human	identical	6.0	false	false	main_text_with_footnote
danio_rerio	IIIb	IIIb	IIIc	swapped_relative_to_upstream	IIIb	24	26	E	E	identical_to_human	identical	5.0	false	false	main_text_with_footnote
danio_rerio	IIIb	IIIb	IIIc	swapped_relative_to_upstream	IIIb	25	27	Y	I	nonconservative_substitution	nonconservative	-1.0	false	false	main_text_with_footnote
danio_rerio	IIIb	IIIb	IIIc	swapped_relative_to_upstream	IIIb	26	28	I	T	nonconservative_substitution	nonconservative	-1.0	false	false	main_text_with_footnote
danio_rerio	IIIb	IIIb	IIIc	swapped_relative_to_upstream	IIIb	27	29	C	C	identical_to_human	identical	9.0	false	false	main_text_with_footnote
danio_rerio	IIIb	IIIb	IIIc	swapped_relative_to_upstream	IIIb	28	30	K	K	identical_to_human	identical	5.0	false	false	main_text_with_footnote
danio_rerio	IIIb	IIIb	IIIc	swapped_relative_to_upstream	IIIb	29	31	V	V	identical_to_human	identical	4.0	false	false	main_text_with_footnote
danio_rerio	IIIb	IIIb	IIIc	swapped_relative_to_upstream	IIIb	30	32	S	S	identical_to_human	identical	4.0	false	false	main_text_with_footnote
danio_rerio	IIIb	IIIb	IIIc	swapped_relative_to_upstream	IIIb	31	45	N	N	identical_to_human	identical	6.0	false	false	main_text_with_footnote
danio_rerio	IIIb	IIIb	IIIc	swapped_relative_to_upstream	IIIb	32	46	Y	Y	identical_to_human	identical	7.0	false	false	main_text_with_footnote
danio_rerio	IIIb	IIIb	IIIc	swapped_relative_to_upstream	IIIb	33	47	I	I	identical_to_human	identical	4.0	false	false	main_text_with_footnote
danio_rerio	IIIb	IIIb	IIIc	swapped_relative_to_upstream	IIIb	34	48	G	G	identical_to_human	identical	6.0	false	false	main_text_with_footnote
danio_rerio	IIIb	IIIb	IIIc	swapped_relative_to_upstream	IIIb	35	49	Q	E	conservative_substitution	conservative	2.0	false	false	main_text_with_footnote
danio_rerio	IIIb	IIIb	IIIc	swapped_relative_to_upstream	IIIb	36	50	A	A	identical_to_human	identical	4.0	false	false	main_text_with_footnote
danio_rerio	IIIb	IIIb	IIIc	swapped_relative_to_upstream	IIIb	37	51	N	N	identical_to_human	identical	6.0	false	false	main_text_with_footnote
danio_rerio	IIIb	IIIb	IIIc	swapped_relative_to_upstream	IIIb	38	52	Q	N	nonconservative_substitution	semi_conservative	0.0	false	false	main_text_with_footnote
danio_rerio	IIIb	IIIb	IIIc	swapped_relative_to_upstream	IIIb	39	53	S	S	identical_to_human	identical	4.0	false	false	main_text_with_footnote
danio_rerio	IIIb	IIIb	IIIc	swapped_relative_to_upstream	IIIb	40	54	A	C	nonconservative_substitution	semi_conservative	0.0	false	false	main_text_with_footnote
danio_rerio	IIIb	IIIb	IIIc	swapped_relative_to_upstream	IIIb	41	55	W	W	identical_to_human	identical	11.0	false	false	main_text_with_footnote
danio_rerio	IIIb	IIIb	IIIc	swapped_relative_to_upstream	IIIb	42	56	L	L	identical_to_human	identical	4.0	false	false	main_text_with_footnote
danio_rerio	IIIb	IIIb	IIIc	swapped_relative_to_upstream	IIIb	43	57	T	I	nonconservative_substitution	nonconservative	-1.0	false	false	main_text_with_footnote
danio_rerio	IIIb	IIIb	IIIc	swapped_relative_to_upstream	IIIb	44	58	V	V	identical_to_human	identical	4.0	false	false	main_text_with_footnote
danio_rerio	IIIb	IIIb	IIIc	swapped_relative_to_upstream	IIIb	45	59	L	I	conservative_substitution	conservative	2.0	false	false	main_text_with_footnote
danio_rerio	IIIb	IIIb	IIIc	swapped_relative_to_upstream	IIIb	46	69	P	P	identical_to_human	identical	7.0	false	false	main_text_with_footnote
equus_caballus	IIIb	IIIb	IIIc	swapped_relative_to_upstream	IIIb	1	1	H	H	identical_to_human	identical	8.0	false	false	main_text_primary_claim
equus_caballus	IIIb	IIIb	IIIc	swapped_relative_to_upstream	IIIb	2	2	S	S	identical_to_human	identical	4.0	false	false	main_text_primary_claim
equus_caballus	IIIb	IIIb	IIIc	swapped_relative_to_upstream	IIIb	3	3	G	G	identical_to_human	identical	6.0	false	false	main_text_primary_claim
equus_caballus	IIIb	IIIb	IIIc	swapped_relative_to_upstream	IIIb	4	4	I	I	identical_to_human	identical	4.0	false	false	main_text_primary_claim
equus_caballus	IIIb	IIIb	IIIc	swapped_relative_to_upstream	IIIb	5	5	N	N	identical_to_human	identical	6.0	false	false	main_text_primary_claim
equus_caballus	IIIb	IIIb	IIIc	swapped_relative_to_upstream	IIIb	6	6	S	S	identical_to_human	identical	4.0	false	false	main_text_primary_claim
equus_caballus	IIIb	IIIb	IIIc	swapped_relative_to_upstream	IIIb	7	7	S	S	identical_to_human	identical	4.0	false	false	main_text_primary_claim
equus_caballus	IIIb	IIIb	IIIc	swapped_relative_to_upstream	IIIb	8	8	N	N	identical_to_human	identical	6.0	false	false	main_text_primary_claim
equus_caballus	IIIb	IIIb	IIIc	swapped_relative_to_upstream	IIIb	9	11	A	A	identical_to_human	identical	4.0	false	false	main_text_primary_claim
equus_caballus	IIIb	IIIb	IIIc	swapped_relative_to_upstream	IIIb	10	12	E	E	identical_to_human	identical	5.0	false	false	main_text_primary_claim
equus_caballus	IIIb	IIIb	IIIc	swapped_relative_to_upstream	IIIb	11	13	V	V	identical_to_human	identical	4.0	false	false	main_text_primary_claim
equus_caballus	IIIb	IIIb	IIIc	swapped_relative_to_upstream	IIIb	12	14	L	L	identical_to_human	identical	4.0	false	false	main_text_primary_claim
equus_caballus	IIIb	IIIb	IIIc	swapped_relative_to_upstream	IIIb	13	15	A	A	identical_to_human	identical	4.0	false	false	main_text_primary_claim
equus_caballus	IIIb	IIIb	IIIc	swapped_relative_to_upstream	IIIb	14	16	L	L	identical_to_human	identical	4.0	false	false	main_text_primary_claim
equus_caballus	IIIb	IIIb	IIIc	swapped_relative_to_upstream	IIIb	15	17	F	F	identical_to_human	identical	6.0	false	false	main_text_primary_claim
equus_caballus	IIIb	IIIb	IIIc	swapped_relative_to_upstream	IIIb	16	18	N	N	identical_to_human	identical	6.0	false	false	main_text_primary_claim
equus_caballus	IIIb	IIIb	IIIc	swapped_relative_to_upstream	IIIb	17	19	V	V	identical_to_human	identical	4.0	false	false	main_text_primary_claim
equus_caballus	IIIb	IIIb	IIIc	swapped_relative_to_upstream	IIIb	18	20	T	T	identical_to_human	identical	5.0	false	false	main_text_primary_claim
equus_caballus	IIIb	IIIb	IIIc	swapped_relative_to_upstream	IIIb	19	21	E	E	identical_to_human	identical	5.0	false	false	main_text_primary_claim
equus_caballus	IIIb	IIIb	IIIc	swapped_relative_to_upstream	IIIb	20	22	A	A	identical_to_human	identical	4.0	false	false	main_text_primary_claim
equus_caballus	IIIb	IIIb	IIIc	swapped_relative_to_upstream	IIIb	21	23	D	D	identical_to_human	identical	6.0	false	false	main_text_primary_claim
equus_caballus	IIIb	IIIb	IIIc	swapped_relative_to_upstream	IIIb	22	24	A	A	identical_to_human	identical	4.0	false	false	main_text_primary_claim
equus_caballus	IIIb	IIIb	IIIc	swapped_relative_to_upstream	IIIb	23	25	G	G	identical_to_human	identical	6.0	false	false	main_text_primary_claim
equus_caballus	IIIb	IIIb	IIIc	swapped_relative_to_upstream	IIIb	24	26	E	E	identical_to_human	identical	5.0	false	false	main_text_primary_claim
equus_caballus	IIIb	IIIb	IIIc	swapped_relative_to_upstream	IIIb	25	27	Y	Y	identical_to_human	identical	7.0	false	false	main_text_primary_claim
equus_caballus	IIIb	IIIb	IIIc	swapped_relative_to_upstream	IIIb	26	28	I	I	identical_to_human	identical	4.0	false	false	main_text_primary_claim
equus_caballus	IIIb	IIIb	IIIc	swapped_relative_to_upstream	IIIb	27	29	C	C	identical_to_human	identical	9.0	false	false	main_text_primary_claim
equus_caballus	IIIb	IIIb	IIIc	swapped_relative_to_upstream	IIIb	28	30	K	K	identical_to_human	identical	5.0	false	false	main_text_primary_claim
equus_caballus	IIIb	IIIb	IIIc	swapped_relative_to_upstream	IIIb	29	31	V	V	identical_to_human	identical	4.0	false	false	main_text_primary_claim
equus_caballus	IIIb	IIIb	IIIc	swapped_relative_to_upstream	IIIb	30	32	S	S	identical_to_human	identical	4.0	false	false	main_text_primary_claim
equus_caballus	IIIb	IIIb	IIIc	swapped_relative_to_upstream	IIIb	31	45	N	N	identical_to_human	identical	6.0	false	false	main_text_primary_claim
equus_caballus	IIIb	IIIb	IIIc	swapped_relative_to_upstream	IIIb	32	46	Y	Y	identical_to_human	identical	7.0	false	false	main_text_primary_claim
equus_caballus	IIIb	IIIb	IIIc	swapped_relative_to_upstream	IIIb	33	47	I	I	identical_to_human	identical	4.0	false	false	main_text_primary_claim
equus_caballus	IIIb	IIIb	IIIc	swapped_relative_to_upstream	IIIb	34	48	G	G	identical_to_human	identical	6.0	false	false	main_text_primary_claim
equus_caballus	IIIb	IIIb	IIIc	swapped_relative_to_upstream	IIIb	35	49	Q	Q	identical_to_human	identical	5.0	false	false	main_text_primary_claim
equus_caballus	IIIb	IIIb	IIIc	swapped_relative_to_upstream	IIIb	36	50	A	A	identical_to_human	identical	4.0	false	false	main_text_primary_claim
equus_caballus	IIIb	IIIb	IIIc	swapped_relative_to_upstream	IIIb	37	51	N	N	identical_to_human	identical	6.0	false	false	main_text_primary_claim
equus_caballus	IIIb	IIIb	IIIc	swapped_relative_to_upstream	IIIb	38	52	Q	Q	identical_to_human	identical	5.0	false	false	main_text_primary_claim
equus_caballus	IIIb	IIIb	IIIc	swapped_relative_to_upstream	IIIb	39	53	S	S	identical_to_human	identical	4.0	false	false	main_text_primary_claim
equus_caballus	IIIb	IIIb	IIIc	swapped_relative_to_upstream	IIIb	40	54	A	A	identical_to_human	identical	4.0	false	false	main_text_primary_claim
equus_caballus	IIIb	IIIb	IIIc	swapped_relative_to_upstream	IIIb	41	55	W	W	identical_to_human	identical	11.0	false	false	main_text_primary_claim
equus_caballus	IIIb	IIIb	IIIc	swapped_relative_to_upstream	IIIb	42	56	L	L	identical_to_human	identical	4.0	false	false	main_text_primary_claim
equus_caballus	IIIb	IIIb	IIIc	swapped_relative_to_upstream	IIIb	43	57	T	T	identical_to_human	identical	5.0	false	false	main_text_primary_claim
equus_caballus	IIIb	IIIb	IIIc	swapped_relative_to_upstream	IIIb	44	58	V	V	identical_to_human	identical	4.0	false	false	main_text_primary_claim
equus_caballus	IIIb	IIIb	IIIc	swapped_relative_to_upstream	IIIb	45	59	L	L	identical_to_human	identical	4.0	false	false	main_text_primary_claim
equus_caballus	IIIb	IIIb	IIIc	swapped_relative_to_upstream	IIIb	46	69	P	P	identical_to_human	identical	7.0	false	false	main_text_primary_claim
felis_catus	IIIb	IIIb	IIIc	swapped_relative_to_upstream	IIIb	1	1	H	H	identical_to_human	identical	8.0	false	false	main_text_primary_claim
felis_catus	IIIb	IIIb	IIIc	swapped_relative_to_upstream	IIIb	2	2	S	S	identical_to_human	identical	4.0	false	false	main_text_primary_claim
felis_catus	IIIb	IIIb	IIIc	swapped_relative_to_upstream	IIIb	3	3	G	G	identical_to_human	identical	6.0	false	false	main_text_primary_claim
felis_catus	IIIb	IIIb	IIIc	swapped_relative_to_upstream	IIIb	4	4	I	I	identical_to_human	identical	4.0	false	false	main_text_primary_claim
felis_catus	IIIb	IIIb	IIIc	swapped_relative_to_upstream	IIIb	5	5	N	N	identical_to_human	identical	6.0	false	false	main_text_primary_claim
felis_catus	IIIb	IIIb	IIIc	swapped_relative_to_upstream	IIIb	6	6	S	S	identical_to_human	identical	4.0	false	false	main_text_primary_claim
felis_catus	IIIb	IIIb	IIIc	swapped_relative_to_upstream	IIIb	7	7	S	S	identical_to_human	identical	4.0	false	false	main_text_primary_claim
felis_catus	IIIb	IIIb	IIIc	swapped_relative_to_upstream	IIIb	8	8	N	N	identical_to_human	identical	6.0	false	false	main_text_primary_claim
felis_catus	IIIb	IIIb	IIIc	swapped_relative_to_upstream	IIIb	9	11	A	A	identical_to_human	identical	4.0	false	false	main_text_primary_claim
felis_catus	IIIb	IIIb	IIIc	swapped_relative_to_upstream	IIIb	10	12	E	E	identical_to_human	identical	5.0	false	false	main_text_primary_claim
felis_catus	IIIb	IIIb	IIIc	swapped_relative_to_upstream	IIIb	11	13	V	V	identical_to_human	identical	4.0	false	false	main_text_primary_claim
felis_catus	IIIb	IIIb	IIIc	swapped_relative_to_upstream	IIIb	12	14	L	L	identical_to_human	identical	4.0	false	false	main_text_primary_claim
felis_catus	IIIb	IIIb	IIIc	swapped_relative_to_upstream	IIIb	13	15	A	A	identical_to_human	identical	4.0	false	false	main_text_primary_claim
felis_catus	IIIb	IIIb	IIIc	swapped_relative_to_upstream	IIIb	14	16	L	L	identical_to_human	identical	4.0	false	false	main_text_primary_claim
felis_catus	IIIb	IIIb	IIIc	swapped_relative_to_upstream	IIIb	15	17	F	F	identical_to_human	identical	6.0	false	false	main_text_primary_claim
felis_catus	IIIb	IIIb	IIIc	swapped_relative_to_upstream	IIIb	16	18	N	N	identical_to_human	identical	6.0	false	false	main_text_primary_claim
felis_catus	IIIb	IIIb	IIIc	swapped_relative_to_upstream	IIIb	17	19	V	V	identical_to_human	identical	4.0	false	false	main_text_primary_claim
felis_catus	IIIb	IIIb	IIIc	swapped_relative_to_upstream	IIIb	18	20	T	T	identical_to_human	identical	5.0	false	false	main_text_primary_claim
felis_catus	IIIb	IIIb	IIIc	swapped_relative_to_upstream	IIIb	19	21	E	E	identical_to_human	identical	5.0	false	false	main_text_primary_claim
felis_catus	IIIb	IIIb	IIIc	swapped_relative_to_upstream	IIIb	20	22	A	A	identical_to_human	identical	4.0	false	false	main_text_primary_claim
felis_catus	IIIb	IIIb	IIIc	swapped_relative_to_upstream	IIIb	21	23	D	D	identical_to_human	identical	6.0	false	false	main_text_primary_claim
felis_catus	IIIb	IIIb	IIIc	swapped_relative_to_upstream	IIIb	22	24	A	A	identical_to_human	identical	4.0	false	false	main_text_primary_claim
felis_catus	IIIb	IIIb	IIIc	swapped_relative_to_upstream	IIIb	23	25	G	G	identical_to_human	identical	6.0	false	false	main_text_primary_claim
felis_catus	IIIb	IIIb	IIIc	swapped_relative_to_upstream	IIIb	24	26	E	E	identical_to_human	identical	5.0	false	false	main_text_primary_claim
felis_catus	IIIb	IIIb	IIIc	swapped_relative_to_upstream	IIIb	25	27	Y	Y	identical_to_human	identical	7.0	false	false	main_text_primary_claim
felis_catus	IIIb	IIIb	IIIc	swapped_relative_to_upstream	IIIb	26	28	I	I	identical_to_human	identical	4.0	false	false	main_text_primary_claim
felis_catus	IIIb	IIIb	IIIc	swapped_relative_to_upstream	IIIb	27	29	C	C	identical_to_human	identical	9.0	false	false	main_text_primary_claim
felis_catus	IIIb	IIIb	IIIc	swapped_relative_to_upstream	IIIb	28	30	K	K	identical_to_human	identical	5.0	false	false	main_text_primary_claim
felis_catus	IIIb	IIIb	IIIc	swapped_relative_to_upstream	IIIb	29	31	V	V	identical_to_human	identical	4.0	false	false	main_text_primary_claim
felis_catus	IIIb	IIIb	IIIc	swapped_relative_to_upstream	IIIb	30	32	S	S	identical_to_human	identical	4.0	false	false	main_text_primary_claim
felis_catus	IIIb	IIIb	IIIc	swapped_relative_to_upstream	IIIb	31	45	N	N	identical_to_human	identical	6.0	false	false	main_text_primary_claim
felis_catus	IIIb	IIIb	IIIc	swapped_relative_to_upstream	IIIb	32	46	Y	Y	identical_to_human	identical	7.0	false	false	main_text_primary_claim
felis_catus	IIIb	IIIb	IIIc	swapped_relative_to_upstream	IIIb	33	47	I	I	identical_to_human	identical	4.0	false	false	main_text_primary_claim
felis_catus	IIIb	IIIb	IIIc	swapped_relative_to_upstream	IIIb	34	48	G	G	identical_to_human	identical	6.0	false	false	main_text_primary_claim
felis_catus	IIIb	IIIb	IIIc	swapped_relative_to_upstream	IIIb	35	49	Q	Q	identical_to_human	identical	5.0	false	false	main_text_primary_claim
felis_catus	IIIb	IIIb	IIIc	swapped_relative_to_upstream	IIIb	36	50	A	A	identical_to_human	identical	4.0	false	false	main_text_primary_claim
felis_catus	IIIb	IIIb	IIIc	swapped_relative_to_upstream	IIIb	37	51	N	N	identical_to_human	identical	6.0	false	false	main_text_primary_claim
felis_catus	IIIb	IIIb	IIIc	swapped_relative_to_upstream	IIIb	38	52	Q	Q	identical_to_human	identical	5.0	false	false	main_text_primary_claim
felis_catus	IIIb	IIIb	IIIc	swapped_relative_to_upstream	IIIb	39	53	S	S	identical_to_human	identical	4.0	false	false	main_text_primary_claim
felis_catus	IIIb	IIIb	IIIc	swapped_relative_to_upstream	IIIb	40	54	A	A	identical_to_human	identical	4.0	false	false	main_text_primary_claim
felis_catus	IIIb	IIIb	IIIc	swapped_relative_to_upstream	IIIb	41	55	W	W	identical_to_human	identical	11.0	false	false	main_text_primary_claim
felis_catus	IIIb	IIIb	IIIc	swapped_relative_to_upstream	IIIb	42	56	L	L	identical_to_human	identical	4.0	false	false	main_text_primary_claim
felis_catus	IIIb	IIIb	IIIc	swapped_relative_to_upstream	IIIb	43	57	T	T	identical_to_human	identical	5.0	false	false	main_text_primary_claim
felis_catus	IIIb	IIIb	IIIc	swapped_relative_to_upstream	IIIb	44	58	V	V	identical_to_human	identical	4.0	false	false	main_text_primary_claim
felis_catus	IIIb	IIIb	IIIc	swapped_relative_to_upstream	IIIb	45	59	L	L	identical_to_human	identical	4.0	false	false	main_text_primary_claim
felis_catus	IIIb	IIIb	IIIc	swapped_relative_to_upstream	IIIb	46	69	P	P	identical_to_human	identical	7.0	false	false	main_text_primary_claim
gallus_gallus	IIIb	IIIb	IIIc	swapped_relative_to_upstream	IIIb	1	1	H	H	identical_to_human	identical	8.0	false	false	main_text_primary_claim
gallus_gallus	IIIb	IIIb	IIIc	swapped_relative_to_upstream	IIIb	2	2	S	S	identical_to_human	identical	4.0	false	false	main_text_primary_claim
gallus_gallus	IIIb	IIIb	IIIc	swapped_relative_to_upstream	IIIb	3	3	G	G	identical_to_human	identical	6.0	false	false	main_text_primary_claim
gallus_gallus	IIIb	IIIb	IIIc	swapped_relative_to_upstream	IIIb	4	4	I	I	identical_to_human	identical	4.0	false	false	main_text_primary_claim
gallus_gallus	IIIb	IIIb	IIIc	swapped_relative_to_upstream	IIIb	5	5	N	N	identical_to_human	identical	6.0	false	false	main_text_primary_claim
gallus_gallus	IIIb	IIIb	IIIc	swapped_relative_to_upstream	IIIb	6	6	S	S	identical_to_human	identical	4.0	false	false	main_text_primary_claim
gallus_gallus	IIIb	IIIb	IIIc	swapped_relative_to_upstream	IIIb	7	7	S	S	identical_to_human	identical	4.0	false	false	main_text_primary_claim
gallus_gallus	IIIb	IIIb	IIIc	swapped_relative_to_upstream	IIIb	8	8	N	N	identical_to_human	identical	6.0	false	false	main_text_primary_claim
gallus_gallus	IIIb	IIIb	IIIc	swapped_relative_to_upstream	IIIb	9	11	A	A	identical_to_human	identical	4.0	false	false	main_text_primary_claim
gallus_gallus	IIIb	IIIb	IIIc	swapped_relative_to_upstream	IIIb	10	12	E	E	identical_to_human	identical	5.0	false	false	main_text_primary_claim
gallus_gallus	IIIb	IIIb	IIIc	swapped_relative_to_upstream	IIIb	11	13	V	V	identical_to_human	identical	4.0	false	false	main_text_primary_claim
gallus_gallus	IIIb	IIIb	IIIc	swapped_relative_to_upstream	IIIb	12	14	L	L	identical_to_human	identical	4.0	false	false	main_text_primary_claim
gallus_gallus	IIIb	IIIb	IIIc	swapped_relative_to_upstream	IIIb	13	15	A	T	nonconservative_substitution	semi_conservative	0.0	false	false	main_text_primary_claim
gallus_gallus	IIIb	IIIb	IIIc	swapped_relative_to_upstream	IIIb	14	16	L	L	identical_to_human	identical	4.0	false	false	main_text_primary_claim
gallus_gallus	IIIb	IIIb	IIIc	swapped_relative_to_upstream	IIIb	15	17	F	Y	conservative_substitution	conservative	3.0	false	false	main_text_primary_claim
gallus_gallus	IIIb	IIIb	IIIc	swapped_relative_to_upstream	IIIb	16	18	N	N	identical_to_human	identical	6.0	false	false	main_text_primary_claim
gallus_gallus	IIIb	IIIb	IIIc	swapped_relative_to_upstream	IIIb	17	19	V	V	identical_to_human	identical	4.0	false	false	main_text_primary_claim
gallus_gallus	IIIb	IIIb	IIIc	swapped_relative_to_upstream	IIIb	18	20	T	T	identical_to_human	identical	5.0	false	false	main_text_primary_claim
gallus_gallus	IIIb	IIIb	IIIc	swapped_relative_to_upstream	IIIb	19	21	E	E	identical_to_human	identical	5.0	false	false	main_text_primary_claim
gallus_gallus	IIIb	IIIb	IIIc	swapped_relative_to_upstream	IIIb	20	22	A	A	identical_to_human	identical	4.0	false	false	main_text_primary_claim
gallus_gallus	IIIb	IIIb	IIIc	swapped_relative_to_upstream	IIIb	21	23	D	D	identical_to_human	identical	6.0	false	false	main_text_primary_claim
gallus_gallus	IIIb	IIIb	IIIc	swapped_relative_to_upstream	IIIb	22	24	A	A	identical_to_human	identical	4.0	false	false	main_text_primary_claim
gallus_gallus	IIIb	IIIb	IIIc	swapped_relative_to_upstream	IIIb	23	25	G	G	identical_to_human	identical	6.0	false	false	main_text_primary_claim
gallus_gallus	IIIb	IIIb	IIIc	swapped_relative_to_upstream	IIIb	24	26	E	E	identical_to_human	identical	5.0	false	false	main_text_primary_claim
gallus_gallus	IIIb	IIIb	IIIc	swapped_relative_to_upstream	IIIb	25	27	Y	Y	identical_to_human	identical	7.0	false	false	main_text_primary_claim
gallus_gallus	IIIb	IIIb	IIIc	swapped_relative_to_upstream	IIIb	26	28	I	I	identical_to_human	identical	4.0	false	false	main_text_primary_claim
gallus_gallus	IIIb	IIIb	IIIc	swapped_relative_to_upstream	IIIb	27	29	C	C	identical_to_human	identical	9.0	false	false	main_text_primary_claim
gallus_gallus	IIIb	IIIb	IIIc	swapped_relative_to_upstream	IIIb	28	30	K	K	identical_to_human	identical	5.0	false	false	main_text_primary_claim
gallus_gallus	IIIb	IIIb	IIIc	swapped_relative_to_upstream	IIIb	29	31	V	V	identical_to_human	identical	4.0	false	false	main_text_primary_claim
gallus_gallus	IIIb	IIIb	IIIc	swapped_relative_to_upstream	IIIb	30	32	S	S	identical_to_human	identical	4.0	false	false	main_text_primary_claim
gallus_gallus	IIIb	IIIb	IIIc	swapped_relative_to_upstream	IIIb	31	45	N	N	identical_to_human	identical	6.0	false	false	main_text_primary_claim
gallus_gallus	IIIb	IIIb	IIIc	swapped_relative_to_upstream	IIIb	32	46	Y	Y	identical_to_human	identical	7.0	false	false	main_text_primary_claim
gallus_gallus	IIIb	IIIb	IIIc	swapped_relative_to_upstream	IIIb	33	47	I	I	identical_to_human	identical	4.0	false	false	main_text_primary_claim
gallus_gallus	IIIb	IIIb	IIIc	swapped_relative_to_upstream	IIIb	34	48	G	G	identical_to_human	identical	6.0	false	false	main_text_primary_claim
gallus_gallus	IIIb	IIIb	IIIc	swapped_relative_to_upstream	IIIb	35	49	Q	E	conservative_substitution	conservative	2.0	false	false	main_text_primary_claim
gallus_gallus	IIIb	IIIb	IIIc	swapped_relative_to_upstream	IIIb	36	50	A	A	identical_to_human	identical	4.0	false	false	main_text_primary_claim
gallus_gallus	IIIb	IIIb	IIIc	swapped_relative_to_upstream	IIIb	37	51	N	N	identical_to_human	identical	6.0	false	false	main_text_primary_claim
gallus_gallus	IIIb	IIIb	IIIc	swapped_relative_to_upstream	IIIb	38	52	Q	Q	identical_to_human	identical	5.0	false	false	main_text_primary_claim
gallus_gallus	IIIb	IIIb	IIIc	swapped_relative_to_upstream	IIIb	39	53	S	S	identical_to_human	identical	4.0	false	false	main_text_primary_claim
gallus_gallus	IIIb	IIIb	IIIc	swapped_relative_to_upstream	IIIb	40	54	A	A	identical_to_human	identical	4.0	false	false	main_text_primary_claim
gallus_gallus	IIIb	IIIb	IIIc	swapped_relative_to_upstream	IIIb	41	55	W	W	identical_to_human	identical	11.0	false	false	main_text_primary_claim
gallus_gallus	IIIb	IIIb	IIIc	swapped_relative_to_upstream	IIIb	42	56	L	L	identical_to_human	identical	4.0	false	false	main_text_primary_claim
gallus_gallus	IIIb	IIIb	IIIc	swapped_relative_to_upstream	IIIb	43	57	T	S	conservative_substitution	conservative	1.0	false	false	main_text_primary_claim
gallus_gallus	IIIb	IIIb	IIIc	swapped_relative_to_upstream	IIIb	44	58	V	V	identical_to_human	identical	4.0	false	false	main_text_primary_claim
gallus_gallus	IIIb	IIIb	IIIc	swapped_relative_to_upstream	IIIb	45	59	L	L	identical_to_human	identical	4.0	false	false	main_text_primary_claim
gallus_gallus	IIIb	IIIb	IIIc	swapped_relative_to_upstream	IIIb	46	69	P	P	identical_to_human	identical	7.0	false	false	main_text_primary_claim
gasterosteus_aculeatus	IIIb	IIIb	IIIc	swapped_relative_to_upstream	IIIb	1	1	H		gap_or_missing	gap		true	true	supplementary_only
gasterosteus_aculeatus	IIIb	IIIb	IIIc	swapped_relative_to_upstream	IIIb	2	2	S	S	identical_to_human	identical	4.0	false	true	supplementary_only
gasterosteus_aculeatus	IIIb	IIIb	IIIc	swapped_relative_to_upstream	IIIb	3	3	G	G	identical_to_human	identical	6.0	false	true	supplementary_only
gasterosteus_aculeatus	IIIb	IIIb	IIIc	swapped_relative_to_upstream	IIIb	4	4	I	I	identical_to_human	identical	4.0	false	true	supplementary_only
gasterosteus_aculeatus	IIIb	IIIb	IIIc	swapped_relative_to_upstream	IIIb	5	5	N	N	identical_to_human	identical	6.0	false	true	supplementary_only
gasterosteus_aculeatus	IIIb	IIIb	IIIc	swapped_relative_to_upstream	IIIb	6	6	S	S	identical_to_human	identical	4.0	false	true	supplementary_only
gasterosteus_aculeatus	IIIb	IIIb	IIIc	swapped_relative_to_upstream	IIIb	7	7	S	S	identical_to_human	identical	4.0	false	true	supplementary_only
gasterosteus_aculeatus	IIIb	IIIb	IIIc	swapped_relative_to_upstream	IIIb	8	8	N	D	conservative_substitution	conservative	1.0	false	true	supplementary_only
gasterosteus_aculeatus	IIIb	IIIb	IIIc	swapped_relative_to_upstream	IIIb	9	11	A	V	nonconservative_substitution	semi_conservative	0.0	false	true	supplementary_only
gasterosteus_aculeatus	IIIb	IIIb	IIIc	swapped_relative_to_upstream	IIIb	10	12	E	E	identical_to_human	identical	5.0	false	true	supplementary_only
gasterosteus_aculeatus	IIIb	IIIb	IIIc	swapped_relative_to_upstream	IIIb	11	13	V	M	conservative_substitution	conservative	1.0	false	true	supplementary_only
gasterosteus_aculeatus	IIIb	IIIb	IIIc	swapped_relative_to_upstream	IIIb	12	14	L	L	identical_to_human	identical	4.0	false	true	supplementary_only
gasterosteus_aculeatus	IIIb	IIIb	IIIc	swapped_relative_to_upstream	IIIb	13	15	A	T	nonconservative_substitution	semi_conservative	0.0	false	true	supplementary_only
gasterosteus_aculeatus	IIIb	IIIb	IIIc	swapped_relative_to_upstream	IIIb	14	16	L	L	identical_to_human	identical	4.0	false	true	supplementary_only
gasterosteus_aculeatus	IIIb	IIIb	IIIc	swapped_relative_to_upstream	IIIb	15	17	F	T	nonconservative_substitution	nonconservative	-2.0	false	true	supplementary_only
gasterosteus_aculeatus	IIIb	IIIb	IIIc	swapped_relative_to_upstream	IIIb	16	18	N	N	identical_to_human	identical	6.0	false	true	supplementary_only
gasterosteus_aculeatus	IIIb	IIIb	IIIc	swapped_relative_to_upstream	IIIb	17	19	V	V	identical_to_human	identical	4.0	false	true	supplementary_only
gasterosteus_aculeatus	IIIb	IIIb	IIIc	swapped_relative_to_upstream	IIIb	18	20	T	T	identical_to_human	identical	5.0	false	true	supplementary_only
gasterosteus_aculeatus	IIIb	IIIb	IIIc	swapped_relative_to_upstream	IIIb	19	21	E	E	identical_to_human	identical	5.0	false	true	supplementary_only
gasterosteus_aculeatus	IIIb	IIIb	IIIc	swapped_relative_to_upstream	IIIb	20	22	A	K	nonconservative_substitution	nonconservative	-1.0	false	true	supplementary_only
gasterosteus_aculeatus	IIIb	IIIb	IIIc	swapped_relative_to_upstream	IIIb	21	23	D	D	identical_to_human	identical	6.0	false	true	supplementary_only
gasterosteus_aculeatus	IIIb	IIIb	IIIc	swapped_relative_to_upstream	IIIb	22	24	A	A	identical_to_human	identical	4.0	false	true	supplementary_only
gasterosteus_aculeatus	IIIb	IIIb	IIIc	swapped_relative_to_upstream	IIIb	23	25	G	G	identical_to_human	identical	6.0	false	true	supplementary_only
gasterosteus_aculeatus	IIIb	IIIb	IIIc	swapped_relative_to_upstream	IIIb	24	26	E	E	identical_to_human	identical	5.0	false	true	supplementary_only
gasterosteus_aculeatus	IIIb	IIIb	IIIc	swapped_relative_to_upstream	IIIb	25	27	Y	Y	identical_to_human	identical	7.0	false	true	supplementary_only
gasterosteus_aculeatus	IIIb	IIIb	IIIc	swapped_relative_to_upstream	IIIb	26	28	I	I	identical_to_human	identical	4.0	false	true	supplementary_only
gasterosteus_aculeatus	IIIb	IIIb	IIIc	swapped_relative_to_upstream	IIIb	27	29	C	C	identical_to_human	identical	9.0	false	true	supplementary_only
gasterosteus_aculeatus	IIIb	IIIb	IIIc	swapped_relative_to_upstream	IIIb	28	30	K	K	identical_to_human	identical	5.0	false	true	supplementary_only
gasterosteus_aculeatus	IIIb	IIIb	IIIc	swapped_relative_to_upstream	IIIb	29	31	V	V	identical_to_human	identical	4.0	false	true	supplementary_only
gasterosteus_aculeatus	IIIb	IIIb	IIIc	swapped_relative_to_upstream	IIIb	30	32	S	S	identical_to_human	identical	4.0	false	true	supplementary_only
gasterosteus_aculeatus	IIIb	IIIb	IIIc	swapped_relative_to_upstream	IIIb	31	45	N	N	identical_to_human	identical	6.0	false	true	supplementary_only
gasterosteus_aculeatus	IIIb	IIIb	IIIc	swapped_relative_to_upstream	IIIb	32	46	Y	Y	identical_to_human	identical	7.0	false	true	supplementary_only
gasterosteus_aculeatus	IIIb	IIIb	IIIc	swapped_relative_to_upstream	IIIb	33	47	I	I	identical_to_human	identical	4.0	false	true	supplementary_only
gasterosteus_aculeatus	IIIb	IIIb	IIIc	swapped_relative_to_upstream	IIIb	34	48	G	G	identical_to_human	identical	6.0	false	true	supplementary_only
gasterosteus_aculeatus	IIIb	IIIb	IIIc	swapped_relative_to_upstream	IIIb	35	49	Q	E	conservative_substitution	conservative	2.0	false	true	supplementary_only
gasterosteus_aculeatus	IIIb	IIIb	IIIc	swapped_relative_to_upstream	IIIb	36	50	A	A	identical_to_human	identical	4.0	false	true	supplementary_only
gasterosteus_aculeatus	IIIb	IIIb	IIIc	swapped_relative_to_upstream	IIIb	37	51	N	C	nonconservative_substitution	nonconservative	-3.0	false	true	supplementary_only
gasterosteus_aculeatus	IIIb	IIIb	IIIc	swapped_relative_to_upstream	IIIb	38	52	Q	Q	identical_to_human	identical	5.0	false	true	supplementary_only
gasterosteus_aculeatus	IIIb	IIIb	IIIc	swapped_relative_to_upstream	IIIb	39	53	S	S	identical_to_human	identical	4.0	false	true	supplementary_only
gasterosteus_aculeatus	IIIb	IIIb	IIIc	swapped_relative_to_upstream	IIIb	40	54	A	G	nonconservative_substitution	semi_conservative	0.0	false	true	supplementary_only
gasterosteus_aculeatus	IIIb	IIIb	IIIc	swapped_relative_to_upstream	IIIb	41	55	W	W	identical_to_human	identical	11.0	false	true	supplementary_only
gasterosteus_aculeatus	IIIb	IIIb	IIIc	swapped_relative_to_upstream	IIIb	42	56	L	L	identical_to_human	identical	4.0	false	true	supplementary_only
gasterosteus_aculeatus	IIIb	IIIb	IIIc	swapped_relative_to_upstream	IIIb	43	57	T	T	identical_to_human	identical	5.0	false	true	supplementary_only
gasterosteus_aculeatus	IIIb	IIIb	IIIc	swapped_relative_to_upstream	IIIb	44	58	V	V	identical_to_human	identical	4.0	false	true	supplementary_only
gasterosteus_aculeatus	IIIb	IIIb	IIIc	swapped_relative_to_upstream	IIIb	45	59	L	V	conservative_substitution	conservative	1.0	false	true	supplementary_only
gasterosteus_aculeatus	IIIb	IIIb	IIIc	swapped_relative_to_upstream	IIIb	46	69	P	P	identical_to_human	identical	7.0	false	true	supplementary_only
gorilla_gorilla_gorilla	IIIb	IIIb	IIIc	swapped_relative_to_upstream	IIIb	1	1	H	H	identical_to_human	identical	8.0	false	true	supplementary_only
gorilla_gorilla_gorilla	IIIb	IIIb	IIIc	swapped_relative_to_upstream	IIIb	2	2	S	S	identical_to_human	identical	4.0	false	true	supplementary_only
gorilla_gorilla_gorilla	IIIb	IIIb	IIIc	swapped_relative_to_upstream	IIIb	3	3	G	G	identical_to_human	identical	6.0	false	true	supplementary_only
gorilla_gorilla_gorilla	IIIb	IIIb	IIIc	swapped_relative_to_upstream	IIIb	4	4	I	I	identical_to_human	identical	4.0	false	true	supplementary_only
gorilla_gorilla_gorilla	IIIb	IIIb	IIIc	swapped_relative_to_upstream	IIIb	5	5	N	N	identical_to_human	identical	6.0	false	true	supplementary_only
gorilla_gorilla_gorilla	IIIb	IIIb	IIIc	swapped_relative_to_upstream	IIIb	6	6	S	S	identical_to_human	identical	4.0	false	true	supplementary_only
gorilla_gorilla_gorilla	IIIb	IIIb	IIIc	swapped_relative_to_upstream	IIIb	7	7	S	S	identical_to_human	identical	4.0	false	true	supplementary_only
gorilla_gorilla_gorilla	IIIb	IIIb	IIIc	swapped_relative_to_upstream	IIIb	8	8	N	N	identical_to_human	identical	6.0	false	true	supplementary_only
gorilla_gorilla_gorilla	IIIb	IIIb	IIIc	swapped_relative_to_upstream	IIIb	9	11	A	A	identical_to_human	identical	4.0	false	true	supplementary_only
gorilla_gorilla_gorilla	IIIb	IIIb	IIIc	swapped_relative_to_upstream	IIIb	10	12	E	E	identical_to_human	identical	5.0	false	true	supplementary_only
gorilla_gorilla_gorilla	IIIb	IIIb	IIIc	swapped_relative_to_upstream	IIIb	11	13	V	V	identical_to_human	identical	4.0	false	true	supplementary_only
gorilla_gorilla_gorilla	IIIb	IIIb	IIIc	swapped_relative_to_upstream	IIIb	12	14	L	L	identical_to_human	identical	4.0	false	true	supplementary_only
gorilla_gorilla_gorilla	IIIb	IIIb	IIIc	swapped_relative_to_upstream	IIIb	13	15	A	A	identical_to_human	identical	4.0	false	true	supplementary_only
gorilla_gorilla_gorilla	IIIb	IIIb	IIIc	swapped_relative_to_upstream	IIIb	14	16	L	L	identical_to_human	identical	4.0	false	true	supplementary_only
gorilla_gorilla_gorilla	IIIb	IIIb	IIIc	swapped_relative_to_upstream	IIIb	15	17	F	F	identical_to_human	identical	6.0	false	true	supplementary_only
gorilla_gorilla_gorilla	IIIb	IIIb	IIIc	swapped_relative_to_upstream	IIIb	16	18	N	N	identical_to_human	identical	6.0	false	true	supplementary_only
gorilla_gorilla_gorilla	IIIb	IIIb	IIIc	swapped_relative_to_upstream	IIIb	17	19	V	V	identical_to_human	identical	4.0	false	true	supplementary_only
gorilla_gorilla_gorilla	IIIb	IIIb	IIIc	swapped_relative_to_upstream	IIIb	18	20	T	T	identical_to_human	identical	5.0	false	true	supplementary_only
gorilla_gorilla_gorilla	IIIb	IIIb	IIIc	swapped_relative_to_upstream	IIIb	19	21	E	E	identical_to_human	identical	5.0	false	true	supplementary_only
gorilla_gorilla_gorilla	IIIb	IIIb	IIIc	swapped_relative_to_upstream	IIIb	20	22	A	A	identical_to_human	identical	4.0	false	true	supplementary_only
gorilla_gorilla_gorilla	IIIb	IIIb	IIIc	swapped_relative_to_upstream	IIIb	21	23	D	D	identical_to_human	identical	6.0	false	true	supplementary_only
gorilla_gorilla_gorilla	IIIb	IIIb	IIIc	swapped_relative_to_upstream	IIIb	22	24	A	A	identical_to_human	identical	4.0	false	true	supplementary_only
gorilla_gorilla_gorilla	IIIb	IIIb	IIIc	swapped_relative_to_upstream	IIIb	23	25	G	G	identical_to_human	identical	6.0	false	true	supplementary_only
gorilla_gorilla_gorilla	IIIb	IIIb	IIIc	swapped_relative_to_upstream	IIIb	24	26	E	E	identical_to_human	identical	5.0	false	true	supplementary_only
gorilla_gorilla_gorilla	IIIb	IIIb	IIIc	swapped_relative_to_upstream	IIIb	25	27	Y	Y	identical_to_human	identical	7.0	false	true	supplementary_only
gorilla_gorilla_gorilla	IIIb	IIIb	IIIc	swapped_relative_to_upstream	IIIb	26	28	I	I	identical_to_human	identical	4.0	false	true	supplementary_only
gorilla_gorilla_gorilla	IIIb	IIIb	IIIc	swapped_relative_to_upstream	IIIb	27	29	C	C	identical_to_human	identical	9.0	false	true	supplementary_only
gorilla_gorilla_gorilla	IIIb	IIIb	IIIc	swapped_relative_to_upstream	IIIb	28	30	K	K	identical_to_human	identical	5.0	false	true	supplementary_only
gorilla_gorilla_gorilla	IIIb	IIIb	IIIc	swapped_relative_to_upstream	IIIb	29	31	V	V	identical_to_human	identical	4.0	false	true	supplementary_only
gorilla_gorilla_gorilla	IIIb	IIIb	IIIc	swapped_relative_to_upstream	IIIb	30	32	S	S	identical_to_human	identical	4.0	false	true	supplementary_only
gorilla_gorilla_gorilla	IIIb	IIIb	IIIc	swapped_relative_to_upstream	IIIb	31	45	N	N	identical_to_human	identical	6.0	false	true	supplementary_only
gorilla_gorilla_gorilla	IIIb	IIIb	IIIc	swapped_relative_to_upstream	IIIb	32	46	Y	Y	identical_to_human	identical	7.0	false	true	supplementary_only
gorilla_gorilla_gorilla	IIIb	IIIb	IIIc	swapped_relative_to_upstream	IIIb	33	47	I	I	identical_to_human	identical	4.0	false	true	supplementary_only
gorilla_gorilla_gorilla	IIIb	IIIb	IIIc	swapped_relative_to_upstream	IIIb	34	48	G	G	identical_to_human	identical	6.0	false	true	supplementary_only
gorilla_gorilla_gorilla	IIIb	IIIb	IIIc	swapped_relative_to_upstream	IIIb	35	49	Q	Q	identical_to_human	identical	5.0	false	true	supplementary_only
gorilla_gorilla_gorilla	IIIb	IIIb	IIIc	swapped_relative_to_upstream	IIIb	36	50	A	A	identical_to_human	identical	4.0	false	true	supplementary_only
gorilla_gorilla_gorilla	IIIb	IIIb	IIIc	swapped_relative_to_upstream	IIIb	37	51	N	N	identical_to_human	identical	6.0	false	true	supplementary_only
gorilla_gorilla_gorilla	IIIb	IIIb	IIIc	swapped_relative_to_upstream	IIIb	38	52	Q	Q	identical_to_human	identical	5.0	false	true	supplementary_only
gorilla_gorilla_gorilla	IIIb	IIIb	IIIc	swapped_relative_to_upstream	IIIb	39	53	S	S	identical_to_human	identical	4.0	false	true	supplementary_only
gorilla_gorilla_gorilla	IIIb	IIIb	IIIc	swapped_relative_to_upstream	IIIb	40	54	A	A	identical_to_human	identical	4.0	false	true	supplementary_only
gorilla_gorilla_gorilla	IIIb	IIIb	IIIc	swapped_relative_to_upstream	IIIb	41	55	W	W	identical_to_human	identical	11.0	false	true	supplementary_only
gorilla_gorilla_gorilla	IIIb	IIIb	IIIc	swapped_relative_to_upstream	IIIb	42	56	L	L	identical_to_human	identical	4.0	false	true	supplementary_only
gorilla_gorilla_gorilla	IIIb	IIIb	IIIc	swapped_relative_to_upstream	IIIb	43	57	T	T	identical_to_human	identical	5.0	false	true	supplementary_only
gorilla_gorilla_gorilla	IIIb	IIIb	IIIc	swapped_relative_to_upstream	IIIb	44	58	V	V	identical_to_human	identical	4.0	false	true	supplementary_only
gorilla_gorilla_gorilla	IIIb	IIIb	IIIc	swapped_relative_to_upstream	IIIb	45	59	L	L	identical_to_human	identical	4.0	false	true	supplementary_only
gorilla_gorilla_gorilla	IIIb	IIIb	IIIc	swapped_relative_to_upstream	IIIb	46	69	P	P	identical_to_human	identical	7.0	false	true	supplementary_only
homo_sapiens	IIIb	IIIb	IIIc	swapped_relative_to_upstream	IIIb	1	1	H	H	identical_to_human	identical	8.0	false	false	main_text_with_footnote
homo_sapiens	IIIb	IIIb	IIIc	swapped_relative_to_upstream	IIIb	2	2	S	S	identical_to_human	identical	4.0	false	false	main_text_with_footnote
homo_sapiens	IIIb	IIIb	IIIc	swapped_relative_to_upstream	IIIb	3	3	G	G	identical_to_human	identical	6.0	false	false	main_text_with_footnote
homo_sapiens	IIIb	IIIb	IIIc	swapped_relative_to_upstream	IIIb	4	4	I	I	identical_to_human	identical	4.0	false	false	main_text_with_footnote
homo_sapiens	IIIb	IIIb	IIIc	swapped_relative_to_upstream	IIIb	5	5	N	N	identical_to_human	identical	6.0	false	false	main_text_with_footnote
homo_sapiens	IIIb	IIIb	IIIc	swapped_relative_to_upstream	IIIb	6	6	S	S	identical_to_human	identical	4.0	false	false	main_text_with_footnote
homo_sapiens	IIIb	IIIb	IIIc	swapped_relative_to_upstream	IIIb	7	7	S	S	identical_to_human	identical	4.0	false	false	main_text_with_footnote
homo_sapiens	IIIb	IIIb	IIIc	swapped_relative_to_upstream	IIIb	8	8	N	N	identical_to_human	identical	6.0	false	false	main_text_with_footnote
homo_sapiens	IIIb	IIIb	IIIc	swapped_relative_to_upstream	IIIb	9	11	A	A	identical_to_human	identical	4.0	false	false	main_text_with_footnote
homo_sapiens	IIIb	IIIb	IIIc	swapped_relative_to_upstream	IIIb	10	12	E	E	identical_to_human	identical	5.0	false	false	main_text_with_footnote
homo_sapiens	IIIb	IIIb	IIIc	swapped_relative_to_upstream	IIIb	11	13	V	V	identical_to_human	identical	4.0	false	false	main_text_with_footnote
homo_sapiens	IIIb	IIIb	IIIc	swapped_relative_to_upstream	IIIb	12	14	L	L	identical_to_human	identical	4.0	false	false	main_text_with_footnote
homo_sapiens	IIIb	IIIb	IIIc	swapped_relative_to_upstream	IIIb	13	15	A	A	identical_to_human	identical	4.0	false	false	main_text_with_footnote
homo_sapiens	IIIb	IIIb	IIIc	swapped_relative_to_upstream	IIIb	14	16	L	L	identical_to_human	identical	4.0	false	false	main_text_with_footnote
homo_sapiens	IIIb	IIIb	IIIc	swapped_relative_to_upstream	IIIb	15	17	F	F	identical_to_human	identical	6.0	false	false	main_text_with_footnote
homo_sapiens	IIIb	IIIb	IIIc	swapped_relative_to_upstream	IIIb	16	18	N	N	identical_to_human	identical	6.0	false	false	main_text_with_footnote
homo_sapiens	IIIb	IIIb	IIIc	swapped_relative_to_upstream	IIIb	17	19	V	V	identical_to_human	identical	4.0	false	false	main_text_with_footnote
homo_sapiens	IIIb	IIIb	IIIc	swapped_relative_to_upstream	IIIb	18	20	T	T	identical_to_human	identical	5.0	false	false	main_text_with_footnote
homo_sapiens	IIIb	IIIb	IIIc	swapped_relative_to_upstream	IIIb	19	21	E	E	identical_to_human	identical	5.0	false	false	main_text_with_footnote
homo_sapiens	IIIb	IIIb	IIIc	swapped_relative_to_upstream	IIIb	20	22	A	A	identical_to_human	identical	4.0	false	false	main_text_with_footnote
homo_sapiens	IIIb	IIIb	IIIc	swapped_relative_to_upstream	IIIb	21	23	D	D	identical_to_human	identical	6.0	false	false	main_text_with_footnote
homo_sapiens	IIIb	IIIb	IIIc	swapped_relative_to_upstream	IIIb	22	24	A	A	identical_to_human	identical	4.0	false	false	main_text_with_footnote
homo_sapiens	IIIb	IIIb	IIIc	swapped_relative_to_upstream	IIIb	23	25	G	G	identical_to_human	identical	6.0	false	false	main_text_with_footnote
homo_sapiens	IIIb	IIIb	IIIc	swapped_relative_to_upstream	IIIb	24	26	E	E	identical_to_human	identical	5.0	false	false	main_text_with_footnote
homo_sapiens	IIIb	IIIb	IIIc	swapped_relative_to_upstream	IIIb	25	27	Y	Y	identical_to_human	identical	7.0	false	false	main_text_with_footnote
homo_sapiens	IIIb	IIIb	IIIc	swapped_relative_to_upstream	IIIb	26	28	I	I	identical_to_human	identical	4.0	false	false	main_text_with_footnote
homo_sapiens	IIIb	IIIb	IIIc	swapped_relative_to_upstream	IIIb	27	29	C	C	identical_to_human	identical	9.0	false	false	main_text_with_footnote
homo_sapiens	IIIb	IIIb	IIIc	swapped_relative_to_upstream	IIIb	28	30	K	K	identical_to_human	identical	5.0	false	false	main_text_with_footnote
homo_sapiens	IIIb	IIIb	IIIc	swapped_relative_to_upstream	IIIb	29	31	V	V	identical_to_human	identical	4.0	false	false	main_text_with_footnote
homo_sapiens	IIIb	IIIb	IIIc	swapped_relative_to_upstream	IIIb	30	32	S	S	identical_to_human	identical	4.0	false	false	main_text_with_footnote
homo_sapiens	IIIb	IIIb	IIIc	swapped_relative_to_upstream	IIIb	31	45	N	N	identical_to_human	identical	6.0	false	false	main_text_with_footnote
homo_sapiens	IIIb	IIIb	IIIc	swapped_relative_to_upstream	IIIb	32	46	Y	Y	identical_to_human	identical	7.0	false	false	main_text_with_footnote
homo_sapiens	IIIb	IIIb	IIIc	swapped_relative_to_upstream	IIIb	33	47	I	I	identical_to_human	identical	4.0	false	false	main_text_with_footnote
homo_sapiens	IIIb	IIIb	IIIc	swapped_relative_to_upstream	IIIb	34	48	G	G	identical_to_human	identical	6.0	false	false	main_text_with_footnote
homo_sapiens	IIIb	IIIb	IIIc	swapped_relative_to_upstream	IIIb	35	49	Q	Q	identical_to_human	identical	5.0	false	false	main_text_with_footnote
homo_sapiens	IIIb	IIIb	IIIc	swapped_relative_to_upstream	IIIb	36	50	A	A	identical_to_human	identical	4.0	false	false	main_text_with_footnote
homo_sapiens	IIIb	IIIb	IIIc	swapped_relative_to_upstream	IIIb	37	51	N	N	identical_to_human	identical	6.0	false	false	main_text_with_footnote
homo_sapiens	IIIb	IIIb	IIIc	swapped_relative_to_upstream	IIIb	38	52	Q	Q	identical_to_human	identical	5.0	false	false	main_text_with_footnote
homo_sapiens	IIIb	IIIb	IIIc	swapped_relative_to_upstream	IIIb	39	53	S	S	identical_to_human	identical	4.0	false	false	main_text_with_footnote
homo_sapiens	IIIb	IIIb	IIIc	swapped_relative_to_upstream	IIIb	40	54	A	A	identical_to_human	identical	4.0	false	false	main_text_with_footnote
homo_sapiens	IIIb	IIIb	IIIc	swapped_relative_to_upstream	IIIb	41	55	W	W	identical_to_human	identical	11.0	false	false	main_text_with_footnote
homo_sapiens	IIIb	IIIb	IIIc	swapped_relative_to_upstream	IIIb	42	56	L	L	identical_to_human	identical	4.0	false	false	main_text_with_footnote
homo_sapiens	IIIb	IIIb	IIIc	swapped_relative_to_upstream	IIIb	43	57	T	T	identical_to_human	identical	5.0	false	false	main_text_with_footnote
homo_sapiens	IIIb	IIIb	IIIc	swapped_relative_to_upstream	IIIb	44	58	V	V	identical_to_human	identical	4.0	false	false	main_text_with_footnote
homo_sapiens	IIIb	IIIb	IIIc	swapped_relative_to_upstream	IIIb	45	59	L	L	identical_to_human	identical	4.0	false	false	main_text_with_footnote
homo_sapiens	IIIb	IIIb	IIIc	swapped_relative_to_upstream	IIIb	46	69	P	P	identical_to_human	identical	7.0	false	false	main_text_with_footnote
macaca_mulatta	IIIb	IIIb	IIIc	swapped_relative_to_upstream	IIIb	1	1	H	H	identical_to_human	identical	8.0	false	false	main_text_primary_claim
macaca_mulatta	IIIb	IIIb	IIIc	swapped_relative_to_upstream	IIIb	2	2	S	S	identical_to_human	identical	4.0	false	false	main_text_primary_claim
macaca_mulatta	IIIb	IIIb	IIIc	swapped_relative_to_upstream	IIIb	3	3	G	G	identical_to_human	identical	6.0	false	false	main_text_primary_claim
macaca_mulatta	IIIb	IIIb	IIIc	swapped_relative_to_upstream	IIIb	4	4	I	I	identical_to_human	identical	4.0	false	false	main_text_primary_claim
macaca_mulatta	IIIb	IIIb	IIIc	swapped_relative_to_upstream	IIIb	5	5	N	N	identical_to_human	identical	6.0	false	false	main_text_primary_claim
macaca_mulatta	IIIb	IIIb	IIIc	swapped_relative_to_upstream	IIIb	6	6	S	S	identical_to_human	identical	4.0	false	false	main_text_primary_claim
macaca_mulatta	IIIb	IIIb	IIIc	swapped_relative_to_upstream	IIIb	7	7	S	S	identical_to_human	identical	4.0	false	false	main_text_primary_claim
macaca_mulatta	IIIb	IIIb	IIIc	swapped_relative_to_upstream	IIIb	8	8	N	N	identical_to_human	identical	6.0	false	false	main_text_primary_claim
macaca_mulatta	IIIb	IIIb	IIIc	swapped_relative_to_upstream	IIIb	9	11	A	A	identical_to_human	identical	4.0	false	false	main_text_primary_claim
macaca_mulatta	IIIb	IIIb	IIIc	swapped_relative_to_upstream	IIIb	10	12	E	E	identical_to_human	identical	5.0	false	false	main_text_primary_claim
macaca_mulatta	IIIb	IIIb	IIIc	swapped_relative_to_upstream	IIIb	11	13	V	V	identical_to_human	identical	4.0	false	false	main_text_primary_claim
macaca_mulatta	IIIb	IIIb	IIIc	swapped_relative_to_upstream	IIIb	12	14	L	L	identical_to_human	identical	4.0	false	false	main_text_primary_claim
macaca_mulatta	IIIb	IIIb	IIIc	swapped_relative_to_upstream	IIIb	13	15	A	A	identical_to_human	identical	4.0	false	false	main_text_primary_claim
macaca_mulatta	IIIb	IIIb	IIIc	swapped_relative_to_upstream	IIIb	14	16	L	L	identical_to_human	identical	4.0	false	false	main_text_primary_claim
macaca_mulatta	IIIb	IIIb	IIIc	swapped_relative_to_upstream	IIIb	15	17	F	F	identical_to_human	identical	6.0	false	false	main_text_primary_claim
macaca_mulatta	IIIb	IIIb	IIIc	swapped_relative_to_upstream	IIIb	16	18	N	N	identical_to_human	identical	6.0	false	false	main_text_primary_claim
macaca_mulatta	IIIb	IIIb	IIIc	swapped_relative_to_upstream	IIIb	17	19	V	V	identical_to_human	identical	4.0	false	false	main_text_primary_claim
macaca_mulatta	IIIb	IIIb	IIIc	swapped_relative_to_upstream	IIIb	18	20	T	T	identical_to_human	identical	5.0	false	false	main_text_primary_claim
macaca_mulatta	IIIb	IIIb	IIIc	swapped_relative_to_upstream	IIIb	19	21	E	E	identical_to_human	identical	5.0	false	false	main_text_primary_claim
macaca_mulatta	IIIb	IIIb	IIIc	swapped_relative_to_upstream	IIIb	20	22	A	A	identical_to_human	identical	4.0	false	false	main_text_primary_claim
macaca_mulatta	IIIb	IIIb	IIIc	swapped_relative_to_upstream	IIIb	21	23	D	D	identical_to_human	identical	6.0	false	false	main_text_primary_claim
macaca_mulatta	IIIb	IIIb	IIIc	swapped_relative_to_upstream	IIIb	22	24	A	A	identical_to_human	identical	4.0	false	false	main_text_primary_claim
macaca_mulatta	IIIb	IIIb	IIIc	swapped_relative_to_upstream	IIIb	23	25	G	G	identical_to_human	identical	6.0	false	false	main_text_primary_claim
macaca_mulatta	IIIb	IIIb	IIIc	swapped_relative_to_upstream	IIIb	24	26	E	E	identical_to_human	identical	5.0	false	false	main_text_primary_claim
macaca_mulatta	IIIb	IIIb	IIIc	swapped_relative_to_upstream	IIIb	25	27	Y	Y	identical_to_human	identical	7.0	false	false	main_text_primary_claim
macaca_mulatta	IIIb	IIIb	IIIc	swapped_relative_to_upstream	IIIb	26	28	I	I	identical_to_human	identical	4.0	false	false	main_text_primary_claim
macaca_mulatta	IIIb	IIIb	IIIc	swapped_relative_to_upstream	IIIb	27	29	C	C	identical_to_human	identical	9.0	false	false	main_text_primary_claim
macaca_mulatta	IIIb	IIIb	IIIc	swapped_relative_to_upstream	IIIb	28	30	K	K	identical_to_human	identical	5.0	false	false	main_text_primary_claim
macaca_mulatta	IIIb	IIIb	IIIc	swapped_relative_to_upstream	IIIb	29	31	V	V	identical_to_human	identical	4.0	false	false	main_text_primary_claim
macaca_mulatta	IIIb	IIIb	IIIc	swapped_relative_to_upstream	IIIb	30	32	S	S	identical_to_human	identical	4.0	false	false	main_text_primary_claim
macaca_mulatta	IIIb	IIIb	IIIc	swapped_relative_to_upstream	IIIb	31	45	N	N	identical_to_human	identical	6.0	false	false	main_text_primary_claim
macaca_mulatta	IIIb	IIIb	IIIc	swapped_relative_to_upstream	IIIb	32	46	Y	Y	identical_to_human	identical	7.0	false	false	main_text_primary_claim
macaca_mulatta	IIIb	IIIb	IIIc	swapped_relative_to_upstream	IIIb	33	47	I	I	identical_to_human	identical	4.0	false	false	main_text_primary_claim
macaca_mulatta	IIIb	IIIb	IIIc	swapped_relative_to_upstream	IIIb	34	48	G	G	identical_to_human	identical	6.0	false	false	main_text_primary_claim
macaca_mulatta	IIIb	IIIb	IIIc	swapped_relative_to_upstream	IIIb	35	49	Q	Q	identical_to_human	identical	5.0	false	false	main_text_primary_claim
macaca_mulatta	IIIb	IIIb	IIIc	swapped_relative_to_upstream	IIIb	36	50	A	A	identical_to_human	identical	4.0	false	false	main_text_primary_claim
macaca_mulatta	IIIb	IIIb	IIIc	swapped_relative_to_upstream	IIIb	37	51	N	N	identical_to_human	identical	6.0	false	false	main_text_primary_claim
macaca_mulatta	IIIb	IIIb	IIIc	swapped_relative_to_upstream	IIIb	38	52	Q	Q	identical_to_human	identical	5.0	false	false	main_text_primary_claim
macaca_mulatta	IIIb	IIIb	IIIc	swapped_relative_to_upstream	IIIb	39	53	S	S	identical_to_human	identical	4.0	false	false	main_text_primary_claim
macaca_mulatta	IIIb	IIIb	IIIc	swapped_relative_to_upstream	IIIb	40	54	A	A	identical_to_human	identical	4.0	false	false	main_text_primary_claim
macaca_mulatta	IIIb	IIIb	IIIc	swapped_relative_to_upstream	IIIb	41	55	W	W	identical_to_human	identical	11.0	false	false	main_text_primary_claim
macaca_mulatta	IIIb	IIIb	IIIc	swapped_relative_to_upstream	IIIb	42	56	L	L	identical_to_human	identical	4.0	false	false	main_text_primary_claim
macaca_mulatta	IIIb	IIIb	IIIc	swapped_relative_to_upstream	IIIb	43	57	T	T	identical_to_human	identical	5.0	false	false	main_text_primary_claim
macaca_mulatta	IIIb	IIIb	IIIc	swapped_relative_to_upstream	IIIb	44	58	V	V	identical_to_human	identical	4.0	false	false	main_text_primary_claim
macaca_mulatta	IIIb	IIIb	IIIc	swapped_relative_to_upstream	IIIb	45	59	L	L	identical_to_human	identical	4.0	false	false	main_text_primary_claim
macaca_mulatta	IIIb	IIIb	IIIc	swapped_relative_to_upstream	IIIb	46	69	P	P	identical_to_human	identical	7.0	false	false	main_text_primary_claim
meleagris_gallopavo	IIIb	IIIb	IIIc	swapped_relative_to_upstream	IIIb	1	1	H	H	identical_to_human	identical	8.0	false	true	supplementary_only
meleagris_gallopavo	IIIb	IIIb	IIIc	swapped_relative_to_upstream	IIIb	2	2	S	S	identical_to_human	identical	4.0	false	true	supplementary_only
meleagris_gallopavo	IIIb	IIIb	IIIc	swapped_relative_to_upstream	IIIb	3	3	G	G	identical_to_human	identical	6.0	false	true	supplementary_only
meleagris_gallopavo	IIIb	IIIb	IIIc	swapped_relative_to_upstream	IIIb	4	4	I	I	identical_to_human	identical	4.0	false	true	supplementary_only
meleagris_gallopavo	IIIb	IIIb	IIIc	swapped_relative_to_upstream	IIIb	5	5	N	N	identical_to_human	identical	6.0	false	true	supplementary_only
meleagris_gallopavo	IIIb	IIIb	IIIc	swapped_relative_to_upstream	IIIb	6	6	S	S	identical_to_human	identical	4.0	false	true	supplementary_only
meleagris_gallopavo	IIIb	IIIb	IIIc	swapped_relative_to_upstream	IIIb	7	7	S	S	identical_to_human	identical	4.0	false	true	supplementary_only
meleagris_gallopavo	IIIb	IIIb	IIIc	swapped_relative_to_upstream	IIIb	8	8	N	N	identical_to_human	identical	6.0	false	true	supplementary_only
meleagris_gallopavo	IIIb	IIIb	IIIc	swapped_relative_to_upstream	IIIb	9	11	A	A	identical_to_human	identical	4.0	false	true	supplementary_only
meleagris_gallopavo	IIIb	IIIb	IIIc	swapped_relative_to_upstream	IIIb	10	12	E	E	identical_to_human	identical	5.0	false	true	supplementary_only
meleagris_gallopavo	IIIb	IIIb	IIIc	swapped_relative_to_upstream	IIIb	11	13	V	V	identical_to_human	identical	4.0	false	true	supplementary_only
meleagris_gallopavo	IIIb	IIIb	IIIc	swapped_relative_to_upstream	IIIb	12	14	L	L	identical_to_human	identical	4.0	false	true	supplementary_only
meleagris_gallopavo	IIIb	IIIb	IIIc	swapped_relative_to_upstream	IIIb	13	15	A	T	nonconservative_substitution	semi_conservative	0.0	false	true	supplementary_only
meleagris_gallopavo	IIIb	IIIb	IIIc	swapped_relative_to_upstream	IIIb	14	16	L	L	identical_to_human	identical	4.0	false	true	supplementary_only
meleagris_gallopavo	IIIb	IIIb	IIIc	swapped_relative_to_upstream	IIIb	15	17	F	Y	conservative_substitution	conservative	3.0	false	true	supplementary_only
meleagris_gallopavo	IIIb	IIIb	IIIc	swapped_relative_to_upstream	IIIb	16	18	N	N	identical_to_human	identical	6.0	false	true	supplementary_only
meleagris_gallopavo	IIIb	IIIb	IIIc	swapped_relative_to_upstream	IIIb	17	19	V	V	identical_to_human	identical	4.0	false	true	supplementary_only
meleagris_gallopavo	IIIb	IIIb	IIIc	swapped_relative_to_upstream	IIIb	18	20	T	T	identical_to_human	identical	5.0	false	true	supplementary_only
meleagris_gallopavo	IIIb	IIIb	IIIc	swapped_relative_to_upstream	IIIb	19	21	E	E	identical_to_human	identical	5.0	false	true	supplementary_only
meleagris_gallopavo	IIIb	IIIb	IIIc	swapped_relative_to_upstream	IIIb	20	22	A	A	identical_to_human	identical	4.0	false	true	supplementary_only
meleagris_gallopavo	IIIb	IIIb	IIIc	swapped_relative_to_upstream	IIIb	21	23	D	D	identical_to_human	identical	6.0	false	true	supplementary_only
meleagris_gallopavo	IIIb	IIIb	IIIc	swapped_relative_to_upstream	IIIb	22	24	A	A	identical_to_human	identical	4.0	false	true	supplementary_only
meleagris_gallopavo	IIIb	IIIb	IIIc	swapped_relative_to_upstream	IIIb	23	25	G	G	identical_to_human	identical	6.0	false	true	supplementary_only
meleagris_gallopavo	IIIb	IIIb	IIIc	swapped_relative_to_upstream	IIIb	24	26	E	E	identical_to_human	identical	5.0	false	true	supplementary_only
meleagris_gallopavo	IIIb	IIIb	IIIc	swapped_relative_to_upstream	IIIb	25	27	Y	Y	identical_to_human	identical	7.0	false	true	supplementary_only
meleagris_gallopavo	IIIb	IIIb	IIIc	swapped_relative_to_upstream	IIIb	26	28	I	I	identical_to_human	identical	4.0	false	true	supplementary_only
meleagris_gallopavo	IIIb	IIIb	IIIc	swapped_relative_to_upstream	IIIb	27	29	C	C	identical_to_human	identical	9.0	false	true	supplementary_only
meleagris_gallopavo	IIIb	IIIb	IIIc	swapped_relative_to_upstream	IIIb	28	30	K	K	identical_to_human	identical	5.0	false	true	supplementary_only
meleagris_gallopavo	IIIb	IIIb	IIIc	swapped_relative_to_upstream	IIIb	29	31	V	V	identical_to_human	identical	4.0	false	true	supplementary_only
meleagris_gallopavo	IIIb	IIIb	IIIc	swapped_relative_to_upstream	IIIb	30	32	S	S	identical_to_human	identical	4.0	false	true	supplementary_only
meleagris_gallopavo	IIIb	IIIb	IIIc	swapped_relative_to_upstream	IIIb	31	45	N	N	identical_to_human	identical	6.0	false	true	supplementary_only
meleagris_gallopavo	IIIb	IIIb	IIIc	swapped_relative_to_upstream	IIIb	32	46	Y	Y	identical_to_human	identical	7.0	false	true	supplementary_only
meleagris_gallopavo	IIIb	IIIb	IIIc	swapped_relative_to_upstream	IIIb	33	47	I	I	identical_to_human	identical	4.0	false	true	supplementary_only
meleagris_gallopavo	IIIb	IIIb	IIIc	swapped_relative_to_upstream	IIIb	34	48	G	G	identical_to_human	identical	6.0	false	true	supplementary_only
meleagris_gallopavo	IIIb	IIIb	IIIc	swapped_relative_to_upstream	IIIb	35	49	Q	E	conservative_substitution	conservative	2.0	false	true	supplementary_only
meleagris_gallopavo	IIIb	IIIb	IIIc	swapped_relative_to_upstream	IIIb	36	50	A	A	identical_to_human	identical	4.0	false	true	supplementary_only
meleagris_gallopavo	IIIb	IIIb	IIIc	swapped_relative_to_upstream	IIIb	37	51	N	N	identical_to_human	identical	6.0	false	true	supplementary_only
meleagris_gallopavo	IIIb	IIIb	IIIc	swapped_relative_to_upstream	IIIb	38	52	Q	Q	identical_to_human	identical	5.0	false	true	supplementary_only
meleagris_gallopavo	IIIb	IIIb	IIIc	swapped_relative_to_upstream	IIIb	39	53	S	S	identical_to_human	identical	4.0	false	true	supplementary_only
meleagris_gallopavo	IIIb	IIIb	IIIc	swapped_relative_to_upstream	IIIb	40	54	A	A	identical_to_human	identical	4.0	false	true	supplementary_only
meleagris_gallopavo	IIIb	IIIb	IIIc	swapped_relative_to_upstream	IIIb	41	55	W	W	identical_to_human	identical	11.0	false	true	supplementary_only
meleagris_gallopavo	IIIb	IIIb	IIIc	swapped_relative_to_upstream	IIIb	42	56	L	L	identical_to_human	identical	4.0	false	true	supplementary_only
meleagris_gallopavo	IIIb	IIIb	IIIc	swapped_relative_to_upstream	IIIb	43	57	T	S	conservative_substitution	conservative	1.0	false	true	supplementary_only
meleagris_gallopavo	IIIb	IIIb	IIIc	swapped_relative_to_upstream	IIIb	44	58	V	V	identical_to_human	identical	4.0	false	true	supplementary_only
meleagris_gallopavo	IIIb	IIIb	IIIc	swapped_relative_to_upstream	IIIb	45	59	L	L	identical_to_human	identical	4.0	false	true	supplementary_only
meleagris_gallopavo	IIIb	IIIb	IIIc	swapped_relative_to_upstream	IIIb	46	69	P	P	identical_to_human	identical	7.0	false	true	supplementary_only
monodelphis_domestica	IIIb	IIIb	IIIc	swapped_relative_to_upstream	IIIb	1	1	H	H	identical_to_human	identical	8.0	false	false	main_text_primary_claim
monodelphis_domestica	IIIb	IIIb	IIIc	swapped_relative_to_upstream	IIIb	2	2	S	S	identical_to_human	identical	4.0	false	false	main_text_primary_claim
monodelphis_domestica	IIIb	IIIb	IIIc	swapped_relative_to_upstream	IIIb	3	3	G	G	identical_to_human	identical	6.0	false	false	main_text_primary_claim
monodelphis_domestica	IIIb	IIIb	IIIc	swapped_relative_to_upstream	IIIb	4	4	I	I	identical_to_human	identical	4.0	false	false	main_text_primary_claim
monodelphis_domestica	IIIb	IIIb	IIIc	swapped_relative_to_upstream	IIIb	5	5	N	N	identical_to_human	identical	6.0	false	false	main_text_primary_claim
monodelphis_domestica	IIIb	IIIb	IIIc	swapped_relative_to_upstream	IIIb	6	6	S	S	identical_to_human	identical	4.0	false	false	main_text_primary_claim
monodelphis_domestica	IIIb	IIIb	IIIc	swapped_relative_to_upstream	IIIb	7	7	S	S	identical_to_human	identical	4.0	false	false	main_text_primary_claim
monodelphis_domestica	IIIb	IIIb	IIIc	swapped_relative_to_upstream	IIIb	8	8	N	N	identical_to_human	identical	6.0	false	false	main_text_primary_claim
monodelphis_domestica	IIIb	IIIb	IIIc	swapped_relative_to_upstream	IIIb	9	11	A	A	identical_to_human	identical	4.0	false	false	main_text_primary_claim
monodelphis_domestica	IIIb	IIIb	IIIc	swapped_relative_to_upstream	IIIb	10	12	E	E	identical_to_human	identical	5.0	false	false	main_text_primary_claim
monodelphis_domestica	IIIb	IIIb	IIIc	swapped_relative_to_upstream	IIIb	11	13	V	V	identical_to_human	identical	4.0	false	false	main_text_primary_claim
monodelphis_domestica	IIIb	IIIb	IIIc	swapped_relative_to_upstream	IIIb	12	14	L	L	identical_to_human	identical	4.0	false	false	main_text_primary_claim
monodelphis_domestica	IIIb	IIIb	IIIc	swapped_relative_to_upstream	IIIb	13	15	A	T	nonconservative_substitution	semi_conservative	0.0	false	false	main_text_primary_claim
monodelphis_domestica	IIIb	IIIb	IIIc	swapped_relative_to_upstream	IIIb	14	16	L	L	identical_to_human	identical	4.0	false	false	main_text_primary_claim
monodelphis_domestica	IIIb	IIIb	IIIc	swapped_relative_to_upstream	IIIb	15	17	F	Y	conservative_substitution	conservative	3.0	false	false	main_text_primary_claim
monodelphis_domestica	IIIb	IIIb	IIIc	swapped_relative_to_upstream	IIIb	16	18	N	N	identical_to_human	identical	6.0	false	false	main_text_primary_claim
monodelphis_domestica	IIIb	IIIb	IIIc	swapped_relative_to_upstream	IIIb	17	19	V	V	identical_to_human	identical	4.0	false	false	main_text_primary_claim
monodelphis_domestica	IIIb	IIIb	IIIc	swapped_relative_to_upstream	IIIb	18	20	T	T	identical_to_human	identical	5.0	false	false	main_text_primary_claim
monodelphis_domestica	IIIb	IIIb	IIIc	swapped_relative_to_upstream	IIIb	19	21	E	E	identical_to_human	identical	5.0	false	false	main_text_primary_claim
monodelphis_domestica	IIIb	IIIb	IIIc	swapped_relative_to_upstream	IIIb	20	22	A	V	nonconservative_substitution	semi_conservative	0.0	false	false	main_text_primary_claim
monodelphis_domestica	IIIb	IIIb	IIIc	swapped_relative_to_upstream	IIIb	21	23	D	D	identical_to_human	identical	6.0	false	false	main_text_primary_claim
monodelphis_domestica	IIIb	IIIb	IIIc	swapped_relative_to_upstream	IIIb	22	24	A	A	identical_to_human	identical	4.0	false	false	main_text_primary_claim
monodelphis_domestica	IIIb	IIIb	IIIc	swapped_relative_to_upstream	IIIb	23	25	G	G	identical_to_human	identical	6.0	false	false	main_text_primary_claim
monodelphis_domestica	IIIb	IIIb	IIIc	swapped_relative_to_upstream	IIIb	24	26	E	E	identical_to_human	identical	5.0	false	false	main_text_primary_claim
monodelphis_domestica	IIIb	IIIb	IIIc	swapped_relative_to_upstream	IIIb	25	27	Y	Y	identical_to_human	identical	7.0	false	false	main_text_primary_claim
monodelphis_domestica	IIIb	IIIb	IIIc	swapped_relative_to_upstream	IIIb	26	28	I	I	identical_to_human	identical	4.0	false	false	main_text_primary_claim
monodelphis_domestica	IIIb	IIIb	IIIc	swapped_relative_to_upstream	IIIb	27	29	C	C	identical_to_human	identical	9.0	false	false	main_text_primary_claim
monodelphis_domestica	IIIb	IIIb	IIIc	swapped_relative_to_upstream	IIIb	28	30	K	K	identical_to_human	identical	5.0	false	false	main_text_primary_claim
monodelphis_domestica	IIIb	IIIb	IIIc	swapped_relative_to_upstream	IIIb	29	31	V	V	identical_to_human	identical	4.0	false	false	main_text_primary_claim
monodelphis_domestica	IIIb	IIIb	IIIc	swapped_relative_to_upstream	IIIb	30	32	S	S	identical_to_human	identical	4.0	false	false	main_text_primary_claim
monodelphis_domestica	IIIb	IIIb	IIIc	swapped_relative_to_upstream	IIIb	31	45	N	N	identical_to_human	identical	6.0	false	false	main_text_primary_claim
monodelphis_domestica	IIIb	IIIb	IIIc	swapped_relative_to_upstream	IIIb	32	46	Y	Y	identical_to_human	identical	7.0	false	false	main_text_primary_claim
monodelphis_domestica	IIIb	IIIb	IIIc	swapped_relative_to_upstream	IIIb	33	47	I	I	identical_to_human	identical	4.0	false	false	main_text_primary_claim
monodelphis_domestica	IIIb	IIIb	IIIc	swapped_relative_to_upstream	IIIb	34	48	G	G	identical_to_human	identical	6.0	false	false	main_text_primary_claim
monodelphis_domestica	IIIb	IIIb	IIIc	swapped_relative_to_upstream	IIIb	35	49	Q	E	conservative_substitution	conservative	2.0	false	false	main_text_primary_claim
monodelphis_domestica	IIIb	IIIb	IIIc	swapped_relative_to_upstream	IIIb	36	50	A	A	identical_to_human	identical	4.0	false	false	main_text_primary_claim
monodelphis_domestica	IIIb	IIIb	IIIc	swapped_relative_to_upstream	IIIb	37	51	N	N	identical_to_human	identical	6.0	false	false	main_text_primary_claim
monodelphis_domestica	IIIb	IIIb	IIIc	swapped_relative_to_upstream	IIIb	38	52	Q	Q	identical_to_human	identical	5.0	false	false	main_text_primary_claim
monodelphis_domestica	IIIb	IIIb	IIIc	swapped_relative_to_upstream	IIIb	39	53	S	S	identical_to_human	identical	4.0	false	false	main_text_primary_claim
monodelphis_domestica	IIIb	IIIb	IIIc	swapped_relative_to_upstream	IIIb	40	54	A	A	identical_to_human	identical	4.0	false	false	main_text_primary_claim
monodelphis_domestica	IIIb	IIIb	IIIc	swapped_relative_to_upstream	IIIb	41	55	W	W	identical_to_human	identical	11.0	false	false	main_text_primary_claim
monodelphis_domestica	IIIb	IIIb	IIIc	swapped_relative_to_upstream	IIIb	42	56	L	L	identical_to_human	identical	4.0	false	false	main_text_primary_claim
monodelphis_domestica	IIIb	IIIb	IIIc	swapped_relative_to_upstream	IIIb	43	57	T	T	identical_to_human	identical	5.0	false	false	main_text_primary_claim
monodelphis_domestica	IIIb	IIIb	IIIc	swapped_relative_to_upstream	IIIb	44	58	V	I	conservative_substitution	conservative	3.0	false	false	main_text_primary_claim
monodelphis_domestica	IIIb	IIIb	IIIc	swapped_relative_to_upstream	IIIb	45	59	L	L	identical_to_human	identical	4.0	false	false	main_text_primary_claim
monodelphis_domestica	IIIb	IIIb	IIIc	swapped_relative_to_upstream	IIIb	46	69	P	P	identical_to_human	identical	7.0	false	false	main_text_primary_claim
mus_musculus	IIIb	IIIb	IIIc	swapped_relative_to_upstream	IIIb	1	1	H	H	identical_to_human	identical	8.0	false	false	main_text_with_footnote
mus_musculus	IIIb	IIIb	IIIc	swapped_relative_to_upstream	IIIb	2	2	S	S	identical_to_human	identical	4.0	false	false	main_text_with_footnote
mus_musculus	IIIb	IIIb	IIIc	swapped_relative_to_upstream	IIIb	3	3	G	G	identical_to_human	identical	6.0	false	false	main_text_with_footnote
mus_musculus	IIIb	IIIb	IIIc	swapped_relative_to_upstream	IIIb	4	4	I	I	identical_to_human	identical	4.0	false	false	main_text_with_footnote
mus_musculus	IIIb	IIIb	IIIc	swapped_relative_to_upstream	IIIb	5	5	N	N	identical_to_human	identical	6.0	false	false	main_text_with_footnote
mus_musculus	IIIb	IIIb	IIIc	swapped_relative_to_upstream	IIIb	6	6	S	S	identical_to_human	identical	4.0	false	false	main_text_with_footnote
mus_musculus	IIIb	IIIb	IIIc	swapped_relative_to_upstream	IIIb	7	7	S	S	identical_to_human	identical	4.0	false	false	main_text_with_footnote
mus_musculus	IIIb	IIIb	IIIc	swapped_relative_to_upstream	IIIb	8	8	N	N	identical_to_human	identical	6.0	false	false	main_text_with_footnote
mus_musculus	IIIb	IIIb	IIIc	swapped_relative_to_upstream	IIIb	9	11	A	A	identical_to_human	identical	4.0	false	false	main_text_with_footnote
mus_musculus	IIIb	IIIb	IIIc	swapped_relative_to_upstream	IIIb	10	12	E	E	identical_to_human	identical	5.0	false	false	main_text_with_footnote
mus_musculus	IIIb	IIIb	IIIc	swapped_relative_to_upstream	IIIb	11	13	V	V	identical_to_human	identical	4.0	false	false	main_text_with_footnote
mus_musculus	IIIb	IIIb	IIIc	swapped_relative_to_upstream	IIIb	12	14	L	L	identical_to_human	identical	4.0	false	false	main_text_with_footnote
mus_musculus	IIIb	IIIb	IIIc	swapped_relative_to_upstream	IIIb	13	15	A	A	identical_to_human	identical	4.0	false	false	main_text_with_footnote
mus_musculus	IIIb	IIIb	IIIc	swapped_relative_to_upstream	IIIb	14	16	L	L	identical_to_human	identical	4.0	false	false	main_text_with_footnote
mus_musculus	IIIb	IIIb	IIIc	swapped_relative_to_upstream	IIIb	15	17	F	F	identical_to_human	identical	6.0	false	false	main_text_with_footnote
mus_musculus	IIIb	IIIb	IIIc	swapped_relative_to_upstream	IIIb	16	18	N	N	identical_to_human	identical	6.0	false	false	main_text_with_footnote
mus_musculus	IIIb	IIIb	IIIc	swapped_relative_to_upstream	IIIb	17	19	V	V	identical_to_human	identical	4.0	false	false	main_text_with_footnote
mus_musculus	IIIb	IIIb	IIIc	swapped_relative_to_upstream	IIIb	18	20	T	T	identical_to_human	identical	5.0	false	false	main_text_with_footnote
mus_musculus	IIIb	IIIb	IIIc	swapped_relative_to_upstream	IIIb	19	21	E	E	identical_to_human	identical	5.0	false	false	main_text_with_footnote
mus_musculus	IIIb	IIIb	IIIc	swapped_relative_to_upstream	IIIb	20	22	A	M	nonconservative_substitution	nonconservative	-1.0	false	false	main_text_with_footnote
mus_musculus	IIIb	IIIb	IIIc	swapped_relative_to_upstream	IIIb	21	23	D	D	identical_to_human	identical	6.0	false	false	main_text_with_footnote
mus_musculus	IIIb	IIIb	IIIc	swapped_relative_to_upstream	IIIb	22	24	A	A	identical_to_human	identical	4.0	false	false	main_text_with_footnote
mus_musculus	IIIb	IIIb	IIIc	swapped_relative_to_upstream	IIIb	23	25	G	G	identical_to_human	identical	6.0	false	false	main_text_with_footnote
mus_musculus	IIIb	IIIb	IIIc	swapped_relative_to_upstream	IIIb	24	26	E	E	identical_to_human	identical	5.0	false	false	main_text_with_footnote
mus_musculus	IIIb	IIIb	IIIc	swapped_relative_to_upstream	IIIb	25	27	Y	Y	identical_to_human	identical	7.0	false	false	main_text_with_footnote
mus_musculus	IIIb	IIIb	IIIc	swapped_relative_to_upstream	IIIb	26	28	I	I	identical_to_human	identical	4.0	false	false	main_text_with_footnote
mus_musculus	IIIb	IIIb	IIIc	swapped_relative_to_upstream	IIIb	27	29	C	C	identical_to_human	identical	9.0	false	false	main_text_with_footnote
mus_musculus	IIIb	IIIb	IIIc	swapped_relative_to_upstream	IIIb	28	30	K	K	identical_to_human	identical	5.0	false	false	main_text_with_footnote
mus_musculus	IIIb	IIIb	IIIc	swapped_relative_to_upstream	IIIb	29	31	V	V	identical_to_human	identical	4.0	false	false	main_text_with_footnote
mus_musculus	IIIb	IIIb	IIIc	swapped_relative_to_upstream	IIIb	30	32	S	S	identical_to_human	identical	4.0	false	false	main_text_with_footnote
mus_musculus	IIIb	IIIb	IIIc	swapped_relative_to_upstream	IIIb	31	45	N	N	identical_to_human	identical	6.0	false	false	main_text_with_footnote
mus_musculus	IIIb	IIIb	IIIc	swapped_relative_to_upstream	IIIb	32	46	Y	Y	identical_to_human	identical	7.0	false	false	main_text_with_footnote
mus_musculus	IIIb	IIIb	IIIc	swapped_relative_to_upstream	IIIb	33	47	I	I	identical_to_human	identical	4.0	false	false	main_text_with_footnote
mus_musculus	IIIb	IIIb	IIIc	swapped_relative_to_upstream	IIIb	34	48	G	G	identical_to_human	identical	6.0	false	false	main_text_with_footnote
mus_musculus	IIIb	IIIb	IIIc	swapped_relative_to_upstream	IIIb	35	49	Q	Q	identical_to_human	identical	5.0	false	false	main_text_with_footnote
mus_musculus	IIIb	IIIb	IIIc	swapped_relative_to_upstream	IIIb	36	50	A	A	identical_to_human	identical	4.0	false	false	main_text_with_footnote
mus_musculus	IIIb	IIIb	IIIc	swapped_relative_to_upstream	IIIb	37	51	N	N	identical_to_human	identical	6.0	false	false	main_text_with_footnote
mus_musculus	IIIb	IIIb	IIIc	swapped_relative_to_upstream	IIIb	38	52	Q	Q	identical_to_human	identical	5.0	false	false	main_text_with_footnote
mus_musculus	IIIb	IIIb	IIIc	swapped_relative_to_upstream	IIIb	39	53	S	S	identical_to_human	identical	4.0	false	false	main_text_with_footnote
mus_musculus	IIIb	IIIb	IIIc	swapped_relative_to_upstream	IIIb	40	54	A	A	identical_to_human	identical	4.0	false	false	main_text_with_footnote
mus_musculus	IIIb	IIIb	IIIc	swapped_relative_to_upstream	IIIb	41	55	W	W	identical_to_human	identical	11.0	false	false	main_text_with_footnote
mus_musculus	IIIb	IIIb	IIIc	swapped_relative_to_upstream	IIIb	42	56	L	L	identical_to_human	identical	4.0	false	false	main_text_with_footnote
mus_musculus	IIIb	IIIb	IIIc	swapped_relative_to_upstream	IIIb	43	57	T	T	identical_to_human	identical	5.0	false	false	main_text_with_footnote
mus_musculus	IIIb	IIIb	IIIc	swapped_relative_to_upstream	IIIb	44	58	V	V	identical_to_human	identical	4.0	false	false	main_text_with_footnote
mus_musculus	IIIb	IIIb	IIIc	swapped_relative_to_upstream	IIIb	45	59	L	L	identical_to_human	identical	4.0	false	false	main_text_with_footnote
mus_musculus	IIIb	IIIb	IIIc	swapped_relative_to_upstream	IIIb	46	69	P	P	identical_to_human	identical	7.0	false	false	main_text_with_footnote
oreochromis_niloticus	IIIb	IIIb	IIIc	swapped_relative_to_upstream	IIIb	1	1	H		gap_or_missing	gap		true	false	main_text_with_footnote
oreochromis_niloticus	IIIb	IIIb	IIIc	swapped_relative_to_upstream	IIIb	2	2	S	S	identical_to_human	identical	4.0	false	false	main_text_with_footnote
oreochromis_niloticus	IIIb	IIIb	IIIc	swapped_relative_to_upstream	IIIb	3	3	G	G	identical_to_human	identical	6.0	false	false	main_text_with_footnote
oreochromis_niloticus	IIIb	IIIb	IIIc	swapped_relative_to_upstream	IIIb	4	4	I	I	identical_to_human	identical	4.0	false	false	main_text_with_footnote
oreochromis_niloticus	IIIb	IIIb	IIIc	swapped_relative_to_upstream	IIIb	5	5	N	N	identical_to_human	identical	6.0	false	false	main_text_with_footnote
oreochromis_niloticus	IIIb	IIIb	IIIc	swapped_relative_to_upstream	IIIb	6	6	S	S	identical_to_human	identical	4.0	false	false	main_text_with_footnote
oreochromis_niloticus	IIIb	IIIb	IIIc	swapped_relative_to_upstream	IIIb	7	7	S	S	identical_to_human	identical	4.0	false	false	main_text_with_footnote
oreochromis_niloticus	IIIb	IIIb	IIIc	swapped_relative_to_upstream	IIIb	8	8	N	D	conservative_substitution	conservative	1.0	false	false	main_text_with_footnote
oreochromis_niloticus	IIIb	IIIb	IIIc	swapped_relative_to_upstream	IIIb	9	11	A	V	nonconservative_substitution	semi_conservative	0.0	false	false	main_text_with_footnote
oreochromis_niloticus	IIIb	IIIb	IIIc	swapped_relative_to_upstream	IIIb	10	12	E	E	identical_to_human	identical	5.0	false	false	main_text_with_footnote
oreochromis_niloticus	IIIb	IIIb	IIIc	swapped_relative_to_upstream	IIIb	11	13	V	V	identical_to_human	identical	4.0	false	false	main_text_with_footnote
oreochromis_niloticus	IIIb	IIIb	IIIc	swapped_relative_to_upstream	IIIb	12	14	L	L	identical_to_human	identical	4.0	false	false	main_text_with_footnote
oreochromis_niloticus	IIIb	IIIb	IIIc	swapped_relative_to_upstream	IIIb	13	15	A	T	nonconservative_substitution	semi_conservative	0.0	false	false	main_text_with_footnote
oreochromis_niloticus	IIIb	IIIb	IIIc	swapped_relative_to_upstream	IIIb	14	16	L	L	identical_to_human	identical	4.0	false	false	main_text_with_footnote
oreochromis_niloticus	IIIb	IIIb	IIIc	swapped_relative_to_upstream	IIIb	15	17	F	T	nonconservative_substitution	nonconservative	-2.0	false	false	main_text_with_footnote
oreochromis_niloticus	IIIb	IIIb	IIIc	swapped_relative_to_upstream	IIIb	16	18	N	N	identical_to_human	identical	6.0	false	false	main_text_with_footnote
oreochromis_niloticus	IIIb	IIIb	IIIc	swapped_relative_to_upstream	IIIb	17	19	V	V	identical_to_human	identical	4.0	false	false	main_text_with_footnote
oreochromis_niloticus	IIIb	IIIb	IIIc	swapped_relative_to_upstream	IIIb	18	20	T	T	identical_to_human	identical	5.0	false	false	main_text_with_footnote
oreochromis_niloticus	IIIb	IIIb	IIIc	swapped_relative_to_upstream	IIIb	19	21	E	E	identical_to_human	identical	5.0	false	false	main_text_with_footnote
oreochromis_niloticus	IIIb	IIIb	IIIc	swapped_relative_to_upstream	IIIb	20	22	A	Q	nonconservative_substitution	nonconservative	-1.0	false	false	main_text_with_footnote
oreochromis_niloticus	IIIb	IIIb	IIIc	swapped_relative_to_upstream	IIIb	21	23	D	D	identical_to_human	identical	6.0	false	false	main_text_with_footnote
oreochromis_niloticus	IIIb	IIIb	IIIc	swapped_relative_to_upstream	IIIb	22	24	A	A	identical_to_human	identical	4.0	false	false	main_text_with_footnote
oreochromis_niloticus	IIIb	IIIb	IIIc	swapped_relative_to_upstream	IIIb	23	25	G	G	identical_to_human	identical	6.0	false	false	main_text_with_footnote
oreochromis_niloticus	IIIb	IIIb	IIIc	swapped_relative_to_upstream	IIIb	24	26	E	E	identical_to_human	identical	5.0	false	false	main_text_with_footnote
oreochromis_niloticus	IIIb	IIIb	IIIc	swapped_relative_to_upstream	IIIb	25	27	Y	Y	identical_to_human	identical	7.0	false	false	main_text_with_footnote
oreochromis_niloticus	IIIb	IIIb	IIIc	swapped_relative_to_upstream	IIIb	26	28	I	V	conservative_substitution	conservative	3.0	false	false	main_text_with_footnote
oreochromis_niloticus	IIIb	IIIb	IIIc	swapped_relative_to_upstream	IIIb	27	29	C	C	identical_to_human	identical	9.0	false	false	main_text_with_footnote
oreochromis_niloticus	IIIb	IIIb	IIIc	swapped_relative_to_upstream	IIIb	28	30	K	K	identical_to_human	identical	5.0	false	false	main_text_with_footnote
oreochromis_niloticus	IIIb	IIIb	IIIc	swapped_relative_to_upstream	IIIb	29	31	V	A	nonconservative_substitution	semi_conservative	0.0	false	false	main_text_with_footnote
oreochromis_niloticus	IIIb	IIIb	IIIc	swapped_relative_to_upstream	IIIb	30	32	S	S	identical_to_human	identical	4.0	false	false	main_text_with_footnote
oreochromis_niloticus	IIIb	IIIb	IIIc	swapped_relative_to_upstream	IIIb	31	45	N	N	identical_to_human	identical	6.0	false	false	main_text_with_footnote
oreochromis_niloticus	IIIb	IIIb	IIIc	swapped_relative_to_upstream	IIIb	32	46	Y	Y	identical_to_human	identical	7.0	false	false	main_text_with_footnote
oreochromis_niloticus	IIIb	IIIb	IIIc	swapped_relative_to_upstream	IIIb	33	47	I	I	identical_to_human	identical	4.0	false	false	main_text_with_footnote
oreochromis_niloticus	IIIb	IIIb	IIIc	swapped_relative_to_upstream	IIIb	34	48	G	G	identical_to_human	identical	6.0	false	false	main_text_with_footnote
oreochromis_niloticus	IIIb	IIIb	IIIc	swapped_relative_to_upstream	IIIb	35	49	Q	E	conservative_substitution	conservative	2.0	false	false	main_text_with_footnote
oreochromis_niloticus	IIIb	IIIb	IIIc	swapped_relative_to_upstream	IIIb	36	50	A	V	nonconservative_substitution	semi_conservative	0.0	false	false	main_text_with_footnote
oreochromis_niloticus	IIIb	IIIb	IIIc	swapped_relative_to_upstream	IIIb	37	51	N	S	conservative_substitution	conservative	1.0	false	false	main_text_with_footnote
oreochromis_niloticus	IIIb	IIIb	IIIc	swapped_relative_to_upstream	IIIb	38	52	Q	Q	identical_to_human	identical	5.0	false	false	main_text_with_footnote
oreochromis_niloticus	IIIb	IIIb	IIIc	swapped_relative_to_upstream	IIIb	39	53	S	S	identical_to_human	identical	4.0	false	false	main_text_with_footnote
oreochromis_niloticus	IIIb	IIIb	IIIc	swapped_relative_to_upstream	IIIb	40	54	A	G	nonconservative_substitution	semi_conservative	0.0	false	false	main_text_with_footnote
oreochromis_niloticus	IIIb	IIIb	IIIc	swapped_relative_to_upstream	IIIb	41	55	W	W	identical_to_human	identical	11.0	false	false	main_text_with_footnote
oreochromis_niloticus	IIIb	IIIb	IIIc	swapped_relative_to_upstream	IIIb	42	56	L	L	identical_to_human	identical	4.0	false	false	main_text_with_footnote
oreochromis_niloticus	IIIb	IIIb	IIIc	swapped_relative_to_upstream	IIIb	43	57	T	T	identical_to_human	identical	5.0	false	false	main_text_with_footnote
oreochromis_niloticus	IIIb	IIIb	IIIc	swapped_relative_to_upstream	IIIb	44	58	V	V	identical_to_human	identical	4.0	false	false	main_text_with_footnote
oreochromis_niloticus	IIIb	IIIb	IIIc	swapped_relative_to_upstream	IIIb	45	59	L	I	conservative_substitution	conservative	2.0	false	false	main_text_with_footnote
oreochromis_niloticus	IIIb	IIIb	IIIc	swapped_relative_to_upstream	IIIb	46	69	P		gap_or_missing	gap		true	false	main_text_with_footnote
ornithorhynchus_anatinus	IIIb	IIIb	IIIc	swapped_relative_to_upstream	IIIb	1	1	H	H	identical_to_human	identical	8.0	false	false	main_text_primary_claim
ornithorhynchus_anatinus	IIIb	IIIb	IIIc	swapped_relative_to_upstream	IIIb	2	2	S	S	identical_to_human	identical	4.0	false	false	main_text_primary_claim
ornithorhynchus_anatinus	IIIb	IIIb	IIIc	swapped_relative_to_upstream	IIIb	3	3	G	G	identical_to_human	identical	6.0	false	false	main_text_primary_claim
ornithorhynchus_anatinus	IIIb	IIIb	IIIc	swapped_relative_to_upstream	IIIb	4	4	I	I	identical_to_human	identical	4.0	false	false	main_text_primary_claim
ornithorhynchus_anatinus	IIIb	IIIb	IIIc	swapped_relative_to_upstream	IIIb	5	5	N	N	identical_to_human	identical	6.0	false	false	main_text_primary_claim
ornithorhynchus_anatinus	IIIb	IIIb	IIIc	swapped_relative_to_upstream	IIIb	6	6	S	S	identical_to_human	identical	4.0	false	false	main_text_primary_claim
ornithorhynchus_anatinus	IIIb	IIIb	IIIc	swapped_relative_to_upstream	IIIb	7	7	S	S	identical_to_human	identical	4.0	false	false	main_text_primary_claim
ornithorhynchus_anatinus	IIIb	IIIb	IIIc	swapped_relative_to_upstream	IIIb	8	8	N	N	identical_to_human	identical	6.0	false	false	main_text_primary_claim
ornithorhynchus_anatinus	IIIb	IIIb	IIIc	swapped_relative_to_upstream	IIIb	9	11	A	A	identical_to_human	identical	4.0	false	false	main_text_primary_claim
ornithorhynchus_anatinus	IIIb	IIIb	IIIc	swapped_relative_to_upstream	IIIb	10	12	E	E	identical_to_human	identical	5.0	false	false	main_text_primary_claim
ornithorhynchus_anatinus	IIIb	IIIb	IIIc	swapped_relative_to_upstream	IIIb	11	13	V	V	identical_to_human	identical	4.0	false	false	main_text_primary_claim
ornithorhynchus_anatinus	IIIb	IIIb	IIIc	swapped_relative_to_upstream	IIIb	12	14	L	L	identical_to_human	identical	4.0	false	false	main_text_primary_claim
ornithorhynchus_anatinus	IIIb	IIIb	IIIc	swapped_relative_to_upstream	IIIb	13	15	A	T	nonconservative_substitution	semi_conservative	0.0	false	false	main_text_primary_claim
ornithorhynchus_anatinus	IIIb	IIIb	IIIc	swapped_relative_to_upstream	IIIb	14	16	L	L	identical_to_human	identical	4.0	false	false	main_text_primary_claim
ornithorhynchus_anatinus	IIIb	IIIb	IIIc	swapped_relative_to_upstream	IIIb	15	17	F	Y	conservative_substitution	conservative	3.0	false	false	main_text_primary_claim
ornithorhynchus_anatinus	IIIb	IIIb	IIIc	swapped_relative_to_upstream	IIIb	16	18	N	N	identical_to_human	identical	6.0	false	false	main_text_primary_claim
ornithorhynchus_anatinus	IIIb	IIIb	IIIc	swapped_relative_to_upstream	IIIb	17	19	V	V	identical_to_human	identical	4.0	false	false	main_text_primary_claim
ornithorhynchus_anatinus	IIIb	IIIb	IIIc	swapped_relative_to_upstream	IIIb	18	20	T	T	identical_to_human	identical	5.0	false	false	main_text_primary_claim
ornithorhynchus_anatinus	IIIb	IIIb	IIIc	swapped_relative_to_upstream	IIIb	19	21	E	E	identical_to_human	identical	5.0	false	false	main_text_primary_claim
ornithorhynchus_anatinus	IIIb	IIIb	IIIc	swapped_relative_to_upstream	IIIb	20	22	A	A	identical_to_human	identical	4.0	false	false	main_text_primary_claim
ornithorhynchus_anatinus	IIIb	IIIb	IIIc	swapped_relative_to_upstream	IIIb	21	23	D	D	identical_to_human	identical	6.0	false	false	main_text_primary_claim
ornithorhynchus_anatinus	IIIb	IIIb	IIIc	swapped_relative_to_upstream	IIIb	22	24	A	A	identical_to_human	identical	4.0	false	false	main_text_primary_claim
ornithorhynchus_anatinus	IIIb	IIIb	IIIc	swapped_relative_to_upstream	IIIb	23	25	G	G	identical_to_human	identical	6.0	false	false	main_text_primary_claim
ornithorhynchus_anatinus	IIIb	IIIb	IIIc	swapped_relative_to_upstream	IIIb	24	26	E	E	identical_to_human	identical	5.0	false	false	main_text_primary_claim
ornithorhynchus_anatinus	IIIb	IIIb	IIIc	swapped_relative_to_upstream	IIIb	25	27	Y	Y	identical_to_human	identical	7.0	false	false	main_text_primary_claim
ornithorhynchus_anatinus	IIIb	IIIb	IIIc	swapped_relative_to_upstream	IIIb	26	28	I	I	identical_to_human	identical	4.0	false	false	main_text_primary_claim
ornithorhynchus_anatinus	IIIb	IIIb	IIIc	swapped_relative_to_upstream	IIIb	27	29	C	C	identical_to_human	identical	9.0	false	false	main_text_primary_claim
ornithorhynchus_anatinus	IIIb	IIIb	IIIc	swapped_relative_to_upstream	IIIb	28	30	K	K	identical_to_human	identical	5.0	false	false	main_text_primary_claim
ornithorhynchus_anatinus	IIIb	IIIb	IIIc	swapped_relative_to_upstream	IIIb	29	31	V	V	identical_to_human	identical	4.0	false	false	main_text_primary_claim
ornithorhynchus_anatinus	IIIb	IIIb	IIIc	swapped_relative_to_upstream	IIIb	30	32	S	S	identical_to_human	identical	4.0	false	false	main_text_primary_claim
ornithorhynchus_anatinus	IIIb	IIIb	IIIc	swapped_relative_to_upstream	IIIb	31	45	N	N	identical_to_human	identical	6.0	false	false	main_text_primary_claim
ornithorhynchus_anatinus	IIIb	IIIb	IIIc	swapped_relative_to_upstream	IIIb	32	46	Y	Y	identical_to_human	identical	7.0	false	false	main_text_primary_claim
ornithorhynchus_anatinus	IIIb	IIIb	IIIc	swapped_relative_to_upstream	IIIb	33	47	I	I	identical_to_human	identical	4.0	false	false	main_text_primary_claim
ornithorhynchus_anatinus	IIIb	IIIb	IIIc	swapped_relative_to_upstream	IIIb	34	48	G	G	identical_to_human	identical	6.0	false	false	main_text_primary_claim
ornithorhynchus_anatinus	IIIb	IIIb	IIIc	swapped_relative_to_upstream	IIIb	35	49	Q	E	conservative_substitution	conservative	2.0	false	false	main_text_primary_claim
ornithorhynchus_anatinus	IIIb	IIIb	IIIc	swapped_relative_to_upstream	IIIb	36	50	A	A	identical_to_human	identical	4.0	false	false	main_text_primary_claim
ornithorhynchus_anatinus	IIIb	IIIb	IIIc	swapped_relative_to_upstream	IIIb	37	51	N	N	identical_to_human	identical	6.0	false	false	main_text_primary_claim
ornithorhynchus_anatinus	IIIb	IIIb	IIIc	swapped_relative_to_upstream	IIIb	38	52	Q	Q	identical_to_human	identical	5.0	false	false	main_text_primary_claim
ornithorhynchus_anatinus	IIIb	IIIb	IIIc	swapped_relative_to_upstream	IIIb	39	53	S	S	identical_to_human	identical	4.0	false	false	main_text_primary_claim
ornithorhynchus_anatinus	IIIb	IIIb	IIIc	swapped_relative_to_upstream	IIIb	40	54	A	A	identical_to_human	identical	4.0	false	false	main_text_primary_claim
ornithorhynchus_anatinus	IIIb	IIIb	IIIc	swapped_relative_to_upstream	IIIb	41	55	W	W	identical_to_human	identical	11.0	false	false	main_text_primary_claim
ornithorhynchus_anatinus	IIIb	IIIb	IIIc	swapped_relative_to_upstream	IIIb	42	56	L	L	identical_to_human	identical	4.0	false	false	main_text_primary_claim
ornithorhynchus_anatinus	IIIb	IIIb	IIIc	swapped_relative_to_upstream	IIIb	43	57	T	T	identical_to_human	identical	5.0	false	false	main_text_primary_claim
ornithorhynchus_anatinus	IIIb	IIIb	IIIc	swapped_relative_to_upstream	IIIb	44	58	V	V	identical_to_human	identical	4.0	false	false	main_text_primary_claim
ornithorhynchus_anatinus	IIIb	IIIb	IIIc	swapped_relative_to_upstream	IIIb	45	59	L	W	nonconservative_substitution	nonconservative	-2.0	false	false	main_text_primary_claim
ornithorhynchus_anatinus	IIIb	IIIb	IIIc	swapped_relative_to_upstream	IIIb	46	69	P	P	identical_to_human	identical	7.0	false	false	main_text_primary_claim
oryctolagus_cuniculus	IIIb	IIIb	IIIc	swapped_relative_to_upstream	IIIb	1	1	H	H	identical_to_human	identical	8.0	false	false	main_text_primary_claim
oryctolagus_cuniculus	IIIb	IIIb	IIIc	swapped_relative_to_upstream	IIIb	2	2	S	S	identical_to_human	identical	4.0	false	false	main_text_primary_claim
oryctolagus_cuniculus	IIIb	IIIb	IIIc	swapped_relative_to_upstream	IIIb	3	3	G	G	identical_to_human	identical	6.0	false	false	main_text_primary_claim
oryctolagus_cuniculus	IIIb	IIIb	IIIc	swapped_relative_to_upstream	IIIb	4	4	I	I	identical_to_human	identical	4.0	false	false	main_text_primary_claim
oryctolagus_cuniculus	IIIb	IIIb	IIIc	swapped_relative_to_upstream	IIIb	5	5	N	N	identical_to_human	identical	6.0	false	false	main_text_primary_claim
oryctolagus_cuniculus	IIIb	IIIb	IIIc	swapped_relative_to_upstream	IIIb	6	6	S	S	identical_to_human	identical	4.0	false	false	main_text_primary_claim
oryctolagus_cuniculus	IIIb	IIIb	IIIc	swapped_relative_to_upstream	IIIb	7	7	S	S	identical_to_human	identical	4.0	false	false	main_text_primary_claim
oryctolagus_cuniculus	IIIb	IIIb	IIIc	swapped_relative_to_upstream	IIIb	8	8	N	N	identical_to_human	identical	6.0	false	false	main_text_primary_claim
oryctolagus_cuniculus	IIIb	IIIb	IIIc	swapped_relative_to_upstream	IIIb	9	11	A	A	identical_to_human	identical	4.0	false	false	main_text_primary_claim
oryctolagus_cuniculus	IIIb	IIIb	IIIc	swapped_relative_to_upstream	IIIb	10	12	E	E	identical_to_human	identical	5.0	false	false	main_text_primary_claim
oryctolagus_cuniculus	IIIb	IIIb	IIIc	swapped_relative_to_upstream	IIIb	11	13	V	V	identical_to_human	identical	4.0	false	false	main_text_primary_claim
oryctolagus_cuniculus	IIIb	IIIb	IIIc	swapped_relative_to_upstream	IIIb	12	14	L	L	identical_to_human	identical	4.0	false	false	main_text_primary_claim
oryctolagus_cuniculus	IIIb	IIIb	IIIc	swapped_relative_to_upstream	IIIb	13	15	A	A	identical_to_human	identical	4.0	false	false	main_text_primary_claim
oryctolagus_cuniculus	IIIb	IIIb	IIIc	swapped_relative_to_upstream	IIIb	14	16	L	L	identical_to_human	identical	4.0	false	false	main_text_primary_claim
oryctolagus_cuniculus	IIIb	IIIb	IIIc	swapped_relative_to_upstream	IIIb	15	17	F	F	identical_to_human	identical	6.0	false	false	main_text_primary_claim
oryctolagus_cuniculus	IIIb	IIIb	IIIc	swapped_relative_to_upstream	IIIb	16	18	N	N	identical_to_human	identical	6.0	false	false	main_text_primary_claim
oryctolagus_cuniculus	IIIb	IIIb	IIIc	swapped_relative_to_upstream	IIIb	17	19	V	V	identical_to_human	identical	4.0	false	false	main_text_primary_claim
oryctolagus_cuniculus	IIIb	IIIb	IIIc	swapped_relative_to_upstream	IIIb	18	20	T	T	identical_to_human	identical	5.0	false	false	main_text_primary_claim
oryctolagus_cuniculus	IIIb	IIIb	IIIc	swapped_relative_to_upstream	IIIb	19	21	E	E	identical_to_human	identical	5.0	false	false	main_text_primary_claim
oryctolagus_cuniculus	IIIb	IIIb	IIIc	swapped_relative_to_upstream	IIIb	20	22	A	A	identical_to_human	identical	4.0	false	false	main_text_primary_claim
oryctolagus_cuniculus	IIIb	IIIb	IIIc	swapped_relative_to_upstream	IIIb	21	23	D	D	identical_to_human	identical	6.0	false	false	main_text_primary_claim
oryctolagus_cuniculus	IIIb	IIIb	IIIc	swapped_relative_to_upstream	IIIb	22	24	A	A	identical_to_human	identical	4.0	false	false	main_text_primary_claim
oryctolagus_cuniculus	IIIb	IIIb	IIIc	swapped_relative_to_upstream	IIIb	23	25	G	G	identical_to_human	identical	6.0	false	false	main_text_primary_claim
oryctolagus_cuniculus	IIIb	IIIb	IIIc	swapped_relative_to_upstream	IIIb	24	26	E	E	identical_to_human	identical	5.0	false	false	main_text_primary_claim
oryctolagus_cuniculus	IIIb	IIIb	IIIc	swapped_relative_to_upstream	IIIb	25	27	Y	Y	identical_to_human	identical	7.0	false	false	main_text_primary_claim
oryctolagus_cuniculus	IIIb	IIIb	IIIc	swapped_relative_to_upstream	IIIb	26	28	I	I	identical_to_human	identical	4.0	false	false	main_text_primary_claim
oryctolagus_cuniculus	IIIb	IIIb	IIIc	swapped_relative_to_upstream	IIIb	27	29	C	C	identical_to_human	identical	9.0	false	false	main_text_primary_claim
oryctolagus_cuniculus	IIIb	IIIb	IIIc	swapped_relative_to_upstream	IIIb	28	30	K	K	identical_to_human	identical	5.0	false	false	main_text_primary_claim
oryctolagus_cuniculus	IIIb	IIIb	IIIc	swapped_relative_to_upstream	IIIb	29	31	V	V	identical_to_human	identical	4.0	false	false	main_text_primary_claim
oryctolagus_cuniculus	IIIb	IIIb	IIIc	swapped_relative_to_upstream	IIIb	30	32	S	S	identical_to_human	identical	4.0	false	false	main_text_primary_claim
oryctolagus_cuniculus	IIIb	IIIb	IIIc	swapped_relative_to_upstream	IIIb	31	45	N	N	identical_to_human	identical	6.0	false	false	main_text_primary_claim
oryctolagus_cuniculus	IIIb	IIIb	IIIc	swapped_relative_to_upstream	IIIb	32	46	Y	Y	identical_to_human	identical	7.0	false	false	main_text_primary_claim
oryctolagus_cuniculus	IIIb	IIIb	IIIc	swapped_relative_to_upstream	IIIb	33	47	I	I	identical_to_human	identical	4.0	false	false	main_text_primary_claim
oryctolagus_cuniculus	IIIb	IIIb	IIIc	swapped_relative_to_upstream	IIIb	34	48	G	G	identical_to_human	identical	6.0	false	false	main_text_primary_claim
oryctolagus_cuniculus	IIIb	IIIb	IIIc	swapped_relative_to_upstream	IIIb	35	49	Q	Q	identical_to_human	identical	5.0	false	false	main_text_primary_claim
oryctolagus_cuniculus	IIIb	IIIb	IIIc	swapped_relative_to_upstream	IIIb	36	50	A	A	identical_to_human	identical	4.0	false	false	main_text_primary_claim
oryctolagus_cuniculus	IIIb	IIIb	IIIc	swapped_relative_to_upstream	IIIb	37	51	N	N	identical_to_human	identical	6.0	false	false	main_text_primary_claim
oryctolagus_cuniculus	IIIb	IIIb	IIIc	swapped_relative_to_upstream	IIIb	38	52	Q	Q	identical_to_human	identical	5.0	false	false	main_text_primary_claim
oryctolagus_cuniculus	IIIb	IIIb	IIIc	swapped_relative_to_upstream	IIIb	39	53	S	S	identical_to_human	identical	4.0	false	false	main_text_primary_claim
oryctolagus_cuniculus	IIIb	IIIb	IIIc	swapped_relative_to_upstream	IIIb	40	54	A	A	identical_to_human	identical	4.0	false	false	main_text_primary_claim
oryctolagus_cuniculus	IIIb	IIIb	IIIc	swapped_relative_to_upstream	IIIb	41	55	W	W	identical_to_human	identical	11.0	false	false	main_text_primary_claim
oryctolagus_cuniculus	IIIb	IIIb	IIIc	swapped_relative_to_upstream	IIIb	42	56	L	L	identical_to_human	identical	4.0	false	false	main_text_primary_claim
oryctolagus_cuniculus	IIIb	IIIb	IIIc	swapped_relative_to_upstream	IIIb	43	57	T	T	identical_to_human	identical	5.0	false	false	main_text_primary_claim
oryctolagus_cuniculus	IIIb	IIIb	IIIc	swapped_relative_to_upstream	IIIb	44	58	V	V	identical_to_human	identical	4.0	false	false	main_text_primary_claim
oryctolagus_cuniculus	IIIb	IIIb	IIIc	swapped_relative_to_upstream	IIIb	45	59	L	L	identical_to_human	identical	4.0	false	false	main_text_primary_claim
oryctolagus_cuniculus	IIIb	IIIb	IIIc	swapped_relative_to_upstream	IIIb	46	69	P	P	identical_to_human	identical	7.0	false	false	main_text_primary_claim
oryzias_latipes	IIIb	IIIb	IIIc	swapped_relative_to_upstream	IIIb	1	1	H		gap_or_missing	gap		true	false	main_text_with_footnote
oryzias_latipes	IIIb	IIIb	IIIc	swapped_relative_to_upstream	IIIb	2	2	S	S	identical_to_human	identical	4.0	false	false	main_text_with_footnote
oryzias_latipes	IIIb	IIIb	IIIc	swapped_relative_to_upstream	IIIb	3	3	G	G	identical_to_human	identical	6.0	false	false	main_text_with_footnote
oryzias_latipes	IIIb	IIIb	IIIc	swapped_relative_to_upstream	IIIb	4	4	I	I	identical_to_human	identical	4.0	false	false	main_text_with_footnote
oryzias_latipes	IIIb	IIIb	IIIc	swapped_relative_to_upstream	IIIb	5	5	N	N	identical_to_human	identical	6.0	false	false	main_text_with_footnote
oryzias_latipes	IIIb	IIIb	IIIc	swapped_relative_to_upstream	IIIb	6	6	S	S	identical_to_human	identical	4.0	false	false	main_text_with_footnote
oryzias_latipes	IIIb	IIIb	IIIc	swapped_relative_to_upstream	IIIb	7	7	S	S	identical_to_human	identical	4.0	false	false	main_text_with_footnote
oryzias_latipes	IIIb	IIIb	IIIc	swapped_relative_to_upstream	IIIb	8	8	N	D	conservative_substitution	conservative	1.0	false	false	main_text_with_footnote
oryzias_latipes	IIIb	IIIb	IIIc	swapped_relative_to_upstream	IIIb	9	11	A	V	nonconservative_substitution	semi_conservative	0.0	false	false	main_text_with_footnote
oryzias_latipes	IIIb	IIIb	IIIc	swapped_relative_to_upstream	IIIb	10	12	E	E	identical_to_human	identical	5.0	false	false	main_text_with_footnote
oryzias_latipes	IIIb	IIIb	IIIc	swapped_relative_to_upstream	IIIb	11	13	V	V	identical_to_human	identical	4.0	false	false	main_text_with_footnote
oryzias_latipes	IIIb	IIIb	IIIc	swapped_relative_to_upstream	IIIb	12	14	L	L	identical_to_human	identical	4.0	false	false	main_text_with_footnote
oryzias_latipes	IIIb	IIIb	IIIc	swapped_relative_to_upstream	IIIb	13	15	A	T	nonconservative_substitution	semi_conservative	0.0	false	false	main_text_with_footnote
oryzias_latipes	IIIb	IIIb	IIIc	swapped_relative_to_upstream	IIIb	14	16	L	L	identical_to_human	identical	4.0	false	false	main_text_with_footnote
oryzias_latipes	IIIb	IIIb	IIIc	swapped_relative_to_upstream	IIIb	15	17	F	T	nonconservative_substitution	nonconservative	-2.0	false	false	main_text_with_footnote
oryzias_latipes	IIIb	IIIb	IIIc	swapped_relative_to_upstream	IIIb	16	18	N	N	identical_to_human	identical	6.0	false	false	main_text_with_footnote
oryzias_latipes	IIIb	IIIb	IIIc	swapped_relative_to_upstream	IIIb	17	19	V	V	identical_to_human	identical	4.0	false	false	main_text_with_footnote
oryzias_latipes	IIIb	IIIb	IIIc	swapped_relative_to_upstream	IIIb	18	20	T	S	conservative_substitution	conservative	1.0	false	false	main_text_with_footnote
oryzias_latipes	IIIb	IIIb	IIIc	swapped_relative_to_upstream	IIIb	19	21	E	E	identical_to_human	identical	5.0	false	false	main_text_with_footnote
oryzias_latipes	IIIb	IIIb	IIIc	swapped_relative_to_upstream	IIIb	20	22	A	E	nonconservative_substitution	nonconservative	-1.0	false	false	main_text_with_footnote
oryzias_latipes	IIIb	IIIb	IIIc	swapped_relative_to_upstream	IIIb	21	23	D	D	identical_to_human	identical	6.0	false	false	main_text_with_footnote
oryzias_latipes	IIIb	IIIb	IIIc	swapped_relative_to_upstream	IIIb	22	24	A	A	identical_to_human	identical	4.0	false	false	main_text_with_footnote
oryzias_latipes	IIIb	IIIb	IIIc	swapped_relative_to_upstream	IIIb	23	25	G	G	identical_to_human	identical	6.0	false	false	main_text_with_footnote
oryzias_latipes	IIIb	IIIb	IIIc	swapped_relative_to_upstream	IIIb	24	26	E	E	identical_to_human	identical	5.0	false	false	main_text_with_footnote
oryzias_latipes	IIIb	IIIb	IIIc	swapped_relative_to_upstream	IIIb	25	27	Y	Y	identical_to_human	identical	7.0	false	false	main_text_with_footnote
oryzias_latipes	IIIb	IIIb	IIIc	swapped_relative_to_upstream	IIIb	26	28	I	T	nonconservative_substitution	nonconservative	-1.0	false	false	main_text_with_footnote
oryzias_latipes	IIIb	IIIb	IIIc	swapped_relative_to_upstream	IIIb	27	29	C	C	identical_to_human	identical	9.0	false	false	main_text_with_footnote
oryzias_latipes	IIIb	IIIb	IIIc	swapped_relative_to_upstream	IIIb	28	30	K	K	identical_to_human	identical	5.0	false	false	main_text_with_footnote
oryzias_latipes	IIIb	IIIb	IIIc	swapped_relative_to_upstream	IIIb	29	31	V	V	identical_to_human	identical	4.0	false	false	main_text_with_footnote
oryzias_latipes	IIIb	IIIb	IIIc	swapped_relative_to_upstream	IIIb	30	32	S	S	identical_to_human	identical	4.0	false	false	main_text_with_footnote
oryzias_latipes	IIIb	IIIb	IIIc	swapped_relative_to_upstream	IIIb	31	45	N	N	identical_to_human	identical	6.0	false	false	main_text_with_footnote
oryzias_latipes	IIIb	IIIb	IIIc	swapped_relative_to_upstream	IIIb	32	46	Y	Y	identical_to_human	identical	7.0	false	false	main_text_with_footnote
oryzias_latipes	IIIb	IIIb	IIIc	swapped_relative_to_upstream	IIIb	33	47	I	I	identical_to_human	identical	4.0	false	false	main_text_with_footnote
oryzias_latipes	IIIb	IIIb	IIIc	swapped_relative_to_upstream	IIIb	34	48	G	G	identical_to_human	identical	6.0	false	false	main_text_with_footnote
oryzias_latipes	IIIb	IIIb	IIIc	swapped_relative_to_upstream	IIIb	35	49	Q	E	conservative_substitution	conservative	2.0	false	false	main_text_with_footnote
oryzias_latipes	IIIb	IIIb	IIIc	swapped_relative_to_upstream	IIIb	36	50	A	A	identical_to_human	identical	4.0	false	false	main_text_with_footnote
oryzias_latipes	IIIb	IIIb	IIIc	swapped_relative_to_upstream	IIIb	37	51	N	H	conservative_substitution	conservative	1.0	false	false	main_text_with_footnote
oryzias_latipes	IIIb	IIIb	IIIc	swapped_relative_to_upstream	IIIb	38	52	Q	Q	identical_to_human	identical	5.0	false	false	main_text_with_footnote
oryzias_latipes	IIIb	IIIb	IIIc	swapped_relative_to_upstream	IIIb	39	53	S	S	identical_to_human	identical	4.0	false	false	main_text_with_footnote
oryzias_latipes	IIIb	IIIb	IIIc	swapped_relative_to_upstream	IIIb	40	54	A	G	nonconservative_substitution	semi_conservative	0.0	false	false	main_text_with_footnote
oryzias_latipes	IIIb	IIIb	IIIc	swapped_relative_to_upstream	IIIb	41	55	W	W	identical_to_human	identical	11.0	false	false	main_text_with_footnote
oryzias_latipes	IIIb	IIIb	IIIc	swapped_relative_to_upstream	IIIb	42	56	L	L	identical_to_human	identical	4.0	false	false	main_text_with_footnote
oryzias_latipes	IIIb	IIIb	IIIc	swapped_relative_to_upstream	IIIb	43	57	T	T	identical_to_human	identical	5.0	false	false	main_text_with_footnote
oryzias_latipes	IIIb	IIIb	IIIc	swapped_relative_to_upstream	IIIb	44	58	V	V	identical_to_human	identical	4.0	false	false	main_text_with_footnote
oryzias_latipes	IIIb	IIIb	IIIc	swapped_relative_to_upstream	IIIb	45	59	L	I	conservative_substitution	conservative	2.0	false	false	main_text_with_footnote
oryzias_latipes	IIIb	IIIb	IIIc	swapped_relative_to_upstream	IIIb	46	69	P	P	identical_to_human	identical	7.0	false	false	main_text_with_footnote
ovis_aries	IIIb	IIIb	IIIc	swapped_relative_to_upstream	IIIb	1	1	H	H	identical_to_human	identical	8.0	false	false	main_text_primary_claim
ovis_aries	IIIb	IIIb	IIIc	swapped_relative_to_upstream	IIIb	2	2	S	S	identical_to_human	identical	4.0	false	false	main_text_primary_claim
ovis_aries	IIIb	IIIb	IIIc	swapped_relative_to_upstream	IIIb	3	3	G	G	identical_to_human	identical	6.0	false	false	main_text_primary_claim
ovis_aries	IIIb	IIIb	IIIc	swapped_relative_to_upstream	IIIb	4	4	I	I	identical_to_human	identical	4.0	false	false	main_text_primary_claim
ovis_aries	IIIb	IIIb	IIIc	swapped_relative_to_upstream	IIIb	5	5	N	N	identical_to_human	identical	6.0	false	false	main_text_primary_claim
ovis_aries	IIIb	IIIb	IIIc	swapped_relative_to_upstream	IIIb	6	6	S	S	identical_to_human	identical	4.0	false	false	main_text_primary_claim
ovis_aries	IIIb	IIIb	IIIc	swapped_relative_to_upstream	IIIb	7	7	S	S	identical_to_human	identical	4.0	false	false	main_text_primary_claim
ovis_aries	IIIb	IIIb	IIIc	swapped_relative_to_upstream	IIIb	8	8	N	N	identical_to_human	identical	6.0	false	false	main_text_primary_claim
ovis_aries	IIIb	IIIb	IIIc	swapped_relative_to_upstream	IIIb	9	11	A	A	identical_to_human	identical	4.0	false	false	main_text_primary_claim
ovis_aries	IIIb	IIIb	IIIc	swapped_relative_to_upstream	IIIb	10	12	E	E	identical_to_human	identical	5.0	false	false	main_text_primary_claim
ovis_aries	IIIb	IIIb	IIIc	swapped_relative_to_upstream	IIIb	11	13	V	V	identical_to_human	identical	4.0	false	false	main_text_primary_claim
ovis_aries	IIIb	IIIb	IIIc	swapped_relative_to_upstream	IIIb	12	14	L	L	identical_to_human	identical	4.0	false	false	main_text_primary_claim
ovis_aries	IIIb	IIIb	IIIc	swapped_relative_to_upstream	IIIb	13	15	A	A	identical_to_human	identical	4.0	false	false	main_text_primary_claim
ovis_aries	IIIb	IIIb	IIIc	swapped_relative_to_upstream	IIIb	14	16	L	L	identical_to_human	identical	4.0	false	false	main_text_primary_claim
ovis_aries	IIIb	IIIb	IIIc	swapped_relative_to_upstream	IIIb	15	17	F	F	identical_to_human	identical	6.0	false	false	main_text_primary_claim
ovis_aries	IIIb	IIIb	IIIc	swapped_relative_to_upstream	IIIb	16	18	N	N	identical_to_human	identical	6.0	false	false	main_text_primary_claim
ovis_aries	IIIb	IIIb	IIIc	swapped_relative_to_upstream	IIIb	17	19	V	V	identical_to_human	identical	4.0	false	false	main_text_primary_claim
ovis_aries	IIIb	IIIb	IIIc	swapped_relative_to_upstream	IIIb	18	20	T	T	identical_to_human	identical	5.0	false	false	main_text_primary_claim
ovis_aries	IIIb	IIIb	IIIc	swapped_relative_to_upstream	IIIb	19	21	E	E	identical_to_human	identical	5.0	false	false	main_text_primary_claim
ovis_aries	IIIb	IIIb	IIIc	swapped_relative_to_upstream	IIIb	20	22	A	A	identical_to_human	identical	4.0	false	false	main_text_primary_claim
ovis_aries	IIIb	IIIb	IIIc	swapped_relative_to_upstream	IIIb	21	23	D	D	identical_to_human	identical	6.0	false	false	main_text_primary_claim
ovis_aries	IIIb	IIIb	IIIc	swapped_relative_to_upstream	IIIb	22	24	A	A	identical_to_human	identical	4.0	false	false	main_text_primary_claim
ovis_aries	IIIb	IIIb	IIIc	swapped_relative_to_upstream	IIIb	23	25	G	G	identical_to_human	identical	6.0	false	false	main_text_primary_claim
ovis_aries	IIIb	IIIb	IIIc	swapped_relative_to_upstream	IIIb	24	26	E	E	identical_to_human	identical	5.0	false	false	main_text_primary_claim
ovis_aries	IIIb	IIIb	IIIc	swapped_relative_to_upstream	IIIb	25	27	Y	Y	identical_to_human	identical	7.0	false	false	main_text_primary_claim
ovis_aries	IIIb	IIIb	IIIc	swapped_relative_to_upstream	IIIb	26	28	I	I	identical_to_human	identical	4.0	false	false	main_text_primary_claim
ovis_aries	IIIb	IIIb	IIIc	swapped_relative_to_upstream	IIIb	27	29	C	C	identical_to_human	identical	9.0	false	false	main_text_primary_claim
ovis_aries	IIIb	IIIb	IIIc	swapped_relative_to_upstream	IIIb	28	30	K	K	identical_to_human	identical	5.0	false	false	main_text_primary_claim
ovis_aries	IIIb	IIIb	IIIc	swapped_relative_to_upstream	IIIb	29	31	V	V	identical_to_human	identical	4.0	false	false	main_text_primary_claim
ovis_aries	IIIb	IIIb	IIIc	swapped_relative_to_upstream	IIIb	30	32	S	S	identical_to_human	identical	4.0	false	false	main_text_primary_claim
ovis_aries	IIIb	IIIb	IIIc	swapped_relative_to_upstream	IIIb	31	45	N	N	identical_to_human	identical	6.0	false	false	main_text_primary_claim
ovis_aries	IIIb	IIIb	IIIc	swapped_relative_to_upstream	IIIb	32	46	Y	Y	identical_to_human	identical	7.0	false	false	main_text_primary_claim
ovis_aries	IIIb	IIIb	IIIc	swapped_relative_to_upstream	IIIb	33	47	I	I	identical_to_human	identical	4.0	false	false	main_text_primary_claim
ovis_aries	IIIb	IIIb	IIIc	swapped_relative_to_upstream	IIIb	34	48	G	G	identical_to_human	identical	6.0	false	false	main_text_primary_claim
ovis_aries	IIIb	IIIb	IIIc	swapped_relative_to_upstream	IIIb	35	49	Q	Q	identical_to_human	identical	5.0	false	false	main_text_primary_claim
ovis_aries	IIIb	IIIb	IIIc	swapped_relative_to_upstream	IIIb	36	50	A	A	identical_to_human	identical	4.0	false	false	main_text_primary_claim
ovis_aries	IIIb	IIIb	IIIc	swapped_relative_to_upstream	IIIb	37	51	N	N	identical_to_human	identical	6.0	false	false	main_text_primary_claim
ovis_aries	IIIb	IIIb	IIIc	swapped_relative_to_upstream	IIIb	38	52	Q	Q	identical_to_human	identical	5.0	false	false	main_text_primary_claim
ovis_aries	IIIb	IIIb	IIIc	swapped_relative_to_upstream	IIIb	39	53	S	S	identical_to_human	identical	4.0	false	false	main_text_primary_claim
ovis_aries	IIIb	IIIb	IIIc	swapped_relative_to_upstream	IIIb	40	54	A	A	identical_to_human	identical	4.0	false	false	main_text_primary_claim
ovis_aries	IIIb	IIIb	IIIc	swapped_relative_to_upstream	IIIb	41	55	W	W	identical_to_human	identical	11.0	false	false	main_text_primary_claim
ovis_aries	IIIb	IIIb	IIIc	swapped_relative_to_upstream	IIIb	42	56	L	L	identical_to_human	identical	4.0	false	false	main_text_primary_claim
ovis_aries	IIIb	IIIb	IIIc	swapped_relative_to_upstream	IIIb	43	57	T	T	identical_to_human	identical	5.0	false	false	main_text_primary_claim
ovis_aries	IIIb	IIIb	IIIc	swapped_relative_to_upstream	IIIb	44	58	V	V	identical_to_human	identical	4.0	false	false	main_text_primary_claim
ovis_aries	IIIb	IIIb	IIIc	swapped_relative_to_upstream	IIIb	45	59	L	L	identical_to_human	identical	4.0	false	false	main_text_primary_claim
ovis_aries	IIIb	IIIb	IIIc	swapped_relative_to_upstream	IIIb	46	69	P	P	identical_to_human	identical	7.0	false	false	main_text_primary_claim
pan_troglodytes	IIIb	IIIb	IIIc	swapped_relative_to_upstream	IIIb	1	1	H	H	identical_to_human	identical	8.0	false	false	main_text_primary_claim
pan_troglodytes	IIIb	IIIb	IIIc	swapped_relative_to_upstream	IIIb	2	2	S	S	identical_to_human	identical	4.0	false	false	main_text_primary_claim
pan_troglodytes	IIIb	IIIb	IIIc	swapped_relative_to_upstream	IIIb	3	3	G	G	identical_to_human	identical	6.0	false	false	main_text_primary_claim
pan_troglodytes	IIIb	IIIb	IIIc	swapped_relative_to_upstream	IIIb	4	4	I	I	identical_to_human	identical	4.0	false	false	main_text_primary_claim
pan_troglodytes	IIIb	IIIb	IIIc	swapped_relative_to_upstream	IIIb	5	5	N	N	identical_to_human	identical	6.0	false	false	main_text_primary_claim
pan_troglodytes	IIIb	IIIb	IIIc	swapped_relative_to_upstream	IIIb	6	6	S	S	identical_to_human	identical	4.0	false	false	main_text_primary_claim
pan_troglodytes	IIIb	IIIb	IIIc	swapped_relative_to_upstream	IIIb	7	7	S	S	identical_to_human	identical	4.0	false	false	main_text_primary_claim
pan_troglodytes	IIIb	IIIb	IIIc	swapped_relative_to_upstream	IIIb	8	8	N	N	identical_to_human	identical	6.0	false	false	main_text_primary_claim
pan_troglodytes	IIIb	IIIb	IIIc	swapped_relative_to_upstream	IIIb	9	11	A	A	identical_to_human	identical	4.0	false	false	main_text_primary_claim
pan_troglodytes	IIIb	IIIb	IIIc	swapped_relative_to_upstream	IIIb	10	12	E	E	identical_to_human	identical	5.0	false	false	main_text_primary_claim
pan_troglodytes	IIIb	IIIb	IIIc	swapped_relative_to_upstream	IIIb	11	13	V	V	identical_to_human	identical	4.0	false	false	main_text_primary_claim
pan_troglodytes	IIIb	IIIb	IIIc	swapped_relative_to_upstream	IIIb	12	14	L	L	identical_to_human	identical	4.0	false	false	main_text_primary_claim
pan_troglodytes	IIIb	IIIb	IIIc	swapped_relative_to_upstream	IIIb	13	15	A	A	identical_to_human	identical	4.0	false	false	main_text_primary_claim
pan_troglodytes	IIIb	IIIb	IIIc	swapped_relative_to_upstream	IIIb	14	16	L	L	identical_to_human	identical	4.0	false	false	main_text_primary_claim
pan_troglodytes	IIIb	IIIb	IIIc	swapped_relative_to_upstream	IIIb	15	17	F	F	identical_to_human	identical	6.0	false	false	main_text_primary_claim
pan_troglodytes	IIIb	IIIb	IIIc	swapped_relative_to_upstream	IIIb	16	18	N	N	identical_to_human	identical	6.0	false	false	main_text_primary_claim
pan_troglodytes	IIIb	IIIb	IIIc	swapped_relative_to_upstream	IIIb	17	19	V	V	identical_to_human	identical	4.0	false	false	main_text_primary_claim
pan_troglodytes	IIIb	IIIb	IIIc	swapped_relative_to_upstream	IIIb	18	20	T	T	identical_to_human	identical	5.0	false	false	main_text_primary_claim
pan_troglodytes	IIIb	IIIb	IIIc	swapped_relative_to_upstream	IIIb	19	21	E	E	identical_to_human	identical	5.0	false	false	main_text_primary_claim
pan_troglodytes	IIIb	IIIb	IIIc	swapped_relative_to_upstream	IIIb	20	22	A	A	identical_to_human	identical	4.0	false	false	main_text_primary_claim
pan_troglodytes	IIIb	IIIb	IIIc	swapped_relative_to_upstream	IIIb	21	23	D	D	identical_to_human	identical	6.0	false	false	main_text_primary_claim
pan_troglodytes	IIIb	IIIb	IIIc	swapped_relative_to_upstream	IIIb	22	24	A	A	identical_to_human	identical	4.0	false	false	main_text_primary_claim
pan_troglodytes	IIIb	IIIb	IIIc	swapped_relative_to_upstream	IIIb	23	25	G	G	identical_to_human	identical	6.0	false	false	main_text_primary_claim
pan_troglodytes	IIIb	IIIb	IIIc	swapped_relative_to_upstream	IIIb	24	26	E	E	identical_to_human	identical	5.0	false	false	main_text_primary_claim
pan_troglodytes	IIIb	IIIb	IIIc	swapped_relative_to_upstream	IIIb	25	27	Y	Y	identical_to_human	identical	7.0	false	false	main_text_primary_claim
pan_troglodytes	IIIb	IIIb	IIIc	swapped_relative_to_upstream	IIIb	26	28	I	I	identical_to_human	identical	4.0	false	false	main_text_primary_claim
pan_troglodytes	IIIb	IIIb	IIIc	swapped_relative_to_upstream	IIIb	27	29	C	C	identical_to_human	identical	9.0	false	false	main_text_primary_claim
pan_troglodytes	IIIb	IIIb	IIIc	swapped_relative_to_upstream	IIIb	28	30	K	K	identical_to_human	identical	5.0	false	false	main_text_primary_claim
pan_troglodytes	IIIb	IIIb	IIIc	swapped_relative_to_upstream	IIIb	29	31	V	V	identical_to_human	identical	4.0	false	false	main_text_primary_claim
pan_troglodytes	IIIb	IIIb	IIIc	swapped_relative_to_upstream	IIIb	30	32	S	S	identical_to_human	identical	4.0	false	false	main_text_primary_claim
pan_troglodytes	IIIb	IIIb	IIIc	swapped_relative_to_upstream	IIIb	31	45	N	N	identical_to_human	identical	6.0	false	false	main_text_primary_claim
pan_troglodytes	IIIb	IIIb	IIIc	swapped_relative_to_upstream	IIIb	32	46	Y	Y	identical_to_human	identical	7.0	false	false	main_text_primary_claim
pan_troglodytes	IIIb	IIIb	IIIc	swapped_relative_to_upstream	IIIb	33	47	I	I	identical_to_human	identical	4.0	false	false	main_text_primary_claim
pan_troglodytes	IIIb	IIIb	IIIc	swapped_relative_to_upstream	IIIb	34	48	G	G	identical_to_human	identical	6.0	false	false	main_text_primary_claim
pan_troglodytes	IIIb	IIIb	IIIc	swapped_relative_to_upstream	IIIb	35	49	Q	Q	identical_to_human	identical	5.0	false	false	main_text_primary_claim
pan_troglodytes	IIIb	IIIb	IIIc	swapped_relative_to_upstream	IIIb	36	50	A	A	identical_to_human	identical	4.0	false	false	main_text_primary_claim
pan_troglodytes	IIIb	IIIb	IIIc	swapped_relative_to_upstream	IIIb	37	51	N	N	identical_to_human	identical	6.0	false	false	main_text_primary_claim
pan_troglodytes	IIIb	IIIb	IIIc	swapped_relative_to_upstream	IIIb	38	52	Q	Q	identical_to_human	identical	5.0	false	false	main_text_primary_claim
pan_troglodytes	IIIb	IIIb	IIIc	swapped_relative_to_upstream	IIIb	39	53	S	S	identical_to_human	identical	4.0	false	false	main_text_primary_claim
pan_troglodytes	IIIb	IIIb	IIIc	swapped_relative_to_upstream	IIIb	40	54	A	A	identical_to_human	identical	4.0	false	false	main_text_primary_claim
pan_troglodytes	IIIb	IIIb	IIIc	swapped_relative_to_upstream	IIIb	41	55	W	W	identical_to_human	identical	11.0	false	false	main_text_primary_claim
pan_troglodytes	IIIb	IIIb	IIIc	swapped_relative_to_upstream	IIIb	42	56	L	L	identical_to_human	identical	4.0	false	false	main_text_primary_claim
pan_troglodytes	IIIb	IIIb	IIIc	swapped_relative_to_upstream	IIIb	43	57	T	T	identical_to_human	identical	5.0	false	false	main_text_primary_claim
pan_troglodytes	IIIb	IIIb	IIIc	swapped_relative_to_upstream	IIIb	44	58	V	V	identical_to_human	identical	4.0	false	false	main_text_primary_claim
pan_troglodytes	IIIb	IIIb	IIIc	swapped_relative_to_upstream	IIIb	45	59	L	L	identical_to_human	identical	4.0	false	false	main_text_primary_claim
pan_troglodytes	IIIb	IIIb	IIIc	swapped_relative_to_upstream	IIIb	46	69	P	P	identical_to_human	identical	7.0	false	false	main_text_primary_claim
pongo_abelii	IIIb	IIIb	IIIb	unresolved_no_sequence	IIIb	1	1	H		gap_or_missing	gap		true	true	supplementary_only
pongo_abelii	IIIb	IIIb	IIIb	unresolved_no_sequence	IIIb	2	2	S	A	conservative_substitution	conservative	1.0	false	true	supplementary_only
pongo_abelii	IIIb	IIIb	IIIb	unresolved_no_sequence	IIIb	3	3	G	G	identical_to_human	identical	6.0	false	true	supplementary_only
pongo_abelii	IIIb	IIIb	IIIb	unresolved_no_sequence	IIIb	4	4	I	V	conservative_substitution	conservative	3.0	false	true	supplementary_only
pongo_abelii	IIIb	IIIb	IIIb	unresolved_no_sequence	IIIb	5	5	N	N	identical_to_human	identical	6.0	false	true	supplementary_only
pongo_abelii	IIIb	IIIb	IIIb	unresolved_no_sequence	IIIb	6	6	S	T	conservative_substitution	conservative	1.0	false	true	supplementary_only
pongo_abelii	IIIb	IIIb	IIIb	unresolved_no_sequence	IIIb	7	7	S	T	conservative_substitution	conservative	1.0	false	true	supplementary_only
pongo_abelii	IIIb	IIIb	IIIb	unresolved_no_sequence	IIIb	8	8	N	D	conservative_substitution	conservative	1.0	false	true	supplementary_only
pongo_abelii	IIIb	IIIb	IIIb	unresolved_no_sequence	IIIb	9	11	A	I	nonconservative_substitution	nonconservative	-1.0	false	true	supplementary_only
pongo_abelii	IIIb	IIIb	IIIb	unresolved_no_sequence	IIIb	10	12	E	E	identical_to_human	identical	5.0	false	true	supplementary_only
pongo_abelii	IIIb	IIIb	IIIb	unresolved_no_sequence	IIIb	11	13	V	V	identical_to_human	identical	4.0	false	true	supplementary_only
pongo_abelii	IIIb	IIIb	IIIb	unresolved_no_sequence	IIIb	12	14	L	L	identical_to_human	identical	4.0	false	true	supplementary_only
pongo_abelii	IIIb	IIIb	IIIb	unresolved_no_sequence	IIIb	13	15	A	Y	nonconservative_substitution	nonconservative	-2.0	false	true	supplementary_only
pongo_abelii	IIIb	IIIb	IIIb	unresolved_no_sequence	IIIb	14	16	L	I	conservative_substitution	conservative	2.0	false	true	supplementary_only
pongo_abelii	IIIb	IIIb	IIIb	unresolved_no_sequence	IIIb	15	17	F	R	nonconservative_substitution	nonconservative	-3.0	false	true	supplementary_only
pongo_abelii	IIIb	IIIb	IIIb	unresolved_no_sequence	IIIb	16	18	N	N	identical_to_human	identical	6.0	false	true	supplementary_only
pongo_abelii	IIIb	IIIb	IIIb	unresolved_no_sequence	IIIb	17	19	V	V	identical_to_human	identical	4.0	false	true	supplementary_only
pongo_abelii	IIIb	IIIb	IIIb	unresolved_no_sequence	IIIb	18	20	T	T	identical_to_human	identical	5.0	false	true	supplementary_only
pongo_abelii	IIIb	IIIb	IIIb	unresolved_no_sequence	IIIb	19	21	E	F	nonconservative_substitution	nonconservative	-3.0	false	true	supplementary_only
pongo_abelii	IIIb	IIIb	IIIb	unresolved_no_sequence	IIIb	20	22	A	E	nonconservative_substitution	nonconservative	-1.0	false	true	supplementary_only
pongo_abelii	IIIb	IIIb	IIIb	unresolved_no_sequence	IIIb	21	23	D	D	identical_to_human	identical	6.0	false	true	supplementary_only
pongo_abelii	IIIb	IIIb	IIIb	unresolved_no_sequence	IIIb	22	24	A	A	identical_to_human	identical	4.0	false	true	supplementary_only
pongo_abelii	IIIb	IIIb	IIIb	unresolved_no_sequence	IIIb	23	25	G	G	identical_to_human	identical	6.0	false	true	supplementary_only
pongo_abelii	IIIb	IIIb	IIIb	unresolved_no_sequence	IIIb	24	26	E	E	identical_to_human	identical	5.0	false	true	supplementary_only
pongo_abelii	IIIb	IIIb	IIIb	unresolved_no_sequence	IIIb	25	27	Y	Y	identical_to_human	identical	7.0	false	true	supplementary_only
pongo_abelii	IIIb	IIIb	IIIb	unresolved_no_sequence	IIIb	26	28	I	T	nonconservative_substitution	nonconservative	-1.0	false	true	supplementary_only
pongo_abelii	IIIb	IIIb	IIIb	unresolved_no_sequence	IIIb	27	29	C	C	identical_to_human	identical	9.0	false	true	supplementary_only
pongo_abelii	IIIb	IIIb	IIIb	unresolved_no_sequence	IIIb	28	30	K	L	nonconservative_substitution	nonconservative	-2.0	false	true	supplementary_only
pongo_abelii	IIIb	IIIb	IIIb	unresolved_no_sequence	IIIb	29	31	V	A	nonconservative_substitution	semi_conservative	0.0	false	true	supplementary_only
pongo_abelii	IIIb	IIIb	IIIb	unresolved_no_sequence	IIIb	30	32	S	G	nonconservative_substitution	semi_conservative	0.0	false	true	supplementary_only
pongo_abelii	IIIb	IIIb	IIIb	unresolved_no_sequence	IIIb	31	45	N	N	identical_to_human	identical	6.0	false	true	supplementary_only
pongo_abelii	IIIb	IIIb	IIIb	unresolved_no_sequence	IIIb	32	46	Y	S	nonconservative_substitution	nonconservative	-2.0	false	true	supplementary_only
pongo_abelii	IIIb	IIIb	IIIb	unresolved_no_sequence	IIIb	33	47	I	I	identical_to_human	identical	4.0	false	true	supplementary_only
pongo_abelii	IIIb	IIIb	IIIb	unresolved_no_sequence	IIIb	34	48	G	G	identical_to_human	identical	6.0	false	true	supplementary_only
pongo_abelii	IIIb	IIIb	IIIb	unresolved_no_sequence	IIIb	35	49	Q	I	nonconservative_substitution	nonconservative	-3.0	false	true	supplementary_only
pongo_abelii	IIIb	IIIb	IIIb	unresolved_no_sequence	IIIb	36	50	A	S	conservative_substitution	conservative	1.0	false	true	supplementary_only
pongo_abelii	IIIb	IIIb	IIIb	unresolved_no_sequence	IIIb	37	51	N	F	nonconservative_substitution	nonconservative	-3.0	false	true	supplementary_only
pongo_abelii	IIIb	IIIb	IIIb	unresolved_no_sequence	IIIb	38	52	Q	H	nonconservative_substitution	semi_conservative	0.0	false	true	supplementary_only
pongo_abelii	IIIb	IIIb	IIIb	unresolved_no_sequence	IIIb	39	53	S	S	identical_to_human	identical	4.0	false	true	supplementary_only
pongo_abelii	IIIb	IIIb	IIIb	unresolved_no_sequence	IIIb	40	54	A	A	identical_to_human	identical	4.0	false	true	supplementary_only
pongo_abelii	IIIb	IIIb	IIIb	unresolved_no_sequence	IIIb	41	55	W	W	identical_to_human	identical	11.0	false	true	supplementary_only
pongo_abelii	IIIb	IIIb	IIIb	unresolved_no_sequence	IIIb	42	56	L	L	identical_to_human	identical	4.0	false	true	supplementary_only
pongo_abelii	IIIb	IIIb	IIIb	unresolved_no_sequence	IIIb	43	57	T	T	identical_to_human	identical	5.0	false	true	supplementary_only
pongo_abelii	IIIb	IIIb	IIIb	unresolved_no_sequence	IIIb	44	58	V	V	identical_to_human	identical	4.0	false	true	supplementary_only
pongo_abelii	IIIb	IIIb	IIIb	unresolved_no_sequence	IIIb	45	59	L	L	identical_to_human	identical	4.0	false	true	supplementary_only
pongo_abelii	IIIb	IIIb	IIIb	unresolved_no_sequence	IIIb	46	69	P	P	identical_to_human	identical	7.0	false	true	supplementary_only
rattus_norvegicus	IIIb	IIIb	IIIc	swapped_relative_to_upstream	IIIb	1	1	H	H	identical_to_human	identical	8.0	false	false	main_text_primary_claim
rattus_norvegicus	IIIb	IIIb	IIIc	swapped_relative_to_upstream	IIIb	2	2	S	S	identical_to_human	identical	4.0	false	false	main_text_primary_claim
rattus_norvegicus	IIIb	IIIb	IIIc	swapped_relative_to_upstream	IIIb	3	3	G	G	identical_to_human	identical	6.0	false	false	main_text_primary_claim
rattus_norvegicus	IIIb	IIIb	IIIc	swapped_relative_to_upstream	IIIb	4	4	I	I	identical_to_human	identical	4.0	false	false	main_text_primary_claim
rattus_norvegicus	IIIb	IIIb	IIIc	swapped_relative_to_upstream	IIIb	5	5	N	N	identical_to_human	identical	6.0	false	false	main_text_primary_claim
rattus_norvegicus	IIIb	IIIb	IIIc	swapped_relative_to_upstream	IIIb	6	6	S	S	identical_to_human	identical	4.0	false	false	main_text_primary_claim
rattus_norvegicus	IIIb	IIIb	IIIc	swapped_relative_to_upstream	IIIb	7	7	S	S	identical_to_human	identical	4.0	false	false	main_text_primary_claim
rattus_norvegicus	IIIb	IIIb	IIIc	swapped_relative_to_upstream	IIIb	8	8	N	N	identical_to_human	identical	6.0	false	false	main_text_primary_claim
rattus_norvegicus	IIIb	IIIb	IIIc	swapped_relative_to_upstream	IIIb	9	11	A	A	identical_to_human	identical	4.0	false	false	main_text_primary_claim
rattus_norvegicus	IIIb	IIIb	IIIc	swapped_relative_to_upstream	IIIb	10	12	E	E	identical_to_human	identical	5.0	false	false	main_text_primary_claim
rattus_norvegicus	IIIb	IIIb	IIIc	swapped_relative_to_upstream	IIIb	11	13	V	V	identical_to_human	identical	4.0	false	false	main_text_primary_claim
rattus_norvegicus	IIIb	IIIb	IIIc	swapped_relative_to_upstream	IIIb	12	14	L	L	identical_to_human	identical	4.0	false	false	main_text_primary_claim
rattus_norvegicus	IIIb	IIIb	IIIc	swapped_relative_to_upstream	IIIb	13	15	A	A	identical_to_human	identical	4.0	false	false	main_text_primary_claim
rattus_norvegicus	IIIb	IIIb	IIIc	swapped_relative_to_upstream	IIIb	14	16	L	L	identical_to_human	identical	4.0	false	false	main_text_primary_claim
rattus_norvegicus	IIIb	IIIb	IIIc	swapped_relative_to_upstream	IIIb	15	17	F	F	identical_to_human	identical	6.0	false	false	main_text_primary_claim
rattus_norvegicus	IIIb	IIIb	IIIc	swapped_relative_to_upstream	IIIb	16	18	N	N	identical_to_human	identical	6.0	false	false	main_text_primary_claim
rattus_norvegicus	IIIb	IIIb	IIIc	swapped_relative_to_upstream	IIIb	17	19	V	V	identical_to_human	identical	4.0	false	false	main_text_primary_claim
rattus_norvegicus	IIIb	IIIb	IIIc	swapped_relative_to_upstream	IIIb	18	20	T	T	identical_to_human	identical	5.0	false	false	main_text_primary_claim
rattus_norvegicus	IIIb	IIIb	IIIc	swapped_relative_to_upstream	IIIb	19	21	E	E	identical_to_human	identical	5.0	false	false	main_text_primary_claim
rattus_norvegicus	IIIb	IIIb	IIIc	swapped_relative_to_upstream	IIIb	20	22	A	M	nonconservative_substitution	nonconservative	-1.0	false	false	main_text_primary_claim
rattus_norvegicus	IIIb	IIIb	IIIc	swapped_relative_to_upstream	IIIb	21	23	D	D	identical_to_human	identical	6.0	false	false	main_text_primary_claim
rattus_norvegicus	IIIb	IIIb	IIIc	swapped_relative_to_upstream	IIIb	22	24	A	A	identical_to_human	identical	4.0	false	false	main_text_primary_claim
rattus_norvegicus	IIIb	IIIb	IIIc	swapped_relative_to_upstream	IIIb	23	25	G	G	identical_to_human	identical	6.0	false	false	main_text_primary_claim
rattus_norvegicus	IIIb	IIIb	IIIc	swapped_relative_to_upstream	IIIb	24	26	E	E	identical_to_human	identical	5.0	false	false	main_text_primary_claim
rattus_norvegicus	IIIb	IIIb	IIIc	swapped_relative_to_upstream	IIIb	25	27	Y	Y	identical_to_human	identical	7.0	false	false	main_text_primary_claim
rattus_norvegicus	IIIb	IIIb	IIIc	swapped_relative_to_upstream	IIIb	26	28	I	I	identical_to_human	identical	4.0	false	false	main_text_primary_claim
rattus_norvegicus	IIIb	IIIb	IIIc	swapped_relative_to_upstream	IIIb	27	29	C	C	identical_to_human	identical	9.0	false	false	main_text_primary_claim
rattus_norvegicus	IIIb	IIIb	IIIc	swapped_relative_to_upstream	IIIb	28	30	K	K	identical_to_human	identical	5.0	false	false	main_text_primary_claim
rattus_norvegicus	IIIb	IIIb	IIIc	swapped_relative_to_upstream	IIIb	29	31	V	V	identical_to_human	identical	4.0	false	false	main_text_primary_claim
rattus_norvegicus	IIIb	IIIb	IIIc	swapped_relative_to_upstream	IIIb	30	32	S	S	identical_to_human	identical	4.0	false	false	main_text_primary_claim
rattus_norvegicus	IIIb	IIIb	IIIc	swapped_relative_to_upstream	IIIb	31	45	N	N	identical_to_human	identical	6.0	false	false	main_text_primary_claim
rattus_norvegicus	IIIb	IIIb	IIIc	swapped_relative_to_upstream	IIIb	32	46	Y	Y	identical_to_human	identical	7.0	false	false	main_text_primary_claim
rattus_norvegicus	IIIb	IIIb	IIIc	swapped_relative_to_upstream	IIIb	33	47	I	I	identical_to_human	identical	4.0	false	false	main_text_primary_claim
rattus_norvegicus	IIIb	IIIb	IIIc	swapped_relative_to_upstream	IIIb	34	48	G	G	identical_to_human	identical	6.0	false	false	main_text_primary_claim
rattus_norvegicus	IIIb	IIIb	IIIc	swapped_relative_to_upstream	IIIb	35	49	Q	Q	identical_to_human	identical	5.0	false	false	main_text_primary_claim
rattus_norvegicus	IIIb	IIIb	IIIc	swapped_relative_to_upstream	IIIb	36	50	A	A	identical_to_human	identical	4.0	false	false	main_text_primary_claim
rattus_norvegicus	IIIb	IIIb	IIIc	swapped_relative_to_upstream	IIIb	37	51	N	N	identical_to_human	identical	6.0	false	false	main_text_primary_claim
rattus_norvegicus	IIIb	IIIb	IIIc	swapped_relative_to_upstream	IIIb	38	52	Q	Q	identical_to_human	identical	5.0	false	false	main_text_primary_claim
rattus_norvegicus	IIIb	IIIb	IIIc	swapped_relative_to_upstream	IIIb	39	53	S	S	identical_to_human	identical	4.0	false	false	main_text_primary_claim
rattus_norvegicus	IIIb	IIIb	IIIc	swapped_relative_to_upstream	IIIb	40	54	A	A	identical_to_human	identical	4.0	false	false	main_text_primary_claim
rattus_norvegicus	IIIb	IIIb	IIIc	swapped_relative_to_upstream	IIIb	41	55	W	W	identical_to_human	identical	11.0	false	false	main_text_primary_claim
rattus_norvegicus	IIIb	IIIb	IIIc	swapped_relative_to_upstream	IIIb	42	56	L	L	identical_to_human	identical	4.0	false	false	main_text_primary_claim
rattus_norvegicus	IIIb	IIIb	IIIc	swapped_relative_to_upstream	IIIb	43	57	T	T	identical_to_human	identical	5.0	false	false	main_text_primary_claim
rattus_norvegicus	IIIb	IIIb	IIIc	swapped_relative_to_upstream	IIIb	44	58	V	V	identical_to_human	identical	4.0	false	false	main_text_primary_claim
rattus_norvegicus	IIIb	IIIb	IIIc	swapped_relative_to_upstream	IIIb	45	59	L	L	identical_to_human	identical	4.0	false	false	main_text_primary_claim
rattus_norvegicus	IIIb	IIIb	IIIc	swapped_relative_to_upstream	IIIb	46	69	P	P	identical_to_human	identical	7.0	false	false	main_text_primary_claim
sus_scrofa	IIIb	IIIb	IIIc	swapped_relative_to_upstream	IIIb	1	1	H	H	identical_to_human	identical	8.0	false	false	main_text_primary_claim
sus_scrofa	IIIb	IIIb	IIIc	swapped_relative_to_upstream	IIIb	2	2	S	S	identical_to_human	identical	4.0	false	false	main_text_primary_claim
sus_scrofa	IIIb	IIIb	IIIc	swapped_relative_to_upstream	IIIb	3	3	G	G	identical_to_human	identical	6.0	false	false	main_text_primary_claim
sus_scrofa	IIIb	IIIb	IIIc	swapped_relative_to_upstream	IIIb	4	4	I	I	identical_to_human	identical	4.0	false	false	main_text_primary_claim
sus_scrofa	IIIb	IIIb	IIIc	swapped_relative_to_upstream	IIIb	5	5	N	N	identical_to_human	identical	6.0	false	false	main_text_primary_claim
sus_scrofa	IIIb	IIIb	IIIc	swapped_relative_to_upstream	IIIb	6	6	S	S	identical_to_human	identical	4.0	false	false	main_text_primary_claim
sus_scrofa	IIIb	IIIb	IIIc	swapped_relative_to_upstream	IIIb	7	7	S	S	identical_to_human	identical	4.0	false	false	main_text_primary_claim
sus_scrofa	IIIb	IIIb	IIIc	swapped_relative_to_upstream	IIIb	8	8	N	N	identical_to_human	identical	6.0	false	false	main_text_primary_claim
sus_scrofa	IIIb	IIIb	IIIc	swapped_relative_to_upstream	IIIb	9	11	A	A	identical_to_human	identical	4.0	false	false	main_text_primary_claim
sus_scrofa	IIIb	IIIb	IIIc	swapped_relative_to_upstream	IIIb	10	12	E	E	identical_to_human	identical	5.0	false	false	main_text_primary_claim
sus_scrofa	IIIb	IIIb	IIIc	swapped_relative_to_upstream	IIIb	11	13	V	V	identical_to_human	identical	4.0	false	false	main_text_primary_claim
sus_scrofa	IIIb	IIIb	IIIc	swapped_relative_to_upstream	IIIb	12	14	L	L	identical_to_human	identical	4.0	false	false	main_text_primary_claim
sus_scrofa	IIIb	IIIb	IIIc	swapped_relative_to_upstream	IIIb	13	15	A	A	identical_to_human	identical	4.0	false	false	main_text_primary_claim
sus_scrofa	IIIb	IIIb	IIIc	swapped_relative_to_upstream	IIIb	14	16	L	L	identical_to_human	identical	4.0	false	false	main_text_primary_claim
sus_scrofa	IIIb	IIIb	IIIc	swapped_relative_to_upstream	IIIb	15	17	F	F	identical_to_human	identical	6.0	false	false	main_text_primary_claim
sus_scrofa	IIIb	IIIb	IIIc	swapped_relative_to_upstream	IIIb	16	18	N	N	identical_to_human	identical	6.0	false	false	main_text_primary_claim
sus_scrofa	IIIb	IIIb	IIIc	swapped_relative_to_upstream	IIIb	17	19	V	V	identical_to_human	identical	4.0	false	false	main_text_primary_claim
sus_scrofa	IIIb	IIIb	IIIc	swapped_relative_to_upstream	IIIb	18	20	T	T	identical_to_human	identical	5.0	false	false	main_text_primary_claim
sus_scrofa	IIIb	IIIb	IIIc	swapped_relative_to_upstream	IIIb	19	21	E	E	identical_to_human	identical	5.0	false	false	main_text_primary_claim
sus_scrofa	IIIb	IIIb	IIIc	swapped_relative_to_upstream	IIIb	20	22	A	A	identical_to_human	identical	4.0	false	false	main_text_primary_claim
sus_scrofa	IIIb	IIIb	IIIc	swapped_relative_to_upstream	IIIb	21	23	D	D	identical_to_human	identical	6.0	false	false	main_text_primary_claim
sus_scrofa	IIIb	IIIb	IIIc	swapped_relative_to_upstream	IIIb	22	24	A	A	identical_to_human	identical	4.0	false	false	main_text_primary_claim
sus_scrofa	IIIb	IIIb	IIIc	swapped_relative_to_upstream	IIIb	23	25	G	G	identical_to_human	identical	6.0	false	false	main_text_primary_claim
sus_scrofa	IIIb	IIIb	IIIc	swapped_relative_to_upstream	IIIb	24	26	E	E	identical_to_human	identical	5.0	false	false	main_text_primary_claim
sus_scrofa	IIIb	IIIb	IIIc	swapped_relative_to_upstream	IIIb	25	27	Y	Y	identical_to_human	identical	7.0	false	false	main_text_primary_claim
sus_scrofa	IIIb	IIIb	IIIc	swapped_relative_to_upstream	IIIb	26	28	I	I	identical_to_human	identical	4.0	false	false	main_text_primary_claim
sus_scrofa	IIIb	IIIb	IIIc	swapped_relative_to_upstream	IIIb	27	29	C	C	identical_to_human	identical	9.0	false	false	main_text_primary_claim
sus_scrofa	IIIb	IIIb	IIIc	swapped_relative_to_upstream	IIIb	28	30	K	K	identical_to_human	identical	5.0	false	false	main_text_primary_claim
sus_scrofa	IIIb	IIIb	IIIc	swapped_relative_to_upstream	IIIb	29	31	V	V	identical_to_human	identical	4.0	false	false	main_text_primary_claim
sus_scrofa	IIIb	IIIb	IIIc	swapped_relative_to_upstream	IIIb	30	32	S	S	identical_to_human	identical	4.0	false	false	main_text_primary_claim
sus_scrofa	IIIb	IIIb	IIIc	swapped_relative_to_upstream	IIIb	31	45	N	N	identical_to_human	identical	6.0	false	false	main_text_primary_claim
sus_scrofa	IIIb	IIIb	IIIc	swapped_relative_to_upstream	IIIb	32	46	Y	Y	identical_to_human	identical	7.0	false	false	main_text_primary_claim
sus_scrofa	IIIb	IIIb	IIIc	swapped_relative_to_upstream	IIIb	33	47	I	I	identical_to_human	identical	4.0	false	false	main_text_primary_claim
sus_scrofa	IIIb	IIIb	IIIc	swapped_relative_to_upstream	IIIb	34	48	G	G	identical_to_human	identical	6.0	false	false	main_text_primary_claim
sus_scrofa	IIIb	IIIb	IIIc	swapped_relative_to_upstream	IIIb	35	49	Q	Q	identical_to_human	identical	5.0	false	false	main_text_primary_claim
sus_scrofa	IIIb	IIIb	IIIc	swapped_relative_to_upstream	IIIb	36	50	A	A	identical_to_human	identical	4.0	false	false	main_text_primary_claim
sus_scrofa	IIIb	IIIb	IIIc	swapped_relative_to_upstream	IIIb	37	51	N	N	identical_to_human	identical	6.0	false	false	main_text_primary_claim
sus_scrofa	IIIb	IIIb	IIIc	swapped_relative_to_upstream	IIIb	38	52	Q	Q	identical_to_human	identical	5.0	false	false	main_text_primary_claim
sus_scrofa	IIIb	IIIb	IIIc	swapped_relative_to_upstream	IIIb	39	53	S	S	identical_to_human	identical	4.0	false	false	main_text_primary_claim
sus_scrofa	IIIb	IIIb	IIIc	swapped_relative_to_upstream	IIIb	40	54	A	A	identical_to_human	identical	4.0	false	false	main_text_primary_claim
sus_scrofa	IIIb	IIIb	IIIc	swapped_relative_to_upstream	IIIb	41	55	W	W	identical_to_human	identical	11.0	false	false	main_text_primary_claim
sus_scrofa	IIIb	IIIb	IIIc	swapped_relative_to_upstream	IIIb	42	56	L	L	identical_to_human	identical	4.0	false	false	main_text_primary_claim
sus_scrofa	IIIb	IIIb	IIIc	swapped_relative_to_upstream	IIIb	43	57	T	T	identical_to_human	identical	5.0	false	false	main_text_primary_claim
sus_scrofa	IIIb	IIIb	IIIc	swapped_relative_to_upstream	IIIb	44	58	V	V	identical_to_human	identical	4.0	false	false	main_text_primary_claim
sus_scrofa	IIIb	IIIb	IIIc	swapped_relative_to_upstream	IIIb	45	59	L	L	identical_to_human	identical	4.0	false	false	main_text_primary_claim
sus_scrofa	IIIb	IIIb	IIIc	swapped_relative_to_upstream	IIIb	46	69	P	P	identical_to_human	identical	7.0	false	false	main_text_primary_claim
taeniopygia_guttata	IIIb	IIIb	IIIc	swapped_relative_to_upstream	IIIb	1	1	H	H	identical_to_human	identical	8.0	false	false	main_text_primary_claim
taeniopygia_guttata	IIIb	IIIb	IIIc	swapped_relative_to_upstream	IIIb	2	2	S	S	identical_to_human	identical	4.0	false	false	main_text_primary_claim
taeniopygia_guttata	IIIb	IIIb	IIIc	swapped_relative_to_upstream	IIIb	3	3	G	G	identical_to_human	identical	6.0	false	false	main_text_primary_claim
taeniopygia_guttata	IIIb	IIIb	IIIc	swapped_relative_to_upstream	IIIb	4	4	I	I	identical_to_human	identical	4.0	false	false	main_text_primary_claim
taeniopygia_guttata	IIIb	IIIb	IIIc	swapped_relative_to_upstream	IIIb	5	5	N	N	identical_to_human	identical	6.0	false	false	main_text_primary_claim
taeniopygia_guttata	IIIb	IIIb	IIIc	swapped_relative_to_upstream	IIIb	6	6	S	S	identical_to_human	identical	4.0	false	false	main_text_primary_claim
taeniopygia_guttata	IIIb	IIIb	IIIc	swapped_relative_to_upstream	IIIb	7	7	S	S	identical_to_human	identical	4.0	false	false	main_text_primary_claim
taeniopygia_guttata	IIIb	IIIb	IIIc	swapped_relative_to_upstream	IIIb	8	8	N	N	identical_to_human	identical	6.0	false	false	main_text_primary_claim
taeniopygia_guttata	IIIb	IIIb	IIIc	swapped_relative_to_upstream	IIIb	9	11	A	A	identical_to_human	identical	4.0	false	false	main_text_primary_claim
taeniopygia_guttata	IIIb	IIIb	IIIc	swapped_relative_to_upstream	IIIb	10	12	E	E	identical_to_human	identical	5.0	false	false	main_text_primary_claim
taeniopygia_guttata	IIIb	IIIb	IIIc	swapped_relative_to_upstream	IIIb	11	13	V	V	identical_to_human	identical	4.0	false	false	main_text_primary_claim
taeniopygia_guttata	IIIb	IIIb	IIIc	swapped_relative_to_upstream	IIIb	12	14	L	L	identical_to_human	identical	4.0	false	false	main_text_primary_claim
taeniopygia_guttata	IIIb	IIIb	IIIc	swapped_relative_to_upstream	IIIb	13	15	A	T	nonconservative_substitution	semi_conservative	0.0	false	false	main_text_primary_claim
taeniopygia_guttata	IIIb	IIIb	IIIc	swapped_relative_to_upstream	IIIb	14	16	L	L	identical_to_human	identical	4.0	false	false	main_text_primary_claim
taeniopygia_guttata	IIIb	IIIb	IIIc	swapped_relative_to_upstream	IIIb	15	17	F	Y	conservative_substitution	conservative	3.0	false	false	main_text_primary_claim
taeniopygia_guttata	IIIb	IIIb	IIIc	swapped_relative_to_upstream	IIIb	16	18	N	N	identical_to_human	identical	6.0	false	false	main_text_primary_claim
taeniopygia_guttata	IIIb	IIIb	IIIc	swapped_relative_to_upstream	IIIb	17	19	V	V	identical_to_human	identical	4.0	false	false	main_text_primary_claim
taeniopygia_guttata	IIIb	IIIb	IIIc	swapped_relative_to_upstream	IIIb	18	20	T	T	identical_to_human	identical	5.0	false	false	main_text_primary_claim
taeniopygia_guttata	IIIb	IIIb	IIIc	swapped_relative_to_upstream	IIIb	19	21	E	E	identical_to_human	identical	5.0	false	false	main_text_primary_claim
taeniopygia_guttata	IIIb	IIIb	IIIc	swapped_relative_to_upstream	IIIb	20	22	A	A	identical_to_human	identical	4.0	false	false	main_text_primary_claim
taeniopygia_guttata	IIIb	IIIb	IIIc	swapped_relative_to_upstream	IIIb	21	23	D	D	identical_to_human	identical	6.0	false	false	main_text_primary_claim
taeniopygia_guttata	IIIb	IIIb	IIIc	swapped_relative_to_upstream	IIIb	22	24	A	A	identical_to_human	identical	4.0	false	false	main_text_primary_claim
taeniopygia_guttata	IIIb	IIIb	IIIc	swapped_relative_to_upstream	IIIb	23	25	G	G	identical_to_human	identical	6.0	false	false	main_text_primary_claim
taeniopygia_guttata	IIIb	IIIb	IIIc	swapped_relative_to_upstream	IIIb	24	26	E	E	identical_to_human	identical	5.0	false	false	main_text_primary_claim
taeniopygia_guttata	IIIb	IIIb	IIIc	swapped_relative_to_upstream	IIIb	25	27	Y	Y	identical_to_human	identical	7.0	false	false	main_text_primary_claim
taeniopygia_guttata	IIIb	IIIb	IIIc	swapped_relative_to_upstream	IIIb	26	28	I	I	identical_to_human	identical	4.0	false	false	main_text_primary_claim
taeniopygia_guttata	IIIb	IIIb	IIIc	swapped_relative_to_upstream	IIIb	27	29	C	C	identical_to_human	identical	9.0	false	false	main_text_primary_claim
taeniopygia_guttata	IIIb	IIIb	IIIc	swapped_relative_to_upstream	IIIb	28	30	K	K	identical_to_human	identical	5.0	false	false	main_text_primary_claim
taeniopygia_guttata	IIIb	IIIb	IIIc	swapped_relative_to_upstream	IIIb	29	31	V	V	identical_to_human	identical	4.0	false	false	main_text_primary_claim
taeniopygia_guttata	IIIb	IIIb	IIIc	swapped_relative_to_upstream	IIIb	30	32	S	S	identical_to_human	identical	4.0	false	false	main_text_primary_claim
taeniopygia_guttata	IIIb	IIIb	IIIc	swapped_relative_to_upstream	IIIb	31	45	N	N	identical_to_human	identical	6.0	false	false	main_text_primary_claim
taeniopygia_guttata	IIIb	IIIb	IIIc	swapped_relative_to_upstream	IIIb	32	46	Y	Y	identical_to_human	identical	7.0	false	false	main_text_primary_claim
taeniopygia_guttata	IIIb	IIIb	IIIc	swapped_relative_to_upstream	IIIb	33	47	I	I	identical_to_human	identical	4.0	false	false	main_text_primary_claim
taeniopygia_guttata	IIIb	IIIb	IIIc	swapped_relative_to_upstream	IIIb	34	48	G	G	identical_to_human	identical	6.0	false	false	main_text_primary_claim
taeniopygia_guttata	IIIb	IIIb	IIIc	swapped_relative_to_upstream	IIIb	35	49	Q	E	conservative_substitution	conservative	2.0	false	false	main_text_primary_claim
taeniopygia_guttata	IIIb	IIIb	IIIc	swapped_relative_to_upstream	IIIb	36	50	A	A	identical_to_human	identical	4.0	false	false	main_text_primary_claim
taeniopygia_guttata	IIIb	IIIb	IIIc	swapped_relative_to_upstream	IIIb	37	51	N	N	identical_to_human	identical	6.0	false	false	main_text_primary_claim
taeniopygia_guttata	IIIb	IIIb	IIIc	swapped_relative_to_upstream	IIIb	38	52	Q	Q	identical_to_human	identical	5.0	false	false	main_text_primary_claim
taeniopygia_guttata	IIIb	IIIb	IIIc	swapped_relative_to_upstream	IIIb	39	53	S	S	identical_to_human	identical	4.0	false	false	main_text_primary_claim
taeniopygia_guttata	IIIb	IIIb	IIIc	swapped_relative_to_upstream	IIIb	40	54	A	A	identical_to_human	identical	4.0	false	false	main_text_primary_claim
taeniopygia_guttata	IIIb	IIIb	IIIc	swapped_relative_to_upstream	IIIb	41	55	W	W	identical_to_human	identical	11.0	false	false	main_text_primary_claim
taeniopygia_guttata	IIIb	IIIb	IIIc	swapped_relative_to_upstream	IIIb	42	56	L	L	identical_to_human	identical	4.0	false	false	main_text_primary_claim
taeniopygia_guttata	IIIb	IIIb	IIIc	swapped_relative_to_upstream	IIIb	43	57	T	S	conservative_substitution	conservative	1.0	false	false	main_text_primary_claim
taeniopygia_guttata	IIIb	IIIb	IIIc	swapped_relative_to_upstream	IIIb	44	58	V	V	identical_to_human	identical	4.0	false	false	main_text_primary_claim
taeniopygia_guttata	IIIb	IIIb	IIIc	swapped_relative_to_upstream	IIIb	45	59	L	L	identical_to_human	identical	4.0	false	false	main_text_primary_claim
taeniopygia_guttata	IIIb	IIIb	IIIc	swapped_relative_to_upstream	IIIb	46	69	P	P	identical_to_human	identical	7.0	false	false	main_text_primary_claim
takifugu_rubripes	IIIb	IIIb	IIIc	swapped_relative_to_upstream	IIIb	1	1	H		gap_or_missing	gap		true	false	main_text_with_footnote
takifugu_rubripes	IIIb	IIIb	IIIc	swapped_relative_to_upstream	IIIb	2	2	S	S	identical_to_human	identical	4.0	false	false	main_text_with_footnote
takifugu_rubripes	IIIb	IIIb	IIIc	swapped_relative_to_upstream	IIIb	3	3	G	G	identical_to_human	identical	6.0	false	false	main_text_with_footnote
takifugu_rubripes	IIIb	IIIb	IIIc	swapped_relative_to_upstream	IIIb	4	4	I	I	identical_to_human	identical	4.0	false	false	main_text_with_footnote
takifugu_rubripes	IIIb	IIIb	IIIc	swapped_relative_to_upstream	IIIb	5	5	N	N	identical_to_human	identical	6.0	false	false	main_text_with_footnote
takifugu_rubripes	IIIb	IIIb	IIIc	swapped_relative_to_upstream	IIIb	6	6	S	S	identical_to_human	identical	4.0	false	false	main_text_with_footnote
takifugu_rubripes	IIIb	IIIb	IIIc	swapped_relative_to_upstream	IIIb	7	7	S	S	identical_to_human	identical	4.0	false	false	main_text_with_footnote
takifugu_rubripes	IIIb	IIIb	IIIc	swapped_relative_to_upstream	IIIb	8	8	N	D	conservative_substitution	conservative	1.0	false	false	main_text_with_footnote
takifugu_rubripes	IIIb	IIIb	IIIc	swapped_relative_to_upstream	IIIb	9	11	A	V	nonconservative_substitution	semi_conservative	0.0	false	false	main_text_with_footnote
takifugu_rubripes	IIIb	IIIb	IIIc	swapped_relative_to_upstream	IIIb	10	12	E	E	identical_to_human	identical	5.0	false	false	main_text_with_footnote
takifugu_rubripes	IIIb	IIIb	IIIc	swapped_relative_to_upstream	IIIb	11	13	V	I	conservative_substitution	conservative	3.0	false	false	main_text_with_footnote
takifugu_rubripes	IIIb	IIIb	IIIc	swapped_relative_to_upstream	IIIb	12	14	L	L	identical_to_human	identical	4.0	false	false	main_text_with_footnote
takifugu_rubripes	IIIb	IIIb	IIIc	swapped_relative_to_upstream	IIIb	13	15	A	T	nonconservative_substitution	semi_conservative	0.0	false	false	main_text_with_footnote
takifugu_rubripes	IIIb	IIIb	IIIc	swapped_relative_to_upstream	IIIb	14	16	L	L	identical_to_human	identical	4.0	false	false	main_text_with_footnote
takifugu_rubripes	IIIb	IIIb	IIIc	swapped_relative_to_upstream	IIIb	15	17	F	T	nonconservative_substitution	nonconservative	-2.0	false	false	main_text_with_footnote
takifugu_rubripes	IIIb	IIIb	IIIc	swapped_relative_to_upstream	IIIb	16	18	N	N	identical_to_human	identical	6.0	false	false	main_text_with_footnote
takifugu_rubripes	IIIb	IIIb	IIIc	swapped_relative_to_upstream	IIIb	17	19	V	V	identical_to_human	identical	4.0	false	false	main_text_with_footnote
takifugu_rubripes	IIIb	IIIb	IIIc	swapped_relative_to_upstream	IIIb	18	20	T	T	identical_to_human	identical	5.0	false	false	main_text_with_footnote
takifugu_rubripes	IIIb	IIIb	IIIc	swapped_relative_to_upstream	IIIb	19	21	E	E	identical_to_human	identical	5.0	false	false	main_text_with_footnote
takifugu_rubripes	IIIb	IIIb	IIIc	swapped_relative_to_upstream	IIIb	20	22	A	E	nonconservative_substitution	nonconservative	-1.0	false	false	main_text_with_footnote
takifugu_rubripes	IIIb	IIIb	IIIc	swapped_relative_to_upstream	IIIb	21	23	D	D	identical_to_human	identical	6.0	false	false	main_text_with_footnote
takifugu_rubripes	IIIb	IIIb	IIIc	swapped_relative_to_upstream	IIIb	22	24	A	A	identical_to_human	identical	4.0	false	false	main_text_with_footnote
takifugu_rubripes	IIIb	IIIb	IIIc	swapped_relative_to_upstream	IIIb	23	25	G	G	identical_to_human	identical	6.0	false	false	main_text_with_footnote
takifugu_rubripes	IIIb	IIIb	IIIc	swapped_relative_to_upstream	IIIb	24	26	E	E	identical_to_human	identical	5.0	false	false	main_text_with_footnote
takifugu_rubripes	IIIb	IIIb	IIIc	swapped_relative_to_upstream	IIIb	25	27	Y	Y	identical_to_human	identical	7.0	false	false	main_text_with_footnote
takifugu_rubripes	IIIb	IIIb	IIIc	swapped_relative_to_upstream	IIIb	26	28	I	I	identical_to_human	identical	4.0	false	false	main_text_with_footnote
takifugu_rubripes	IIIb	IIIb	IIIc	swapped_relative_to_upstream	IIIb	27	29	C	C	identical_to_human	identical	9.0	false	false	main_text_with_footnote
takifugu_rubripes	IIIb	IIIb	IIIc	swapped_relative_to_upstream	IIIb	28	30	K	K	identical_to_human	identical	5.0	false	false	main_text_with_footnote
takifugu_rubripes	IIIb	IIIb	IIIc	swapped_relative_to_upstream	IIIb	29	31	V	V	identical_to_human	identical	4.0	false	false	main_text_with_footnote
takifugu_rubripes	IIIb	IIIb	IIIc	swapped_relative_to_upstream	IIIb	30	32	S	S	identical_to_human	identical	4.0	false	false	main_text_with_footnote
takifugu_rubripes	IIIb	IIIb	IIIc	swapped_relative_to_upstream	IIIb	31	45	N	N	identical_to_human	identical	6.0	false	false	main_text_with_footnote
takifugu_rubripes	IIIb	IIIb	IIIc	swapped_relative_to_upstream	IIIb	32	46	Y	Y	identical_to_human	identical	7.0	false	false	main_text_with_footnote
takifugu_rubripes	IIIb	IIIb	IIIc	swapped_relative_to_upstream	IIIb	33	47	I	I	identical_to_human	identical	4.0	false	false	main_text_with_footnote
takifugu_rubripes	IIIb	IIIb	IIIc	swapped_relative_to_upstream	IIIb	34	48	G	G	identical_to_human	identical	6.0	false	false	main_text_with_footnote
takifugu_rubripes	IIIb	IIIb	IIIc	swapped_relative_to_upstream	IIIb	35	49	Q	E	conservative_substitution	conservative	2.0	false	false	main_text_with_footnote
takifugu_rubripes	IIIb	IIIb	IIIc	swapped_relative_to_upstream	IIIb	36	50	A	A	identical_to_human	identical	4.0	false	false	main_text_with_footnote
takifugu_rubripes	IIIb	IIIb	IIIc	swapped_relative_to_upstream	IIIb	37	51	N	S	conservative_substitution	conservative	1.0	false	false	main_text_with_footnote
takifugu_rubripes	IIIb	IIIb	IIIc	swapped_relative_to_upstream	IIIb	38	52	Q	Q	identical_to_human	identical	5.0	false	false	main_text_with_footnote
takifugu_rubripes	IIIb	IIIb	IIIc	swapped_relative_to_upstream	IIIb	39	53	S	S	identical_to_human	identical	4.0	false	false	main_text_with_footnote
takifugu_rubripes	IIIb	IIIb	IIIc	swapped_relative_to_upstream	IIIb	40	54	A	G	nonconservative_substitution	semi_conservative	0.0	false	false	main_text_with_footnote
takifugu_rubripes	IIIb	IIIb	IIIc	swapped_relative_to_upstream	IIIb	41	55	W	W	identical_to_human	identical	11.0	false	false	main_text_with_footnote
takifugu_rubripes	IIIb	IIIb	IIIc	swapped_relative_to_upstream	IIIb	42	56	L	L	identical_to_human	identical	4.0	false	false	main_text_with_footnote
takifugu_rubripes	IIIb	IIIb	IIIc	swapped_relative_to_upstream	IIIb	43	57	T	T	identical_to_human	identical	5.0	false	false	main_text_with_footnote
takifugu_rubripes	IIIb	IIIb	IIIc	swapped_relative_to_upstream	IIIb	44	58	V	V	identical_to_human	identical	4.0	false	false	main_text_with_footnote
takifugu_rubripes	IIIb	IIIb	IIIc	swapped_relative_to_upstream	IIIb	45	59	L	I	conservative_substitution	conservative	2.0	false	false	main_text_with_footnote
takifugu_rubripes	IIIb	IIIb	IIIc	swapped_relative_to_upstream	IIIb	46	69	P	P	identical_to_human	identical	7.0	false	false	main_text_with_footnote
xenopus_tropicalis	IIIb	IIIb	IIIc	swapped_relative_to_upstream	IIIb	1	1	H		gap_or_missing	gap		true	true	supplementary_only
xenopus_tropicalis	IIIb	IIIb	IIIc	swapped_relative_to_upstream	IIIb	2	2	S	S	identical_to_human	identical	4.0	false	true	supplementary_only
xenopus_tropicalis	IIIb	IIIb	IIIc	swapped_relative_to_upstream	IIIb	3	3	G	G	identical_to_human	identical	6.0	false	true	supplementary_only
xenopus_tropicalis	IIIb	IIIb	IIIc	swapped_relative_to_upstream	IIIb	4	4	I	I	identical_to_human	identical	4.0	false	true	supplementary_only
xenopus_tropicalis	IIIb	IIIb	IIIc	swapped_relative_to_upstream	IIIb	5	5	N	N	identical_to_human	identical	6.0	false	true	supplementary_only
xenopus_tropicalis	IIIb	IIIb	IIIc	swapped_relative_to_upstream	IIIb	6	6	S	S	identical_to_human	identical	4.0	false	true	supplementary_only
xenopus_tropicalis	IIIb	IIIb	IIIc	swapped_relative_to_upstream	IIIb	7	7	S	S	identical_to_human	identical	4.0	false	true	supplementary_only
xenopus_tropicalis	IIIb	IIIb	IIIc	swapped_relative_to_upstream	IIIb	8	8	N	S	conservative_substitution	conservative	1.0	false	true	supplementary_only
xenopus_tropicalis	IIIb	IIIb	IIIc	swapped_relative_to_upstream	IIIb	9	11	A	A	identical_to_human	identical	4.0	false	true	supplementary_only
xenopus_tropicalis	IIIb	IIIb	IIIc	swapped_relative_to_upstream	IIIb	10	12	E	E	identical_to_human	identical	5.0	false	true	supplementary_only
xenopus_tropicalis	IIIb	IIIb	IIIc	swapped_relative_to_upstream	IIIb	11	13	V	V	identical_to_human	identical	4.0	false	true	supplementary_only
xenopus_tropicalis	IIIb	IIIb	IIIc	swapped_relative_to_upstream	IIIb	12	14	L	L	identical_to_human	identical	4.0	false	true	supplementary_only
xenopus_tropicalis	IIIb	IIIb	IIIc	swapped_relative_to_upstream	IIIb	13	15	A	K	nonconservative_substitution	nonconservative	-1.0	false	true	supplementary_only
xenopus_tropicalis	IIIb	IIIb	IIIc	swapped_relative_to_upstream	IIIb	14	16	L	L	identical_to_human	identical	4.0	false	true	supplementary_only
xenopus_tropicalis	IIIb	IIIb	IIIc	swapped_relative_to_upstream	IIIb	15	17	F	Y	conservative_substitution	conservative	3.0	false	true	supplementary_only
xenopus_tropicalis	IIIb	IIIb	IIIc	swapped_relative_to_upstream	IIIb	16	18	N	N	identical_to_human	identical	6.0	false	true	supplementary_only
xenopus_tropicalis	IIIb	IIIb	IIIc	swapped_relative_to_upstream	IIIb	17	19	V	V	identical_to_human	identical	4.0	false	true	supplementary_only
xenopus_tropicalis	IIIb	IIIb	IIIc	swapped_relative_to_upstream	IIIb	18	20	T	T	identical_to_human	identical	5.0	false	true	supplementary_only
xenopus_tropicalis	IIIb	IIIb	IIIc	swapped_relative_to_upstream	IIIb	19	21	E	E	identical_to_human	identical	5.0	false	true	supplementary_only
xenopus_tropicalis	IIIb	IIIb	IIIc	swapped_relative_to_upstream	IIIb	20	22	A	E	nonconservative_substitution	nonconservative	-1.0	false	true	supplementary_only
xenopus_tropicalis	IIIb	IIIb	IIIc	swapped_relative_to_upstream	IIIb	21	23	D	D	identical_to_human	identical	6.0	false	true	supplementary_only
xenopus_tropicalis	IIIb	IIIb	IIIc	swapped_relative_to_upstream	IIIb	22	24	A	A	identical_to_human	identical	4.0	false	true	supplementary_only
xenopus_tropicalis	IIIb	IIIb	IIIc	swapped_relative_to_upstream	IIIb	23	25	G	G	identical_to_human	identical	6.0	false	true	supplementary_only
xenopus_tropicalis	IIIb	IIIb	IIIc	swapped_relative_to_upstream	IIIb	24	26	E	E	identical_to_human	identical	5.0	false	true	supplementary_only
xenopus_tropicalis	IIIb	IIIb	IIIc	swapped_relative_to_upstream	IIIb	25	27	Y	Y	identical_to_human	identical	7.0	false	true	supplementary_only
xenopus_tropicalis	IIIb	IIIb	IIIc	swapped_relative_to_upstream	IIIb	26	28	I	I	identical_to_human	identical	4.0	false	true	supplementary_only
xenopus_tropicalis	IIIb	IIIb	IIIc	swapped_relative_to_upstream	IIIb	27	29	C	C	identical_to_human	identical	9.0	false	true	supplementary_only
xenopus_tropicalis	IIIb	IIIb	IIIc	swapped_relative_to_upstream	IIIb	28	30	K	A	nonconservative_substitution	nonconservative	-1.0	false	true	supplementary_only
xenopus_tropicalis	IIIb	IIIb	IIIc	swapped_relative_to_upstream	IIIb	29	31	V	V	identical_to_human	identical	4.0	false	true	supplementary_only
xenopus_tropicalis	IIIb	IIIb	IIIc	swapped_relative_to_upstream	IIIb	30	32	S	S	identical_to_human	identical	4.0	false	true	supplementary_only
xenopus_tropicalis	IIIb	IIIb	IIIc	swapped_relative_to_upstream	IIIb	31	45	N	N	identical_to_human	identical	6.0	false	true	supplementary_only
xenopus_tropicalis	IIIb	IIIb	IIIc	swapped_relative_to_upstream	IIIb	32	46	Y	Y	identical_to_human	identical	7.0	false	true	supplementary_only
xenopus_tropicalis	IIIb	IIIb	IIIc	swapped_relative_to_upstream	IIIb	33	47	I	I	identical_to_human	identical	4.0	false	true	supplementary_only
xenopus_tropicalis	IIIb	IIIb	IIIc	swapped_relative_to_upstream	IIIb	34	48	G	G	identical_to_human	identical	6.0	false	true	supplementary_only
xenopus_tropicalis	IIIb	IIIb	IIIc	swapped_relative_to_upstream	IIIb	35	49	Q	E	conservative_substitution	conservative	2.0	false	true	supplementary_only
xenopus_tropicalis	IIIb	IIIb	IIIc	swapped_relative_to_upstream	IIIb	36	50	A	A	identical_to_human	identical	4.0	false	true	supplementary_only
xenopus_tropicalis	IIIb	IIIb	IIIc	swapped_relative_to_upstream	IIIb	37	51	N	N	identical_to_human	identical	6.0	false	true	supplementary_only
xenopus_tropicalis	IIIb	IIIb	IIIc	swapped_relative_to_upstream	IIIb	38	52	Q	K	conservative_substitution	conservative	1.0	false	true	supplementary_only
xenopus_tropicalis	IIIb	IIIb	IIIc	swapped_relative_to_upstream	IIIb	39	53	S	S	identical_to_human	identical	4.0	false	true	supplementary_only
xenopus_tropicalis	IIIb	IIIb	IIIc	swapped_relative_to_upstream	IIIb	40	54	A	A	identical_to_human	identical	4.0	false	true	supplementary_only
xenopus_tropicalis	IIIb	IIIb	IIIc	swapped_relative_to_upstream	IIIb	41	55	W	W	identical_to_human	identical	11.0	false	true	supplementary_only
xenopus_tropicalis	IIIb	IIIb	IIIc	swapped_relative_to_upstream	IIIb	42	56	L	L	identical_to_human	identical	4.0	false	true	supplementary_only
xenopus_tropicalis	IIIb	IIIb	IIIc	swapped_relative_to_upstream	IIIb	43	57	T	T	identical_to_human	identical	5.0	false	true	supplementary_only
xenopus_tropicalis	IIIb	IIIb	IIIc	swapped_relative_to_upstream	IIIb	44	58	V	V	identical_to_human	identical	4.0	false	true	supplementary_only
xenopus_tropicalis	IIIb	IIIb	IIIc	swapped_relative_to_upstream	IIIb	45	59	L		gap_or_missing	gap		true	true	supplementary_only
xenopus_tropicalis	IIIb	IIIb	IIIc	swapped_relative_to_upstream	IIIb	46	69	P		gap_or_missing	gap		true	true	supplementary_only
alligator_mississippiensis	IIIc	IIIc	IIIb	swapped_relative_to_upstream	IIIc	1	1	A	A	identical_to_human	identical	4.0	false	false	main_text_primary_claim
alligator_mississippiensis	IIIc	IIIc	IIIb	swapped_relative_to_upstream	IIIc	2	2	A	A	identical_to_human	identical	4.0	false	false	main_text_primary_claim
alligator_mississippiensis	IIIc	IIIc	IIIb	swapped_relative_to_upstream	IIIc	3	3	G	G	identical_to_human	identical	6.0	false	false	main_text_primary_claim
alligator_mississippiensis	IIIc	IIIc	IIIb	swapped_relative_to_upstream	IIIc	4	4	V	V	identical_to_human	identical	4.0	false	false	main_text_primary_claim
alligator_mississippiensis	IIIc	IIIc	IIIb	swapped_relative_to_upstream	IIIc	5	5	N	N	identical_to_human	identical	6.0	false	false	main_text_primary_claim
alligator_mississippiensis	IIIc	IIIc	IIIb	swapped_relative_to_upstream	IIIc	6	6	T	T	identical_to_human	identical	5.0	false	false	main_text_primary_claim
alligator_mississippiensis	IIIc	IIIc	IIIb	swapped_relative_to_upstream	IIIc	7	7	T	T	identical_to_human	identical	5.0	false	false	main_text_primary_claim
alligator_mississippiensis	IIIc	IIIc	IIIb	swapped_relative_to_upstream	IIIc	8	8	D	D	identical_to_human	identical	6.0	false	false	main_text_primary_claim
alligator_mississippiensis	IIIc	IIIc	IIIb	swapped_relative_to_upstream	IIIc	9	9	K	K	identical_to_human	identical	5.0	false	false	main_text_primary_claim
alligator_mississippiensis	IIIc	IIIc	IIIb	swapped_relative_to_upstream	IIIc	10	10	E	E	identical_to_human	identical	5.0	false	false	main_text_primary_claim
alligator_mississippiensis	IIIc	IIIc	IIIb	swapped_relative_to_upstream	IIIc	11	11	I	I	identical_to_human	identical	4.0	false	false	main_text_primary_claim
alligator_mississippiensis	IIIc	IIIc	IIIb	swapped_relative_to_upstream	IIIc	12	12	E	E	identical_to_human	identical	5.0	false	false	main_text_primary_claim
alligator_mississippiensis	IIIc	IIIc	IIIb	swapped_relative_to_upstream	IIIc	13	13	V	V	identical_to_human	identical	4.0	false	false	main_text_primary_claim
alligator_mississippiensis	IIIc	IIIc	IIIb	swapped_relative_to_upstream	IIIc	14	14	L	L	identical_to_human	identical	4.0	false	false	main_text_primary_claim
alligator_mississippiensis	IIIc	IIIc	IIIb	swapped_relative_to_upstream	IIIc	15	15	Y	Y	identical_to_human	identical	7.0	false	false	main_text_primary_claim
alligator_mississippiensis	IIIc	IIIc	IIIb	swapped_relative_to_upstream	IIIc	16	16	I	I	identical_to_human	identical	4.0	false	false	main_text_primary_claim
alligator_mississippiensis	IIIc	IIIc	IIIb	swapped_relative_to_upstream	IIIc	17	17	R	R	identical_to_human	identical	5.0	false	false	main_text_primary_claim
alligator_mississippiensis	IIIc	IIIc	IIIb	swapped_relative_to_upstream	IIIc	18	18	N	N	identical_to_human	identical	6.0	false	false	main_text_primary_claim
alligator_mississippiensis	IIIc	IIIc	IIIb	swapped_relative_to_upstream	IIIc	19	19	V	V	identical_to_human	identical	4.0	false	false	main_text_primary_claim
alligator_mississippiensis	IIIc	IIIc	IIIb	swapped_relative_to_upstream	IIIc	20	20	T	T	identical_to_human	identical	5.0	false	false	main_text_primary_claim
alligator_mississippiensis	IIIc	IIIc	IIIb	swapped_relative_to_upstream	IIIc	21	21	F	F	identical_to_human	identical	6.0	false	false	main_text_primary_claim
alligator_mississippiensis	IIIc	IIIc	IIIb	swapped_relative_to_upstream	IIIc	22	22	E	E	identical_to_human	identical	5.0	false	false	main_text_primary_claim
alligator_mississippiensis	IIIc	IIIc	IIIb	swapped_relative_to_upstream	IIIc	23	23	D	D	identical_to_human	identical	6.0	false	false	main_text_primary_claim
alligator_mississippiensis	IIIc	IIIc	IIIb	swapped_relative_to_upstream	IIIc	24	24	A	A	identical_to_human	identical	4.0	false	false	main_text_primary_claim
alligator_mississippiensis	IIIc	IIIc	IIIb	swapped_relative_to_upstream	IIIc	25	25	G	G	identical_to_human	identical	6.0	false	false	main_text_primary_claim
alligator_mississippiensis	IIIc	IIIc	IIIb	swapped_relative_to_upstream	IIIc	26	26	E	E	identical_to_human	identical	5.0	false	false	main_text_primary_claim
alligator_mississippiensis	IIIc	IIIc	IIIb	swapped_relative_to_upstream	IIIc	27	27	Y	Y	identical_to_human	identical	7.0	false	false	main_text_primary_claim
alligator_mississippiensis	IIIc	IIIc	IIIb	swapped_relative_to_upstream	IIIc	28	28	T	T	identical_to_human	identical	5.0	false	false	main_text_primary_claim
alligator_mississippiensis	IIIc	IIIc	IIIb	swapped_relative_to_upstream	IIIc	29	29	C	C	identical_to_human	identical	9.0	false	false	main_text_primary_claim
alligator_mississippiensis	IIIc	IIIc	IIIb	swapped_relative_to_upstream	IIIc	30	30	L	L	identical_to_human	identical	4.0	false	false	main_text_primary_claim
alligator_mississippiensis	IIIc	IIIc	IIIb	swapped_relative_to_upstream	IIIc	31	31	A	A	identical_to_human	identical	4.0	false	false	main_text_primary_claim
alligator_mississippiensis	IIIc	IIIc	IIIb	swapped_relative_to_upstream	IIIc	32	32	G	G	identical_to_human	identical	6.0	false	false	main_text_primary_claim
alligator_mississippiensis	IIIc	IIIc	IIIb	swapped_relative_to_upstream	IIIc	33	45	N	N	identical_to_human	identical	6.0	false	false	main_text_primary_claim
alligator_mississippiensis	IIIc	IIIc	IIIb	swapped_relative_to_upstream	IIIc	34	46	S	S	identical_to_human	identical	4.0	false	false	main_text_primary_claim
alligator_mississippiensis	IIIc	IIIc	IIIb	swapped_relative_to_upstream	IIIc	35	47	I	I	identical_to_human	identical	4.0	false	false	main_text_primary_claim
alligator_mississippiensis	IIIc	IIIc	IIIb	swapped_relative_to_upstream	IIIc	36	48	G	G	identical_to_human	identical	6.0	false	false	main_text_primary_claim
alligator_mississippiensis	IIIc	IIIc	IIIb	swapped_relative_to_upstream	IIIc	37	49	I	I	identical_to_human	identical	4.0	false	false	main_text_primary_claim
alligator_mississippiensis	IIIc	IIIc	IIIb	swapped_relative_to_upstream	IIIc	38	50	S	S	identical_to_human	identical	4.0	false	false	main_text_primary_claim
alligator_mississippiensis	IIIc	IIIc	IIIb	swapped_relative_to_upstream	IIIc	39	51	F	F	identical_to_human	identical	6.0	false	false	main_text_primary_claim
alligator_mississippiensis	IIIc	IIIc	IIIb	swapped_relative_to_upstream	IIIc	40	52	H	H	identical_to_human	identical	8.0	false	false	main_text_primary_claim
alligator_mississippiensis	IIIc	IIIc	IIIb	swapped_relative_to_upstream	IIIc	41	53	S	T	conservative_substitution	conservative	1.0	false	false	main_text_primary_claim
alligator_mississippiensis	IIIc	IIIc	IIIb	swapped_relative_to_upstream	IIIc	42	54	A	A	identical_to_human	identical	4.0	false	false	main_text_primary_claim
alligator_mississippiensis	IIIc	IIIc	IIIb	swapped_relative_to_upstream	IIIc	43	55	W	W	identical_to_human	identical	11.0	false	false	main_text_primary_claim
alligator_mississippiensis	IIIc	IIIc	IIIb	swapped_relative_to_upstream	IIIc	44	56	L	L	identical_to_human	identical	4.0	false	false	main_text_primary_claim
alligator_mississippiensis	IIIc	IIIc	IIIb	swapped_relative_to_upstream	IIIc	45	57	T	T	identical_to_human	identical	5.0	false	false	main_text_primary_claim
alligator_mississippiensis	IIIc	IIIc	IIIb	swapped_relative_to_upstream	IIIc	46	58	V	V	identical_to_human	identical	4.0	false	false	main_text_primary_claim
alligator_mississippiensis	IIIc	IIIc	IIIb	swapped_relative_to_upstream	IIIc	47	59	L	L	identical_to_human	identical	4.0	false	false	main_text_primary_claim
alligator_mississippiensis	IIIc	IIIc	IIIb	swapped_relative_to_upstream	IIIc	48	69	P	P	identical_to_human	identical	7.0	false	false	main_text_primary_claim
ambystoma_mexicanum	IIIc	IIIc	IIIb	swapped_relative_to_upstream	IIIc	1	1	A	A	identical_to_human	identical	4.0	false	false	main_text_primary_claim
ambystoma_mexicanum	IIIc	IIIc	IIIb	swapped_relative_to_upstream	IIIc	2	2	A	A	identical_to_human	identical	4.0	false	false	main_text_primary_claim
ambystoma_mexicanum	IIIc	IIIc	IIIb	swapped_relative_to_upstream	IIIc	3	3	G	G	identical_to_human	identical	6.0	false	false	main_text_primary_claim
ambystoma_mexicanum	IIIc	IIIc	IIIb	swapped_relative_to_upstream	IIIc	4	4	V	V	identical_to_human	identical	4.0	false	false	main_text_primary_claim
ambystoma_mexicanum	IIIc	IIIc	IIIb	swapped_relative_to_upstream	IIIc	5	5	N	N	identical_to_human	identical	6.0	false	false	main_text_primary_claim
ambystoma_mexicanum	IIIc	IIIc	IIIb	swapped_relative_to_upstream	IIIc	6	6	T	T	identical_to_human	identical	5.0	false	false	main_text_primary_claim
ambystoma_mexicanum	IIIc	IIIc	IIIb	swapped_relative_to_upstream	IIIc	7	7	T	T	identical_to_human	identical	5.0	false	false	main_text_primary_claim
ambystoma_mexicanum	IIIc	IIIc	IIIb	swapped_relative_to_upstream	IIIc	8	8	D	D	identical_to_human	identical	6.0	false	false	main_text_primary_claim
ambystoma_mexicanum	IIIc	IIIc	IIIb	swapped_relative_to_upstream	IIIc	9	9	K	K	identical_to_human	identical	5.0	false	false	main_text_primary_claim
ambystoma_mexicanum	IIIc	IIIc	IIIb	swapped_relative_to_upstream	IIIc	10	10	E	E	identical_to_human	identical	5.0	false	false	main_text_primary_claim
ambystoma_mexicanum	IIIc	IIIc	IIIb	swapped_relative_to_upstream	IIIc	11	11	I	I	identical_to_human	identical	4.0	false	false	main_text_primary_claim
ambystoma_mexicanum	IIIc	IIIc	IIIb	swapped_relative_to_upstream	IIIc	12	12	E	E	identical_to_human	identical	5.0	false	false	main_text_primary_claim
ambystoma_mexicanum	IIIc	IIIc	IIIb	swapped_relative_to_upstream	IIIc	13	13	V	V	identical_to_human	identical	4.0	false	false	main_text_primary_claim
ambystoma_mexicanum	IIIc	IIIc	IIIb	swapped_relative_to_upstream	IIIc	14	14	L	L	identical_to_human	identical	4.0	false	false	main_text_primary_claim
ambystoma_mexicanum	IIIc	IIIc	IIIb	swapped_relative_to_upstream	IIIc	15	15	Y	Y	identical_to_human	identical	7.0	false	false	main_text_primary_claim
ambystoma_mexicanum	IIIc	IIIc	IIIb	swapped_relative_to_upstream	IIIc	16	16	I	V	conservative_substitution	conservative	3.0	false	false	main_text_primary_claim
ambystoma_mexicanum	IIIc	IIIc	IIIb	swapped_relative_to_upstream	IIIc	17	17	R	R	identical_to_human	identical	5.0	false	false	main_text_primary_claim
ambystoma_mexicanum	IIIc	IIIc	IIIb	swapped_relative_to_upstream	IIIc	18	18	N	N	identical_to_human	identical	6.0	false	false	main_text_primary_claim
ambystoma_mexicanum	IIIc	IIIc	IIIb	swapped_relative_to_upstream	IIIc	19	19	V	V	identical_to_human	identical	4.0	false	false	main_text_primary_claim
ambystoma_mexicanum	IIIc	IIIc	IIIb	swapped_relative_to_upstream	IIIc	20	20	T	S	conservative_substitution	conservative	1.0	false	false	main_text_primary_claim
ambystoma_mexicanum	IIIc	IIIc	IIIb	swapped_relative_to_upstream	IIIc	21	21	F	F	identical_to_human	identical	6.0	false	false	main_text_primary_claim
ambystoma_mexicanum	IIIc	IIIc	IIIb	swapped_relative_to_upstream	IIIc	22	22	E	E	identical_to_human	identical	5.0	false	false	main_text_primary_claim
ambystoma_mexicanum	IIIc	IIIc	IIIb	swapped_relative_to_upstream	IIIc	23	23	D	D	identical_to_human	identical	6.0	false	false	main_text_primary_claim
ambystoma_mexicanum	IIIc	IIIc	IIIb	swapped_relative_to_upstream	IIIc	24	24	A	A	identical_to_human	identical	4.0	false	false	main_text_primary_claim
ambystoma_mexicanum	IIIc	IIIc	IIIb	swapped_relative_to_upstream	IIIc	25	25	G	G	identical_to_human	identical	6.0	false	false	main_text_primary_claim
ambystoma_mexicanum	IIIc	IIIc	IIIb	swapped_relative_to_upstream	IIIc	26	26	E	E	identical_to_human	identical	5.0	false	false	main_text_primary_claim
ambystoma_mexicanum	IIIc	IIIc	IIIb	swapped_relative_to_upstream	IIIc	27	27	Y	Y	identical_to_human	identical	7.0	false	false	main_text_primary_claim
ambystoma_mexicanum	IIIc	IIIc	IIIb	swapped_relative_to_upstream	IIIc	28	28	T	T	identical_to_human	identical	5.0	false	false	main_text_primary_claim
ambystoma_mexicanum	IIIc	IIIc	IIIb	swapped_relative_to_upstream	IIIc	29	29	C	C	identical_to_human	identical	9.0	false	false	main_text_primary_claim
ambystoma_mexicanum	IIIc	IIIc	IIIb	swapped_relative_to_upstream	IIIc	30	30	L	L	identical_to_human	identical	4.0	false	false	main_text_primary_claim
ambystoma_mexicanum	IIIc	IIIc	IIIb	swapped_relative_to_upstream	IIIc	31	31	A	A	identical_to_human	identical	4.0	false	false	main_text_primary_claim
ambystoma_mexicanum	IIIc	IIIc	IIIb	swapped_relative_to_upstream	IIIc	32	32	G	G	identical_to_human	identical	6.0	false	false	main_text_primary_claim
ambystoma_mexicanum	IIIc	IIIc	IIIb	swapped_relative_to_upstream	IIIc	33	45	N	N	identical_to_human	identical	6.0	false	false	main_text_primary_claim
ambystoma_mexicanum	IIIc	IIIc	IIIb	swapped_relative_to_upstream	IIIc	34	46	S	S	identical_to_human	identical	4.0	false	false	main_text_primary_claim
ambystoma_mexicanum	IIIc	IIIc	IIIb	swapped_relative_to_upstream	IIIc	35	47	I	I	identical_to_human	identical	4.0	false	false	main_text_primary_claim
ambystoma_mexicanum	IIIc	IIIc	IIIb	swapped_relative_to_upstream	IIIc	36	48	G	G	identical_to_human	identical	6.0	false	false	main_text_primary_claim
ambystoma_mexicanum	IIIc	IIIc	IIIb	swapped_relative_to_upstream	IIIc	37	49	I	I	identical_to_human	identical	4.0	false	false	main_text_primary_claim
ambystoma_mexicanum	IIIc	IIIc	IIIb	swapped_relative_to_upstream	IIIc	38	50	S	S	identical_to_human	identical	4.0	false	false	main_text_primary_claim
ambystoma_mexicanum	IIIc	IIIc	IIIb	swapped_relative_to_upstream	IIIc	39	51	F	Y	conservative_substitution	conservative	3.0	false	false	main_text_primary_claim
ambystoma_mexicanum	IIIc	IIIc	IIIb	swapped_relative_to_upstream	IIIc	40	52	H	H	identical_to_human	identical	8.0	false	false	main_text_primary_claim
ambystoma_mexicanum	IIIc	IIIc	IIIb	swapped_relative_to_upstream	IIIc	41	53	S	S	identical_to_human	identical	4.0	false	false	main_text_primary_claim
ambystoma_mexicanum	IIIc	IIIc	IIIb	swapped_relative_to_upstream	IIIc	42	54	A	A	identical_to_human	identical	4.0	false	false	main_text_primary_claim
ambystoma_mexicanum	IIIc	IIIc	IIIb	swapped_relative_to_upstream	IIIc	43	55	W	W	identical_to_human	identical	11.0	false	false	main_text_primary_claim
ambystoma_mexicanum	IIIc	IIIc	IIIb	swapped_relative_to_upstream	IIIc	44	56	L	L	identical_to_human	identical	4.0	false	false	main_text_primary_claim
ambystoma_mexicanum	IIIc	IIIc	IIIb	swapped_relative_to_upstream	IIIc	45	57	T	T	identical_to_human	identical	5.0	false	false	main_text_primary_claim
ambystoma_mexicanum	IIIc	IIIc	IIIb	swapped_relative_to_upstream	IIIc	46	58	V	V	identical_to_human	identical	4.0	false	false	main_text_primary_claim
ambystoma_mexicanum	IIIc	IIIc	IIIb	swapped_relative_to_upstream	IIIc	47	59	L	L	identical_to_human	identical	4.0	false	false	main_text_primary_claim
ambystoma_mexicanum	IIIc	IIIc	IIIb	swapped_relative_to_upstream	IIIc	48	69	P	P	identical_to_human	identical	7.0	false	false	main_text_primary_claim
anolis_carolinensis	IIIc	IIIc	IIIb	swapped_relative_to_upstream	IIIc	1	1	A		gap_or_missing	gap		true	false	main_text_primary_claim
anolis_carolinensis	IIIc	IIIc	IIIb	swapped_relative_to_upstream	IIIc	2	2	A	A	identical_to_human	identical	4.0	false	false	main_text_primary_claim
anolis_carolinensis	IIIc	IIIc	IIIb	swapped_relative_to_upstream	IIIc	3	3	G	G	identical_to_human	identical	6.0	false	false	main_text_primary_claim
anolis_carolinensis	IIIc	IIIc	IIIb	swapped_relative_to_upstream	IIIc	4	4	V	V	identical_to_human	identical	4.0	false	false	main_text_primary_claim
anolis_carolinensis	IIIc	IIIc	IIIb	swapped_relative_to_upstream	IIIc	5	5	N	N	identical_to_human	identical	6.0	false	false	main_text_primary_claim
anolis_carolinensis	IIIc	IIIc	IIIb	swapped_relative_to_upstream	IIIc	6	6	T	T	identical_to_human	identical	5.0	false	false	main_text_primary_claim
anolis_carolinensis	IIIc	IIIc	IIIb	swapped_relative_to_upstream	IIIc	7	7	T	T	identical_to_human	identical	5.0	false	false	main_text_primary_claim
anolis_carolinensis	IIIc	IIIc	IIIb	swapped_relative_to_upstream	IIIc	8	8	D	D	identical_to_human	identical	6.0	false	false	main_text_primary_claim
anolis_carolinensis	IIIc	IIIc	IIIb	swapped_relative_to_upstream	IIIc	9	9	K	K	identical_to_human	identical	5.0	false	false	main_text_primary_claim
anolis_carolinensis	IIIc	IIIc	IIIb	swapped_relative_to_upstream	IIIc	10	10	E	E	identical_to_human	identical	5.0	false	false	main_text_primary_claim
anolis_carolinensis	IIIc	IIIc	IIIb	swapped_relative_to_upstream	IIIc	11	11	I	I	identical_to_human	identical	4.0	false	false	main_text_primary_claim
anolis_carolinensis	IIIc	IIIc	IIIb	swapped_relative_to_upstream	IIIc	12	12	E	E	identical_to_human	identical	5.0	false	false	main_text_primary_claim
anolis_carolinensis	IIIc	IIIc	IIIb	swapped_relative_to_upstream	IIIc	13	13	V	V	identical_to_human	identical	4.0	false	false	main_text_primary_claim
anolis_carolinensis	IIIc	IIIc	IIIb	swapped_relative_to_upstream	IIIc	14	14	L	L	identical_to_human	identical	4.0	false	false	main_text_primary_claim
anolis_carolinensis	IIIc	IIIc	IIIb	swapped_relative_to_upstream	IIIc	15	15	Y	H	conservative_substitution	conservative	2.0	false	false	main_text_primary_claim
anolis_carolinensis	IIIc	IIIc	IIIb	swapped_relative_to_upstream	IIIc	16	16	I	I	identical_to_human	identical	4.0	false	false	main_text_primary_claim
anolis_carolinensis	IIIc	IIIc	IIIb	swapped_relative_to_upstream	IIIc	17	17	R	Q	conservative_substitution	conservative	1.0	false	false	main_text_primary_claim
anolis_carolinensis	IIIc	IIIc	IIIb	swapped_relative_to_upstream	IIIc	18	18	N	N	identical_to_human	identical	6.0	false	false	main_text_primary_claim
anolis_carolinensis	IIIc	IIIc	IIIb	swapped_relative_to_upstream	IIIc	19	19	V	V	identical_to_human	identical	4.0	false	false	main_text_primary_claim
anolis_carolinensis	IIIc	IIIc	IIIb	swapped_relative_to_upstream	IIIc	20	20	T	T	identical_to_human	identical	5.0	false	false	main_text_primary_claim
anolis_carolinensis	IIIc	IIIc	IIIb	swapped_relative_to_upstream	IIIc	21	21	F	V	nonconservative_substitution	nonconservative	-1.0	false	false	main_text_primary_claim
anolis_carolinensis	IIIc	IIIc	IIIb	swapped_relative_to_upstream	IIIc	22	22	E	E	identical_to_human	identical	5.0	false	false	main_text_primary_claim
anolis_carolinensis	IIIc	IIIc	IIIb	swapped_relative_to_upstream	IIIc	23	23	D	D	identical_to_human	identical	6.0	false	false	main_text_primary_claim
anolis_carolinensis	IIIc	IIIc	IIIb	swapped_relative_to_upstream	IIIc	24	24	A	A	identical_to_human	identical	4.0	false	false	main_text_primary_claim
anolis_carolinensis	IIIc	IIIc	IIIb	swapped_relative_to_upstream	IIIc	25	25	G	G	identical_to_human	identical	6.0	false	false	main_text_primary_claim
anolis_carolinensis	IIIc	IIIc	IIIb	swapped_relative_to_upstream	IIIc	26	26	E	E	identical_to_human	identical	5.0	false	false	main_text_primary_claim
anolis_carolinensis	IIIc	IIIc	IIIb	swapped_relative_to_upstream	IIIc	27	27	Y	Y	identical_to_human	identical	7.0	false	false	main_text_primary_claim
anolis_carolinensis	IIIc	IIIc	IIIb	swapped_relative_to_upstream	IIIc	28	28	T	T	identical_to_human	identical	5.0	false	false	main_text_primary_claim
anolis_carolinensis	IIIc	IIIc	IIIb	swapped_relative_to_upstream	IIIc	29	29	C	C	identical_to_human	identical	9.0	false	false	main_text_primary_claim
anolis_carolinensis	IIIc	IIIc	IIIb	swapped_relative_to_upstream	IIIc	30	30	L	L	identical_to_human	identical	4.0	false	false	main_text_primary_claim
anolis_carolinensis	IIIc	IIIc	IIIb	swapped_relative_to_upstream	IIIc	31	31	A	A	identical_to_human	identical	4.0	false	false	main_text_primary_claim
anolis_carolinensis	IIIc	IIIc	IIIb	swapped_relative_to_upstream	IIIc	32	32	G	G	identical_to_human	identical	6.0	false	false	main_text_primary_claim
anolis_carolinensis	IIIc	IIIc	IIIb	swapped_relative_to_upstream	IIIc	33	45	N	N	identical_to_human	identical	6.0	false	false	main_text_primary_claim
anolis_carolinensis	IIIc	IIIc	IIIb	swapped_relative_to_upstream	IIIc	34	46	S	S	identical_to_human	identical	4.0	false	false	main_text_primary_claim
anolis_carolinensis	IIIc	IIIc	IIIb	swapped_relative_to_upstream	IIIc	35	47	I	I	identical_to_human	identical	4.0	false	false	main_text_primary_claim
anolis_carolinensis	IIIc	IIIc	IIIb	swapped_relative_to_upstream	IIIc	36	48	G	G	identical_to_human	identical	6.0	false	false	main_text_primary_claim
anolis_carolinensis	IIIc	IIIc	IIIb	swapped_relative_to_upstream	IIIc	37	49	I	I	identical_to_human	identical	4.0	false	false	main_text_primary_claim
anolis_carolinensis	IIIc	IIIc	IIIb	swapped_relative_to_upstream	IIIc	38	50	S	S	identical_to_human	identical	4.0	false	false	main_text_primary_claim
anolis_carolinensis	IIIc	IIIc	IIIb	swapped_relative_to_upstream	IIIc	39	51	F	F	identical_to_human	identical	6.0	false	false	main_text_primary_claim
anolis_carolinensis	IIIc	IIIc	IIIb	swapped_relative_to_upstream	IIIc	40	52	H	H	identical_to_human	identical	8.0	false	false	main_text_primary_claim
anolis_carolinensis	IIIc	IIIc	IIIb	swapped_relative_to_upstream	IIIc	41	53	S	S	identical_to_human	identical	4.0	false	false	main_text_primary_claim
anolis_carolinensis	IIIc	IIIc	IIIb	swapped_relative_to_upstream	IIIc	42	54	A	A	identical_to_human	identical	4.0	false	false	main_text_primary_claim
anolis_carolinensis	IIIc	IIIc	IIIb	swapped_relative_to_upstream	IIIc	43	55	W	W	identical_to_human	identical	11.0	false	false	main_text_primary_claim
anolis_carolinensis	IIIc	IIIc	IIIb	swapped_relative_to_upstream	IIIc	44	56	L	L	identical_to_human	identical	4.0	false	false	main_text_primary_claim
anolis_carolinensis	IIIc	IIIc	IIIb	swapped_relative_to_upstream	IIIc	45	57	T	T	identical_to_human	identical	5.0	false	false	main_text_primary_claim
anolis_carolinensis	IIIc	IIIc	IIIb	swapped_relative_to_upstream	IIIc	46	58	V	V	identical_to_human	identical	4.0	false	false	main_text_primary_claim
anolis_carolinensis	IIIc	IIIc	IIIb	swapped_relative_to_upstream	IIIc	47	59	L	L	identical_to_human	identical	4.0	false	false	main_text_primary_claim
anolis_carolinensis	IIIc	IIIc	IIIb	swapped_relative_to_upstream	IIIc	48	69	P	P	identical_to_human	identical	7.0	false	false	main_text_primary_claim
bos_taurus	IIIc	IIIc	IIIb	swapped_relative_to_upstream	IIIc	1	1	A	A	identical_to_human	identical	4.0	false	false	main_text_primary_claim
bos_taurus	IIIc	IIIc	IIIb	swapped_relative_to_upstream	IIIc	2	2	A	A	identical_to_human	identical	4.0	false	false	main_text_primary_claim
bos_taurus	IIIc	IIIc	IIIb	swapped_relative_to_upstream	IIIc	3	3	G	G	identical_to_human	identical	6.0	false	false	main_text_primary_claim
bos_taurus	IIIc	IIIc	IIIb	swapped_relative_to_upstream	IIIc	4	4	V	V	identical_to_human	identical	4.0	false	false	main_text_primary_claim
bos_taurus	IIIc	IIIc	IIIb	swapped_relative_to_upstream	IIIc	5	5	N	N	identical_to_human	identical	6.0	false	false	main_text_primary_claim
bos_taurus	IIIc	IIIc	IIIb	swapped_relative_to_upstream	IIIc	6	6	T	T	identical_to_human	identical	5.0	false	false	main_text_primary_claim
bos_taurus	IIIc	IIIc	IIIb	swapped_relative_to_upstream	IIIc	7	7	T	T	identical_to_human	identical	5.0	false	false	main_text_primary_claim
bos_taurus	IIIc	IIIc	IIIb	swapped_relative_to_upstream	IIIc	8	8	D	D	identical_to_human	identical	6.0	false	false	main_text_primary_claim
bos_taurus	IIIc	IIIc	IIIb	swapped_relative_to_upstream	IIIc	9	9	K	K	identical_to_human	identical	5.0	false	false	main_text_primary_claim
bos_taurus	IIIc	IIIc	IIIb	swapped_relative_to_upstream	IIIc	10	10	E	E	identical_to_human	identical	5.0	false	false	main_text_primary_claim
bos_taurus	IIIc	IIIc	IIIb	swapped_relative_to_upstream	IIIc	11	11	I	I	identical_to_human	identical	4.0	false	false	main_text_primary_claim
bos_taurus	IIIc	IIIc	IIIb	swapped_relative_to_upstream	IIIc	12	12	E	E	identical_to_human	identical	5.0	false	false	main_text_primary_claim
bos_taurus	IIIc	IIIc	IIIb	swapped_relative_to_upstream	IIIc	13	13	V	V	identical_to_human	identical	4.0	false	false	main_text_primary_claim
bos_taurus	IIIc	IIIc	IIIb	swapped_relative_to_upstream	IIIc	14	14	L	L	identical_to_human	identical	4.0	false	false	main_text_primary_claim
bos_taurus	IIIc	IIIc	IIIb	swapped_relative_to_upstream	IIIc	15	15	Y	Y	identical_to_human	identical	7.0	false	false	main_text_primary_claim
bos_taurus	IIIc	IIIc	IIIb	swapped_relative_to_upstream	IIIc	16	16	I	I	identical_to_human	identical	4.0	false	false	main_text_primary_claim
bos_taurus	IIIc	IIIc	IIIb	swapped_relative_to_upstream	IIIc	17	17	R	R	identical_to_human	identical	5.0	false	false	main_text_primary_claim
bos_taurus	IIIc	IIIc	IIIb	swapped_relative_to_upstream	IIIc	18	18	N	N	identical_to_human	identical	6.0	false	false	main_text_primary_claim
bos_taurus	IIIc	IIIc	IIIb	swapped_relative_to_upstream	IIIc	19	19	V	V	identical_to_human	identical	4.0	false	false	main_text_primary_claim
bos_taurus	IIIc	IIIc	IIIb	swapped_relative_to_upstream	IIIc	20	20	T	T	identical_to_human	identical	5.0	false	false	main_text_primary_claim
bos_taurus	IIIc	IIIc	IIIb	swapped_relative_to_upstream	IIIc	21	21	F	F	identical_to_human	identical	6.0	false	false	main_text_primary_claim
bos_taurus	IIIc	IIIc	IIIb	swapped_relative_to_upstream	IIIc	22	22	E	E	identical_to_human	identical	5.0	false	false	main_text_primary_claim
bos_taurus	IIIc	IIIc	IIIb	swapped_relative_to_upstream	IIIc	23	23	D	D	identical_to_human	identical	6.0	false	false	main_text_primary_claim
bos_taurus	IIIc	IIIc	IIIb	swapped_relative_to_upstream	IIIc	24	24	A	A	identical_to_human	identical	4.0	false	false	main_text_primary_claim
bos_taurus	IIIc	IIIc	IIIb	swapped_relative_to_upstream	IIIc	25	25	G	G	identical_to_human	identical	6.0	false	false	main_text_primary_claim
bos_taurus	IIIc	IIIc	IIIb	swapped_relative_to_upstream	IIIc	26	26	E	E	identical_to_human	identical	5.0	false	false	main_text_primary_claim
bos_taurus	IIIc	IIIc	IIIb	swapped_relative_to_upstream	IIIc	27	27	Y	Y	identical_to_human	identical	7.0	false	false	main_text_primary_claim
bos_taurus	IIIc	IIIc	IIIb	swapped_relative_to_upstream	IIIc	28	28	T	T	identical_to_human	identical	5.0	false	false	main_text_primary_claim
bos_taurus	IIIc	IIIc	IIIb	swapped_relative_to_upstream	IIIc	29	29	C	C	identical_to_human	identical	9.0	false	false	main_text_primary_claim
bos_taurus	IIIc	IIIc	IIIb	swapped_relative_to_upstream	IIIc	30	30	L	L	identical_to_human	identical	4.0	false	false	main_text_primary_claim
bos_taurus	IIIc	IIIc	IIIb	swapped_relative_to_upstream	IIIc	31	31	A	A	identical_to_human	identical	4.0	false	false	main_text_primary_claim
bos_taurus	IIIc	IIIc	IIIb	swapped_relative_to_upstream	IIIc	32	32	G	G	identical_to_human	identical	6.0	false	false	main_text_primary_claim
bos_taurus	IIIc	IIIc	IIIb	swapped_relative_to_upstream	IIIc	33	45	N	N	identical_to_human	identical	6.0	false	false	main_text_primary_claim
bos_taurus	IIIc	IIIc	IIIb	swapped_relative_to_upstream	IIIc	34	46	S	S	identical_to_human	identical	4.0	false	false	main_text_primary_claim
bos_taurus	IIIc	IIIc	IIIb	swapped_relative_to_upstream	IIIc	35	47	I	I	identical_to_human	identical	4.0	false	false	main_text_primary_claim
bos_taurus	IIIc	IIIc	IIIb	swapped_relative_to_upstream	IIIc	36	48	G	G	identical_to_human	identical	6.0	false	false	main_text_primary_claim
bos_taurus	IIIc	IIIc	IIIb	swapped_relative_to_upstream	IIIc	37	49	I	I	identical_to_human	identical	4.0	false	false	main_text_primary_claim
bos_taurus	IIIc	IIIc	IIIb	swapped_relative_to_upstream	IIIc	38	50	S	S	identical_to_human	identical	4.0	false	false	main_text_primary_claim
bos_taurus	IIIc	IIIc	IIIb	swapped_relative_to_upstream	IIIc	39	51	F	F	identical_to_human	identical	6.0	false	false	main_text_primary_claim
bos_taurus	IIIc	IIIc	IIIb	swapped_relative_to_upstream	IIIc	40	52	H	H	identical_to_human	identical	8.0	false	false	main_text_primary_claim
bos_taurus	IIIc	IIIc	IIIb	swapped_relative_to_upstream	IIIc	41	53	S	S	identical_to_human	identical	4.0	false	false	main_text_primary_claim
bos_taurus	IIIc	IIIc	IIIb	swapped_relative_to_upstream	IIIc	42	54	A	A	identical_to_human	identical	4.0	false	false	main_text_primary_claim
bos_taurus	IIIc	IIIc	IIIb	swapped_relative_to_upstream	IIIc	43	55	W	W	identical_to_human	identical	11.0	false	false	main_text_primary_claim
bos_taurus	IIIc	IIIc	IIIb	swapped_relative_to_upstream	IIIc	44	56	L	L	identical_to_human	identical	4.0	false	false	main_text_primary_claim
bos_taurus	IIIc	IIIc	IIIb	swapped_relative_to_upstream	IIIc	45	57	T	T	identical_to_human	identical	5.0	false	false	main_text_primary_claim
bos_taurus	IIIc	IIIc	IIIb	swapped_relative_to_upstream	IIIc	46	58	V	V	identical_to_human	identical	4.0	false	false	main_text_primary_claim
bos_taurus	IIIc	IIIc	IIIb	swapped_relative_to_upstream	IIIc	47	59	L	L	identical_to_human	identical	4.0	false	false	main_text_primary_claim
bos_taurus	IIIc	IIIc	IIIb	swapped_relative_to_upstream	IIIc	48	69	P	P	identical_to_human	identical	7.0	false	false	main_text_primary_claim
callithrix_jacchus	IIIc	IIIc	IIIb	swapped_relative_to_upstream	IIIc	1	1	A	A	identical_to_human	identical	4.0	false	false	main_text_primary_claim
callithrix_jacchus	IIIc	IIIc	IIIb	swapped_relative_to_upstream	IIIc	2	2	A	A	identical_to_human	identical	4.0	false	false	main_text_primary_claim
callithrix_jacchus	IIIc	IIIc	IIIb	swapped_relative_to_upstream	IIIc	3	3	G	G	identical_to_human	identical	6.0	false	false	main_text_primary_claim
callithrix_jacchus	IIIc	IIIc	IIIb	swapped_relative_to_upstream	IIIc	4	4	V	V	identical_to_human	identical	4.0	false	false	main_text_primary_claim
callithrix_jacchus	IIIc	IIIc	IIIb	swapped_relative_to_upstream	IIIc	5	5	N	N	identical_to_human	identical	6.0	false	false	main_text_primary_claim
callithrix_jacchus	IIIc	IIIc	IIIb	swapped_relative_to_upstream	IIIc	6	6	T	T	identical_to_human	identical	5.0	false	false	main_text_primary_claim
callithrix_jacchus	IIIc	IIIc	IIIb	swapped_relative_to_upstream	IIIc	7	7	T	T	identical_to_human	identical	5.0	false	false	main_text_primary_claim
callithrix_jacchus	IIIc	IIIc	IIIb	swapped_relative_to_upstream	IIIc	8	8	D	D	identical_to_human	identical	6.0	false	false	main_text_primary_claim
callithrix_jacchus	IIIc	IIIc	IIIb	swapped_relative_to_upstream	IIIc	9	9	K	K	identical_to_human	identical	5.0	false	false	main_text_primary_claim
callithrix_jacchus	IIIc	IIIc	IIIb	swapped_relative_to_upstream	IIIc	10	10	E	E	identical_to_human	identical	5.0	false	false	main_text_primary_claim
callithrix_jacchus	IIIc	IIIc	IIIb	swapped_relative_to_upstream	IIIc	11	11	I	I	identical_to_human	identical	4.0	false	false	main_text_primary_claim
callithrix_jacchus	IIIc	IIIc	IIIb	swapped_relative_to_upstream	IIIc	12	12	E	E	identical_to_human	identical	5.0	false	false	main_text_primary_claim
callithrix_jacchus	IIIc	IIIc	IIIb	swapped_relative_to_upstream	IIIc	13	13	V	V	identical_to_human	identical	4.0	false	false	main_text_primary_claim
callithrix_jacchus	IIIc	IIIc	IIIb	swapped_relative_to_upstream	IIIc	14	14	L	L	identical_to_human	identical	4.0	false	false	main_text_primary_claim
callithrix_jacchus	IIIc	IIIc	IIIb	swapped_relative_to_upstream	IIIc	15	15	Y	Y	identical_to_human	identical	7.0	false	false	main_text_primary_claim
callithrix_jacchus	IIIc	IIIc	IIIb	swapped_relative_to_upstream	IIIc	16	16	I	I	identical_to_human	identical	4.0	false	false	main_text_primary_claim
callithrix_jacchus	IIIc	IIIc	IIIb	swapped_relative_to_upstream	IIIc	17	17	R	R	identical_to_human	identical	5.0	false	false	main_text_primary_claim
callithrix_jacchus	IIIc	IIIc	IIIb	swapped_relative_to_upstream	IIIc	18	18	N	N	identical_to_human	identical	6.0	false	false	main_text_primary_claim
callithrix_jacchus	IIIc	IIIc	IIIb	swapped_relative_to_upstream	IIIc	19	19	V	V	identical_to_human	identical	4.0	false	false	main_text_primary_claim
callithrix_jacchus	IIIc	IIIc	IIIb	swapped_relative_to_upstream	IIIc	20	20	T	T	identical_to_human	identical	5.0	false	false	main_text_primary_claim
callithrix_jacchus	IIIc	IIIc	IIIb	swapped_relative_to_upstream	IIIc	21	21	F	F	identical_to_human	identical	6.0	false	false	main_text_primary_claim
callithrix_jacchus	IIIc	IIIc	IIIb	swapped_relative_to_upstream	IIIc	22	22	E	E	identical_to_human	identical	5.0	false	false	main_text_primary_claim
callithrix_jacchus	IIIc	IIIc	IIIb	swapped_relative_to_upstream	IIIc	23	23	D	D	identical_to_human	identical	6.0	false	false	main_text_primary_claim
callithrix_jacchus	IIIc	IIIc	IIIb	swapped_relative_to_upstream	IIIc	24	24	A	A	identical_to_human	identical	4.0	false	false	main_text_primary_claim
callithrix_jacchus	IIIc	IIIc	IIIb	swapped_relative_to_upstream	IIIc	25	25	G	G	identical_to_human	identical	6.0	false	false	main_text_primary_claim
callithrix_jacchus	IIIc	IIIc	IIIb	swapped_relative_to_upstream	IIIc	26	26	E	E	identical_to_human	identical	5.0	false	false	main_text_primary_claim
callithrix_jacchus	IIIc	IIIc	IIIb	swapped_relative_to_upstream	IIIc	27	27	Y	Y	identical_to_human	identical	7.0	false	false	main_text_primary_claim
callithrix_jacchus	IIIc	IIIc	IIIb	swapped_relative_to_upstream	IIIc	28	28	T	T	identical_to_human	identical	5.0	false	false	main_text_primary_claim
callithrix_jacchus	IIIc	IIIc	IIIb	swapped_relative_to_upstream	IIIc	29	29	C	C	identical_to_human	identical	9.0	false	false	main_text_primary_claim
callithrix_jacchus	IIIc	IIIc	IIIb	swapped_relative_to_upstream	IIIc	30	30	L	L	identical_to_human	identical	4.0	false	false	main_text_primary_claim
callithrix_jacchus	IIIc	IIIc	IIIb	swapped_relative_to_upstream	IIIc	31	31	A	A	identical_to_human	identical	4.0	false	false	main_text_primary_claim
callithrix_jacchus	IIIc	IIIc	IIIb	swapped_relative_to_upstream	IIIc	32	32	G	G	identical_to_human	identical	6.0	false	false	main_text_primary_claim
callithrix_jacchus	IIIc	IIIc	IIIb	swapped_relative_to_upstream	IIIc	33	45	N	N	identical_to_human	identical	6.0	false	false	main_text_primary_claim
callithrix_jacchus	IIIc	IIIc	IIIb	swapped_relative_to_upstream	IIIc	34	46	S	S	identical_to_human	identical	4.0	false	false	main_text_primary_claim
callithrix_jacchus	IIIc	IIIc	IIIb	swapped_relative_to_upstream	IIIc	35	47	I	I	identical_to_human	identical	4.0	false	false	main_text_primary_claim
callithrix_jacchus	IIIc	IIIc	IIIb	swapped_relative_to_upstream	IIIc	36	48	G	G	identical_to_human	identical	6.0	false	false	main_text_primary_claim
callithrix_jacchus	IIIc	IIIc	IIIb	swapped_relative_to_upstream	IIIc	37	49	I	I	identical_to_human	identical	4.0	false	false	main_text_primary_claim
callithrix_jacchus	IIIc	IIIc	IIIb	swapped_relative_to_upstream	IIIc	38	50	S	S	identical_to_human	identical	4.0	false	false	main_text_primary_claim
callithrix_jacchus	IIIc	IIIc	IIIb	swapped_relative_to_upstream	IIIc	39	51	F	F	identical_to_human	identical	6.0	false	false	main_text_primary_claim
callithrix_jacchus	IIIc	IIIc	IIIb	swapped_relative_to_upstream	IIIc	40	52	H	H	identical_to_human	identical	8.0	false	false	main_text_primary_claim
callithrix_jacchus	IIIc	IIIc	IIIb	swapped_relative_to_upstream	IIIc	41	53	S	S	identical_to_human	identical	4.0	false	false	main_text_primary_claim
callithrix_jacchus	IIIc	IIIc	IIIb	swapped_relative_to_upstream	IIIc	42	54	A	A	identical_to_human	identical	4.0	false	false	main_text_primary_claim
callithrix_jacchus	IIIc	IIIc	IIIb	swapped_relative_to_upstream	IIIc	43	55	W	W	identical_to_human	identical	11.0	false	false	main_text_primary_claim
callithrix_jacchus	IIIc	IIIc	IIIb	swapped_relative_to_upstream	IIIc	44	56	L	L	identical_to_human	identical	4.0	false	false	main_text_primary_claim
callithrix_jacchus	IIIc	IIIc	IIIb	swapped_relative_to_upstream	IIIc	45	57	T	T	identical_to_human	identical	5.0	false	false	main_text_primary_claim
callithrix_jacchus	IIIc	IIIc	IIIb	swapped_relative_to_upstream	IIIc	46	58	V	V	identical_to_human	identical	4.0	false	false	main_text_primary_claim
callithrix_jacchus	IIIc	IIIc	IIIb	swapped_relative_to_upstream	IIIc	47	59	L	L	identical_to_human	identical	4.0	false	false	main_text_primary_claim
callithrix_jacchus	IIIc	IIIc	IIIb	swapped_relative_to_upstream	IIIc	48	69	P	P	identical_to_human	identical	7.0	false	false	main_text_primary_claim
canis_lupus_familiaris	IIIc	IIIc	IIIc	unresolved_no_sequence	IIIc	1	1	A		gap_or_missing	gap		true	true	supplementary_only
canis_lupus_familiaris	IIIc	IIIc	IIIc	unresolved_no_sequence	IIIc	2	2	A	E	nonconservative_substitution	nonconservative	-1.0	false	true	supplementary_only
canis_lupus_familiaris	IIIc	IIIc	IIIc	unresolved_no_sequence	IIIc	3	3	G	A	nonconservative_substitution	semi_conservative	0.0	false	true	supplementary_only
canis_lupus_familiaris	IIIc	IIIc	IIIc	unresolved_no_sequence	IIIc	4	4	V	V	identical_to_human	identical	4.0	false	true	supplementary_only
canis_lupus_familiaris	IIIc	IIIc	IIIc	unresolved_no_sequence	IIIc	5	5	N	T	nonconservative_substitution	semi_conservative	0.0	false	true	supplementary_only
canis_lupus_familiaris	IIIc	IIIc	IIIc	unresolved_no_sequence	IIIc	6	6	T	V	nonconservative_substitution	semi_conservative	0.0	false	true	supplementary_only
canis_lupus_familiaris	IIIc	IIIc	IIIc	unresolved_no_sequence	IIIc	7	7	T	A	nonconservative_substitution	semi_conservative	0.0	false	true	supplementary_only
canis_lupus_familiaris	IIIc	IIIc	IIIc	unresolved_no_sequence	IIIc	8	8	D		gap_or_missing	gap		true	true	supplementary_only
canis_lupus_familiaris	IIIc	IIIc	IIIc	unresolved_no_sequence	IIIc	9	9	K		gap_or_missing	gap		true	true	supplementary_only
canis_lupus_familiaris	IIIc	IIIc	IIIc	unresolved_no_sequence	IIIc	10	10	E		gap_or_missing	gap		true	true	supplementary_only
canis_lupus_familiaris	IIIc	IIIc	IIIc	unresolved_no_sequence	IIIc	11	11	I	V	conservative_substitution	conservative	3.0	false	true	supplementary_only
canis_lupus_familiaris	IIIc	IIIc	IIIc	unresolved_no_sequence	IIIc	12	12	E	K	conservative_substitution	conservative	1.0	false	true	supplementary_only
canis_lupus_familiaris	IIIc	IIIc	IIIc	unresolved_no_sequence	IIIc	13	13	V	M	conservative_substitution	conservative	1.0	false	true	supplementary_only
canis_lupus_familiaris	IIIc	IIIc	IIIc	unresolved_no_sequence	IIIc	14	14	L	L	identical_to_human	identical	4.0	false	true	supplementary_only
canis_lupus_familiaris	IIIc	IIIc	IIIc	unresolved_no_sequence	IIIc	15	15	Y	K	nonconservative_substitution	nonconservative	-2.0	false	true	supplementary_only
canis_lupus_familiaris	IIIc	IIIc	IIIc	unresolved_no_sequence	IIIc	16	16	I		gap_or_missing	gap		true	true	supplementary_only
canis_lupus_familiaris	IIIc	IIIc	IIIc	unresolved_no_sequence	IIIc	17	17	R	D	nonconservative_substitution	nonconservative	-2.0	false	true	supplementary_only
canis_lupus_familiaris	IIIc	IIIc	IIIc	unresolved_no_sequence	IIIc	18	18	N	D	conservative_substitution	conservative	1.0	false	true	supplementary_only
canis_lupus_familiaris	IIIc	IIIc	IIIc	unresolved_no_sequence	IIIc	19	19	V	A	nonconservative_substitution	semi_conservative	0.0	false	true	supplementary_only
canis_lupus_familiaris	IIIc	IIIc	IIIc	unresolved_no_sequence	IIIc	20	20	T	T	identical_to_human	identical	5.0	false	true	supplementary_only
canis_lupus_familiaris	IIIc	IIIc	IIIc	unresolved_no_sequence	IIIc	21	21	F	E	nonconservative_substitution	nonconservative	-3.0	false	true	supplementary_only
canis_lupus_familiaris	IIIc	IIIc	IIIc	unresolved_no_sequence	IIIc	22	22	E	K	conservative_substitution	conservative	1.0	false	true	supplementary_only
canis_lupus_familiaris	IIIc	IIIc	IIIc	unresolved_no_sequence	IIIc	23	23	D	D	identical_to_human	identical	6.0	false	true	supplementary_only
canis_lupus_familiaris	IIIc	IIIc	IIIc	unresolved_no_sequence	IIIc	24	24	A	L	nonconservative_substitution	nonconservative	-1.0	false	true	supplementary_only
canis_lupus_familiaris	IIIc	IIIc	IIIc	unresolved_no_sequence	IIIc	25	25	G	S	nonconservative_substitution	semi_conservative	0.0	false	true	supplementary_only
canis_lupus_familiaris	IIIc	IIIc	IIIc	unresolved_no_sequence	IIIc	26	26	E	D	conservative_substitution	conservative	2.0	false	true	supplementary_only
canis_lupus_familiaris	IIIc	IIIc	IIIc	unresolved_no_sequence	IIIc	27	27	Y	L	nonconservative_substitution	nonconservative	-1.0	false	true	supplementary_only
canis_lupus_familiaris	IIIc	IIIc	IIIc	unresolved_no_sequence	IIIc	28	28	T	V	nonconservative_substitution	semi_conservative	0.0	false	true	supplementary_only
canis_lupus_familiaris	IIIc	IIIc	IIIc	unresolved_no_sequence	IIIc	29	29	C	S	nonconservative_substitution	nonconservative	-1.0	false	true	supplementary_only
canis_lupus_familiaris	IIIc	IIIc	IIIc	unresolved_no_sequence	IIIc	30	30	L	E	nonconservative_substitution	nonconservative	-3.0	false	true	supplementary_only
canis_lupus_familiaris	IIIc	IIIc	IIIc	unresolved_no_sequence	IIIc	31	31	A	M	nonconservative_substitution	nonconservative	-1.0	false	true	supplementary_only
canis_lupus_familiaris	IIIc	IIIc	IIIc	unresolved_no_sequence	IIIc	32	32	G	E	nonconservative_substitution	nonconservative	-2.0	false	true	supplementary_only
canis_lupus_familiaris	IIIc	IIIc	IIIc	unresolved_no_sequence	IIIc	33	45	N	N	identical_to_human	identical	6.0	false	true	supplementary_only
canis_lupus_familiaris	IIIc	IIIc	IIIc	unresolved_no_sequence	IIIc	34	46	S	L	nonconservative_substitution	nonconservative	-2.0	false	true	supplementary_only
canis_lupus_familiaris	IIIc	IIIc	IIIc	unresolved_no_sequence	IIIc	35	47	I	L	conservative_substitution	conservative	2.0	false	true	supplementary_only
canis_lupus_familiaris	IIIc	IIIc	IIIc	unresolved_no_sequence	IIIc	36	48	G	G	identical_to_human	identical	6.0	false	true	supplementary_only
canis_lupus_familiaris	IIIc	IIIc	IIIc	unresolved_no_sequence	IIIc	37	49	I	A	nonconservative_substitution	nonconservative	-1.0	false	true	supplementary_only
canis_lupus_familiaris	IIIc	IIIc	IIIc	unresolved_no_sequence	IIIc	38	50	S	C	nonconservative_substitution	nonconservative	-1.0	false	true	supplementary_only
canis_lupus_familiaris	IIIc	IIIc	IIIc	unresolved_no_sequence	IIIc	39	51	F	T	nonconservative_substitution	nonconservative	-2.0	false	true	supplementary_only
canis_lupus_familiaris	IIIc	IIIc	IIIc	unresolved_no_sequence	IIIc	40	52	H	Q	nonconservative_substitution	semi_conservative	0.0	false	true	supplementary_only
canis_lupus_familiaris	IIIc	IIIc	IIIc	unresolved_no_sequence	IIIc	41	53	S	D	nonconservative_substitution	semi_conservative	0.0	false	true	supplementary_only
canis_lupus_familiaris	IIIc	IIIc	IIIc	unresolved_no_sequence	IIIc	42	54	A	G	nonconservative_substitution	semi_conservative	0.0	false	true	supplementary_only
canis_lupus_familiaris	IIIc	IIIc	IIIc	unresolved_no_sequence	IIIc	43	55	W	P	nonconservative_substitution	nonconservative	-4.0	false	true	supplementary_only
canis_lupus_familiaris	IIIc	IIIc	IIIc	unresolved_no_sequence	IIIc	44	56	L	L	identical_to_human	identical	4.0	false	true	supplementary_only
canis_lupus_familiaris	IIIc	IIIc	IIIc	unresolved_no_sequence	IIIc	45	57	T	Y	nonconservative_substitution	nonconservative	-2.0	false	true	supplementary_only
canis_lupus_familiaris	IIIc	IIIc	IIIc	unresolved_no_sequence	IIIc	46	58	V	V	identical_to_human	identical	4.0	false	true	supplementary_only
canis_lupus_familiaris	IIIc	IIIc	IIIc	unresolved_no_sequence	IIIc	47	59	L	I	conservative_substitution	conservative	2.0	false	true	supplementary_only
canis_lupus_familiaris	IIIc	IIIc	IIIc	unresolved_no_sequence	IIIc	48	69	P	R	nonconservative_substitution	nonconservative	-2.0	false	true	supplementary_only
chrysemys_picta_bellii	IIIc	IIIc	IIIb	swapped_relative_to_upstream	IIIc	1	1	A	A	identical_to_human	identical	4.0	false	false	main_text_primary_claim
chrysemys_picta_bellii	IIIc	IIIc	IIIb	swapped_relative_to_upstream	IIIc	2	2	A	A	identical_to_human	identical	4.0	false	false	main_text_primary_claim
chrysemys_picta_bellii	IIIc	IIIc	IIIb	swapped_relative_to_upstream	IIIc	3	3	G	G	identical_to_human	identical	6.0	false	false	main_text_primary_claim
chrysemys_picta_bellii	IIIc	IIIc	IIIb	swapped_relative_to_upstream	IIIc	4	4	V	V	identical_to_human	identical	4.0	false	false	main_text_primary_claim
chrysemys_picta_bellii	IIIc	IIIc	IIIb	swapped_relative_to_upstream	IIIc	5	5	N	N	identical_to_human	identical	6.0	false	false	main_text_primary_claim
chrysemys_picta_bellii	IIIc	IIIc	IIIb	swapped_relative_to_upstream	IIIc	6	6	T	T	identical_to_human	identical	5.0	false	false	main_text_primary_claim
chrysemys_picta_bellii	IIIc	IIIc	IIIb	swapped_relative_to_upstream	IIIc	7	7	T	T	identical_to_human	identical	5.0	false	false	main_text_primary_claim
chrysemys_picta_bellii	IIIc	IIIc	IIIb	swapped_relative_to_upstream	IIIc	8	8	D	D	identical_to_human	identical	6.0	false	false	main_text_primary_claim
chrysemys_picta_bellii	IIIc	IIIc	IIIb	swapped_relative_to_upstream	IIIc	9	9	K	K	identical_to_human	identical	5.0	false	false	main_text_primary_claim
chrysemys_picta_bellii	IIIc	IIIc	IIIb	swapped_relative_to_upstream	IIIc	10	10	E	E	identical_to_human	identical	5.0	false	false	main_text_primary_claim
chrysemys_picta_bellii	IIIc	IIIc	IIIb	swapped_relative_to_upstream	IIIc	11	11	I	I	identical_to_human	identical	4.0	false	false	main_text_primary_claim
chrysemys_picta_bellii	IIIc	IIIc	IIIb	swapped_relative_to_upstream	IIIc	12	12	E	E	identical_to_human	identical	5.0	false	false	main_text_primary_claim
chrysemys_picta_bellii	IIIc	IIIc	IIIb	swapped_relative_to_upstream	IIIc	13	13	V	V	identical_to_human	identical	4.0	false	false	main_text_primary_claim
chrysemys_picta_bellii	IIIc	IIIc	IIIb	swapped_relative_to_upstream	IIIc	14	14	L	L	identical_to_human	identical	4.0	false	false	main_text_primary_claim
chrysemys_picta_bellii	IIIc	IIIc	IIIb	swapped_relative_to_upstream	IIIc	15	15	Y	Y	identical_to_human	identical	7.0	false	false	main_text_primary_claim
chrysemys_picta_bellii	IIIc	IIIc	IIIb	swapped_relative_to_upstream	IIIc	16	16	I	I	identical_to_human	identical	4.0	false	false	main_text_primary_claim
chrysemys_picta_bellii	IIIc	IIIc	IIIb	swapped_relative_to_upstream	IIIc	17	17	R	R	identical_to_human	identical	5.0	false	false	main_text_primary_claim
chrysemys_picta_bellii	IIIc	IIIc	IIIb	swapped_relative_to_upstream	IIIc	18	18	N	N	identical_to_human	identical	6.0	false	false	main_text_primary_claim
chrysemys_picta_bellii	IIIc	IIIc	IIIb	swapped_relative_to_upstream	IIIc	19	19	V	V	identical_to_human	identical	4.0	false	false	main_text_primary_claim
chrysemys_picta_bellii	IIIc	IIIc	IIIb	swapped_relative_to_upstream	IIIc	20	20	T	T	identical_to_human	identical	5.0	false	false	main_text_primary_claim
chrysemys_picta_bellii	IIIc	IIIc	IIIb	swapped_relative_to_upstream	IIIc	21	21	F	F	identical_to_human	identical	6.0	false	false	main_text_primary_claim
chrysemys_picta_bellii	IIIc	IIIc	IIIb	swapped_relative_to_upstream	IIIc	22	22	E	E	identical_to_human	identical	5.0	false	false	main_text_primary_claim
chrysemys_picta_bellii	IIIc	IIIc	IIIb	swapped_relative_to_upstream	IIIc	23	23	D	D	identical_to_human	identical	6.0	false	false	main_text_primary_claim
chrysemys_picta_bellii	IIIc	IIIc	IIIb	swapped_relative_to_upstream	IIIc	24	24	A	A	identical_to_human	identical	4.0	false	false	main_text_primary_claim
chrysemys_picta_bellii	IIIc	IIIc	IIIb	swapped_relative_to_upstream	IIIc	25	25	G	G	identical_to_human	identical	6.0	false	false	main_text_primary_claim
chrysemys_picta_bellii	IIIc	IIIc	IIIb	swapped_relative_to_upstream	IIIc	26	26	E	E	identical_to_human	identical	5.0	false	false	main_text_primary_claim
chrysemys_picta_bellii	IIIc	IIIc	IIIb	swapped_relative_to_upstream	IIIc	27	27	Y	Y	identical_to_human	identical	7.0	false	false	main_text_primary_claim
chrysemys_picta_bellii	IIIc	IIIc	IIIb	swapped_relative_to_upstream	IIIc	28	28	T	T	identical_to_human	identical	5.0	false	false	main_text_primary_claim
chrysemys_picta_bellii	IIIc	IIIc	IIIb	swapped_relative_to_upstream	IIIc	29	29	C	C	identical_to_human	identical	9.0	false	false	main_text_primary_claim
chrysemys_picta_bellii	IIIc	IIIc	IIIb	swapped_relative_to_upstream	IIIc	30	30	L	L	identical_to_human	identical	4.0	false	false	main_text_primary_claim
chrysemys_picta_bellii	IIIc	IIIc	IIIb	swapped_relative_to_upstream	IIIc	31	31	A	A	identical_to_human	identical	4.0	false	false	main_text_primary_claim
chrysemys_picta_bellii	IIIc	IIIc	IIIb	swapped_relative_to_upstream	IIIc	32	32	G	G	identical_to_human	identical	6.0	false	false	main_text_primary_claim
chrysemys_picta_bellii	IIIc	IIIc	IIIb	swapped_relative_to_upstream	IIIc	33	45	N	N	identical_to_human	identical	6.0	false	false	main_text_primary_claim
chrysemys_picta_bellii	IIIc	IIIc	IIIb	swapped_relative_to_upstream	IIIc	34	46	S	S	identical_to_human	identical	4.0	false	false	main_text_primary_claim
chrysemys_picta_bellii	IIIc	IIIc	IIIb	swapped_relative_to_upstream	IIIc	35	47	I	I	identical_to_human	identical	4.0	false	false	main_text_primary_claim
chrysemys_picta_bellii	IIIc	IIIc	IIIb	swapped_relative_to_upstream	IIIc	36	48	G	G	identical_to_human	identical	6.0	false	false	main_text_primary_claim
chrysemys_picta_bellii	IIIc	IIIc	IIIb	swapped_relative_to_upstream	IIIc	37	49	I	I	identical_to_human	identical	4.0	false	false	main_text_primary_claim
chrysemys_picta_bellii	IIIc	IIIc	IIIb	swapped_relative_to_upstream	IIIc	38	50	S	S	identical_to_human	identical	4.0	false	false	main_text_primary_claim
chrysemys_picta_bellii	IIIc	IIIc	IIIb	swapped_relative_to_upstream	IIIc	39	51	F	F	identical_to_human	identical	6.0	false	false	main_text_primary_claim
chrysemys_picta_bellii	IIIc	IIIc	IIIb	swapped_relative_to_upstream	IIIc	40	52	H	H	identical_to_human	identical	8.0	false	false	main_text_primary_claim
chrysemys_picta_bellii	IIIc	IIIc	IIIb	swapped_relative_to_upstream	IIIc	41	53	S	T	conservative_substitution	conservative	1.0	false	false	main_text_primary_claim
chrysemys_picta_bellii	IIIc	IIIc	IIIb	swapped_relative_to_upstream	IIIc	42	54	A	A	identical_to_human	identical	4.0	false	false	main_text_primary_claim
chrysemys_picta_bellii	IIIc	IIIc	IIIb	swapped_relative_to_upstream	IIIc	43	55	W	W	identical_to_human	identical	11.0	false	false	main_text_primary_claim
chrysemys_picta_bellii	IIIc	IIIc	IIIb	swapped_relative_to_upstream	IIIc	44	56	L	L	identical_to_human	identical	4.0	false	false	main_text_primary_claim
chrysemys_picta_bellii	IIIc	IIIc	IIIb	swapped_relative_to_upstream	IIIc	45	57	T	T	identical_to_human	identical	5.0	false	false	main_text_primary_claim
chrysemys_picta_bellii	IIIc	IIIc	IIIb	swapped_relative_to_upstream	IIIc	46	58	V	V	identical_to_human	identical	4.0	false	false	main_text_primary_claim
chrysemys_picta_bellii	IIIc	IIIc	IIIb	swapped_relative_to_upstream	IIIc	47	59	L	L	identical_to_human	identical	4.0	false	false	main_text_primary_claim
chrysemys_picta_bellii	IIIc	IIIc	IIIb	swapped_relative_to_upstream	IIIc	48	69	P	P	identical_to_human	identical	7.0	false	false	main_text_primary_claim
danio_rerio	IIIc	IIIc	IIIb	swapped_relative_to_upstream	IIIc	1	1	A		gap_or_missing	gap		true	false	main_text_with_footnote
danio_rerio	IIIc	IIIc	IIIb	swapped_relative_to_upstream	IIIc	2	2	A	A	identical_to_human	identical	4.0	false	false	main_text_with_footnote
danio_rerio	IIIc	IIIc	IIIb	swapped_relative_to_upstream	IIIc	3	3	G	G	identical_to_human	identical	6.0	false	false	main_text_with_footnote
danio_rerio	IIIc	IIIc	IIIb	swapped_relative_to_upstream	IIIc	4	4	V	V	identical_to_human	identical	4.0	false	false	main_text_with_footnote
danio_rerio	IIIc	IIIc	IIIb	swapped_relative_to_upstream	IIIc	5	5	N	N	identical_to_human	identical	6.0	false	false	main_text_with_footnote
danio_rerio	IIIc	IIIc	IIIb	swapped_relative_to_upstream	IIIc	6	6	T	T	identical_to_human	identical	5.0	false	false	main_text_with_footnote
danio_rerio	IIIc	IIIc	IIIb	swapped_relative_to_upstream	IIIc	7	7	T	T	identical_to_human	identical	5.0	false	false	main_text_with_footnote
danio_rerio	IIIc	IIIc	IIIb	swapped_relative_to_upstream	IIIc	8	8	D	D	identical_to_human	identical	6.0	false	false	main_text_with_footnote
danio_rerio	IIIc	IIIc	IIIb	swapped_relative_to_upstream	IIIc	9	9	K	K	identical_to_human	identical	5.0	false	false	main_text_with_footnote
danio_rerio	IIIc	IIIc	IIIb	swapped_relative_to_upstream	IIIc	10	10	E	E	identical_to_human	identical	5.0	false	false	main_text_with_footnote
danio_rerio	IIIc	IIIc	IIIb	swapped_relative_to_upstream	IIIc	11	11	I	I	identical_to_human	identical	4.0	false	false	main_text_with_footnote
danio_rerio	IIIc	IIIc	IIIb	swapped_relative_to_upstream	IIIc	12	12	E	E	identical_to_human	identical	5.0	false	false	main_text_with_footnote
danio_rerio	IIIc	IIIc	IIIb	swapped_relative_to_upstream	IIIc	13	13	V	V	identical_to_human	identical	4.0	false	false	main_text_with_footnote
danio_rerio	IIIc	IIIc	IIIb	swapped_relative_to_upstream	IIIc	14	14	L	L	identical_to_human	identical	4.0	false	false	main_text_with_footnote
danio_rerio	IIIc	IIIc	IIIb	swapped_relative_to_upstream	IIIc	15	15	Y	Y	identical_to_human	identical	7.0	false	false	main_text_with_footnote
danio_rerio	IIIc	IIIc	IIIb	swapped_relative_to_upstream	IIIc	16	16	I	L	conservative_substitution	conservative	2.0	false	false	main_text_with_footnote
danio_rerio	IIIc	IIIc	IIIb	swapped_relative_to_upstream	IIIc	17	17	R	P	nonconservative_substitution	nonconservative	-2.0	false	false	main_text_with_footnote
danio_rerio	IIIc	IIIc	IIIb	swapped_relative_to_upstream	IIIc	18	18	N	N	identical_to_human	identical	6.0	false	false	main_text_with_footnote
danio_rerio	IIIc	IIIc	IIIb	swapped_relative_to_upstream	IIIc	19	19	V	V	identical_to_human	identical	4.0	false	false	main_text_with_footnote
danio_rerio	IIIc	IIIc	IIIb	swapped_relative_to_upstream	IIIc	20	20	T	T	identical_to_human	identical	5.0	false	false	main_text_with_footnote
danio_rerio	IIIc	IIIc	IIIb	swapped_relative_to_upstream	IIIc	21	21	F	F	identical_to_human	identical	6.0	false	false	main_text_with_footnote
danio_rerio	IIIc	IIIc	IIIb	swapped_relative_to_upstream	IIIc	22	22	E	E	identical_to_human	identical	5.0	false	false	main_text_with_footnote
danio_rerio	IIIc	IIIc	IIIb	swapped_relative_to_upstream	IIIc	23	23	D	D	identical_to_human	identical	6.0	false	false	main_text_with_footnote
danio_rerio	IIIc	IIIc	IIIb	swapped_relative_to_upstream	IIIc	24	24	A	A	identical_to_human	identical	4.0	false	false	main_text_with_footnote
danio_rerio	IIIc	IIIc	IIIb	swapped_relative_to_upstream	IIIc	25	25	G	G	identical_to_human	identical	6.0	false	false	main_text_with_footnote
danio_rerio	IIIc	IIIc	IIIb	swapped_relative_to_upstream	IIIc	26	26	E	E	identical_to_human	identical	5.0	false	false	main_text_with_footnote
danio_rerio	IIIc	IIIc	IIIb	swapped_relative_to_upstream	IIIc	27	27	Y	Y	identical_to_human	identical	7.0	false	false	main_text_with_footnote
danio_rerio	IIIc	IIIc	IIIb	swapped_relative_to_upstream	IIIc	28	28	T	T	identical_to_human	identical	5.0	false	false	main_text_with_footnote
danio_rerio	IIIc	IIIc	IIIb	swapped_relative_to_upstream	IIIc	29	29	C	C	identical_to_human	identical	9.0	false	false	main_text_with_footnote
danio_rerio	IIIc	IIIc	IIIb	swapped_relative_to_upstream	IIIc	30	30	L	L	identical_to_human	identical	4.0	false	false	main_text_with_footnote
danio_rerio	IIIc	IIIc	IIIb	swapped_relative_to_upstream	IIIc	31	31	A	A	identical_to_human	identical	4.0	false	false	main_text_with_footnote
danio_rerio	IIIc	IIIc	IIIb	swapped_relative_to_upstream	IIIc	32	32	G	G	identical_to_human	identical	6.0	false	false	main_text_with_footnote
danio_rerio	IIIc	IIIc	IIIb	swapped_relative_to_upstream	IIIc	33	45	N	N	identical_to_human	identical	6.0	false	false	main_text_with_footnote
danio_rerio	IIIc	IIIc	IIIb	swapped_relative_to_upstream	IIIc	34	46	S	S	identical_to_human	identical	4.0	false	false	main_text_with_footnote
danio_rerio	IIIc	IIIc	IIIb	swapped_relative_to_upstream	IIIc	35	47	I	I	identical_to_human	identical	4.0	false	false	main_text_with_footnote
danio_rerio	IIIc	IIIc	IIIb	swapped_relative_to_upstream	IIIc	36	48	G	G	identical_to_human	identical	6.0	false	false	main_text_with_footnote
danio_rerio	IIIc	IIIc	IIIb	swapped_relative_to_upstream	IIIc	37	49	I	I	identical_to_human	identical	4.0	false	false	main_text_with_footnote
danio_rerio	IIIc	IIIc	IIIb	swapped_relative_to_upstream	IIIc	38	50	S	S	identical_to_human	identical	4.0	false	false	main_text_with_footnote
danio_rerio	IIIc	IIIc	IIIb	swapped_relative_to_upstream	IIIc	39	51	F	Y	conservative_substitution	conservative	3.0	false	false	main_text_with_footnote
danio_rerio	IIIc	IIIc	IIIb	swapped_relative_to_upstream	IIIc	40	52	H	H	identical_to_human	identical	8.0	false	false	main_text_with_footnote
danio_rerio	IIIc	IIIc	IIIb	swapped_relative_to_upstream	IIIc	41	53	S	T	conservative_substitution	conservative	1.0	false	false	main_text_with_footnote
danio_rerio	IIIc	IIIc	IIIb	swapped_relative_to_upstream	IIIc	42	54	A	A	identical_to_human	identical	4.0	false	false	main_text_with_footnote
danio_rerio	IIIc	IIIc	IIIb	swapped_relative_to_upstream	IIIc	43	55	W	W	identical_to_human	identical	11.0	false	false	main_text_with_footnote
danio_rerio	IIIc	IIIc	IIIb	swapped_relative_to_upstream	IIIc	44	56	L	L	identical_to_human	identical	4.0	false	false	main_text_with_footnote
danio_rerio	IIIc	IIIc	IIIb	swapped_relative_to_upstream	IIIc	45	57	T	T	identical_to_human	identical	5.0	false	false	main_text_with_footnote
danio_rerio	IIIc	IIIc	IIIb	swapped_relative_to_upstream	IIIc	46	58	V	V	identical_to_human	identical	4.0	false	false	main_text_with_footnote
danio_rerio	IIIc	IIIc	IIIb	swapped_relative_to_upstream	IIIc	47	59	L	H	nonconservative_substitution	nonconservative	-3.0	false	false	main_text_with_footnote
danio_rerio	IIIc	IIIc	IIIb	swapped_relative_to_upstream	IIIc	48	69	P	P	identical_to_human	identical	7.0	false	false	main_text_with_footnote
equus_caballus	IIIc	IIIc	IIIb	swapped_relative_to_upstream	IIIc	1	1	A	A	identical_to_human	identical	4.0	false	false	main_text_primary_claim
equus_caballus	IIIc	IIIc	IIIb	swapped_relative_to_upstream	IIIc	2	2	A	A	identical_to_human	identical	4.0	false	false	main_text_primary_claim
equus_caballus	IIIc	IIIc	IIIb	swapped_relative_to_upstream	IIIc	3	3	G	G	identical_to_human	identical	6.0	false	false	main_text_primary_claim
equus_caballus	IIIc	IIIc	IIIb	swapped_relative_to_upstream	IIIc	4	4	V	V	identical_to_human	identical	4.0	false	false	main_text_primary_claim
equus_caballus	IIIc	IIIc	IIIb	swapped_relative_to_upstream	IIIc	5	5	N	N	identical_to_human	identical	6.0	false	false	main_text_primary_claim
equus_caballus	IIIc	IIIc	IIIb	swapped_relative_to_upstream	IIIc	6	6	T	T	identical_to_human	identical	5.0	false	false	main_text_primary_claim
equus_caballus	IIIc	IIIc	IIIb	swapped_relative_to_upstream	IIIc	7	7	T	T	identical_to_human	identical	5.0	false	false	main_text_primary_claim
equus_caballus	IIIc	IIIc	IIIb	swapped_relative_to_upstream	IIIc	8	8	D	D	identical_to_human	identical	6.0	false	false	main_text_primary_claim
equus_caballus	IIIc	IIIc	IIIb	swapped_relative_to_upstream	IIIc	9	9	K	K	identical_to_human	identical	5.0	false	false	main_text_primary_claim
equus_caballus	IIIc	IIIc	IIIb	swapped_relative_to_upstream	IIIc	10	10	E	E	identical_to_human	identical	5.0	false	false	main_text_primary_claim
equus_caballus	IIIc	IIIc	IIIb	swapped_relative_to_upstream	IIIc	11	11	I	I	identical_to_human	identical	4.0	false	false	main_text_primary_claim
equus_caballus	IIIc	IIIc	IIIb	swapped_relative_to_upstream	IIIc	12	12	E	E	identical_to_human	identical	5.0	false	false	main_text_primary_claim
equus_caballus	IIIc	IIIc	IIIb	swapped_relative_to_upstream	IIIc	13	13	V	V	identical_to_human	identical	4.0	false	false	main_text_primary_claim
equus_caballus	IIIc	IIIc	IIIb	swapped_relative_to_upstream	IIIc	14	14	L	L	identical_to_human	identical	4.0	false	false	main_text_primary_claim
equus_caballus	IIIc	IIIc	IIIb	swapped_relative_to_upstream	IIIc	15	15	Y	Y	identical_to_human	identical	7.0	false	false	main_text_primary_claim
equus_caballus	IIIc	IIIc	IIIb	swapped_relative_to_upstream	IIIc	16	16	I	I	identical_to_human	identical	4.0	false	false	main_text_primary_claim
equus_caballus	IIIc	IIIc	IIIb	swapped_relative_to_upstream	IIIc	17	17	R	R	identical_to_human	identical	5.0	false	false	main_text_primary_claim
equus_caballus	IIIc	IIIc	IIIb	swapped_relative_to_upstream	IIIc	18	18	N	N	identical_to_human	identical	6.0	false	false	main_text_primary_claim
equus_caballus	IIIc	IIIc	IIIb	swapped_relative_to_upstream	IIIc	19	19	V	V	identical_to_human	identical	4.0	false	false	main_text_primary_claim
equus_caballus	IIIc	IIIc	IIIb	swapped_relative_to_upstream	IIIc	20	20	T	T	identical_to_human	identical	5.0	false	false	main_text_primary_claim
equus_caballus	IIIc	IIIc	IIIb	swapped_relative_to_upstream	IIIc	21	21	F	F	identical_to_human	identical	6.0	false	false	main_text_primary_claim
equus_caballus	IIIc	IIIc	IIIb	swapped_relative_to_upstream	IIIc	22	22	E	E	identical_to_human	identical	5.0	false	false	main_text_primary_claim
equus_caballus	IIIc	IIIc	IIIb	swapped_relative_to_upstream	IIIc	23	23	D	D	identical_to_human	identical	6.0	false	false	main_text_primary_claim
equus_caballus	IIIc	IIIc	IIIb	swapped_relative_to_upstream	IIIc	24	24	A	A	identical_to_human	identical	4.0	false	false	main_text_primary_claim
equus_caballus	IIIc	IIIc	IIIb	swapped_relative_to_upstream	IIIc	25	25	G	G	identical_to_human	identical	6.0	false	false	main_text_primary_claim
equus_caballus	IIIc	IIIc	IIIb	swapped_relative_to_upstream	IIIc	26	26	E	E	identical_to_human	identical	5.0	false	false	main_text_primary_claim
equus_caballus	IIIc	IIIc	IIIb	swapped_relative_to_upstream	IIIc	27	27	Y	Y	identical_to_human	identical	7.0	false	false	main_text_primary_claim
equus_caballus	IIIc	IIIc	IIIb	swapped_relative_to_upstream	IIIc	28	28	T	T	identical_to_human	identical	5.0	false	false	main_text_primary_claim
equus_caballus	IIIc	IIIc	IIIb	swapped_relative_to_upstream	IIIc	29	29	C	C	identical_to_human	identical	9.0	false	false	main_text_primary_claim
equus_caballus	IIIc	IIIc	IIIb	swapped_relative_to_upstream	IIIc	30	30	L	L	identical_to_human	identical	4.0	false	false	main_text_primary_claim
equus_caballus	IIIc	IIIc	IIIb	swapped_relative_to_upstream	IIIc	31	31	A	A	identical_to_human	identical	4.0	false	false	main_text_primary_claim
equus_caballus	IIIc	IIIc	IIIb	swapped_relative_to_upstream	IIIc	32	32	G	G	identical_to_human	identical	6.0	false	false	main_text_primary_claim
equus_caballus	IIIc	IIIc	IIIb	swapped_relative_to_upstream	IIIc	33	45	N	N	identical_to_human	identical	6.0	false	false	main_text_primary_claim
equus_caballus	IIIc	IIIc	IIIb	swapped_relative_to_upstream	IIIc	34	46	S	S	identical_to_human	identical	4.0	false	false	main_text_primary_claim
equus_caballus	IIIc	IIIc	IIIb	swapped_relative_to_upstream	IIIc	35	47	I	I	identical_to_human	identical	4.0	false	false	main_text_primary_claim
equus_caballus	IIIc	IIIc	IIIb	swapped_relative_to_upstream	IIIc	36	48	G	G	identical_to_human	identical	6.0	false	false	main_text_primary_claim
equus_caballus	IIIc	IIIc	IIIb	swapped_relative_to_upstream	IIIc	37	49	I	I	identical_to_human	identical	4.0	false	false	main_text_primary_claim
equus_caballus	IIIc	IIIc	IIIb	swapped_relative_to_upstream	IIIc	38	50	S	S	identical_to_human	identical	4.0	false	false	main_text_primary_claim
equus_caballus	IIIc	IIIc	IIIb	swapped_relative_to_upstream	IIIc	39	51	F	F	identical_to_human	identical	6.0	false	false	main_text_primary_claim
equus_caballus	IIIc	IIIc	IIIb	swapped_relative_to_upstream	IIIc	40	52	H	H	identical_to_human	identical	8.0	false	false	main_text_primary_claim
equus_caballus	IIIc	IIIc	IIIb	swapped_relative_to_upstream	IIIc	41	53	S	S	identical_to_human	identical	4.0	false	false	main_text_primary_claim
equus_caballus	IIIc	IIIc	IIIb	swapped_relative_to_upstream	IIIc	42	54	A	A	identical_to_human	identical	4.0	false	false	main_text_primary_claim
equus_caballus	IIIc	IIIc	IIIb	swapped_relative_to_upstream	IIIc	43	55	W	W	identical_to_human	identical	11.0	false	false	main_text_primary_claim
equus_caballus	IIIc	IIIc	IIIb	swapped_relative_to_upstream	IIIc	44	56	L	L	identical_to_human	identical	4.0	false	false	main_text_primary_claim
equus_caballus	IIIc	IIIc	IIIb	swapped_relative_to_upstream	IIIc	45	57	T	T	identical_to_human	identical	5.0	false	false	main_text_primary_claim
equus_caballus	IIIc	IIIc	IIIb	swapped_relative_to_upstream	IIIc	46	58	V	V	identical_to_human	identical	4.0	false	false	main_text_primary_claim
equus_caballus	IIIc	IIIc	IIIb	swapped_relative_to_upstream	IIIc	47	59	L	L	identical_to_human	identical	4.0	false	false	main_text_primary_claim
equus_caballus	IIIc	IIIc	IIIb	swapped_relative_to_upstream	IIIc	48	69	P	P	identical_to_human	identical	7.0	false	false	main_text_primary_claim
felis_catus	IIIc	IIIc	IIIb	swapped_relative_to_upstream	IIIc	1	1	A	A	identical_to_human	identical	4.0	false	false	main_text_primary_claim
felis_catus	IIIc	IIIc	IIIb	swapped_relative_to_upstream	IIIc	2	2	A	A	identical_to_human	identical	4.0	false	false	main_text_primary_claim
felis_catus	IIIc	IIIc	IIIb	swapped_relative_to_upstream	IIIc	3	3	G	G	identical_to_human	identical	6.0	false	false	main_text_primary_claim
felis_catus	IIIc	IIIc	IIIb	swapped_relative_to_upstream	IIIc	4	4	V	V	identical_to_human	identical	4.0	false	false	main_text_primary_claim
felis_catus	IIIc	IIIc	IIIb	swapped_relative_to_upstream	IIIc	5	5	N	N	identical_to_human	identical	6.0	false	false	main_text_primary_claim
felis_catus	IIIc	IIIc	IIIb	swapped_relative_to_upstream	IIIc	6	6	T	T	identical_to_human	identical	5.0	false	false	main_text_primary_claim
felis_catus	IIIc	IIIc	IIIb	swapped_relative_to_upstream	IIIc	7	7	T	T	identical_to_human	identical	5.0	false	false	main_text_primary_claim
felis_catus	IIIc	IIIc	IIIb	swapped_relative_to_upstream	IIIc	8	8	D	D	identical_to_human	identical	6.0	false	false	main_text_primary_claim
felis_catus	IIIc	IIIc	IIIb	swapped_relative_to_upstream	IIIc	9	9	K	K	identical_to_human	identical	5.0	false	false	main_text_primary_claim
felis_catus	IIIc	IIIc	IIIb	swapped_relative_to_upstream	IIIc	10	10	E	E	identical_to_human	identical	5.0	false	false	main_text_primary_claim
felis_catus	IIIc	IIIc	IIIb	swapped_relative_to_upstream	IIIc	11	11	I	I	identical_to_human	identical	4.0	false	false	main_text_primary_claim
felis_catus	IIIc	IIIc	IIIb	swapped_relative_to_upstream	IIIc	12	12	E	E	identical_to_human	identical	5.0	false	false	main_text_primary_claim
felis_catus	IIIc	IIIc	IIIb	swapped_relative_to_upstream	IIIc	13	13	V	V	identical_to_human	identical	4.0	false	false	main_text_primary_claim
felis_catus	IIIc	IIIc	IIIb	swapped_relative_to_upstream	IIIc	14	14	L	L	identical_to_human	identical	4.0	false	false	main_text_primary_claim
felis_catus	IIIc	IIIc	IIIb	swapped_relative_to_upstream	IIIc	15	15	Y	Y	identical_to_human	identical	7.0	false	false	main_text_primary_claim
felis_catus	IIIc	IIIc	IIIb	swapped_relative_to_upstream	IIIc	16	16	I	I	identical_to_human	identical	4.0	false	false	main_text_primary_claim
felis_catus	IIIc	IIIc	IIIb	swapped_relative_to_upstream	IIIc	17	17	R	R	identical_to_human	identical	5.0	false	false	main_text_primary_claim
felis_catus	IIIc	IIIc	IIIb	swapped_relative_to_upstream	IIIc	18	18	N	N	identical_to_human	identical	6.0	false	false	main_text_primary_claim
felis_catus	IIIc	IIIc	IIIb	swapped_relative_to_upstream	IIIc	19	19	V	V	identical_to_human	identical	4.0	false	false	main_text_primary_claim
felis_catus	IIIc	IIIc	IIIb	swapped_relative_to_upstream	IIIc	20	20	T	T	identical_to_human	identical	5.0	false	false	main_text_primary_claim
felis_catus	IIIc	IIIc	IIIb	swapped_relative_to_upstream	IIIc	21	21	F	F	identical_to_human	identical	6.0	false	false	main_text_primary_claim
felis_catus	IIIc	IIIc	IIIb	swapped_relative_to_upstream	IIIc	22	22	E	E	identical_to_human	identical	5.0	false	false	main_text_primary_claim
felis_catus	IIIc	IIIc	IIIb	swapped_relative_to_upstream	IIIc	23	23	D	D	identical_to_human	identical	6.0	false	false	main_text_primary_claim
felis_catus	IIIc	IIIc	IIIb	swapped_relative_to_upstream	IIIc	24	24	A	A	identical_to_human	identical	4.0	false	false	main_text_primary_claim
felis_catus	IIIc	IIIc	IIIb	swapped_relative_to_upstream	IIIc	25	25	G	G	identical_to_human	identical	6.0	false	false	main_text_primary_claim
felis_catus	IIIc	IIIc	IIIb	swapped_relative_to_upstream	IIIc	26	26	E	E	identical_to_human	identical	5.0	false	false	main_text_primary_claim
felis_catus	IIIc	IIIc	IIIb	swapped_relative_to_upstream	IIIc	27	27	Y	Y	identical_to_human	identical	7.0	false	false	main_text_primary_claim
felis_catus	IIIc	IIIc	IIIb	swapped_relative_to_upstream	IIIc	28	28	T	T	identical_to_human	identical	5.0	false	false	main_text_primary_claim
felis_catus	IIIc	IIIc	IIIb	swapped_relative_to_upstream	IIIc	29	29	C	C	identical_to_human	identical	9.0	false	false	main_text_primary_claim
felis_catus	IIIc	IIIc	IIIb	swapped_relative_to_upstream	IIIc	30	30	L	L	identical_to_human	identical	4.0	false	false	main_text_primary_claim
felis_catus	IIIc	IIIc	IIIb	swapped_relative_to_upstream	IIIc	31	31	A	A	identical_to_human	identical	4.0	false	false	main_text_primary_claim
felis_catus	IIIc	IIIc	IIIb	swapped_relative_to_upstream	IIIc	32	32	G	G	identical_to_human	identical	6.0	false	false	main_text_primary_claim
felis_catus	IIIc	IIIc	IIIb	swapped_relative_to_upstream	IIIc	33	45	N	N	identical_to_human	identical	6.0	false	false	main_text_primary_claim
felis_catus	IIIc	IIIc	IIIb	swapped_relative_to_upstream	IIIc	34	46	S	S	identical_to_human	identical	4.0	false	false	main_text_primary_claim
felis_catus	IIIc	IIIc	IIIb	swapped_relative_to_upstream	IIIc	35	47	I	I	identical_to_human	identical	4.0	false	false	main_text_primary_claim
felis_catus	IIIc	IIIc	IIIb	swapped_relative_to_upstream	IIIc	36	48	G	G	identical_to_human	identical	6.0	false	false	main_text_primary_claim
felis_catus	IIIc	IIIc	IIIb	swapped_relative_to_upstream	IIIc	37	49	I	I	identical_to_human	identical	4.0	false	false	main_text_primary_claim
felis_catus	IIIc	IIIc	IIIb	swapped_relative_to_upstream	IIIc	38	50	S	S	identical_to_human	identical	4.0	false	false	main_text_primary_claim
felis_catus	IIIc	IIIc	IIIb	swapped_relative_to_upstream	IIIc	39	51	F	F	identical_to_human	identical	6.0	false	false	main_text_primary_claim
felis_catus	IIIc	IIIc	IIIb	swapped_relative_to_upstream	IIIc	40	52	H	H	identical_to_human	identical	8.0	false	false	main_text_primary_claim
felis_catus	IIIc	IIIc	IIIb	swapped_relative_to_upstream	IIIc	41	53	S	S	identical_to_human	identical	4.0	false	false	main_text_primary_claim
felis_catus	IIIc	IIIc	IIIb	swapped_relative_to_upstream	IIIc	42	54	A	A	identical_to_human	identical	4.0	false	false	main_text_primary_claim
felis_catus	IIIc	IIIc	IIIb	swapped_relative_to_upstream	IIIc	43	55	W	W	identical_to_human	identical	11.0	false	false	main_text_primary_claim
felis_catus	IIIc	IIIc	IIIb	swapped_relative_to_upstream	IIIc	44	56	L	L	identical_to_human	identical	4.0	false	false	main_text_primary_claim
felis_catus	IIIc	IIIc	IIIb	swapped_relative_to_upstream	IIIc	45	57	T	T	identical_to_human	identical	5.0	false	false	main_text_primary_claim
felis_catus	IIIc	IIIc	IIIb	swapped_relative_to_upstream	IIIc	46	58	V	V	identical_to_human	identical	4.0	false	false	main_text_primary_claim
felis_catus	IIIc	IIIc	IIIb	swapped_relative_to_upstream	IIIc	47	59	L	L	identical_to_human	identical	4.0	false	false	main_text_primary_claim
felis_catus	IIIc	IIIc	IIIb	swapped_relative_to_upstream	IIIc	48	69	P	P	identical_to_human	identical	7.0	false	false	main_text_primary_claim
gallus_gallus	IIIc	IIIc	IIIb	swapped_relative_to_upstream	IIIc	1	1	A	A	identical_to_human	identical	4.0	false	false	main_text_primary_claim
gallus_gallus	IIIc	IIIc	IIIb	swapped_relative_to_upstream	IIIc	2	2	A	A	identical_to_human	identical	4.0	false	false	main_text_primary_claim
gallus_gallus	IIIc	IIIc	IIIb	swapped_relative_to_upstream	IIIc	3	3	G	G	identical_to_human	identical	6.0	false	false	main_text_primary_claim
gallus_gallus	IIIc	IIIc	IIIb	swapped_relative_to_upstream	IIIc	4	4	V	V	identical_to_human	identical	4.0	false	false	main_text_primary_claim
gallus_gallus	IIIc	IIIc	IIIb	swapped_relative_to_upstream	IIIc	5	5	N	N	identical_to_human	identical	6.0	false	false	main_text_primary_claim
gallus_gallus	IIIc	IIIc	IIIb	swapped_relative_to_upstream	IIIc	6	6	T	T	identical_to_human	identical	5.0	false	false	main_text_primary_claim
gallus_gallus	IIIc	IIIc	IIIb	swapped_relative_to_upstream	IIIc	7	7	T	T	identical_to_human	identical	5.0	false	false	main_text_primary_claim
gallus_gallus	IIIc	IIIc	IIIb	swapped_relative_to_upstream	IIIc	8	8	D	D	identical_to_human	identical	6.0	false	false	main_text_primary_claim
gallus_gallus	IIIc	IIIc	IIIb	swapped_relative_to_upstream	IIIc	9	9	K	K	identical_to_human	identical	5.0	false	false	main_text_primary_claim
gallus_gallus	IIIc	IIIc	IIIb	swapped_relative_to_upstream	IIIc	10	10	E	E	identical_to_human	identical	5.0	false	false	main_text_primary_claim
gallus_gallus	IIIc	IIIc	IIIb	swapped_relative_to_upstream	IIIc	11	11	I	I	identical_to_human	identical	4.0	false	false	main_text_primary_claim
gallus_gallus	IIIc	IIIc	IIIb	swapped_relative_to_upstream	IIIc	12	12	E	E	identical_to_human	identical	5.0	false	false	main_text_primary_claim
gallus_gallus	IIIc	IIIc	IIIb	swapped_relative_to_upstream	IIIc	13	13	V	V	identical_to_human	identical	4.0	false	false	main_text_primary_claim
gallus_gallus	IIIc	IIIc	IIIb	swapped_relative_to_upstream	IIIc	14	14	L	L	identical_to_human	identical	4.0	false	false	main_text_primary_claim
gallus_gallus	IIIc	IIIc	IIIb	swapped_relative_to_upstream	IIIc	15	15	Y	Y	identical_to_human	identical	7.0	false	false	main_text_primary_claim
gallus_gallus	IIIc	IIIc	IIIb	swapped_relative_to_upstream	IIIc	16	16	I	I	identical_to_human	identical	4.0	false	false	main_text_primary_claim
gallus_gallus	IIIc	IIIc	IIIb	swapped_relative_to_upstream	IIIc	17	17	R	R	identical_to_human	identical	5.0	false	false	main_text_primary_claim
gallus_gallus	IIIc	IIIc	IIIb	swapped_relative_to_upstream	IIIc	18	18	N	N	identical_to_human	identical	6.0	false	false	main_text_primary_claim
gallus_gallus	IIIc	IIIc	IIIb	swapped_relative_to_upstream	IIIc	19	19	V	V	identical_to_human	identical	4.0	false	false	main_text_primary_claim
gallus_gallus	IIIc	IIIc	IIIb	swapped_relative_to_upstream	IIIc	20	20	T	T	identical_to_human	identical	5.0	false	false	main_text_primary_claim
gallus_gallus	IIIc	IIIc	IIIb	swapped_relative_to_upstream	IIIc	21	21	F	F	identical_to_human	identical	6.0	false	false	main_text_primary_claim
gallus_gallus	IIIc	IIIc	IIIb	swapped_relative_to_upstream	IIIc	22	22	E	E	identical_to_human	identical	5.0	false	false	main_text_primary_claim
gallus_gallus	IIIc	IIIc	IIIb	swapped_relative_to_upstream	IIIc	23	23	D	D	identical_to_human	identical	6.0	false	false	main_text_primary_claim
gallus_gallus	IIIc	IIIc	IIIb	swapped_relative_to_upstream	IIIc	24	24	A	A	identical_to_human	identical	4.0	false	false	main_text_primary_claim
gallus_gallus	IIIc	IIIc	IIIb	swapped_relative_to_upstream	IIIc	25	25	G	G	identical_to_human	identical	6.0	false	false	main_text_primary_claim
gallus_gallus	IIIc	IIIc	IIIb	swapped_relative_to_upstream	IIIc	26	26	E	E	identical_to_human	identical	5.0	false	false	main_text_primary_claim
gallus_gallus	IIIc	IIIc	IIIb	swapped_relative_to_upstream	IIIc	27	27	Y	Y	identical_to_human	identical	7.0	false	false	main_text_primary_claim
gallus_gallus	IIIc	IIIc	IIIb	swapped_relative_to_upstream	IIIc	28	28	T	T	identical_to_human	identical	5.0	false	false	main_text_primary_claim
gallus_gallus	IIIc	IIIc	IIIb	swapped_relative_to_upstream	IIIc	29	29	C	C	identical_to_human	identical	9.0	false	false	main_text_primary_claim
gallus_gallus	IIIc	IIIc	IIIb	swapped_relative_to_upstream	IIIc	30	30	L	L	identical_to_human	identical	4.0	false	false	main_text_primary_claim
gallus_gallus	IIIc	IIIc	IIIb	swapped_relative_to_upstream	IIIc	31	31	A	A	identical_to_human	identical	4.0	false	false	main_text_primary_claim
gallus_gallus	IIIc	IIIc	IIIb	swapped_relative_to_upstream	IIIc	32	32	G	G	identical_to_human	identical	6.0	false	false	main_text_primary_claim
gallus_gallus	IIIc	IIIc	IIIb	swapped_relative_to_upstream	IIIc	33	45	N	N	identical_to_human	identical	6.0	false	false	main_text_primary_claim
gallus_gallus	IIIc	IIIc	IIIb	swapped_relative_to_upstream	IIIc	34	46	S	S	identical_to_human	identical	4.0	false	false	main_text_primary_claim
gallus_gallus	IIIc	IIIc	IIIb	swapped_relative_to_upstream	IIIc	35	47	I	I	identical_to_human	identical	4.0	false	false	main_text_primary_claim
gallus_gallus	IIIc	IIIc	IIIb	swapped_relative_to_upstream	IIIc	36	48	G	G	identical_to_human	identical	6.0	false	false	main_text_primary_claim
gallus_gallus	IIIc	IIIc	IIIb	swapped_relative_to_upstream	IIIc	37	49	I	I	identical_to_human	identical	4.0	false	false	main_text_primary_claim
gallus_gallus	IIIc	IIIc	IIIb	swapped_relative_to_upstream	IIIc	38	50	S	S	identical_to_human	identical	4.0	false	false	main_text_primary_claim
gallus_gallus	IIIc	IIIc	IIIb	swapped_relative_to_upstream	IIIc	39	51	F	F	identical_to_human	identical	6.0	false	false	main_text_primary_claim
gallus_gallus	IIIc	IIIc	IIIb	swapped_relative_to_upstream	IIIc	40	52	H	H	identical_to_human	identical	8.0	false	false	main_text_primary_claim
gallus_gallus	IIIc	IIIc	IIIb	swapped_relative_to_upstream	IIIc	41	53	S	T	conservative_substitution	conservative	1.0	false	false	main_text_primary_claim
gallus_gallus	IIIc	IIIc	IIIb	swapped_relative_to_upstream	IIIc	42	54	A	A	identical_to_human	identical	4.0	false	false	main_text_primary_claim
gallus_gallus	IIIc	IIIc	IIIb	swapped_relative_to_upstream	IIIc	43	55	W	W	identical_to_human	identical	11.0	false	false	main_text_primary_claim
gallus_gallus	IIIc	IIIc	IIIb	swapped_relative_to_upstream	IIIc	44	56	L	L	identical_to_human	identical	4.0	false	false	main_text_primary_claim
gallus_gallus	IIIc	IIIc	IIIb	swapped_relative_to_upstream	IIIc	45	57	T	T	identical_to_human	identical	5.0	false	false	main_text_primary_claim
gallus_gallus	IIIc	IIIc	IIIb	swapped_relative_to_upstream	IIIc	46	58	V	V	identical_to_human	identical	4.0	false	false	main_text_primary_claim
gallus_gallus	IIIc	IIIc	IIIb	swapped_relative_to_upstream	IIIc	47	59	L	L	identical_to_human	identical	4.0	false	false	main_text_primary_claim
gallus_gallus	IIIc	IIIc	IIIb	swapped_relative_to_upstream	IIIc	48	69	P	P	identical_to_human	identical	7.0	false	false	main_text_primary_claim
gasterosteus_aculeatus	IIIc	IIIc	IIIb	swapped_relative_to_upstream	IIIc	1	1	A		gap_or_missing	gap		true	true	supplementary_only
gasterosteus_aculeatus	IIIc	IIIc	IIIb	swapped_relative_to_upstream	IIIc	2	2	A	A	identical_to_human	identical	4.0	false	true	supplementary_only
gasterosteus_aculeatus	IIIc	IIIc	IIIb	swapped_relative_to_upstream	IIIc	3	3	G	G	identical_to_human	identical	6.0	false	true	supplementary_only
gasterosteus_aculeatus	IIIc	IIIc	IIIb	swapped_relative_to_upstream	IIIc	4	4	V	V	identical_to_human	identical	4.0	false	true	supplementary_only
gasterosteus_aculeatus	IIIc	IIIc	IIIb	swapped_relative_to_upstream	IIIc	5	5	N	N	identical_to_human	identical	6.0	false	true	supplementary_only
gasterosteus_aculeatus	IIIc	IIIc	IIIb	swapped_relative_to_upstream	IIIc	6	6	T	T	identical_to_human	identical	5.0	false	true	supplementary_only
gasterosteus_aculeatus	IIIc	IIIc	IIIb	swapped_relative_to_upstream	IIIc	7	7	T	T	identical_to_human	identical	5.0	false	true	supplementary_only
gasterosteus_aculeatus	IIIc	IIIc	IIIb	swapped_relative_to_upstream	IIIc	8	8	D	D	identical_to_human	identical	6.0	false	true	supplementary_only
gasterosteus_aculeatus	IIIc	IIIc	IIIb	swapped_relative_to_upstream	IIIc	9	9	K	K	identical_to_human	identical	5.0	false	true	supplementary_only
gasterosteus_aculeatus	IIIc	IIIc	IIIb	swapped_relative_to_upstream	IIIc	10	10	E	E	identical_to_human	identical	5.0	false	true	supplementary_only
gasterosteus_aculeatus	IIIc	IIIc	IIIb	swapped_relative_to_upstream	IIIc	11	11	I	I	identical_to_human	identical	4.0	false	true	supplementary_only
gasterosteus_aculeatus	IIIc	IIIc	IIIb	swapped_relative_to_upstream	IIIc	12	12	E	E	identical_to_human	identical	5.0	false	true	supplementary_only
gasterosteus_aculeatus	IIIc	IIIc	IIIb	swapped_relative_to_upstream	IIIc	13	13	V	A	nonconservative_substitution	semi_conservative	0.0	false	true	supplementary_only
gasterosteus_aculeatus	IIIc	IIIc	IIIb	swapped_relative_to_upstream	IIIc	14	14	L	L	identical_to_human	identical	4.0	false	true	supplementary_only
gasterosteus_aculeatus	IIIc	IIIc	IIIb	swapped_relative_to_upstream	IIIc	15	15	Y	Y	identical_to_human	identical	7.0	false	true	supplementary_only
gasterosteus_aculeatus	IIIc	IIIc	IIIb	swapped_relative_to_upstream	IIIc	16	16	I	L	conservative_substitution	conservative	2.0	false	true	supplementary_only
gasterosteus_aculeatus	IIIc	IIIc	IIIb	swapped_relative_to_upstream	IIIc	17	17	R	P	nonconservative_substitution	nonconservative	-2.0	false	true	supplementary_only
gasterosteus_aculeatus	IIIc	IIIc	IIIb	swapped_relative_to_upstream	IIIc	18	18	N	N	identical_to_human	identical	6.0	false	true	supplementary_only
gasterosteus_aculeatus	IIIc	IIIc	IIIb	swapped_relative_to_upstream	IIIc	19	19	V	V	identical_to_human	identical	4.0	false	true	supplementary_only
gasterosteus_aculeatus	IIIc	IIIc	IIIb	swapped_relative_to_upstream	IIIc	20	20	T	T	identical_to_human	identical	5.0	false	true	supplementary_only
gasterosteus_aculeatus	IIIc	IIIc	IIIb	swapped_relative_to_upstream	IIIc	21	21	F	F	identical_to_human	identical	6.0	false	true	supplementary_only
gasterosteus_aculeatus	IIIc	IIIc	IIIb	swapped_relative_to_upstream	IIIc	22	22	E	E	identical_to_human	identical	5.0	false	true	supplementary_only
gasterosteus_aculeatus	IIIc	IIIc	IIIb	swapped_relative_to_upstream	IIIc	23	23	D	D	identical_to_human	identical	6.0	false	true	supplementary_only
gasterosteus_aculeatus	IIIc	IIIc	IIIb	swapped_relative_to_upstream	IIIc	24	24	A	S	conservative_substitution	conservative	1.0	false	true	supplementary_only
gasterosteus_aculeatus	IIIc	IIIc	IIIb	swapped_relative_to_upstream	IIIc	25	25	G	G	identical_to_human	identical	6.0	false	true	supplementary_only
gasterosteus_aculeatus	IIIc	IIIc	IIIb	swapped_relative_to_upstream	IIIc	26	26	E	E	identical_to_human	identical	5.0	false	true	supplementary_only
gasterosteus_aculeatus	IIIc	IIIc	IIIb	swapped_relative_to_upstream	IIIc	27	27	Y	Y	identical_to_human	identical	7.0	false	true	supplementary_only
gasterosteus_aculeatus	IIIc	IIIc	IIIb	swapped_relative_to_upstream	IIIc	28	28	T	T	identical_to_human	identical	5.0	false	true	supplementary_only
gasterosteus_aculeatus	IIIc	IIIc	IIIb	swapped_relative_to_upstream	IIIc	29	29	C	C	identical_to_human	identical	9.0	false	true	supplementary_only
gasterosteus_aculeatus	IIIc	IIIc	IIIb	swapped_relative_to_upstream	IIIc	30	30	L	L	identical_to_human	identical	4.0	false	true	supplementary_only
gasterosteus_aculeatus	IIIc	IIIc	IIIb	swapped_relative_to_upstream	IIIc	31	31	A	A	identical_to_human	identical	4.0	false	true	supplementary_only
gasterosteus_aculeatus	IIIc	IIIc	IIIb	swapped_relative_to_upstream	IIIc	32	32	G	G	identical_to_human	identical	6.0	false	true	supplementary_only
gasterosteus_aculeatus	IIIc	IIIc	IIIb	swapped_relative_to_upstream	IIIc	33	45	N	N	identical_to_human	identical	6.0	false	true	supplementary_only
gasterosteus_aculeatus	IIIc	IIIc	IIIb	swapped_relative_to_upstream	IIIc	34	46	S	S	identical_to_human	identical	4.0	false	true	supplementary_only
gasterosteus_aculeatus	IIIc	IIIc	IIIb	swapped_relative_to_upstream	IIIc	35	47	I	I	identical_to_human	identical	4.0	false	true	supplementary_only
gasterosteus_aculeatus	IIIc	IIIc	IIIb	swapped_relative_to_upstream	IIIc	36	48	G	G	identical_to_human	identical	6.0	false	true	supplementary_only
gasterosteus_aculeatus	IIIc	IIIc	IIIb	swapped_relative_to_upstream	IIIc	37	49	I	I	identical_to_human	identical	4.0	false	true	supplementary_only
gasterosteus_aculeatus	IIIc	IIIc	IIIb	swapped_relative_to_upstream	IIIc	38	50	S	S	identical_to_human	identical	4.0	false	true	supplementary_only
gasterosteus_aculeatus	IIIc	IIIc	IIIb	swapped_relative_to_upstream	IIIc	39	51	F	Y	conservative_substitution	conservative	3.0	false	true	supplementary_only
gasterosteus_aculeatus	IIIc	IIIc	IIIb	swapped_relative_to_upstream	IIIc	40	52	H	H	identical_to_human	identical	8.0	false	true	supplementary_only
gasterosteus_aculeatus	IIIc	IIIc	IIIb	swapped_relative_to_upstream	IIIc	41	53	S	T	conservative_substitution	conservative	1.0	false	true	supplementary_only
gasterosteus_aculeatus	IIIc	IIIc	IIIb	swapped_relative_to_upstream	IIIc	42	54	A	A	identical_to_human	identical	4.0	false	true	supplementary_only
gasterosteus_aculeatus	IIIc	IIIc	IIIb	swapped_relative_to_upstream	IIIc	43	55	W	W	identical_to_human	identical	11.0	false	true	supplementary_only
gasterosteus_aculeatus	IIIc	IIIc	IIIb	swapped_relative_to_upstream	IIIc	44	56	L	L	identical_to_human	identical	4.0	false	true	supplementary_only
gasterosteus_aculeatus	IIIc	IIIc	IIIb	swapped_relative_to_upstream	IIIc	45	57	T	T	identical_to_human	identical	5.0	false	true	supplementary_only
gasterosteus_aculeatus	IIIc	IIIc	IIIb	swapped_relative_to_upstream	IIIc	46	58	V	V	identical_to_human	identical	4.0	false	true	supplementary_only
gasterosteus_aculeatus	IIIc	IIIc	IIIb	swapped_relative_to_upstream	IIIc	47	59	L	L	identical_to_human	identical	4.0	false	true	supplementary_only
gasterosteus_aculeatus	IIIc	IIIc	IIIb	swapped_relative_to_upstream	IIIc	48	69	P	P	identical_to_human	identical	7.0	false	true	supplementary_only
gorilla_gorilla_gorilla	IIIc	IIIc	IIIb	unresolved_no_sequence	IIIc	1	1	A	A	identical_to_human	identical	4.0	false	true	supplementary_only
gorilla_gorilla_gorilla	IIIc	IIIc	IIIb	unresolved_no_sequence	IIIc	2	2	A	A	identical_to_human	identical	4.0	false	true	supplementary_only
gorilla_gorilla_gorilla	IIIc	IIIc	IIIb	unresolved_no_sequence	IIIc	3	3	G	G	identical_to_human	identical	6.0	false	true	supplementary_only
gorilla_gorilla_gorilla	IIIc	IIIc	IIIb	unresolved_no_sequence	IIIc	4	4	V	V	identical_to_human	identical	4.0	false	true	supplementary_only
gorilla_gorilla_gorilla	IIIc	IIIc	IIIb	unresolved_no_sequence	IIIc	5	5	N	N	identical_to_human	identical	6.0	false	true	supplementary_only
gorilla_gorilla_gorilla	IIIc	IIIc	IIIb	unresolved_no_sequence	IIIc	6	6	T	T	identical_to_human	identical	5.0	false	true	supplementary_only
gorilla_gorilla_gorilla	IIIc	IIIc	IIIb	unresolved_no_sequence	IIIc	7	7	T	T	identical_to_human	identical	5.0	false	true	supplementary_only
gorilla_gorilla_gorilla	IIIc	IIIc	IIIb	unresolved_no_sequence	IIIc	8	8	D	D	identical_to_human	identical	6.0	false	true	supplementary_only
gorilla_gorilla_gorilla	IIIc	IIIc	IIIb	unresolved_no_sequence	IIIc	9	9	K	K	identical_to_human	identical	5.0	false	true	supplementary_only
gorilla_gorilla_gorilla	IIIc	IIIc	IIIb	unresolved_no_sequence	IIIc	10	10	E	E	identical_to_human	identical	5.0	false	true	supplementary_only
gorilla_gorilla_gorilla	IIIc	IIIc	IIIb	unresolved_no_sequence	IIIc	11	11	I	I	identical_to_human	identical	4.0	false	true	supplementary_only
gorilla_gorilla_gorilla	IIIc	IIIc	IIIb	unresolved_no_sequence	IIIc	12	12	E	E	identical_to_human	identical	5.0	false	true	supplementary_only
gorilla_gorilla_gorilla	IIIc	IIIc	IIIb	unresolved_no_sequence	IIIc	13	13	V	V	identical_to_human	identical	4.0	false	true	supplementary_only
gorilla_gorilla_gorilla	IIIc	IIIc	IIIb	unresolved_no_sequence	IIIc	14	14	L	L	identical_to_human	identical	4.0	false	true	supplementary_only
gorilla_gorilla_gorilla	IIIc	IIIc	IIIb	unresolved_no_sequence	IIIc	15	15	Y	Y	identical_to_human	identical	7.0	false	true	supplementary_only
gorilla_gorilla_gorilla	IIIc	IIIc	IIIb	unresolved_no_sequence	IIIc	16	16	I	I	identical_to_human	identical	4.0	false	true	supplementary_only
gorilla_gorilla_gorilla	IIIc	IIIc	IIIb	unresolved_no_sequence	IIIc	17	17	R	R	identical_to_human	identical	5.0	false	true	supplementary_only
gorilla_gorilla_gorilla	IIIc	IIIc	IIIb	unresolved_no_sequence	IIIc	18	18	N	N	identical_to_human	identical	6.0	false	true	supplementary_only
gorilla_gorilla_gorilla	IIIc	IIIc	IIIb	unresolved_no_sequence	IIIc	19	19	V	V	identical_to_human	identical	4.0	false	true	supplementary_only
gorilla_gorilla_gorilla	IIIc	IIIc	IIIb	unresolved_no_sequence	IIIc	20	20	T	T	identical_to_human	identical	5.0	false	true	supplementary_only
gorilla_gorilla_gorilla	IIIc	IIIc	IIIb	unresolved_no_sequence	IIIc	21	21	F	F	identical_to_human	identical	6.0	false	true	supplementary_only
gorilla_gorilla_gorilla	IIIc	IIIc	IIIb	unresolved_no_sequence	IIIc	22	22	E	E	identical_to_human	identical	5.0	false	true	supplementary_only
gorilla_gorilla_gorilla	IIIc	IIIc	IIIb	unresolved_no_sequence	IIIc	23	23	D	D	identical_to_human	identical	6.0	false	true	supplementary_only
gorilla_gorilla_gorilla	IIIc	IIIc	IIIb	unresolved_no_sequence	IIIc	24	24	A	A	identical_to_human	identical	4.0	false	true	supplementary_only
gorilla_gorilla_gorilla	IIIc	IIIc	IIIb	unresolved_no_sequence	IIIc	25	25	G	G	identical_to_human	identical	6.0	false	true	supplementary_only
gorilla_gorilla_gorilla	IIIc	IIIc	IIIb	unresolved_no_sequence	IIIc	26	26	E	E	identical_to_human	identical	5.0	false	true	supplementary_only
gorilla_gorilla_gorilla	IIIc	IIIc	IIIb	unresolved_no_sequence	IIIc	27	27	Y	Y	identical_to_human	identical	7.0	false	true	supplementary_only
gorilla_gorilla_gorilla	IIIc	IIIc	IIIb	unresolved_no_sequence	IIIc	28	28	T	T	identical_to_human	identical	5.0	false	true	supplementary_only
gorilla_gorilla_gorilla	IIIc	IIIc	IIIb	unresolved_no_sequence	IIIc	29	29	C	C	identical_to_human	identical	9.0	false	true	supplementary_only
gorilla_gorilla_gorilla	IIIc	IIIc	IIIb	unresolved_no_sequence	IIIc	30	30	L	L	identical_to_human	identical	4.0	false	true	supplementary_only
gorilla_gorilla_gorilla	IIIc	IIIc	IIIb	unresolved_no_sequence	IIIc	31	31	A	A	identical_to_human	identical	4.0	false	true	supplementary_only
gorilla_gorilla_gorilla	IIIc	IIIc	IIIb	unresolved_no_sequence	IIIc	32	32	G	G	identical_to_human	identical	6.0	false	true	supplementary_only
gorilla_gorilla_gorilla	IIIc	IIIc	IIIb	unresolved_no_sequence	IIIc	33	45	N	N	identical_to_human	identical	6.0	false	true	supplementary_only
gorilla_gorilla_gorilla	IIIc	IIIc	IIIb	unresolved_no_sequence	IIIc	34	46	S	S	identical_to_human	identical	4.0	false	true	supplementary_only
gorilla_gorilla_gorilla	IIIc	IIIc	IIIb	unresolved_no_sequence	IIIc	35	47	I	I	identical_to_human	identical	4.0	false	true	supplementary_only
gorilla_gorilla_gorilla	IIIc	IIIc	IIIb	unresolved_no_sequence	IIIc	36	48	G	G	identical_to_human	identical	6.0	false	true	supplementary_only
gorilla_gorilla_gorilla	IIIc	IIIc	IIIb	unresolved_no_sequence	IIIc	37	49	I	I	identical_to_human	identical	4.0	false	true	supplementary_only
gorilla_gorilla_gorilla	IIIc	IIIc	IIIb	unresolved_no_sequence	IIIc	38	50	S	S	identical_to_human	identical	4.0	false	true	supplementary_only
gorilla_gorilla_gorilla	IIIc	IIIc	IIIb	unresolved_no_sequence	IIIc	39	51	F	F	identical_to_human	identical	6.0	false	true	supplementary_only
gorilla_gorilla_gorilla	IIIc	IIIc	IIIb	unresolved_no_sequence	IIIc	40	52	H	H	identical_to_human	identical	8.0	false	true	supplementary_only
gorilla_gorilla_gorilla	IIIc	IIIc	IIIb	unresolved_no_sequence	IIIc	41	53	S	S	identical_to_human	identical	4.0	false	true	supplementary_only
gorilla_gorilla_gorilla	IIIc	IIIc	IIIb	unresolved_no_sequence	IIIc	42	54	A	A	identical_to_human	identical	4.0	false	true	supplementary_only
gorilla_gorilla_gorilla	IIIc	IIIc	IIIb	unresolved_no_sequence	IIIc	43	55	W	W	identical_to_human	identical	11.0	false	true	supplementary_only
gorilla_gorilla_gorilla	IIIc	IIIc	IIIb	unresolved_no_sequence	IIIc	44	56	L	L	identical_to_human	identical	4.0	false	true	supplementary_only
gorilla_gorilla_gorilla	IIIc	IIIc	IIIb	unresolved_no_sequence	IIIc	45	57	T	T	identical_to_human	identical	5.0	false	true	supplementary_only
gorilla_gorilla_gorilla	IIIc	IIIc	IIIb	unresolved_no_sequence	IIIc	46	58	V	V	identical_to_human	identical	4.0	false	true	supplementary_only
gorilla_gorilla_gorilla	IIIc	IIIc	IIIb	unresolved_no_sequence	IIIc	47	59	L	L	identical_to_human	identical	4.0	false	true	supplementary_only
gorilla_gorilla_gorilla	IIIc	IIIc	IIIb	unresolved_no_sequence	IIIc	48	69	P	P	identical_to_human	identical	7.0	false	true	supplementary_only
homo_sapiens	IIIc	IIIc	IIIb	swapped_relative_to_upstream	IIIc	1	1	A	A	identical_to_human	identical	4.0	false	false	main_text_with_footnote
homo_sapiens	IIIc	IIIc	IIIb	swapped_relative_to_upstream	IIIc	2	2	A	A	identical_to_human	identical	4.0	false	false	main_text_with_footnote
homo_sapiens	IIIc	IIIc	IIIb	swapped_relative_to_upstream	IIIc	3	3	G	G	identical_to_human	identical	6.0	false	false	main_text_with_footnote
homo_sapiens	IIIc	IIIc	IIIb	swapped_relative_to_upstream	IIIc	4	4	V	V	identical_to_human	identical	4.0	false	false	main_text_with_footnote
homo_sapiens	IIIc	IIIc	IIIb	swapped_relative_to_upstream	IIIc	5	5	N	N	identical_to_human	identical	6.0	false	false	main_text_with_footnote
homo_sapiens	IIIc	IIIc	IIIb	swapped_relative_to_upstream	IIIc	6	6	T	T	identical_to_human	identical	5.0	false	false	main_text_with_footnote
homo_sapiens	IIIc	IIIc	IIIb	swapped_relative_to_upstream	IIIc	7	7	T	T	identical_to_human	identical	5.0	false	false	main_text_with_footnote
homo_sapiens	IIIc	IIIc	IIIb	swapped_relative_to_upstream	IIIc	8	8	D	D	identical_to_human	identical	6.0	false	false	main_text_with_footnote
homo_sapiens	IIIc	IIIc	IIIb	swapped_relative_to_upstream	IIIc	9	9	K	K	identical_to_human	identical	5.0	false	false	main_text_with_footnote
homo_sapiens	IIIc	IIIc	IIIb	swapped_relative_to_upstream	IIIc	10	10	E	E	identical_to_human	identical	5.0	false	false	main_text_with_footnote
homo_sapiens	IIIc	IIIc	IIIb	swapped_relative_to_upstream	IIIc	11	11	I	I	identical_to_human	identical	4.0	false	false	main_text_with_footnote
homo_sapiens	IIIc	IIIc	IIIb	swapped_relative_to_upstream	IIIc	12	12	E	E	identical_to_human	identical	5.0	false	false	main_text_with_footnote
homo_sapiens	IIIc	IIIc	IIIb	swapped_relative_to_upstream	IIIc	13	13	V	V	identical_to_human	identical	4.0	false	false	main_text_with_footnote
homo_sapiens	IIIc	IIIc	IIIb	swapped_relative_to_upstream	IIIc	14	14	L	L	identical_to_human	identical	4.0	false	false	main_text_with_footnote
homo_sapiens	IIIc	IIIc	IIIb	swapped_relative_to_upstream	IIIc	15	15	Y	Y	identical_to_human	identical	7.0	false	false	main_text_with_footnote
homo_sapiens	IIIc	IIIc	IIIb	swapped_relative_to_upstream	IIIc	16	16	I	I	identical_to_human	identical	4.0	false	false	main_text_with_footnote
homo_sapiens	IIIc	IIIc	IIIb	swapped_relative_to_upstream	IIIc	17	17	R	R	identical_to_human	identical	5.0	false	false	main_text_with_footnote
homo_sapiens	IIIc	IIIc	IIIb	swapped_relative_to_upstream	IIIc	18	18	N	N	identical_to_human	identical	6.0	false	false	main_text_with_footnote
homo_sapiens	IIIc	IIIc	IIIb	swapped_relative_to_upstream	IIIc	19	19	V	V	identical_to_human	identical	4.0	false	false	main_text_with_footnote
homo_sapiens	IIIc	IIIc	IIIb	swapped_relative_to_upstream	IIIc	20	20	T	T	identical_to_human	identical	5.0	false	false	main_text_with_footnote
homo_sapiens	IIIc	IIIc	IIIb	swapped_relative_to_upstream	IIIc	21	21	F	F	identical_to_human	identical	6.0	false	false	main_text_with_footnote
homo_sapiens	IIIc	IIIc	IIIb	swapped_relative_to_upstream	IIIc	22	22	E	E	identical_to_human	identical	5.0	false	false	main_text_with_footnote
homo_sapiens	IIIc	IIIc	IIIb	swapped_relative_to_upstream	IIIc	23	23	D	D	identical_to_human	identical	6.0	false	false	main_text_with_footnote
homo_sapiens	IIIc	IIIc	IIIb	swapped_relative_to_upstream	IIIc	24	24	A	A	identical_to_human	identical	4.0	false	false	main_text_with_footnote
homo_sapiens	IIIc	IIIc	IIIb	swapped_relative_to_upstream	IIIc	25	25	G	G	identical_to_human	identical	6.0	false	false	main_text_with_footnote
homo_sapiens	IIIc	IIIc	IIIb	swapped_relative_to_upstream	IIIc	26	26	E	E	identical_to_human	identical	5.0	false	false	main_text_with_footnote
homo_sapiens	IIIc	IIIc	IIIb	swapped_relative_to_upstream	IIIc	27	27	Y	Y	identical_to_human	identical	7.0	false	false	main_text_with_footnote
homo_sapiens	IIIc	IIIc	IIIb	swapped_relative_to_upstream	IIIc	28	28	T	T	identical_to_human	identical	5.0	false	false	main_text_with_footnote
homo_sapiens	IIIc	IIIc	IIIb	swapped_relative_to_upstream	IIIc	29	29	C	C	identical_to_human	identical	9.0	false	false	main_text_with_footnote
homo_sapiens	IIIc	IIIc	IIIb	swapped_relative_to_upstream	IIIc	30	30	L	L	identical_to_human	identical	4.0	false	false	main_text_with_footnote
homo_sapiens	IIIc	IIIc	IIIb	swapped_relative_to_upstream	IIIc	31	31	A	A	identical_to_human	identical	4.0	false	false	main_text_with_footnote
homo_sapiens	IIIc	IIIc	IIIb	swapped_relative_to_upstream	IIIc	32	32	G	G	identical_to_human	identical	6.0	false	false	main_text_with_footnote
homo_sapiens	IIIc	IIIc	IIIb	swapped_relative_to_upstream	IIIc	33	45	N	N	identical_to_human	identical	6.0	false	false	main_text_with_footnote
homo_sapiens	IIIc	IIIc	IIIb	swapped_relative_to_upstream	IIIc	34	46	S	S	identical_to_human	identical	4.0	false	false	main_text_with_footnote
homo_sapiens	IIIc	IIIc	IIIb	swapped_relative_to_upstream	IIIc	35	47	I	I	identical_to_human	identical	4.0	false	false	main_text_with_footnote
homo_sapiens	IIIc	IIIc	IIIb	swapped_relative_to_upstream	IIIc	36	48	G	G	identical_to_human	identical	6.0	false	false	main_text_with_footnote
homo_sapiens	IIIc	IIIc	IIIb	swapped_relative_to_upstream	IIIc	37	49	I	I	identical_to_human	identical	4.0	false	false	main_text_with_footnote
homo_sapiens	IIIc	IIIc	IIIb	swapped_relative_to_upstream	IIIc	38	50	S	S	identical_to_human	identical	4.0	false	false	main_text_with_footnote
homo_sapiens	IIIc	IIIc	IIIb	swapped_relative_to_upstream	IIIc	39	51	F	F	identical_to_human	identical	6.0	false	false	main_text_with_footnote
homo_sapiens	IIIc	IIIc	IIIb	swapped_relative_to_upstream	IIIc	40	52	H	H	identical_to_human	identical	8.0	false	false	main_text_with_footnote
homo_sapiens	IIIc	IIIc	IIIb	swapped_relative_to_upstream	IIIc	41	53	S	S	identical_to_human	identical	4.0	false	false	main_text_with_footnote
homo_sapiens	IIIc	IIIc	IIIb	swapped_relative_to_upstream	IIIc	42	54	A	A	identical_to_human	identical	4.0	false	false	main_text_with_footnote
homo_sapiens	IIIc	IIIc	IIIb	swapped_relative_to_upstream	IIIc	43	55	W	W	identical_to_human	identical	11.0	false	false	main_text_with_footnote
homo_sapiens	IIIc	IIIc	IIIb	swapped_relative_to_upstream	IIIc	44	56	L	L	identical_to_human	identical	4.0	false	false	main_text_with_footnote
homo_sapiens	IIIc	IIIc	IIIb	swapped_relative_to_upstream	IIIc	45	57	T	T	identical_to_human	identical	5.0	false	false	main_text_with_footnote
homo_sapiens	IIIc	IIIc	IIIb	swapped_relative_to_upstream	IIIc	46	58	V	V	identical_to_human	identical	4.0	false	false	main_text_with_footnote
homo_sapiens	IIIc	IIIc	IIIb	swapped_relative_to_upstream	IIIc	47	59	L	L	identical_to_human	identical	4.0	false	false	main_text_with_footnote
homo_sapiens	IIIc	IIIc	IIIb	swapped_relative_to_upstream	IIIc	48	69	P	P	identical_to_human	identical	7.0	false	false	main_text_with_footnote
macaca_mulatta	IIIc	IIIc	IIIb	swapped_relative_to_upstream	IIIc	1	1	A	A	identical_to_human	identical	4.0	false	false	main_text_primary_claim
macaca_mulatta	IIIc	IIIc	IIIb	swapped_relative_to_upstream	IIIc	2	2	A	A	identical_to_human	identical	4.0	false	false	main_text_primary_claim
macaca_mulatta	IIIc	IIIc	IIIb	swapped_relative_to_upstream	IIIc	3	3	G	G	identical_to_human	identical	6.0	false	false	main_text_primary_claim
macaca_mulatta	IIIc	IIIc	IIIb	swapped_relative_to_upstream	IIIc	4	4	V	V	identical_to_human	identical	4.0	false	false	main_text_primary_claim
macaca_mulatta	IIIc	IIIc	IIIb	swapped_relative_to_upstream	IIIc	5	5	N	N	identical_to_human	identical	6.0	false	false	main_text_primary_claim
macaca_mulatta	IIIc	IIIc	IIIb	swapped_relative_to_upstream	IIIc	6	6	T	T	identical_to_human	identical	5.0	false	false	main_text_primary_claim
macaca_mulatta	IIIc	IIIc	IIIb	swapped_relative_to_upstream	IIIc	7	7	T	T	identical_to_human	identical	5.0	false	false	main_text_primary_claim
macaca_mulatta	IIIc	IIIc	IIIb	swapped_relative_to_upstream	IIIc	8	8	D	D	identical_to_human	identical	6.0	false	false	main_text_primary_claim
macaca_mulatta	IIIc	IIIc	IIIb	swapped_relative_to_upstream	IIIc	9	9	K	K	identical_to_human	identical	5.0	false	false	main_text_primary_claim
macaca_mulatta	IIIc	IIIc	IIIb	swapped_relative_to_upstream	IIIc	10	10	E	E	identical_to_human	identical	5.0	false	false	main_text_primary_claim
macaca_mulatta	IIIc	IIIc	IIIb	swapped_relative_to_upstream	IIIc	11	11	I	I	identical_to_human	identical	4.0	false	false	main_text_primary_claim
macaca_mulatta	IIIc	IIIc	IIIb	swapped_relative_to_upstream	IIIc	12	12	E	E	identical_to_human	identical	5.0	false	false	main_text_primary_claim
macaca_mulatta	IIIc	IIIc	IIIb	swapped_relative_to_upstream	IIIc	13	13	V	V	identical_to_human	identical	4.0	false	false	main_text_primary_claim
macaca_mulatta	IIIc	IIIc	IIIb	swapped_relative_to_upstream	IIIc	14	14	L	L	identical_to_human	identical	4.0	false	false	main_text_primary_claim
macaca_mulatta	IIIc	IIIc	IIIb	swapped_relative_to_upstream	IIIc	15	15	Y	Y	identical_to_human	identical	7.0	false	false	main_text_primary_claim
macaca_mulatta	IIIc	IIIc	IIIb	swapped_relative_to_upstream	IIIc	16	16	I	I	identical_to_human	identical	4.0	false	false	main_text_primary_claim
macaca_mulatta	IIIc	IIIc	IIIb	swapped_relative_to_upstream	IIIc	17	17	R	R	identical_to_human	identical	5.0	false	false	main_text_primary_claim
macaca_mulatta	IIIc	IIIc	IIIb	swapped_relative_to_upstream	IIIc	18	18	N	N	identical_to_human	identical	6.0	false	false	main_text_primary_claim
macaca_mulatta	IIIc	IIIc	IIIb	swapped_relative_to_upstream	IIIc	19	19	V	V	identical_to_human	identical	4.0	false	false	main_text_primary_claim
macaca_mulatta	IIIc	IIIc	IIIb	swapped_relative_to_upstream	IIIc	20	20	T	T	identical_to_human	identical	5.0	false	false	main_text_primary_claim
macaca_mulatta	IIIc	IIIc	IIIb	swapped_relative_to_upstream	IIIc	21	21	F	F	identical_to_human	identical	6.0	false	false	main_text_primary_claim
macaca_mulatta	IIIc	IIIc	IIIb	swapped_relative_to_upstream	IIIc	22	22	E	E	identical_to_human	identical	5.0	false	false	main_text_primary_claim
macaca_mulatta	IIIc	IIIc	IIIb	swapped_relative_to_upstream	IIIc	23	23	D	D	identical_to_human	identical	6.0	false	false	main_text_primary_claim
macaca_mulatta	IIIc	IIIc	IIIb	swapped_relative_to_upstream	IIIc	24	24	A	A	identical_to_human	identical	4.0	false	false	main_text_primary_claim
macaca_mulatta	IIIc	IIIc	IIIb	swapped_relative_to_upstream	IIIc	25	25	G	G	identical_to_human	identical	6.0	false	false	main_text_primary_claim
macaca_mulatta	IIIc	IIIc	IIIb	swapped_relative_to_upstream	IIIc	26	26	E	E	identical_to_human	identical	5.0	false	false	main_text_primary_claim
macaca_mulatta	IIIc	IIIc	IIIb	swapped_relative_to_upstream	IIIc	27	27	Y	Y	identical_to_human	identical	7.0	false	false	main_text_primary_claim
macaca_mulatta	IIIc	IIIc	IIIb	swapped_relative_to_upstream	IIIc	28	28	T	T	identical_to_human	identical	5.0	false	false	main_text_primary_claim
macaca_mulatta	IIIc	IIIc	IIIb	swapped_relative_to_upstream	IIIc	29	29	C	C	identical_to_human	identical	9.0	false	false	main_text_primary_claim
macaca_mulatta	IIIc	IIIc	IIIb	swapped_relative_to_upstream	IIIc	30	30	L	L	identical_to_human	identical	4.0	false	false	main_text_primary_claim
macaca_mulatta	IIIc	IIIc	IIIb	swapped_relative_to_upstream	IIIc	31	31	A	A	identical_to_human	identical	4.0	false	false	main_text_primary_claim
macaca_mulatta	IIIc	IIIc	IIIb	swapped_relative_to_upstream	IIIc	32	32	G	G	identical_to_human	identical	6.0	false	false	main_text_primary_claim
macaca_mulatta	IIIc	IIIc	IIIb	swapped_relative_to_upstream	IIIc	33	45	N	N	identical_to_human	identical	6.0	false	false	main_text_primary_claim
macaca_mulatta	IIIc	IIIc	IIIb	swapped_relative_to_upstream	IIIc	34	46	S	S	identical_to_human	identical	4.0	false	false	main_text_primary_claim
macaca_mulatta	IIIc	IIIc	IIIb	swapped_relative_to_upstream	IIIc	35	47	I	I	identical_to_human	identical	4.0	false	false	main_text_primary_claim
macaca_mulatta	IIIc	IIIc	IIIb	swapped_relative_to_upstream	IIIc	36	48	G	G	identical_to_human	identical	6.0	false	false	main_text_primary_claim
macaca_mulatta	IIIc	IIIc	IIIb	swapped_relative_to_upstream	IIIc	37	49	I	I	identical_to_human	identical	4.0	false	false	main_text_primary_claim
macaca_mulatta	IIIc	IIIc	IIIb	swapped_relative_to_upstream	IIIc	38	50	S	S	identical_to_human	identical	4.0	false	false	main_text_primary_claim
macaca_mulatta	IIIc	IIIc	IIIb	swapped_relative_to_upstream	IIIc	39	51	F	F	identical_to_human	identical	6.0	false	false	main_text_primary_claim
macaca_mulatta	IIIc	IIIc	IIIb	swapped_relative_to_upstream	IIIc	40	52	H	H	identical_to_human	identical	8.0	false	false	main_text_primary_claim
macaca_mulatta	IIIc	IIIc	IIIb	swapped_relative_to_upstream	IIIc	41	53	S	S	identical_to_human	identical	4.0	false	false	main_text_primary_claim
macaca_mulatta	IIIc	IIIc	IIIb	swapped_relative_to_upstream	IIIc	42	54	A	A	identical_to_human	identical	4.0	false	false	main_text_primary_claim
macaca_mulatta	IIIc	IIIc	IIIb	swapped_relative_to_upstream	IIIc	43	55	W	W	identical_to_human	identical	11.0	false	false	main_text_primary_claim
macaca_mulatta	IIIc	IIIc	IIIb	swapped_relative_to_upstream	IIIc	44	56	L	L	identical_to_human	identical	4.0	false	false	main_text_primary_claim
macaca_mulatta	IIIc	IIIc	IIIb	swapped_relative_to_upstream	IIIc	45	57	T	T	identical_to_human	identical	5.0	false	false	main_text_primary_claim
macaca_mulatta	IIIc	IIIc	IIIb	swapped_relative_to_upstream	IIIc	46	58	V	V	identical_to_human	identical	4.0	false	false	main_text_primary_claim
macaca_mulatta	IIIc	IIIc	IIIb	swapped_relative_to_upstream	IIIc	47	59	L	L	identical_to_human	identical	4.0	false	false	main_text_primary_claim
macaca_mulatta	IIIc	IIIc	IIIb	swapped_relative_to_upstream	IIIc	48	69	P	P	identical_to_human	identical	7.0	false	false	main_text_primary_claim
meleagris_gallopavo	IIIc	IIIc	IIIb	swapped_relative_to_upstream	IIIc	1	1	A	A	identical_to_human	identical	4.0	false	true	supplementary_only
meleagris_gallopavo	IIIc	IIIc	IIIb	swapped_relative_to_upstream	IIIc	2	2	A	A	identical_to_human	identical	4.0	false	true	supplementary_only
meleagris_gallopavo	IIIc	IIIc	IIIb	swapped_relative_to_upstream	IIIc	3	3	G	G	identical_to_human	identical	6.0	false	true	supplementary_only
meleagris_gallopavo	IIIc	IIIc	IIIb	swapped_relative_to_upstream	IIIc	4	4	V	V	identical_to_human	identical	4.0	false	true	supplementary_only
meleagris_gallopavo	IIIc	IIIc	IIIb	swapped_relative_to_upstream	IIIc	5	5	N	N	identical_to_human	identical	6.0	false	true	supplementary_only
meleagris_gallopavo	IIIc	IIIc	IIIb	swapped_relative_to_upstream	IIIc	6	6	T	T	identical_to_human	identical	5.0	false	true	supplementary_only
meleagris_gallopavo	IIIc	IIIc	IIIb	swapped_relative_to_upstream	IIIc	7	7	T	T	identical_to_human	identical	5.0	false	true	supplementary_only
meleagris_gallopavo	IIIc	IIIc	IIIb	swapped_relative_to_upstream	IIIc	8	8	D	D	identical_to_human	identical	6.0	false	true	supplementary_only
meleagris_gallopavo	IIIc	IIIc	IIIb	swapped_relative_to_upstream	IIIc	9	9	K	K	identical_to_human	identical	5.0	false	true	supplementary_only
meleagris_gallopavo	IIIc	IIIc	IIIb	swapped_relative_to_upstream	IIIc	10	10	E	E	identical_to_human	identical	5.0	false	true	supplementary_only
meleagris_gallopavo	IIIc	IIIc	IIIb	swapped_relative_to_upstream	IIIc	11	11	I	I	identical_to_human	identical	4.0	false	true	supplementary_only
meleagris_gallopavo	IIIc	IIIc	IIIb	swapped_relative_to_upstream	IIIc	12	12	E	E	identical_to_human	identical	5.0	false	true	supplementary_only
meleagris_gallopavo	IIIc	IIIc	IIIb	swapped_relative_to_upstream	IIIc	13	13	V	V	identical_to_human	identical	4.0	false	true	supplementary_only
meleagris_gallopavo	IIIc	IIIc	IIIb	swapped_relative_to_upstream	IIIc	14	14	L	L	identical_to_human	identical	4.0	false	true	supplementary_only
meleagris_gallopavo	IIIc	IIIc	IIIb	swapped_relative_to_upstream	IIIc	15	15	Y	Y	identical_to_human	identical	7.0	false	true	supplementary_only
meleagris_gallopavo	IIIc	IIIc	IIIb	swapped_relative_to_upstream	IIIc	16	16	I	I	identical_to_human	identical	4.0	false	true	supplementary_only
meleagris_gallopavo	IIIc	IIIc	IIIb	swapped_relative_to_upstream	IIIc	17	17	R	R	identical_to_human	identical	5.0	false	true	supplementary_only
meleagris_gallopavo	IIIc	IIIc	IIIb	swapped_relative_to_upstream	IIIc	18	18	N	N	identical_to_human	identical	6.0	false	true	supplementary_only
meleagris_gallopavo	IIIc	IIIc	IIIb	swapped_relative_to_upstream	IIIc	19	19	V	V	identical_to_human	identical	4.0	false	true	supplementary_only
meleagris_gallopavo	IIIc	IIIc	IIIb	swapped_relative_to_upstream	IIIc	20	20	T	T	identical_to_human	identical	5.0	false	true	supplementary_only
meleagris_gallopavo	IIIc	IIIc	IIIb	swapped_relative_to_upstream	IIIc	21	21	F	F	identical_to_human	identical	6.0	false	true	supplementary_only
meleagris_gallopavo	IIIc	IIIc	IIIb	swapped_relative_to_upstream	IIIc	22	22	E	E	identical_to_human	identical	5.0	false	true	supplementary_only
meleagris_gallopavo	IIIc	IIIc	IIIb	swapped_relative_to_upstream	IIIc	23	23	D	D	identical_to_human	identical	6.0	false	true	supplementary_only
meleagris_gallopavo	IIIc	IIIc	IIIb	swapped_relative_to_upstream	IIIc	24	24	A	A	identical_to_human	identical	4.0	false	true	supplementary_only
meleagris_gallopavo	IIIc	IIIc	IIIb	swapped_relative_to_upstream	IIIc	25	25	G	G	identical_to_human	identical	6.0	false	true	supplementary_only
meleagris_gallopavo	IIIc	IIIc	IIIb	swapped_relative_to_upstream	IIIc	26	26	E	E	identical_to_human	identical	5.0	false	true	supplementary_only
meleagris_gallopavo	IIIc	IIIc	IIIb	swapped_relative_to_upstream	IIIc	27	27	Y	Y	identical_to_human	identical	7.0	false	true	supplementary_only
meleagris_gallopavo	IIIc	IIIc	IIIb	swapped_relative_to_upstream	IIIc	28	28	T	T	identical_to_human	identical	5.0	false	true	supplementary_only
meleagris_gallopavo	IIIc	IIIc	IIIb	swapped_relative_to_upstream	IIIc	29	29	C	C	identical_to_human	identical	9.0	false	true	supplementary_only
meleagris_gallopavo	IIIc	IIIc	IIIb	swapped_relative_to_upstream	IIIc	30	30	L	L	identical_to_human	identical	4.0	false	true	supplementary_only
meleagris_gallopavo	IIIc	IIIc	IIIb	swapped_relative_to_upstream	IIIc	31	31	A	A	identical_to_human	identical	4.0	false	true	supplementary_only
meleagris_gallopavo	IIIc	IIIc	IIIb	swapped_relative_to_upstream	IIIc	32	32	G	G	identical_to_human	identical	6.0	false	true	supplementary_only
meleagris_gallopavo	IIIc	IIIc	IIIb	swapped_relative_to_upstream	IIIc	33	45	N	N	identical_to_human	identical	6.0	false	true	supplementary_only
meleagris_gallopavo	IIIc	IIIc	IIIb	swapped_relative_to_upstream	IIIc	34	46	S	S	identical_to_human	identical	4.0	false	true	supplementary_only
meleagris_gallopavo	IIIc	IIIc	IIIb	swapped_relative_to_upstream	IIIc	35	47	I	I	identical_to_human	identical	4.0	false	true	supplementary_only
meleagris_gallopavo	IIIc	IIIc	IIIb	swapped_relative_to_upstream	IIIc	36	48	G	G	identical_to_human	identical	6.0	false	true	supplementary_only
meleagris_gallopavo	IIIc	IIIc	IIIb	swapped_relative_to_upstream	IIIc	37	49	I	I	identical_to_human	identical	4.0	false	true	supplementary_only
meleagris_gallopavo	IIIc	IIIc	IIIb	swapped_relative_to_upstream	IIIc	38	50	S	S	identical_to_human	identical	4.0	false	true	supplementary_only
meleagris_gallopavo	IIIc	IIIc	IIIb	swapped_relative_to_upstream	IIIc	39	51	F	F	identical_to_human	identical	6.0	false	true	supplementary_only
meleagris_gallopavo	IIIc	IIIc	IIIb	swapped_relative_to_upstream	IIIc	40	52	H	H	identical_to_human	identical	8.0	false	true	supplementary_only
meleagris_gallopavo	IIIc	IIIc	IIIb	swapped_relative_to_upstream	IIIc	41	53	S	T	conservative_substitution	conservative	1.0	false	true	supplementary_only
meleagris_gallopavo	IIIc	IIIc	IIIb	swapped_relative_to_upstream	IIIc	42	54	A	A	identical_to_human	identical	4.0	false	true	supplementary_only
meleagris_gallopavo	IIIc	IIIc	IIIb	swapped_relative_to_upstream	IIIc	43	55	W	W	identical_to_human	identical	11.0	false	true	supplementary_only
meleagris_gallopavo	IIIc	IIIc	IIIb	swapped_relative_to_upstream	IIIc	44	56	L	L	identical_to_human	identical	4.0	false	true	supplementary_only
meleagris_gallopavo	IIIc	IIIc	IIIb	swapped_relative_to_upstream	IIIc	45	57	T	T	identical_to_human	identical	5.0	false	true	supplementary_only
meleagris_gallopavo	IIIc	IIIc	IIIb	swapped_relative_to_upstream	IIIc	46	58	V	V	identical_to_human	identical	4.0	false	true	supplementary_only
meleagris_gallopavo	IIIc	IIIc	IIIb	swapped_relative_to_upstream	IIIc	47	59	L	L	identical_to_human	identical	4.0	false	true	supplementary_only
meleagris_gallopavo	IIIc	IIIc	IIIb	swapped_relative_to_upstream	IIIc	48	69	P	P	identical_to_human	identical	7.0	false	true	supplementary_only
monodelphis_domestica	IIIc	IIIc	IIIb	swapped_relative_to_upstream	IIIc	1	1	A	A	identical_to_human	identical	4.0	false	false	main_text_primary_claim
monodelphis_domestica	IIIc	IIIc	IIIb	swapped_relative_to_upstream	IIIc	2	2	A	A	identical_to_human	identical	4.0	false	false	main_text_primary_claim
monodelphis_domestica	IIIc	IIIc	IIIb	swapped_relative_to_upstream	IIIc	3	3	G	G	identical_to_human	identical	6.0	false	false	main_text_primary_claim
monodelphis_domestica	IIIc	IIIc	IIIb	swapped_relative_to_upstream	IIIc	4	4	V	V	identical_to_human	identical	4.0	false	false	main_text_primary_claim
monodelphis_domestica	IIIc	IIIc	IIIb	swapped_relative_to_upstream	IIIc	5	5	N	N	identical_to_human	identical	6.0	false	false	main_text_primary_claim
monodelphis_domestica	IIIc	IIIc	IIIb	swapped_relative_to_upstream	IIIc	6	6	T	T	identical_to_human	identical	5.0	false	false	main_text_primary_claim
monodelphis_domestica	IIIc	IIIc	IIIb	swapped_relative_to_upstream	IIIc	7	7	T	T	identical_to_human	identical	5.0	false	false	main_text_primary_claim
monodelphis_domestica	IIIc	IIIc	IIIb	swapped_relative_to_upstream	IIIc	8	8	D	D	identical_to_human	identical	6.0	false	false	main_text_primary_claim
monodelphis_domestica	IIIc	IIIc	IIIb	swapped_relative_to_upstream	IIIc	9	9	K	K	identical_to_human	identical	5.0	false	false	main_text_primary_claim
monodelphis_domestica	IIIc	IIIc	IIIb	swapped_relative_to_upstream	IIIc	10	10	E	E	identical_to_human	identical	5.0	false	false	main_text_primary_claim
monodelphis_domestica	IIIc	IIIc	IIIb	swapped_relative_to_upstream	IIIc	11	11	I	I	identical_to_human	identical	4.0	false	false	main_text_primary_claim
monodelphis_domestica	IIIc	IIIc	IIIb	swapped_relative_to_upstream	IIIc	12	12	E	E	identical_to_human	identical	5.0	false	false	main_text_primary_claim
monodelphis_domestica	IIIc	IIIc	IIIb	swapped_relative_to_upstream	IIIc	13	13	V	V	identical_to_human	identical	4.0	false	false	main_text_primary_claim
monodelphis_domestica	IIIc	IIIc	IIIb	swapped_relative_to_upstream	IIIc	14	14	L	L	identical_to_human	identical	4.0	false	false	main_text_primary_claim
monodelphis_domestica	IIIc	IIIc	IIIb	swapped_relative_to_upstream	IIIc	15	15	Y	Y	identical_to_human	identical	7.0	false	false	main_text_primary_claim
monodelphis_domestica	IIIc	IIIc	IIIb	swapped_relative_to_upstream	IIIc	16	16	I	I	identical_to_human	identical	4.0	false	false	main_text_primary_claim
monodelphis_domestica	IIIc	IIIc	IIIb	swapped_relative_to_upstream	IIIc	17	17	R	R	identical_to_human	identical	5.0	false	false	main_text_primary_claim
monodelphis_domestica	IIIc	IIIc	IIIb	swapped_relative_to_upstream	IIIc	18	18	N	N	identical_to_human	identical	6.0	false	false	main_text_primary_claim
monodelphis_domestica	IIIc	IIIc	IIIb	swapped_relative_to_upstream	IIIc	19	19	V	V	identical_to_human	identical	4.0	false	false	main_text_primary_claim
monodelphis_domestica	IIIc	IIIc	IIIb	swapped_relative_to_upstream	IIIc	20	20	T	T	identical_to_human	identical	5.0	false	false	main_text_primary_claim
monodelphis_domestica	IIIc	IIIc	IIIb	swapped_relative_to_upstream	IIIc	21	21	F	F	identical_to_human	identical	6.0	false	false	main_text_primary_claim
monodelphis_domestica	IIIc	IIIc	IIIb	swapped_relative_to_upstream	IIIc	22	22	E	E	identical_to_human	identical	5.0	false	false	main_text_primary_claim
monodelphis_domestica	IIIc	IIIc	IIIb	swapped_relative_to_upstream	IIIc	23	23	D	D	identical_to_human	identical	6.0	false	false	main_text_primary_claim
monodelphis_domestica	IIIc	IIIc	IIIb	swapped_relative_to_upstream	IIIc	24	24	A	A	identical_to_human	identical	4.0	false	false	main_text_primary_claim
monodelphis_domestica	IIIc	IIIc	IIIb	swapped_relative_to_upstream	IIIc	25	25	G	G	identical_to_human	identical	6.0	false	false	main_text_primary_claim
monodelphis_domestica	IIIc	IIIc	IIIb	swapped_relative_to_upstream	IIIc	26	26	E	E	identical_to_human	identical	5.0	false	false	main_text_primary_claim
monodelphis_domestica	IIIc	IIIc	IIIb	swapped_relative_to_upstream	IIIc	27	27	Y	Y	identical_to_human	identical	7.0	false	false	main_text_primary_claim
monodelphis_domestica	IIIc	IIIc	IIIb	swapped_relative_to_upstream	IIIc	28	28	T	T	identical_to_human	identical	5.0	false	false	main_text_primary_claim
monodelphis_domestica	IIIc	IIIc	IIIb	swapped_relative_to_upstream	IIIc	29	29	C	C	identical_to_human	identical	9.0	false	false	main_text_primary_claim
monodelphis_domestica	IIIc	IIIc	IIIb	swapped_relative_to_upstream	IIIc	30	30	L	L	identical_to_human	identical	4.0	false	false	main_text_primary_claim
monodelphis_domestica	IIIc	IIIc	IIIb	swapped_relative_to_upstream	IIIc	31	31	A	A	identical_to_human	identical	4.0	false	false	main_text_primary_claim
monodelphis_domestica	IIIc	IIIc	IIIb	swapped_relative_to_upstream	IIIc	32	32	G	G	identical_to_human	identical	6.0	false	false	main_text_primary_claim
monodelphis_domestica	IIIc	IIIc	IIIb	swapped_relative_to_upstream	IIIc	33	45	N	N	identical_to_human	identical	6.0	false	false	main_text_primary_claim
monodelphis_domestica	IIIc	IIIc	IIIb	swapped_relative_to_upstream	IIIc	34	46	S	S	identical_to_human	identical	4.0	false	false	main_text_primary_claim
monodelphis_domestica	IIIc	IIIc	IIIb	swapped_relative_to_upstream	IIIc	35	47	I	I	identical_to_human	identical	4.0	false	false	main_text_primary_claim
monodelphis_domestica	IIIc	IIIc	IIIb	swapped_relative_to_upstream	IIIc	36	48	G	G	identical_to_human	identical	6.0	false	false	main_text_primary_claim
monodelphis_domestica	IIIc	IIIc	IIIb	swapped_relative_to_upstream	IIIc	37	49	I	I	identical_to_human	identical	4.0	false	false	main_text_primary_claim
monodelphis_domestica	IIIc	IIIc	IIIb	swapped_relative_to_upstream	IIIc	38	50	S	S	identical_to_human	identical	4.0	false	false	main_text_primary_claim
monodelphis_domestica	IIIc	IIIc	IIIb	swapped_relative_to_upstream	IIIc	39	51	F	F	identical_to_human	identical	6.0	false	false	main_text_primary_claim
monodelphis_domestica	IIIc	IIIc	IIIb	swapped_relative_to_upstream	IIIc	40	52	H	H	identical_to_human	identical	8.0	false	false	main_text_primary_claim
monodelphis_domestica	IIIc	IIIc	IIIb	swapped_relative_to_upstream	IIIc	41	53	S	S	identical_to_human	identical	4.0	false	false	main_text_primary_claim
monodelphis_domestica	IIIc	IIIc	IIIb	swapped_relative_to_upstream	IIIc	42	54	A	A	identical_to_human	identical	4.0	false	false	main_text_primary_claim
monodelphis_domestica	IIIc	IIIc	IIIb	swapped_relative_to_upstream	IIIc	43	55	W	W	identical_to_human	identical	11.0	false	false	main_text_primary_claim
monodelphis_domestica	IIIc	IIIc	IIIb	swapped_relative_to_upstream	IIIc	44	56	L	L	identical_to_human	identical	4.0	false	false	main_text_primary_claim
monodelphis_domestica	IIIc	IIIc	IIIb	swapped_relative_to_upstream	IIIc	45	57	T	T	identical_to_human	identical	5.0	false	false	main_text_primary_claim
monodelphis_domestica	IIIc	IIIc	IIIb	swapped_relative_to_upstream	IIIc	46	58	V	V	identical_to_human	identical	4.0	false	false	main_text_primary_claim
monodelphis_domestica	IIIc	IIIc	IIIb	swapped_relative_to_upstream	IIIc	47	59	L	L	identical_to_human	identical	4.0	false	false	main_text_primary_claim
monodelphis_domestica	IIIc	IIIc	IIIb	swapped_relative_to_upstream	IIIc	48	69	P	P	identical_to_human	identical	7.0	false	false	main_text_primary_claim
mus_musculus	IIIc	IIIc	IIIb	swapped_relative_to_upstream	IIIc	1	1	A	A	identical_to_human	identical	4.0	false	false	main_text_with_footnote
mus_musculus	IIIc	IIIc	IIIb	swapped_relative_to_upstream	IIIc	2	2	A	A	identical_to_human	identical	4.0	false	false	main_text_with_footnote
mus_musculus	IIIc	IIIc	IIIb	swapped_relative_to_upstream	IIIc	3	3	G	G	identical_to_human	identical	6.0	false	false	main_text_with_footnote
mus_musculus	IIIc	IIIc	IIIb	swapped_relative_to_upstream	IIIc	4	4	V	V	identical_to_human	identical	4.0	false	false	main_text_with_footnote
mus_musculus	IIIc	IIIc	IIIb	swapped_relative_to_upstream	IIIc	5	5	N	N	identical_to_human	identical	6.0	false	false	main_text_with_footnote
mus_musculus	IIIc	IIIc	IIIb	swapped_relative_to_upstream	IIIc	6	6	T	T	identical_to_human	identical	5.0	false	false	main_text_with_footnote
mus_musculus	IIIc	IIIc	IIIb	swapped_relative_to_upstream	IIIc	7	7	T	T	identical_to_human	identical	5.0	false	false	main_text_with_footnote
mus_musculus	IIIc	IIIc	IIIb	swapped_relative_to_upstream	IIIc	8	8	D	D	identical_to_human	identical	6.0	false	false	main_text_with_footnote
mus_musculus	IIIc	IIIc	IIIb	swapped_relative_to_upstream	IIIc	9	9	K	K	identical_to_human	identical	5.0	false	false	main_text_with_footnote
mus_musculus	IIIc	IIIc	IIIb	swapped_relative_to_upstream	IIIc	10	10	E	E	identical_to_human	identical	5.0	false	false	main_text_with_footnote
mus_musculus	IIIc	IIIc	IIIb	swapped_relative_to_upstream	IIIc	11	11	I	I	identical_to_human	identical	4.0	false	false	main_text_with_footnote
mus_musculus	IIIc	IIIc	IIIb	swapped_relative_to_upstream	IIIc	12	12	E	E	identical_to_human	identical	5.0	false	false	main_text_with_footnote
mus_musculus	IIIc	IIIc	IIIb	swapped_relative_to_upstream	IIIc	13	13	V	V	identical_to_human	identical	4.0	false	false	main_text_with_footnote
mus_musculus	IIIc	IIIc	IIIb	swapped_relative_to_upstream	IIIc	14	14	L	L	identical_to_human	identical	4.0	false	false	main_text_with_footnote
mus_musculus	IIIc	IIIc	IIIb	swapped_relative_to_upstream	IIIc	15	15	Y	Y	identical_to_human	identical	7.0	false	false	main_text_with_footnote
mus_musculus	IIIc	IIIc	IIIb	swapped_relative_to_upstream	IIIc	16	16	I	I	identical_to_human	identical	4.0	false	false	main_text_with_footnote
mus_musculus	IIIc	IIIc	IIIb	swapped_relative_to_upstream	IIIc	17	17	R	R	identical_to_human	identical	5.0	false	false	main_text_with_footnote
mus_musculus	IIIc	IIIc	IIIb	swapped_relative_to_upstream	IIIc	18	18	N	N	identical_to_human	identical	6.0	false	false	main_text_with_footnote
mus_musculus	IIIc	IIIc	IIIb	swapped_relative_to_upstream	IIIc	19	19	V	V	identical_to_human	identical	4.0	false	false	main_text_with_footnote
mus_musculus	IIIc	IIIc	IIIb	swapped_relative_to_upstream	IIIc	20	20	T	T	identical_to_human	identical	5.0	false	false	main_text_with_footnote
mus_musculus	IIIc	IIIc	IIIb	swapped_relative_to_upstream	IIIc	21	21	F	F	identical_to_human	identical	6.0	false	false	main_text_with_footnote
mus_musculus	IIIc	IIIc	IIIb	swapped_relative_to_upstream	IIIc	22	22	E	E	identical_to_human	identical	5.0	false	false	main_text_with_footnote
mus_musculus	IIIc	IIIc	IIIb	swapped_relative_to_upstream	IIIc	23	23	D	D	identical_to_human	identical	6.0	false	false	main_text_with_footnote
mus_musculus	IIIc	IIIc	IIIb	swapped_relative_to_upstream	IIIc	24	24	A	A	identical_to_human	identical	4.0	false	false	main_text_with_footnote
mus_musculus	IIIc	IIIc	IIIb	swapped_relative_to_upstream	IIIc	25	25	G	G	identical_to_human	identical	6.0	false	false	main_text_with_footnote
mus_musculus	IIIc	IIIc	IIIb	swapped_relative_to_upstream	IIIc	26	26	E	E	identical_to_human	identical	5.0	false	false	main_text_with_footnote
mus_musculus	IIIc	IIIc	IIIb	swapped_relative_to_upstream	IIIc	27	27	Y	Y	identical_to_human	identical	7.0	false	false	main_text_with_footnote
mus_musculus	IIIc	IIIc	IIIb	swapped_relative_to_upstream	IIIc	28	28	T	T	identical_to_human	identical	5.0	false	false	main_text_with_footnote
mus_musculus	IIIc	IIIc	IIIb	swapped_relative_to_upstream	IIIc	29	29	C	C	identical_to_human	identical	9.0	false	false	main_text_with_footnote
mus_musculus	IIIc	IIIc	IIIb	swapped_relative_to_upstream	IIIc	30	30	L	L	identical_to_human	identical	4.0	false	false	main_text_with_footnote
mus_musculus	IIIc	IIIc	IIIb	swapped_relative_to_upstream	IIIc	31	31	A	A	identical_to_human	identical	4.0	false	false	main_text_with_footnote
mus_musculus	IIIc	IIIc	IIIb	swapped_relative_to_upstream	IIIc	32	32	G	G	identical_to_human	identical	6.0	false	false	main_text_with_footnote
mus_musculus	IIIc	IIIc	IIIb	swapped_relative_to_upstream	IIIc	33	45	N	N	identical_to_human	identical	6.0	false	false	main_text_with_footnote
mus_musculus	IIIc	IIIc	IIIb	swapped_relative_to_upstream	IIIc	34	46	S	S	identical_to_human	identical	4.0	false	false	main_text_with_footnote
mus_musculus	IIIc	IIIc	IIIb	swapped_relative_to_upstream	IIIc	35	47	I	I	identical_to_human	identical	4.0	false	false	main_text_with_footnote
mus_musculus	IIIc	IIIc	IIIb	swapped_relative_to_upstream	IIIc	36	48	G	G	identical_to_human	identical	6.0	false	false	main_text_with_footnote
mus_musculus	IIIc	IIIc	IIIb	swapped_relative_to_upstream	IIIc	37	49	I	I	identical_to_human	identical	4.0	false	false	main_text_with_footnote
mus_musculus	IIIc	IIIc	IIIb	swapped_relative_to_upstream	IIIc	38	50	S	S	identical_to_human	identical	4.0	false	false	main_text_with_footnote
mus_musculus	IIIc	IIIc	IIIb	swapped_relative_to_upstream	IIIc	39	51	F	F	identical_to_human	identical	6.0	false	false	main_text_with_footnote
mus_musculus	IIIc	IIIc	IIIb	swapped_relative_to_upstream	IIIc	40	52	H	H	identical_to_human	identical	8.0	false	false	main_text_with_footnote
mus_musculus	IIIc	IIIc	IIIb	swapped_relative_to_upstream	IIIc	41	53	S	S	identical_to_human	identical	4.0	false	false	main_text_with_footnote
mus_musculus	IIIc	IIIc	IIIb	swapped_relative_to_upstream	IIIc	42	54	A	A	identical_to_human	identical	4.0	false	false	main_text_with_footnote
mus_musculus	IIIc	IIIc	IIIb	swapped_relative_to_upstream	IIIc	43	55	W	W	identical_to_human	identical	11.0	false	false	main_text_with_footnote
mus_musculus	IIIc	IIIc	IIIb	swapped_relative_to_upstream	IIIc	44	56	L	L	identical_to_human	identical	4.0	false	false	main_text_with_footnote
mus_musculus	IIIc	IIIc	IIIb	swapped_relative_to_upstream	IIIc	45	57	T	T	identical_to_human	identical	5.0	false	false	main_text_with_footnote
mus_musculus	IIIc	IIIc	IIIb	swapped_relative_to_upstream	IIIc	46	58	V	V	identical_to_human	identical	4.0	false	false	main_text_with_footnote
mus_musculus	IIIc	IIIc	IIIb	swapped_relative_to_upstream	IIIc	47	59	L	L	identical_to_human	identical	4.0	false	false	main_text_with_footnote
mus_musculus	IIIc	IIIc	IIIb	swapped_relative_to_upstream	IIIc	48	69	P	P	identical_to_human	identical	7.0	false	false	main_text_with_footnote
oreochromis_niloticus	IIIc	IIIc	IIIb	swapped_relative_to_upstream	IIIc	1	1	A		gap_or_missing	gap		true	false	main_text_with_footnote
oreochromis_niloticus	IIIc	IIIc	IIIb	swapped_relative_to_upstream	IIIc	2	2	A	A	identical_to_human	identical	4.0	false	false	main_text_with_footnote
oreochromis_niloticus	IIIc	IIIc	IIIb	swapped_relative_to_upstream	IIIc	3	3	G	G	identical_to_human	identical	6.0	false	false	main_text_with_footnote
oreochromis_niloticus	IIIc	IIIc	IIIb	swapped_relative_to_upstream	IIIc	4	4	V	V	identical_to_human	identical	4.0	false	false	main_text_with_footnote
oreochromis_niloticus	IIIc	IIIc	IIIb	swapped_relative_to_upstream	IIIc	5	5	N	N	identical_to_human	identical	6.0	false	false	main_text_with_footnote
oreochromis_niloticus	IIIc	IIIc	IIIb	swapped_relative_to_upstream	IIIc	6	6	T	T	identical_to_human	identical	5.0	false	false	main_text_with_footnote
oreochromis_niloticus	IIIc	IIIc	IIIb	swapped_relative_to_upstream	IIIc	7	7	T	T	identical_to_human	identical	5.0	false	false	main_text_with_footnote
oreochromis_niloticus	IIIc	IIIc	IIIb	swapped_relative_to_upstream	IIIc	8	8	D	D	identical_to_human	identical	6.0	false	false	main_text_with_footnote
oreochromis_niloticus	IIIc	IIIc	IIIb	swapped_relative_to_upstream	IIIc	9	9	K	K	identical_to_human	identical	5.0	false	false	main_text_with_footnote
oreochromis_niloticus	IIIc	IIIc	IIIb	swapped_relative_to_upstream	IIIc	10	10	E	E	identical_to_human	identical	5.0	false	false	main_text_with_footnote
oreochromis_niloticus	IIIc	IIIc	IIIb	swapped_relative_to_upstream	IIIc	11	11	I	I	identical_to_human	identical	4.0	false	false	main_text_with_footnote
oreochromis_niloticus	IIIc	IIIc	IIIb	swapped_relative_to_upstream	IIIc	12	12	E	E	identical_to_human	identical	5.0	false	false	main_text_with_footnote
oreochromis_niloticus	IIIc	IIIc	IIIb	swapped_relative_to_upstream	IIIc	13	13	V	V	identical_to_human	identical	4.0	false	false	main_text_with_footnote
oreochromis_niloticus	IIIc	IIIc	IIIb	swapped_relative_to_upstream	IIIc	14	14	L	L	identical_to_human	identical	4.0	false	false	main_text_with_footnote
oreochromis_niloticus	IIIc	IIIc	IIIb	swapped_relative_to_upstream	IIIc	15	15	Y	Y	identical_to_human	identical	7.0	false	false	main_text_with_footnote
oreochromis_niloticus	IIIc	IIIc	IIIb	swapped_relative_to_upstream	IIIc	16	16	I	L	conservative_substitution	conservative	2.0	false	false	main_text_with_footnote
oreochromis_niloticus	IIIc	IIIc	IIIb	swapped_relative_to_upstream	IIIc	17	17	R	P	nonconservative_substitution	nonconservative	-2.0	false	false	main_text_with_footnote
oreochromis_niloticus	IIIc	IIIc	IIIb	swapped_relative_to_upstream	IIIc	18	18	N	N	identical_to_human	identical	6.0	false	false	main_text_with_footnote
oreochromis_niloticus	IIIc	IIIc	IIIb	swapped_relative_to_upstream	IIIc	19	19	V	V	identical_to_human	identical	4.0	false	false	main_text_with_footnote
oreochromis_niloticus	IIIc	IIIc	IIIb	swapped_relative_to_upstream	IIIc	20	20	T	T	identical_to_human	identical	5.0	false	false	main_text_with_footnote
oreochromis_niloticus	IIIc	IIIc	IIIb	swapped_relative_to_upstream	IIIc	21	21	F	F	identical_to_human	identical	6.0	false	false	main_text_with_footnote
oreochromis_niloticus	IIIc	IIIc	IIIb	swapped_relative_to_upstream	IIIc	22	22	E	E	identical_to_human	identical	5.0	false	false	main_text_with_footnote
oreochromis_niloticus	IIIc	IIIc	IIIb	swapped_relative_to_upstream	IIIc	23	23	D	D	identical_to_human	identical	6.0	false	false	main_text_with_footnote
oreochromis_niloticus	IIIc	IIIc	IIIb	swapped_relative_to_upstream	IIIc	24	24	A	A	identical_to_human	identical	4.0	false	false	main_text_with_footnote
oreochromis_niloticus	IIIc	IIIc	IIIb	swapped_relative_to_upstream	IIIc	25	25	G	G	identical_to_human	identical	6.0	false	false	main_text_with_footnote
oreochromis_niloticus	IIIc	IIIc	IIIb	swapped_relative_to_upstream	IIIc	26	26	E	E	identical_to_human	identical	5.0	false	false	main_text_with_footnote
oreochromis_niloticus	IIIc	IIIc	IIIb	swapped_relative_to_upstream	IIIc	27	27	Y	Y	identical_to_human	identical	7.0	false	false	main_text_with_footnote
oreochromis_niloticus	IIIc	IIIc	IIIb	swapped_relative_to_upstream	IIIc	28	28	T	T	identical_to_human	identical	5.0	false	false	main_text_with_footnote
oreochromis_niloticus	IIIc	IIIc	IIIb	swapped_relative_to_upstream	IIIc	29	29	C	C	identical_to_human	identical	9.0	false	false	main_text_with_footnote
oreochromis_niloticus	IIIc	IIIc	IIIb	swapped_relative_to_upstream	IIIc	30	30	L	L	identical_to_human	identical	4.0	false	false	main_text_with_footnote
oreochromis_niloticus	IIIc	IIIc	IIIb	swapped_relative_to_upstream	IIIc	31	31	A	A	identical_to_human	identical	4.0	false	false	main_text_with_footnote
oreochromis_niloticus	IIIc	IIIc	IIIb	swapped_relative_to_upstream	IIIc	32	32	G	G	identical_to_human	identical	6.0	false	false	main_text_with_footnote
oreochromis_niloticus	IIIc	IIIc	IIIb	swapped_relative_to_upstream	IIIc	33	45	N	N	identical_to_human	identical	6.0	false	false	main_text_with_footnote
oreochromis_niloticus	IIIc	IIIc	IIIb	swapped_relative_to_upstream	IIIc	34	46	S	S	identical_to_human	identical	4.0	false	false	main_text_with_footnote
oreochromis_niloticus	IIIc	IIIc	IIIb	swapped_relative_to_upstream	IIIc	35	47	I	I	identical_to_human	identical	4.0	false	false	main_text_with_footnote
oreochromis_niloticus	IIIc	IIIc	IIIb	swapped_relative_to_upstream	IIIc	36	48	G	G	identical_to_human	identical	6.0	false	false	main_text_with_footnote
oreochromis_niloticus	IIIc	IIIc	IIIb	swapped_relative_to_upstream	IIIc	37	49	I	I	identical_to_human	identical	4.0	false	false	main_text_with_footnote
oreochromis_niloticus	IIIc	IIIc	IIIb	swapped_relative_to_upstream	IIIc	38	50	S	S	identical_to_human	identical	4.0	false	false	main_text_with_footnote
oreochromis_niloticus	IIIc	IIIc	IIIb	swapped_relative_to_upstream	IIIc	39	51	F	Y	conservative_substitution	conservative	3.0	false	false	main_text_with_footnote
oreochromis_niloticus	IIIc	IIIc	IIIb	swapped_relative_to_upstream	IIIc	40	52	H	H	identical_to_human	identical	8.0	false	false	main_text_with_footnote
oreochromis_niloticus	IIIc	IIIc	IIIb	swapped_relative_to_upstream	IIIc	41	53	S	T	conservative_substitution	conservative	1.0	false	false	main_text_with_footnote
oreochromis_niloticus	IIIc	IIIc	IIIb	swapped_relative_to_upstream	IIIc	42	54	A	A	identical_to_human	identical	4.0	false	false	main_text_with_footnote
oreochromis_niloticus	IIIc	IIIc	IIIb	swapped_relative_to_upstream	IIIc	43	55	W	W	identical_to_human	identical	11.0	false	false	main_text_with_footnote
oreochromis_niloticus	IIIc	IIIc	IIIb	swapped_relative_to_upstream	IIIc	44	56	L	L	identical_to_human	identical	4.0	false	false	main_text_with_footnote
oreochromis_niloticus	IIIc	IIIc	IIIb	swapped_relative_to_upstream	IIIc	45	57	T	T	identical_to_human	identical	5.0	false	false	main_text_with_footnote
oreochromis_niloticus	IIIc	IIIc	IIIb	swapped_relative_to_upstream	IIIc	46	58	V	V	identical_to_human	identical	4.0	false	false	main_text_with_footnote
oreochromis_niloticus	IIIc	IIIc	IIIb	swapped_relative_to_upstream	IIIc	47	59	L	L	identical_to_human	identical	4.0	false	false	main_text_with_footnote
oreochromis_niloticus	IIIc	IIIc	IIIb	swapped_relative_to_upstream	IIIc	48	69	P	P	identical_to_human	identical	7.0	false	false	main_text_with_footnote
ornithorhynchus_anatinus	IIIc	IIIc	IIIb	swapped_relative_to_upstream	IIIc	1	1	A	A	identical_to_human	identical	4.0	false	false	main_text_primary_claim
ornithorhynchus_anatinus	IIIc	IIIc	IIIb	swapped_relative_to_upstream	IIIc	2	2	A	A	identical_to_human	identical	4.0	false	false	main_text_primary_claim
ornithorhynchus_anatinus	IIIc	IIIc	IIIb	swapped_relative_to_upstream	IIIc	3	3	G	G	identical_to_human	identical	6.0	false	false	main_text_primary_claim
ornithorhynchus_anatinus	IIIc	IIIc	IIIb	swapped_relative_to_upstream	IIIc	4	4	V	V	identical_to_human	identical	4.0	false	false	main_text_primary_claim
ornithorhynchus_anatinus	IIIc	IIIc	IIIb	swapped_relative_to_upstream	IIIc	5	5	N	N	identical_to_human	identical	6.0	false	false	main_text_primary_claim
ornithorhynchus_anatinus	IIIc	IIIc	IIIb	swapped_relative_to_upstream	IIIc	6	6	T	T	identical_to_human	identical	5.0	false	false	main_text_primary_claim
ornithorhynchus_anatinus	IIIc	IIIc	IIIb	swapped_relative_to_upstream	IIIc	7	7	T	T	identical_to_human	identical	5.0	false	false	main_text_primary_claim
ornithorhynchus_anatinus	IIIc	IIIc	IIIb	swapped_relative_to_upstream	IIIc	8	8	D	D	identical_to_human	identical	6.0	false	false	main_text_primary_claim
ornithorhynchus_anatinus	IIIc	IIIc	IIIb	swapped_relative_to_upstream	IIIc	9	9	K	K	identical_to_human	identical	5.0	false	false	main_text_primary_claim
ornithorhynchus_anatinus	IIIc	IIIc	IIIb	swapped_relative_to_upstream	IIIc	10	10	E	E	identical_to_human	identical	5.0	false	false	main_text_primary_claim
ornithorhynchus_anatinus	IIIc	IIIc	IIIb	swapped_relative_to_upstream	IIIc	11	11	I	I	identical_to_human	identical	4.0	false	false	main_text_primary_claim
ornithorhynchus_anatinus	IIIc	IIIc	IIIb	swapped_relative_to_upstream	IIIc	12	12	E	E	identical_to_human	identical	5.0	false	false	main_text_primary_claim
ornithorhynchus_anatinus	IIIc	IIIc	IIIb	swapped_relative_to_upstream	IIIc	13	13	V	V	identical_to_human	identical	4.0	false	false	main_text_primary_claim
ornithorhynchus_anatinus	IIIc	IIIc	IIIb	swapped_relative_to_upstream	IIIc	14	14	L	L	identical_to_human	identical	4.0	false	false	main_text_primary_claim
ornithorhynchus_anatinus	IIIc	IIIc	IIIb	swapped_relative_to_upstream	IIIc	15	15	Y	Y	identical_to_human	identical	7.0	false	false	main_text_primary_claim
ornithorhynchus_anatinus	IIIc	IIIc	IIIb	swapped_relative_to_upstream	IIIc	16	16	I	I	identical_to_human	identical	4.0	false	false	main_text_primary_claim
ornithorhynchus_anatinus	IIIc	IIIc	IIIb	swapped_relative_to_upstream	IIIc	17	17	R	R	identical_to_human	identical	5.0	false	false	main_text_primary_claim
ornithorhynchus_anatinus	IIIc	IIIc	IIIb	swapped_relative_to_upstream	IIIc	18	18	N	N	identical_to_human	identical	6.0	false	false	main_text_primary_claim
ornithorhynchus_anatinus	IIIc	IIIc	IIIb	swapped_relative_to_upstream	IIIc	19	19	V	V	identical_to_human	identical	4.0	false	false	main_text_primary_claim
ornithorhynchus_anatinus	IIIc	IIIc	IIIb	swapped_relative_to_upstream	IIIc	20	20	T	T	identical_to_human	identical	5.0	false	false	main_text_primary_claim
ornithorhynchus_anatinus	IIIc	IIIc	IIIb	swapped_relative_to_upstream	IIIc	21	21	F	F	identical_to_human	identical	6.0	false	false	main_text_primary_claim
ornithorhynchus_anatinus	IIIc	IIIc	IIIb	swapped_relative_to_upstream	IIIc	22	22	E	E	identical_to_human	identical	5.0	false	false	main_text_primary_claim
ornithorhynchus_anatinus	IIIc	IIIc	IIIb	swapped_relative_to_upstream	IIIc	23	23	D	D	identical_to_human	identical	6.0	false	false	main_text_primary_claim
ornithorhynchus_anatinus	IIIc	IIIc	IIIb	swapped_relative_to_upstream	IIIc	24	24	A	A	identical_to_human	identical	4.0	false	false	main_text_primary_claim
ornithorhynchus_anatinus	IIIc	IIIc	IIIb	swapped_relative_to_upstream	IIIc	25	25	G	G	identical_to_human	identical	6.0	false	false	main_text_primary_claim
ornithorhynchus_anatinus	IIIc	IIIc	IIIb	swapped_relative_to_upstream	IIIc	26	26	E	E	identical_to_human	identical	5.0	false	false	main_text_primary_claim
ornithorhynchus_anatinus	IIIc	IIIc	IIIb	swapped_relative_to_upstream	IIIc	27	27	Y	Y	identical_to_human	identical	7.0	false	false	main_text_primary_claim
ornithorhynchus_anatinus	IIIc	IIIc	IIIb	swapped_relative_to_upstream	IIIc	28	28	T	T	identical_to_human	identical	5.0	false	false	main_text_primary_claim
ornithorhynchus_anatinus	IIIc	IIIc	IIIb	swapped_relative_to_upstream	IIIc	29	29	C	C	identical_to_human	identical	9.0	false	false	main_text_primary_claim
ornithorhynchus_anatinus	IIIc	IIIc	IIIb	swapped_relative_to_upstream	IIIc	30	30	L	L	identical_to_human	identical	4.0	false	false	main_text_primary_claim
ornithorhynchus_anatinus	IIIc	IIIc	IIIb	swapped_relative_to_upstream	IIIc	31	31	A	A	identical_to_human	identical	4.0	false	false	main_text_primary_claim
ornithorhynchus_anatinus	IIIc	IIIc	IIIb	swapped_relative_to_upstream	IIIc	32	32	G	G	identical_to_human	identical	6.0	false	false	main_text_primary_claim
ornithorhynchus_anatinus	IIIc	IIIc	IIIb	swapped_relative_to_upstream	IIIc	33	45	N	N	identical_to_human	identical	6.0	false	false	main_text_primary_claim
ornithorhynchus_anatinus	IIIc	IIIc	IIIb	swapped_relative_to_upstream	IIIc	34	46	S	S	identical_to_human	identical	4.0	false	false	main_text_primary_claim
ornithorhynchus_anatinus	IIIc	IIIc	IIIb	swapped_relative_to_upstream	IIIc	35	47	I	I	identical_to_human	identical	4.0	false	false	main_text_primary_claim
ornithorhynchus_anatinus	IIIc	IIIc	IIIb	swapped_relative_to_upstream	IIIc	36	48	G	G	identical_to_human	identical	6.0	false	false	main_text_primary_claim
ornithorhynchus_anatinus	IIIc	IIIc	IIIb	swapped_relative_to_upstream	IIIc	37	49	I	I	identical_to_human	identical	4.0	false	false	main_text_primary_claim
ornithorhynchus_anatinus	IIIc	IIIc	IIIb	swapped_relative_to_upstream	IIIc	38	50	S	S	identical_to_human	identical	4.0	false	false	main_text_primary_claim
ornithorhynchus_anatinus	IIIc	IIIc	IIIb	swapped_relative_to_upstream	IIIc	39	51	F	F	identical_to_human	identical	6.0	false	false	main_text_primary_claim
ornithorhynchus_anatinus	IIIc	IIIc	IIIb	swapped_relative_to_upstream	IIIc	40	52	H	H	identical_to_human	identical	8.0	false	false	main_text_primary_claim
ornithorhynchus_anatinus	IIIc	IIIc	IIIb	swapped_relative_to_upstream	IIIc	41	53	S	S	identical_to_human	identical	4.0	false	false	main_text_primary_claim
ornithorhynchus_anatinus	IIIc	IIIc	IIIb	swapped_relative_to_upstream	IIIc	42	54	A	A	identical_to_human	identical	4.0	false	false	main_text_primary_claim
ornithorhynchus_anatinus	IIIc	IIIc	IIIb	swapped_relative_to_upstream	IIIc	43	55	W	W	identical_to_human	identical	11.0	false	false	main_text_primary_claim
ornithorhynchus_anatinus	IIIc	IIIc	IIIb	swapped_relative_to_upstream	IIIc	44	56	L	L	identical_to_human	identical	4.0	false	false	main_text_primary_claim
ornithorhynchus_anatinus	IIIc	IIIc	IIIb	swapped_relative_to_upstream	IIIc	45	57	T	T	identical_to_human	identical	5.0	false	false	main_text_primary_claim
ornithorhynchus_anatinus	IIIc	IIIc	IIIb	swapped_relative_to_upstream	IIIc	46	58	V	V	identical_to_human	identical	4.0	false	false	main_text_primary_claim
ornithorhynchus_anatinus	IIIc	IIIc	IIIb	swapped_relative_to_upstream	IIIc	47	59	L	L	identical_to_human	identical	4.0	false	false	main_text_primary_claim
ornithorhynchus_anatinus	IIIc	IIIc	IIIb	swapped_relative_to_upstream	IIIc	48	69	P	P	identical_to_human	identical	7.0	false	false	main_text_primary_claim
oryctolagus_cuniculus	IIIc	IIIc	IIIb	swapped_relative_to_upstream	IIIc	1	1	A	A	identical_to_human	identical	4.0	false	false	main_text_primary_claim
oryctolagus_cuniculus	IIIc	IIIc	IIIb	swapped_relative_to_upstream	IIIc	2	2	A	A	identical_to_human	identical	4.0	false	false	main_text_primary_claim
oryctolagus_cuniculus	IIIc	IIIc	IIIb	swapped_relative_to_upstream	IIIc	3	3	G	G	identical_to_human	identical	6.0	false	false	main_text_primary_claim
oryctolagus_cuniculus	IIIc	IIIc	IIIb	swapped_relative_to_upstream	IIIc	4	4	V	V	identical_to_human	identical	4.0	false	false	main_text_primary_claim
oryctolagus_cuniculus	IIIc	IIIc	IIIb	swapped_relative_to_upstream	IIIc	5	5	N	N	identical_to_human	identical	6.0	false	false	main_text_primary_claim
oryctolagus_cuniculus	IIIc	IIIc	IIIb	swapped_relative_to_upstream	IIIc	6	6	T	T	identical_to_human	identical	5.0	false	false	main_text_primary_claim
oryctolagus_cuniculus	IIIc	IIIc	IIIb	swapped_relative_to_upstream	IIIc	7	7	T	T	identical_to_human	identical	5.0	false	false	main_text_primary_claim
oryctolagus_cuniculus	IIIc	IIIc	IIIb	swapped_relative_to_upstream	IIIc	8	8	D	D	identical_to_human	identical	6.0	false	false	main_text_primary_claim
oryctolagus_cuniculus	IIIc	IIIc	IIIb	swapped_relative_to_upstream	IIIc	9	9	K	K	identical_to_human	identical	5.0	false	false	main_text_primary_claim
oryctolagus_cuniculus	IIIc	IIIc	IIIb	swapped_relative_to_upstream	IIIc	10	10	E	E	identical_to_human	identical	5.0	false	false	main_text_primary_claim
oryctolagus_cuniculus	IIIc	IIIc	IIIb	swapped_relative_to_upstream	IIIc	11	11	I	I	identical_to_human	identical	4.0	false	false	main_text_primary_claim
oryctolagus_cuniculus	IIIc	IIIc	IIIb	swapped_relative_to_upstream	IIIc	12	12	E	E	identical_to_human	identical	5.0	false	false	main_text_primary_claim
oryctolagus_cuniculus	IIIc	IIIc	IIIb	swapped_relative_to_upstream	IIIc	13	13	V	V	identical_to_human	identical	4.0	false	false	main_text_primary_claim
oryctolagus_cuniculus	IIIc	IIIc	IIIb	swapped_relative_to_upstream	IIIc	14	14	L	L	identical_to_human	identical	4.0	false	false	main_text_primary_claim
oryctolagus_cuniculus	IIIc	IIIc	IIIb	swapped_relative_to_upstream	IIIc	15	15	Y	Y	identical_to_human	identical	7.0	false	false	main_text_primary_claim
oryctolagus_cuniculus	IIIc	IIIc	IIIb	swapped_relative_to_upstream	IIIc	16	16	I	I	identical_to_human	identical	4.0	false	false	main_text_primary_claim
oryctolagus_cuniculus	IIIc	IIIc	IIIb	swapped_relative_to_upstream	IIIc	17	17	R	R	identical_to_human	identical	5.0	false	false	main_text_primary_claim
oryctolagus_cuniculus	IIIc	IIIc	IIIb	swapped_relative_to_upstream	IIIc	18	18	N	N	identical_to_human	identical	6.0	false	false	main_text_primary_claim
oryctolagus_cuniculus	IIIc	IIIc	IIIb	swapped_relative_to_upstream	IIIc	19	19	V	V	identical_to_human	identical	4.0	false	false	main_text_primary_claim
oryctolagus_cuniculus	IIIc	IIIc	IIIb	swapped_relative_to_upstream	IIIc	20	20	T	T	identical_to_human	identical	5.0	false	false	main_text_primary_claim
oryctolagus_cuniculus	IIIc	IIIc	IIIb	swapped_relative_to_upstream	IIIc	21	21	F	F	identical_to_human	identical	6.0	false	false	main_text_primary_claim
oryctolagus_cuniculus	IIIc	IIIc	IIIb	swapped_relative_to_upstream	IIIc	22	22	E	E	identical_to_human	identical	5.0	false	false	main_text_primary_claim
oryctolagus_cuniculus	IIIc	IIIc	IIIb	swapped_relative_to_upstream	IIIc	23	23	D	D	identical_to_human	identical	6.0	false	false	main_text_primary_claim
oryctolagus_cuniculus	IIIc	IIIc	IIIb	swapped_relative_to_upstream	IIIc	24	24	A	A	identical_to_human	identical	4.0	false	false	main_text_primary_claim
oryctolagus_cuniculus	IIIc	IIIc	IIIb	swapped_relative_to_upstream	IIIc	25	25	G	G	identical_to_human	identical	6.0	false	false	main_text_primary_claim
oryctolagus_cuniculus	IIIc	IIIc	IIIb	swapped_relative_to_upstream	IIIc	26	26	E	E	identical_to_human	identical	5.0	false	false	main_text_primary_claim
oryctolagus_cuniculus	IIIc	IIIc	IIIb	swapped_relative_to_upstream	IIIc	27	27	Y	Y	identical_to_human	identical	7.0	false	false	main_text_primary_claim
oryctolagus_cuniculus	IIIc	IIIc	IIIb	swapped_relative_to_upstream	IIIc	28	28	T	T	identical_to_human	identical	5.0	false	false	main_text_primary_claim
oryctolagus_cuniculus	IIIc	IIIc	IIIb	swapped_relative_to_upstream	IIIc	29	29	C	C	identical_to_human	identical	9.0	false	false	main_text_primary_claim
oryctolagus_cuniculus	IIIc	IIIc	IIIb	swapped_relative_to_upstream	IIIc	30	30	L	L	identical_to_human	identical	4.0	false	false	main_text_primary_claim
oryctolagus_cuniculus	IIIc	IIIc	IIIb	swapped_relative_to_upstream	IIIc	31	31	A	A	identical_to_human	identical	4.0	false	false	main_text_primary_claim
oryctolagus_cuniculus	IIIc	IIIc	IIIb	swapped_relative_to_upstream	IIIc	32	32	G	G	identical_to_human	identical	6.0	false	false	main_text_primary_claim
oryctolagus_cuniculus	IIIc	IIIc	IIIb	swapped_relative_to_upstream	IIIc	33	45	N	N	identical_to_human	identical	6.0	false	false	main_text_primary_claim
oryctolagus_cuniculus	IIIc	IIIc	IIIb	swapped_relative_to_upstream	IIIc	34	46	S	S	identical_to_human	identical	4.0	false	false	main_text_primary_claim
oryctolagus_cuniculus	IIIc	IIIc	IIIb	swapped_relative_to_upstream	IIIc	35	47	I	I	identical_to_human	identical	4.0	false	false	main_text_primary_claim
oryctolagus_cuniculus	IIIc	IIIc	IIIb	swapped_relative_to_upstream	IIIc	36	48	G	G	identical_to_human	identical	6.0	false	false	main_text_primary_claim
oryctolagus_cuniculus	IIIc	IIIc	IIIb	swapped_relative_to_upstream	IIIc	37	49	I	I	identical_to_human	identical	4.0	false	false	main_text_primary_claim
oryctolagus_cuniculus	IIIc	IIIc	IIIb	swapped_relative_to_upstream	IIIc	38	50	S	S	identical_to_human	identical	4.0	false	false	main_text_primary_claim
oryctolagus_cuniculus	IIIc	IIIc	IIIb	swapped_relative_to_upstream	IIIc	39	51	F	F	identical_to_human	identical	6.0	false	false	main_text_primary_claim
oryctolagus_cuniculus	IIIc	IIIc	IIIb	swapped_relative_to_upstream	IIIc	40	52	H	H	identical_to_human	identical	8.0	false	false	main_text_primary_claim
oryctolagus_cuniculus	IIIc	IIIc	IIIb	swapped_relative_to_upstream	IIIc	41	53	S	S	identical_to_human	identical	4.0	false	false	main_text_primary_claim
oryctolagus_cuniculus	IIIc	IIIc	IIIb	swapped_relative_to_upstream	IIIc	42	54	A	A	identical_to_human	identical	4.0	false	false	main_text_primary_claim
oryctolagus_cuniculus	IIIc	IIIc	IIIb	swapped_relative_to_upstream	IIIc	43	55	W	W	identical_to_human	identical	11.0	false	false	main_text_primary_claim
oryctolagus_cuniculus	IIIc	IIIc	IIIb	swapped_relative_to_upstream	IIIc	44	56	L	L	identical_to_human	identical	4.0	false	false	main_text_primary_claim
oryctolagus_cuniculus	IIIc	IIIc	IIIb	swapped_relative_to_upstream	IIIc	45	57	T	T	identical_to_human	identical	5.0	false	false	main_text_primary_claim
oryctolagus_cuniculus	IIIc	IIIc	IIIb	swapped_relative_to_upstream	IIIc	46	58	V	V	identical_to_human	identical	4.0	false	false	main_text_primary_claim
oryctolagus_cuniculus	IIIc	IIIc	IIIb	swapped_relative_to_upstream	IIIc	47	59	L	L	identical_to_human	identical	4.0	false	false	main_text_primary_claim
oryctolagus_cuniculus	IIIc	IIIc	IIIb	swapped_relative_to_upstream	IIIc	48	69	P	P	identical_to_human	identical	7.0	false	false	main_text_primary_claim
oryzias_latipes	IIIc	IIIc	IIIb	swapped_relative_to_upstream	IIIc	1	1	A		gap_or_missing	gap		true	false	main_text_with_footnote
oryzias_latipes	IIIc	IIIc	IIIb	swapped_relative_to_upstream	IIIc	2	2	A	A	identical_to_human	identical	4.0	false	false	main_text_with_footnote
oryzias_latipes	IIIc	IIIc	IIIb	swapped_relative_to_upstream	IIIc	3	3	G	G	identical_to_human	identical	6.0	false	false	main_text_with_footnote
oryzias_latipes	IIIc	IIIc	IIIb	swapped_relative_to_upstream	IIIc	4	4	V	V	identical_to_human	identical	4.0	false	false	main_text_with_footnote
oryzias_latipes	IIIc	IIIc	IIIb	swapped_relative_to_upstream	IIIc	5	5	N	N	identical_to_human	identical	6.0	false	false	main_text_with_footnote
oryzias_latipes	IIIc	IIIc	IIIb	swapped_relative_to_upstream	IIIc	6	6	T	T	identical_to_human	identical	5.0	false	false	main_text_with_footnote
oryzias_latipes	IIIc	IIIc	IIIb	swapped_relative_to_upstream	IIIc	7	7	T	T	identical_to_human	identical	5.0	false	false	main_text_with_footnote
oryzias_latipes	IIIc	IIIc	IIIb	swapped_relative_to_upstream	IIIc	8	8	D	D	identical_to_human	identical	6.0	false	false	main_text_with_footnote
oryzias_latipes	IIIc	IIIc	IIIb	swapped_relative_to_upstream	IIIc	9	9	K	K	identical_to_human	identical	5.0	false	false	main_text_with_footnote
oryzias_latipes	IIIc	IIIc	IIIb	swapped_relative_to_upstream	IIIc	10	10	E	E	identical_to_human	identical	5.0	false	false	main_text_with_footnote
oryzias_latipes	IIIc	IIIc	IIIb	swapped_relative_to_upstream	IIIc	11	11	I	I	identical_to_human	identical	4.0	false	false	main_text_with_footnote
oryzias_latipes	IIIc	IIIc	IIIb	swapped_relative_to_upstream	IIIc	12	12	E	E	identical_to_human	identical	5.0	false	false	main_text_with_footnote
oryzias_latipes	IIIc	IIIc	IIIb	swapped_relative_to_upstream	IIIc	13	13	V	V	identical_to_human	identical	4.0	false	false	main_text_with_footnote
oryzias_latipes	IIIc	IIIc	IIIb	swapped_relative_to_upstream	IIIc	14	14	L	L	identical_to_human	identical	4.0	false	false	main_text_with_footnote
oryzias_latipes	IIIc	IIIc	IIIb	swapped_relative_to_upstream	IIIc	15	15	Y	H	conservative_substitution	conservative	2.0	false	false	main_text_with_footnote
oryzias_latipes	IIIc	IIIc	IIIb	swapped_relative_to_upstream	IIIc	16	16	I	L	conservative_substitution	conservative	2.0	false	false	main_text_with_footnote
oryzias_latipes	IIIc	IIIc	IIIb	swapped_relative_to_upstream	IIIc	17	17	R	P	nonconservative_substitution	nonconservative	-2.0	false	false	main_text_with_footnote
oryzias_latipes	IIIc	IIIc	IIIb	swapped_relative_to_upstream	IIIc	18	18	N	N	identical_to_human	identical	6.0	false	false	main_text_with_footnote
oryzias_latipes	IIIc	IIIc	IIIb	swapped_relative_to_upstream	IIIc	19	19	V	V	identical_to_human	identical	4.0	false	false	main_text_with_footnote
oryzias_latipes	IIIc	IIIc	IIIb	swapped_relative_to_upstream	IIIc	20	20	T	T	identical_to_human	identical	5.0	false	false	main_text_with_footnote
oryzias_latipes	IIIc	IIIc	IIIb	swapped_relative_to_upstream	IIIc	21	21	F	F	identical_to_human	identical	6.0	false	false	main_text_with_footnote
oryzias_latipes	IIIc	IIIc	IIIb	swapped_relative_to_upstream	IIIc	22	22	E	E	identical_to_human	identical	5.0	false	false	main_text_with_footnote
oryzias_latipes	IIIc	IIIc	IIIb	swapped_relative_to_upstream	IIIc	23	23	D	D	identical_to_human	identical	6.0	false	false	main_text_with_footnote
oryzias_latipes	IIIc	IIIc	IIIb	swapped_relative_to_upstream	IIIc	24	24	A	A	identical_to_human	identical	4.0	false	false	main_text_with_footnote
oryzias_latipes	IIIc	IIIc	IIIb	swapped_relative_to_upstream	IIIc	25	25	G	G	identical_to_human	identical	6.0	false	false	main_text_with_footnote
oryzias_latipes	IIIc	IIIc	IIIb	swapped_relative_to_upstream	IIIc	26	26	E	E	identical_to_human	identical	5.0	false	false	main_text_with_footnote
oryzias_latipes	IIIc	IIIc	IIIb	swapped_relative_to_upstream	IIIc	27	27	Y	Y	identical_to_human	identical	7.0	false	false	main_text_with_footnote
oryzias_latipes	IIIc	IIIc	IIIb	swapped_relative_to_upstream	IIIc	28	28	T	T	identical_to_human	identical	5.0	false	false	main_text_with_footnote
oryzias_latipes	IIIc	IIIc	IIIb	swapped_relative_to_upstream	IIIc	29	29	C	C	identical_to_human	identical	9.0	false	false	main_text_with_footnote
oryzias_latipes	IIIc	IIIc	IIIb	swapped_relative_to_upstream	IIIc	30	30	L	L	identical_to_human	identical	4.0	false	false	main_text_with_footnote
oryzias_latipes	IIIc	IIIc	IIIb	swapped_relative_to_upstream	IIIc	31	31	A	A	identical_to_human	identical	4.0	false	false	main_text_with_footnote
oryzias_latipes	IIIc	IIIc	IIIb	swapped_relative_to_upstream	IIIc	32	32	G	G	identical_to_human	identical	6.0	false	false	main_text_with_footnote
oryzias_latipes	IIIc	IIIc	IIIb	swapped_relative_to_upstream	IIIc	33	45	N	N	identical_to_human	identical	6.0	false	false	main_text_with_footnote
oryzias_latipes	IIIc	IIIc	IIIb	swapped_relative_to_upstream	IIIc	34	46	S	S	identical_to_human	identical	4.0	false	false	main_text_with_footnote
oryzias_latipes	IIIc	IIIc	IIIb	swapped_relative_to_upstream	IIIc	35	47	I	I	identical_to_human	identical	4.0	false	false	main_text_with_footnote
oryzias_latipes	IIIc	IIIc	IIIb	swapped_relative_to_upstream	IIIc	36	48	G	G	identical_to_human	identical	6.0	false	false	main_text_with_footnote
oryzias_latipes	IIIc	IIIc	IIIb	swapped_relative_to_upstream	IIIc	37	49	I	I	identical_to_human	identical	4.0	false	false	main_text_with_footnote
oryzias_latipes	IIIc	IIIc	IIIb	swapped_relative_to_upstream	IIIc	38	50	S	S	identical_to_human	identical	4.0	false	false	main_text_with_footnote
oryzias_latipes	IIIc	IIIc	IIIb	swapped_relative_to_upstream	IIIc	39	51	F	Y	conservative_substitution	conservative	3.0	false	false	main_text_with_footnote
oryzias_latipes	IIIc	IIIc	IIIb	swapped_relative_to_upstream	IIIc	40	52	H	H	identical_to_human	identical	8.0	false	false	main_text_with_footnote
oryzias_latipes	IIIc	IIIc	IIIb	swapped_relative_to_upstream	IIIc	41	53	S	T	conservative_substitution	conservative	1.0	false	false	main_text_with_footnote
oryzias_latipes	IIIc	IIIc	IIIb	swapped_relative_to_upstream	IIIc	42	54	A	A	identical_to_human	identical	4.0	false	false	main_text_with_footnote
oryzias_latipes	IIIc	IIIc	IIIb	swapped_relative_to_upstream	IIIc	43	55	W	T	nonconservative_substitution	nonconservative	-2.0	false	false	main_text_with_footnote
oryzias_latipes	IIIc	IIIc	IIIb	swapped_relative_to_upstream	IIIc	44	56	L	L	identical_to_human	identical	4.0	false	false	main_text_with_footnote
oryzias_latipes	IIIc	IIIc	IIIb	swapped_relative_to_upstream	IIIc	45	57	T	T	identical_to_human	identical	5.0	false	false	main_text_with_footnote
oryzias_latipes	IIIc	IIIc	IIIb	swapped_relative_to_upstream	IIIc	46	58	V	V	identical_to_human	identical	4.0	false	false	main_text_with_footnote
oryzias_latipes	IIIc	IIIc	IIIb	swapped_relative_to_upstream	IIIc	47	59	L	L	identical_to_human	identical	4.0	false	false	main_text_with_footnote
oryzias_latipes	IIIc	IIIc	IIIb	swapped_relative_to_upstream	IIIc	48	69	P	P	identical_to_human	identical	7.0	false	false	main_text_with_footnote
ovis_aries	IIIc	IIIc	IIIb	swapped_relative_to_upstream	IIIc	1	1	A	A	identical_to_human	identical	4.0	false	false	main_text_primary_claim
ovis_aries	IIIc	IIIc	IIIb	swapped_relative_to_upstream	IIIc	2	2	A	A	identical_to_human	identical	4.0	false	false	main_text_primary_claim
ovis_aries	IIIc	IIIc	IIIb	swapped_relative_to_upstream	IIIc	3	3	G	G	identical_to_human	identical	6.0	false	false	main_text_primary_claim
ovis_aries	IIIc	IIIc	IIIb	swapped_relative_to_upstream	IIIc	4	4	V	V	identical_to_human	identical	4.0	false	false	main_text_primary_claim
ovis_aries	IIIc	IIIc	IIIb	swapped_relative_to_upstream	IIIc	5	5	N	N	identical_to_human	identical	6.0	false	false	main_text_primary_claim
ovis_aries	IIIc	IIIc	IIIb	swapped_relative_to_upstream	IIIc	6	6	T	T	identical_to_human	identical	5.0	false	false	main_text_primary_claim
ovis_aries	IIIc	IIIc	IIIb	swapped_relative_to_upstream	IIIc	7	7	T	T	identical_to_human	identical	5.0	false	false	main_text_primary_claim
ovis_aries	IIIc	IIIc	IIIb	swapped_relative_to_upstream	IIIc	8	8	D	D	identical_to_human	identical	6.0	false	false	main_text_primary_claim
ovis_aries	IIIc	IIIc	IIIb	swapped_relative_to_upstream	IIIc	9	9	K	K	identical_to_human	identical	5.0	false	false	main_text_primary_claim
ovis_aries	IIIc	IIIc	IIIb	swapped_relative_to_upstream	IIIc	10	10	E	E	identical_to_human	identical	5.0	false	false	main_text_primary_claim
ovis_aries	IIIc	IIIc	IIIb	swapped_relative_to_upstream	IIIc	11	11	I	I	identical_to_human	identical	4.0	false	false	main_text_primary_claim
ovis_aries	IIIc	IIIc	IIIb	swapped_relative_to_upstream	IIIc	12	12	E	E	identical_to_human	identical	5.0	false	false	main_text_primary_claim
ovis_aries	IIIc	IIIc	IIIb	swapped_relative_to_upstream	IIIc	13	13	V	V	identical_to_human	identical	4.0	false	false	main_text_primary_claim
ovis_aries	IIIc	IIIc	IIIb	swapped_relative_to_upstream	IIIc	14	14	L	L	identical_to_human	identical	4.0	false	false	main_text_primary_claim
ovis_aries	IIIc	IIIc	IIIb	swapped_relative_to_upstream	IIIc	15	15	Y	Y	identical_to_human	identical	7.0	false	false	main_text_primary_claim
ovis_aries	IIIc	IIIc	IIIb	swapped_relative_to_upstream	IIIc	16	16	I	I	identical_to_human	identical	4.0	false	false	main_text_primary_claim
ovis_aries	IIIc	IIIc	IIIb	swapped_relative_to_upstream	IIIc	17	17	R	R	identical_to_human	identical	5.0	false	false	main_text_primary_claim
ovis_aries	IIIc	IIIc	IIIb	swapped_relative_to_upstream	IIIc	18	18	N	N	identical_to_human	identical	6.0	false	false	main_text_primary_claim
ovis_aries	IIIc	IIIc	IIIb	swapped_relative_to_upstream	IIIc	19	19	V	V	identical_to_human	identical	4.0	false	false	main_text_primary_claim
ovis_aries	IIIc	IIIc	IIIb	swapped_relative_to_upstream	IIIc	20	20	T	T	identical_to_human	identical	5.0	false	false	main_text_primary_claim
ovis_aries	IIIc	IIIc	IIIb	swapped_relative_to_upstream	IIIc	21	21	F	F	identical_to_human	identical	6.0	false	false	main_text_primary_claim
ovis_aries	IIIc	IIIc	IIIb	swapped_relative_to_upstream	IIIc	22	22	E	E	identical_to_human	identical	5.0	false	false	main_text_primary_claim
ovis_aries	IIIc	IIIc	IIIb	swapped_relative_to_upstream	IIIc	23	23	D	D	identical_to_human	identical	6.0	false	false	main_text_primary_claim
ovis_aries	IIIc	IIIc	IIIb	swapped_relative_to_upstream	IIIc	24	24	A	A	identical_to_human	identical	4.0	false	false	main_text_primary_claim
ovis_aries	IIIc	IIIc	IIIb	swapped_relative_to_upstream	IIIc	25	25	G	G	identical_to_human	identical	6.0	false	false	main_text_primary_claim
ovis_aries	IIIc	IIIc	IIIb	swapped_relative_to_upstream	IIIc	26	26	E	E	identical_to_human	identical	5.0	false	false	main_text_primary_claim
ovis_aries	IIIc	IIIc	IIIb	swapped_relative_to_upstream	IIIc	27	27	Y	Y	identical_to_human	identical	7.0	false	false	main_text_primary_claim
ovis_aries	IIIc	IIIc	IIIb	swapped_relative_to_upstream	IIIc	28	28	T	T	identical_to_human	identical	5.0	false	false	main_text_primary_claim
ovis_aries	IIIc	IIIc	IIIb	swapped_relative_to_upstream	IIIc	29	29	C	C	identical_to_human	identical	9.0	false	false	main_text_primary_claim
ovis_aries	IIIc	IIIc	IIIb	swapped_relative_to_upstream	IIIc	30	30	L	L	identical_to_human	identical	4.0	false	false	main_text_primary_claim
ovis_aries	IIIc	IIIc	IIIb	swapped_relative_to_upstream	IIIc	31	31	A	A	identical_to_human	identical	4.0	false	false	main_text_primary_claim
ovis_aries	IIIc	IIIc	IIIb	swapped_relative_to_upstream	IIIc	32	32	G	G	identical_to_human	identical	6.0	false	false	main_text_primary_claim
ovis_aries	IIIc	IIIc	IIIb	swapped_relative_to_upstream	IIIc	33	45	N	N	identical_to_human	identical	6.0	false	false	main_text_primary_claim
ovis_aries	IIIc	IIIc	IIIb	swapped_relative_to_upstream	IIIc	34	46	S	S	identical_to_human	identical	4.0	false	false	main_text_primary_claim
ovis_aries	IIIc	IIIc	IIIb	swapped_relative_to_upstream	IIIc	35	47	I	I	identical_to_human	identical	4.0	false	false	main_text_primary_claim
ovis_aries	IIIc	IIIc	IIIb	swapped_relative_to_upstream	IIIc	36	48	G	G	identical_to_human	identical	6.0	false	false	main_text_primary_claim
ovis_aries	IIIc	IIIc	IIIb	swapped_relative_to_upstream	IIIc	37	49	I	I	identical_to_human	identical	4.0	false	false	main_text_primary_claim
ovis_aries	IIIc	IIIc	IIIb	swapped_relative_to_upstream	IIIc	38	50	S	S	identical_to_human	identical	4.0	false	false	main_text_primary_claim
ovis_aries	IIIc	IIIc	IIIb	swapped_relative_to_upstream	IIIc	39	51	F	F	identical_to_human	identical	6.0	false	false	main_text_primary_claim
ovis_aries	IIIc	IIIc	IIIb	swapped_relative_to_upstream	IIIc	40	52	H	H	identical_to_human	identical	8.0	false	false	main_text_primary_claim
ovis_aries	IIIc	IIIc	IIIb	swapped_relative_to_upstream	IIIc	41	53	S	S	identical_to_human	identical	4.0	false	false	main_text_primary_claim
ovis_aries	IIIc	IIIc	IIIb	swapped_relative_to_upstream	IIIc	42	54	A	A	identical_to_human	identical	4.0	false	false	main_text_primary_claim
ovis_aries	IIIc	IIIc	IIIb	swapped_relative_to_upstream	IIIc	43	55	W	W	identical_to_human	identical	11.0	false	false	main_text_primary_claim
ovis_aries	IIIc	IIIc	IIIb	swapped_relative_to_upstream	IIIc	44	56	L	L	identical_to_human	identical	4.0	false	false	main_text_primary_claim
ovis_aries	IIIc	IIIc	IIIb	swapped_relative_to_upstream	IIIc	45	57	T	T	identical_to_human	identical	5.0	false	false	main_text_primary_claim
ovis_aries	IIIc	IIIc	IIIb	swapped_relative_to_upstream	IIIc	46	58	V	V	identical_to_human	identical	4.0	false	false	main_text_primary_claim
ovis_aries	IIIc	IIIc	IIIb	swapped_relative_to_upstream	IIIc	47	59	L	L	identical_to_human	identical	4.0	false	false	main_text_primary_claim
ovis_aries	IIIc	IIIc	IIIb	swapped_relative_to_upstream	IIIc	48	69	P	P	identical_to_human	identical	7.0	false	false	main_text_primary_claim
pan_troglodytes	IIIc	IIIc	IIIb	swapped_relative_to_upstream	IIIc	1	1	A	A	identical_to_human	identical	4.0	false	false	main_text_primary_claim
pan_troglodytes	IIIc	IIIc	IIIb	swapped_relative_to_upstream	IIIc	2	2	A	A	identical_to_human	identical	4.0	false	false	main_text_primary_claim
pan_troglodytes	IIIc	IIIc	IIIb	swapped_relative_to_upstream	IIIc	3	3	G	G	identical_to_human	identical	6.0	false	false	main_text_primary_claim
pan_troglodytes	IIIc	IIIc	IIIb	swapped_relative_to_upstream	IIIc	4	4	V	V	identical_to_human	identical	4.0	false	false	main_text_primary_claim
pan_troglodytes	IIIc	IIIc	IIIb	swapped_relative_to_upstream	IIIc	5	5	N	N	identical_to_human	identical	6.0	false	false	main_text_primary_claim
pan_troglodytes	IIIc	IIIc	IIIb	swapped_relative_to_upstream	IIIc	6	6	T	T	identical_to_human	identical	5.0	false	false	main_text_primary_claim
pan_troglodytes	IIIc	IIIc	IIIb	swapped_relative_to_upstream	IIIc	7	7	T	T	identical_to_human	identical	5.0	false	false	main_text_primary_claim
pan_troglodytes	IIIc	IIIc	IIIb	swapped_relative_to_upstream	IIIc	8	8	D	D	identical_to_human	identical	6.0	false	false	main_text_primary_claim
pan_troglodytes	IIIc	IIIc	IIIb	swapped_relative_to_upstream	IIIc	9	9	K	K	identical_to_human	identical	5.0	false	false	main_text_primary_claim
pan_troglodytes	IIIc	IIIc	IIIb	swapped_relative_to_upstream	IIIc	10	10	E	E	identical_to_human	identical	5.0	false	false	main_text_primary_claim
pan_troglodytes	IIIc	IIIc	IIIb	swapped_relative_to_upstream	IIIc	11	11	I	I	identical_to_human	identical	4.0	false	false	main_text_primary_claim
pan_troglodytes	IIIc	IIIc	IIIb	swapped_relative_to_upstream	IIIc	12	12	E	E	identical_to_human	identical	5.0	false	false	main_text_primary_claim
pan_troglodytes	IIIc	IIIc	IIIb	swapped_relative_to_upstream	IIIc	13	13	V	V	identical_to_human	identical	4.0	false	false	main_text_primary_claim
pan_troglodytes	IIIc	IIIc	IIIb	swapped_relative_to_upstream	IIIc	14	14	L	L	identical_to_human	identical	4.0	false	false	main_text_primary_claim
pan_troglodytes	IIIc	IIIc	IIIb	swapped_relative_to_upstream	IIIc	15	15	Y	Y	identical_to_human	identical	7.0	false	false	main_text_primary_claim
pan_troglodytes	IIIc	IIIc	IIIb	swapped_relative_to_upstream	IIIc	16	16	I	I	identical_to_human	identical	4.0	false	false	main_text_primary_claim
pan_troglodytes	IIIc	IIIc	IIIb	swapped_relative_to_upstream	IIIc	17	17	R	R	identical_to_human	identical	5.0	false	false	main_text_primary_claim
pan_troglodytes	IIIc	IIIc	IIIb	swapped_relative_to_upstream	IIIc	18	18	N	N	identical_to_human	identical	6.0	false	false	main_text_primary_claim
pan_troglodytes	IIIc	IIIc	IIIb	swapped_relative_to_upstream	IIIc	19	19	V	V	identical_to_human	identical	4.0	false	false	main_text_primary_claim
pan_troglodytes	IIIc	IIIc	IIIb	swapped_relative_to_upstream	IIIc	20	20	T	T	identical_to_human	identical	5.0	false	false	main_text_primary_claim
pan_troglodytes	IIIc	IIIc	IIIb	swapped_relative_to_upstream	IIIc	21	21	F	F	identical_to_human	identical	6.0	false	false	main_text_primary_claim
pan_troglodytes	IIIc	IIIc	IIIb	swapped_relative_to_upstream	IIIc	22	22	E	E	identical_to_human	identical	5.0	false	false	main_text_primary_claim
pan_troglodytes	IIIc	IIIc	IIIb	swapped_relative_to_upstream	IIIc	23	23	D	D	identical_to_human	identical	6.0	false	false	main_text_primary_claim
pan_troglodytes	IIIc	IIIc	IIIb	swapped_relative_to_upstream	IIIc	24	24	A	A	identical_to_human	identical	4.0	false	false	main_text_primary_claim
pan_troglodytes	IIIc	IIIc	IIIb	swapped_relative_to_upstream	IIIc	25	25	G	G	identical_to_human	identical	6.0	false	false	main_text_primary_claim
pan_troglodytes	IIIc	IIIc	IIIb	swapped_relative_to_upstream	IIIc	26	26	E	E	identical_to_human	identical	5.0	false	false	main_text_primary_claim
pan_troglodytes	IIIc	IIIc	IIIb	swapped_relative_to_upstream	IIIc	27	27	Y	Y	identical_to_human	identical	7.0	false	false	main_text_primary_claim
pan_troglodytes	IIIc	IIIc	IIIb	swapped_relative_to_upstream	IIIc	28	28	T	T	identical_to_human	identical	5.0	false	false	main_text_primary_claim
pan_troglodytes	IIIc	IIIc	IIIb	swapped_relative_to_upstream	IIIc	29	29	C	C	identical_to_human	identical	9.0	false	false	main_text_primary_claim
pan_troglodytes	IIIc	IIIc	IIIb	swapped_relative_to_upstream	IIIc	30	30	L	L	identical_to_human	identical	4.0	false	false	main_text_primary_claim
pan_troglodytes	IIIc	IIIc	IIIb	swapped_relative_to_upstream	IIIc	31	31	A	A	identical_to_human	identical	4.0	false	false	main_text_primary_claim
pan_troglodytes	IIIc	IIIc	IIIb	swapped_relative_to_upstream	IIIc	32	32	G	G	identical_to_human	identical	6.0	false	false	main_text_primary_claim
pan_troglodytes	IIIc	IIIc	IIIb	swapped_relative_to_upstream	IIIc	33	45	N	N	identical_to_human	identical	6.0	false	false	main_text_primary_claim
pan_troglodytes	IIIc	IIIc	IIIb	swapped_relative_to_upstream	IIIc	34	46	S	S	identical_to_human	identical	4.0	false	false	main_text_primary_claim
pan_troglodytes	IIIc	IIIc	IIIb	swapped_relative_to_upstream	IIIc	35	47	I	I	identical_to_human	identical	4.0	false	false	main_text_primary_claim
pan_troglodytes	IIIc	IIIc	IIIb	swapped_relative_to_upstream	IIIc	36	48	G	G	identical_to_human	identical	6.0	false	false	main_text_primary_claim
pan_troglodytes	IIIc	IIIc	IIIb	swapped_relative_to_upstream	IIIc	37	49	I	I	identical_to_human	identical	4.0	false	false	main_text_primary_claim
pan_troglodytes	IIIc	IIIc	IIIb	swapped_relative_to_upstream	IIIc	38	50	S	S	identical_to_human	identical	4.0	false	false	main_text_primary_claim
pan_troglodytes	IIIc	IIIc	IIIb	swapped_relative_to_upstream	IIIc	39	51	F	F	identical_to_human	identical	6.0	false	false	main_text_primary_claim
pan_troglodytes	IIIc	IIIc	IIIb	swapped_relative_to_upstream	IIIc	40	52	H	H	identical_to_human	identical	8.0	false	false	main_text_primary_claim
pan_troglodytes	IIIc	IIIc	IIIb	swapped_relative_to_upstream	IIIc	41	53	S	S	identical_to_human	identical	4.0	false	false	main_text_primary_claim
pan_troglodytes	IIIc	IIIc	IIIb	swapped_relative_to_upstream	IIIc	42	54	A	A	identical_to_human	identical	4.0	false	false	main_text_primary_claim
pan_troglodytes	IIIc	IIIc	IIIb	swapped_relative_to_upstream	IIIc	43	55	W	W	identical_to_human	identical	11.0	false	false	main_text_primary_claim
pan_troglodytes	IIIc	IIIc	IIIb	swapped_relative_to_upstream	IIIc	44	56	L	L	identical_to_human	identical	4.0	false	false	main_text_primary_claim
pan_troglodytes	IIIc	IIIc	IIIb	swapped_relative_to_upstream	IIIc	45	57	T	T	identical_to_human	identical	5.0	false	false	main_text_primary_claim
pan_troglodytes	IIIc	IIIc	IIIb	swapped_relative_to_upstream	IIIc	46	58	V	V	identical_to_human	identical	4.0	false	false	main_text_primary_claim
pan_troglodytes	IIIc	IIIc	IIIb	swapped_relative_to_upstream	IIIc	47	59	L	L	identical_to_human	identical	4.0	false	false	main_text_primary_claim
pan_troglodytes	IIIc	IIIc	IIIb	swapped_relative_to_upstream	IIIc	48	69	P	P	identical_to_human	identical	7.0	false	false	main_text_primary_claim
pongo_abelii	IIIc	IIIc	IIIc	ambiguous_label_review	IIIc	1	1	A	A	identical_to_human	identical	4.0	false	true	supplementary_only
pongo_abelii	IIIc	IIIc	IIIc	ambiguous_label_review	IIIc	2	2	A	A	identical_to_human	identical	4.0	false	true	supplementary_only
pongo_abelii	IIIc	IIIc	IIIc	ambiguous_label_review	IIIc	3	3	G	G	identical_to_human	identical	6.0	false	true	supplementary_only
pongo_abelii	IIIc	IIIc	IIIc	ambiguous_label_review	IIIc	4	4	V	V	identical_to_human	identical	4.0	false	true	supplementary_only
pongo_abelii	IIIc	IIIc	IIIc	ambiguous_label_review	IIIc	5	5	N	N	identical_to_human	identical	6.0	false	true	supplementary_only
pongo_abelii	IIIc	IIIc	IIIc	ambiguous_label_review	IIIc	6	6	T	T	identical_to_human	identical	5.0	false	true	supplementary_only
pongo_abelii	IIIc	IIIc	IIIc	ambiguous_label_review	IIIc	7	7	T	T	identical_to_human	identical	5.0	false	true	supplementary_only
pongo_abelii	IIIc	IIIc	IIIc	ambiguous_label_review	IIIc	8	8	D	D	identical_to_human	identical	6.0	false	true	supplementary_only
pongo_abelii	IIIc	IIIc	IIIc	ambiguous_label_review	IIIc	9	9	K	K	identical_to_human	identical	5.0	false	true	supplementary_only
pongo_abelii	IIIc	IIIc	IIIc	ambiguous_label_review	IIIc	10	10	E	E	identical_to_human	identical	5.0	false	true	supplementary_only
pongo_abelii	IIIc	IIIc	IIIc	ambiguous_label_review	IIIc	11	11	I	I	identical_to_human	identical	4.0	false	true	supplementary_only
pongo_abelii	IIIc	IIIc	IIIc	ambiguous_label_review	IIIc	12	12	E	E	identical_to_human	identical	5.0	false	true	supplementary_only
pongo_abelii	IIIc	IIIc	IIIc	ambiguous_label_review	IIIc	13	13	V	V	identical_to_human	identical	4.0	false	true	supplementary_only
pongo_abelii	IIIc	IIIc	IIIc	ambiguous_label_review	IIIc	14	14	L	L	identical_to_human	identical	4.0	false	true	supplementary_only
pongo_abelii	IIIc	IIIc	IIIc	ambiguous_label_review	IIIc	15	15	Y	Y	identical_to_human	identical	7.0	false	true	supplementary_only
pongo_abelii	IIIc	IIIc	IIIc	ambiguous_label_review	IIIc	16	16	I	I	identical_to_human	identical	4.0	false	true	supplementary_only
pongo_abelii	IIIc	IIIc	IIIc	ambiguous_label_review	IIIc	17	17	R	R	identical_to_human	identical	5.0	false	true	supplementary_only
pongo_abelii	IIIc	IIIc	IIIc	ambiguous_label_review	IIIc	18	18	N	N	identical_to_human	identical	6.0	false	true	supplementary_only
pongo_abelii	IIIc	IIIc	IIIc	ambiguous_label_review	IIIc	19	19	V	V	identical_to_human	identical	4.0	false	true	supplementary_only
pongo_abelii	IIIc	IIIc	IIIc	ambiguous_label_review	IIIc	20	20	T	T	identical_to_human	identical	5.0	false	true	supplementary_only
pongo_abelii	IIIc	IIIc	IIIc	ambiguous_label_review	IIIc	21	21	F	F	identical_to_human	identical	6.0	false	true	supplementary_only
pongo_abelii	IIIc	IIIc	IIIc	ambiguous_label_review	IIIc	22	22	E	E	identical_to_human	identical	5.0	false	true	supplementary_only
pongo_abelii	IIIc	IIIc	IIIc	ambiguous_label_review	IIIc	23	23	D	D	identical_to_human	identical	6.0	false	true	supplementary_only
pongo_abelii	IIIc	IIIc	IIIc	ambiguous_label_review	IIIc	24	24	A	A	identical_to_human	identical	4.0	false	true	supplementary_only
pongo_abelii	IIIc	IIIc	IIIc	ambiguous_label_review	IIIc	25	25	G	G	identical_to_human	identical	6.0	false	true	supplementary_only
pongo_abelii	IIIc	IIIc	IIIc	ambiguous_label_review	IIIc	26	26	E	E	identical_to_human	identical	5.0	false	true	supplementary_only
pongo_abelii	IIIc	IIIc	IIIc	ambiguous_label_review	IIIc	27	27	Y	Y	identical_to_human	identical	7.0	false	true	supplementary_only
pongo_abelii	IIIc	IIIc	IIIc	ambiguous_label_review	IIIc	28	28	T	T	identical_to_human	identical	5.0	false	true	supplementary_only
pongo_abelii	IIIc	IIIc	IIIc	ambiguous_label_review	IIIc	29	29	C	C	identical_to_human	identical	9.0	false	true	supplementary_only
pongo_abelii	IIIc	IIIc	IIIc	ambiguous_label_review	IIIc	30	30	L	L	identical_to_human	identical	4.0	false	true	supplementary_only
pongo_abelii	IIIc	IIIc	IIIc	ambiguous_label_review	IIIc	31	31	A	A	identical_to_human	identical	4.0	false	true	supplementary_only
pongo_abelii	IIIc	IIIc	IIIc	ambiguous_label_review	IIIc	32	32	G	G	identical_to_human	identical	6.0	false	true	supplementary_only
pongo_abelii	IIIc	IIIc	IIIc	ambiguous_label_review	IIIc	33	45	N	N	identical_to_human	identical	6.0	false	true	supplementary_only
pongo_abelii	IIIc	IIIc	IIIc	ambiguous_label_review	IIIc	34	46	S	S	identical_to_human	identical	4.0	false	true	supplementary_only
pongo_abelii	IIIc	IIIc	IIIc	ambiguous_label_review	IIIc	35	47	I	I	identical_to_human	identical	4.0	false	true	supplementary_only
pongo_abelii	IIIc	IIIc	IIIc	ambiguous_label_review	IIIc	36	48	G	G	identical_to_human	identical	6.0	false	true	supplementary_only
pongo_abelii	IIIc	IIIc	IIIc	ambiguous_label_review	IIIc	37	49	I	I	identical_to_human	identical	4.0	false	true	supplementary_only
pongo_abelii	IIIc	IIIc	IIIc	ambiguous_label_review	IIIc	38	50	S	S	identical_to_human	identical	4.0	false	true	supplementary_only
pongo_abelii	IIIc	IIIc	IIIc	ambiguous_label_review	IIIc	39	51	F	F	identical_to_human	identical	6.0	false	true	supplementary_only
pongo_abelii	IIIc	IIIc	IIIc	ambiguous_label_review	IIIc	40	52	H	H	identical_to_human	identical	8.0	false	true	supplementary_only
pongo_abelii	IIIc	IIIc	IIIc	ambiguous_label_review	IIIc	41	53	S	S	identical_to_human	identical	4.0	false	true	supplementary_only
pongo_abelii	IIIc	IIIc	IIIc	ambiguous_label_review	IIIc	42	54	A	A	identical_to_human	identical	4.0	false	true	supplementary_only
pongo_abelii	IIIc	IIIc	IIIc	ambiguous_label_review	IIIc	43	55	W	W	identical_to_human	identical	11.0	false	true	supplementary_only
pongo_abelii	IIIc	IIIc	IIIc	ambiguous_label_review	IIIc	44	56	L	L	identical_to_human	identical	4.0	false	true	supplementary_only
pongo_abelii	IIIc	IIIc	IIIc	ambiguous_label_review	IIIc	45	57	T	T	identical_to_human	identical	5.0	false	true	supplementary_only
pongo_abelii	IIIc	IIIc	IIIc	ambiguous_label_review	IIIc	46	58	V	V	identical_to_human	identical	4.0	false	true	supplementary_only
pongo_abelii	IIIc	IIIc	IIIc	ambiguous_label_review	IIIc	47	59	L	L	identical_to_human	identical	4.0	false	true	supplementary_only
pongo_abelii	IIIc	IIIc	IIIc	ambiguous_label_review	IIIc	48	69	P	P	identical_to_human	identical	7.0	false	true	supplementary_only
rattus_norvegicus	IIIc	IIIc	IIIb	swapped_relative_to_upstream	IIIc	1	1	A	A	identical_to_human	identical	4.0	false	false	main_text_primary_claim
rattus_norvegicus	IIIc	IIIc	IIIb	swapped_relative_to_upstream	IIIc	2	2	A	A	identical_to_human	identical	4.0	false	false	main_text_primary_claim
rattus_norvegicus	IIIc	IIIc	IIIb	swapped_relative_to_upstream	IIIc	3	3	G	G	identical_to_human	identical	6.0	false	false	main_text_primary_claim
rattus_norvegicus	IIIc	IIIc	IIIb	swapped_relative_to_upstream	IIIc	4	4	V	V	identical_to_human	identical	4.0	false	false	main_text_primary_claim
rattus_norvegicus	IIIc	IIIc	IIIb	swapped_relative_to_upstream	IIIc	5	5	N	N	identical_to_human	identical	6.0	false	false	main_text_primary_claim
rattus_norvegicus	IIIc	IIIc	IIIb	swapped_relative_to_upstream	IIIc	6	6	T	T	identical_to_human	identical	5.0	false	false	main_text_primary_claim
rattus_norvegicus	IIIc	IIIc	IIIb	swapped_relative_to_upstream	IIIc	7	7	T	T	identical_to_human	identical	5.0	false	false	main_text_primary_claim
rattus_norvegicus	IIIc	IIIc	IIIb	swapped_relative_to_upstream	IIIc	8	8	D	D	identical_to_human	identical	6.0	false	false	main_text_primary_claim
rattus_norvegicus	IIIc	IIIc	IIIb	swapped_relative_to_upstream	IIIc	9	9	K	K	identical_to_human	identical	5.0	false	false	main_text_primary_claim
rattus_norvegicus	IIIc	IIIc	IIIb	swapped_relative_to_upstream	IIIc	10	10	E	E	identical_to_human	identical	5.0	false	false	main_text_primary_claim
rattus_norvegicus	IIIc	IIIc	IIIb	swapped_relative_to_upstream	IIIc	11	11	I	I	identical_to_human	identical	4.0	false	false	main_text_primary_claim
rattus_norvegicus	IIIc	IIIc	IIIb	swapped_relative_to_upstream	IIIc	12	12	E	E	identical_to_human	identical	5.0	false	false	main_text_primary_claim
rattus_norvegicus	IIIc	IIIc	IIIb	swapped_relative_to_upstream	IIIc	13	13	V	V	identical_to_human	identical	4.0	false	false	main_text_primary_claim
rattus_norvegicus	IIIc	IIIc	IIIb	swapped_relative_to_upstream	IIIc	14	14	L	L	identical_to_human	identical	4.0	false	false	main_text_primary_claim
rattus_norvegicus	IIIc	IIIc	IIIb	swapped_relative_to_upstream	IIIc	15	15	Y	Y	identical_to_human	identical	7.0	false	false	main_text_primary_claim
rattus_norvegicus	IIIc	IIIc	IIIb	swapped_relative_to_upstream	IIIc	16	16	I	I	identical_to_human	identical	4.0	false	false	main_text_primary_claim
rattus_norvegicus	IIIc	IIIc	IIIb	swapped_relative_to_upstream	IIIc	17	17	R	R	identical_to_human	identical	5.0	false	false	main_text_primary_claim
rattus_norvegicus	IIIc	IIIc	IIIb	swapped_relative_to_upstream	IIIc	18	18	N	N	identical_to_human	identical	6.0	false	false	main_text_primary_claim
rattus_norvegicus	IIIc	IIIc	IIIb	swapped_relative_to_upstream	IIIc	19	19	V	V	identical_to_human	identical	4.0	false	false	main_text_primary_claim
rattus_norvegicus	IIIc	IIIc	IIIb	swapped_relative_to_upstream	IIIc	20	20	T	T	identical_to_human	identical	5.0	false	false	main_text_primary_claim
rattus_norvegicus	IIIc	IIIc	IIIb	swapped_relative_to_upstream	IIIc	21	21	F	F	identical_to_human	identical	6.0	false	false	main_text_primary_claim
rattus_norvegicus	IIIc	IIIc	IIIb	swapped_relative_to_upstream	IIIc	22	22	E	E	identical_to_human	identical	5.0	false	false	main_text_primary_claim
rattus_norvegicus	IIIc	IIIc	IIIb	swapped_relative_to_upstream	IIIc	23	23	D	D	identical_to_human	identical	6.0	false	false	main_text_primary_claim
rattus_norvegicus	IIIc	IIIc	IIIb	swapped_relative_to_upstream	IIIc	24	24	A	A	identical_to_human	identical	4.0	false	false	main_text_primary_claim
rattus_norvegicus	IIIc	IIIc	IIIb	swapped_relative_to_upstream	IIIc	25	25	G	G	identical_to_human	identical	6.0	false	false	main_text_primary_claim
rattus_norvegicus	IIIc	IIIc	IIIb	swapped_relative_to_upstream	IIIc	26	26	E	E	identical_to_human	identical	5.0	false	false	main_text_primary_claim
rattus_norvegicus	IIIc	IIIc	IIIb	swapped_relative_to_upstream	IIIc	27	27	Y	Y	identical_to_human	identical	7.0	false	false	main_text_primary_claim
rattus_norvegicus	IIIc	IIIc	IIIb	swapped_relative_to_upstream	IIIc	28	28	T	T	identical_to_human	identical	5.0	false	false	main_text_primary_claim
rattus_norvegicus	IIIc	IIIc	IIIb	swapped_relative_to_upstream	IIIc	29	29	C	C	identical_to_human	identical	9.0	false	false	main_text_primary_claim
rattus_norvegicus	IIIc	IIIc	IIIb	swapped_relative_to_upstream	IIIc	30	30	L	L	identical_to_human	identical	4.0	false	false	main_text_primary_claim
rattus_norvegicus	IIIc	IIIc	IIIb	swapped_relative_to_upstream	IIIc	31	31	A	A	identical_to_human	identical	4.0	false	false	main_text_primary_claim
rattus_norvegicus	IIIc	IIIc	IIIb	swapped_relative_to_upstream	IIIc	32	32	G	G	identical_to_human	identical	6.0	false	false	main_text_primary_claim
rattus_norvegicus	IIIc	IIIc	IIIb	swapped_relative_to_upstream	IIIc	33	45	N	N	identical_to_human	identical	6.0	false	false	main_text_primary_claim
rattus_norvegicus	IIIc	IIIc	IIIb	swapped_relative_to_upstream	IIIc	34	46	S	S	identical_to_human	identical	4.0	false	false	main_text_primary_claim
rattus_norvegicus	IIIc	IIIc	IIIb	swapped_relative_to_upstream	IIIc	35	47	I	I	identical_to_human	identical	4.0	false	false	main_text_primary_claim
rattus_norvegicus	IIIc	IIIc	IIIb	swapped_relative_to_upstream	IIIc	36	48	G	G	identical_to_human	identical	6.0	false	false	main_text_primary_claim
rattus_norvegicus	IIIc	IIIc	IIIb	swapped_relative_to_upstream	IIIc	37	49	I	I	identical_to_human	identical	4.0	false	false	main_text_primary_claim
rattus_norvegicus	IIIc	IIIc	IIIb	swapped_relative_to_upstream	IIIc	38	50	S	S	identical_to_human	identical	4.0	false	false	main_text_primary_claim
rattus_norvegicus	IIIc	IIIc	IIIb	swapped_relative_to_upstream	IIIc	39	51	F	F	identical_to_human	identical	6.0	false	false	main_text_primary_claim
rattus_norvegicus	IIIc	IIIc	IIIb	swapped_relative_to_upstream	IIIc	40	52	H	H	identical_to_human	identical	8.0	false	false	main_text_primary_claim
rattus_norvegicus	IIIc	IIIc	IIIb	swapped_relative_to_upstream	IIIc	41	53	S	S	identical_to_human	identical	4.0	false	false	main_text_primary_claim
rattus_norvegicus	IIIc	IIIc	IIIb	swapped_relative_to_upstream	IIIc	42	54	A	A	identical_to_human	identical	4.0	false	false	main_text_primary_claim
rattus_norvegicus	IIIc	IIIc	IIIb	swapped_relative_to_upstream	IIIc	43	55	W	W	identical_to_human	identical	11.0	false	false	main_text_primary_claim
rattus_norvegicus	IIIc	IIIc	IIIb	swapped_relative_to_upstream	IIIc	44	56	L	L	identical_to_human	identical	4.0	false	false	main_text_primary_claim
rattus_norvegicus	IIIc	IIIc	IIIb	swapped_relative_to_upstream	IIIc	45	57	T	T	identical_to_human	identical	5.0	false	false	main_text_primary_claim
rattus_norvegicus	IIIc	IIIc	IIIb	swapped_relative_to_upstream	IIIc	46	58	V	V	identical_to_human	identical	4.0	false	false	main_text_primary_claim
rattus_norvegicus	IIIc	IIIc	IIIb	swapped_relative_to_upstream	IIIc	47	59	L	L	identical_to_human	identical	4.0	false	false	main_text_primary_claim
rattus_norvegicus	IIIc	IIIc	IIIb	swapped_relative_to_upstream	IIIc	48	69	P	P	identical_to_human	identical	7.0	false	false	main_text_primary_claim
sus_scrofa	IIIc	IIIc	IIIb	swapped_relative_to_upstream	IIIc	1	1	A	A	identical_to_human	identical	4.0	false	false	main_text_primary_claim
sus_scrofa	IIIc	IIIc	IIIb	swapped_relative_to_upstream	IIIc	2	2	A	A	identical_to_human	identical	4.0	false	false	main_text_primary_claim
sus_scrofa	IIIc	IIIc	IIIb	swapped_relative_to_upstream	IIIc	3	3	G	G	identical_to_human	identical	6.0	false	false	main_text_primary_claim
sus_scrofa	IIIc	IIIc	IIIb	swapped_relative_to_upstream	IIIc	4	4	V	V	identical_to_human	identical	4.0	false	false	main_text_primary_claim
sus_scrofa	IIIc	IIIc	IIIb	swapped_relative_to_upstream	IIIc	5	5	N	N	identical_to_human	identical	6.0	false	false	main_text_primary_claim
sus_scrofa	IIIc	IIIc	IIIb	swapped_relative_to_upstream	IIIc	6	6	T	T	identical_to_human	identical	5.0	false	false	main_text_primary_claim
sus_scrofa	IIIc	IIIc	IIIb	swapped_relative_to_upstream	IIIc	7	7	T	T	identical_to_human	identical	5.0	false	false	main_text_primary_claim
sus_scrofa	IIIc	IIIc	IIIb	swapped_relative_to_upstream	IIIc	8	8	D	D	identical_to_human	identical	6.0	false	false	main_text_primary_claim
sus_scrofa	IIIc	IIIc	IIIb	swapped_relative_to_upstream	IIIc	9	9	K	K	identical_to_human	identical	5.0	false	false	main_text_primary_claim
sus_scrofa	IIIc	IIIc	IIIb	swapped_relative_to_upstream	IIIc	10	10	E	E	identical_to_human	identical	5.0	false	false	main_text_primary_claim
sus_scrofa	IIIc	IIIc	IIIb	swapped_relative_to_upstream	IIIc	11	11	I	I	identical_to_human	identical	4.0	false	false	main_text_primary_claim
sus_scrofa	IIIc	IIIc	IIIb	swapped_relative_to_upstream	IIIc	12	12	E	E	identical_to_human	identical	5.0	false	false	main_text_primary_claim
sus_scrofa	IIIc	IIIc	IIIb	swapped_relative_to_upstream	IIIc	13	13	V	V	identical_to_human	identical	4.0	false	false	main_text_primary_claim
sus_scrofa	IIIc	IIIc	IIIb	swapped_relative_to_upstream	IIIc	14	14	L	L	identical_to_human	identical	4.0	false	false	main_text_primary_claim
sus_scrofa	IIIc	IIIc	IIIb	swapped_relative_to_upstream	IIIc	15	15	Y	Y	identical_to_human	identical	7.0	false	false	main_text_primary_claim
sus_scrofa	IIIc	IIIc	IIIb	swapped_relative_to_upstream	IIIc	16	16	I	I	identical_to_human	identical	4.0	false	false	main_text_primary_claim
sus_scrofa	IIIc	IIIc	IIIb	swapped_relative_to_upstream	IIIc	17	17	R	R	identical_to_human	identical	5.0	false	false	main_text_primary_claim
sus_scrofa	IIIc	IIIc	IIIb	swapped_relative_to_upstream	IIIc	18	18	N	N	identical_to_human	identical	6.0	false	false	main_text_primary_claim
sus_scrofa	IIIc	IIIc	IIIb	swapped_relative_to_upstream	IIIc	19	19	V	V	identical_to_human	identical	4.0	false	false	main_text_primary_claim
sus_scrofa	IIIc	IIIc	IIIb	swapped_relative_to_upstream	IIIc	20	20	T	T	identical_to_human	identical	5.0	false	false	main_text_primary_claim
sus_scrofa	IIIc	IIIc	IIIb	swapped_relative_to_upstream	IIIc	21	21	F	F	identical_to_human	identical	6.0	false	false	main_text_primary_claim
sus_scrofa	IIIc	IIIc	IIIb	swapped_relative_to_upstream	IIIc	22	22	E	E	identical_to_human	identical	5.0	false	false	main_text_primary_claim
sus_scrofa	IIIc	IIIc	IIIb	swapped_relative_to_upstream	IIIc	23	23	D	D	identical_to_human	identical	6.0	false	false	main_text_primary_claim
sus_scrofa	IIIc	IIIc	IIIb	swapped_relative_to_upstream	IIIc	24	24	A	A	identical_to_human	identical	4.0	false	false	main_text_primary_claim
sus_scrofa	IIIc	IIIc	IIIb	swapped_relative_to_upstream	IIIc	25	25	G	G	identical_to_human	identical	6.0	false	false	main_text_primary_claim
sus_scrofa	IIIc	IIIc	IIIb	swapped_relative_to_upstream	IIIc	26	26	E	E	identical_to_human	identical	5.0	false	false	main_text_primary_claim
sus_scrofa	IIIc	IIIc	IIIb	swapped_relative_to_upstream	IIIc	27	27	Y	Y	identical_to_human	identical	7.0	false	false	main_text_primary_claim
sus_scrofa	IIIc	IIIc	IIIb	swapped_relative_to_upstream	IIIc	28	28	T	T	identical_to_human	identical	5.0	false	false	main_text_primary_claim
sus_scrofa	IIIc	IIIc	IIIb	swapped_relative_to_upstream	IIIc	29	29	C	C	identical_to_human	identical	9.0	false	false	main_text_primary_claim
sus_scrofa	IIIc	IIIc	IIIb	swapped_relative_to_upstream	IIIc	30	30	L	L	identical_to_human	identical	4.0	false	false	main_text_primary_claim
sus_scrofa	IIIc	IIIc	IIIb	swapped_relative_to_upstream	IIIc	31	31	A	A	identical_to_human	identical	4.0	false	false	main_text_primary_claim
sus_scrofa	IIIc	IIIc	IIIb	swapped_relative_to_upstream	IIIc	32	32	G	G	identical_to_human	identical	6.0	false	false	main_text_primary_claim
sus_scrofa	IIIc	IIIc	IIIb	swapped_relative_to_upstream	IIIc	33	45	N	N	identical_to_human	identical	6.0	false	false	main_text_primary_claim
sus_scrofa	IIIc	IIIc	IIIb	swapped_relative_to_upstream	IIIc	34	46	S	S	identical_to_human	identical	4.0	false	false	main_text_primary_claim
sus_scrofa	IIIc	IIIc	IIIb	swapped_relative_to_upstream	IIIc	35	47	I	I	identical_to_human	identical	4.0	false	false	main_text_primary_claim
sus_scrofa	IIIc	IIIc	IIIb	swapped_relative_to_upstream	IIIc	36	48	G	G	identical_to_human	identical	6.0	false	false	main_text_primary_claim
sus_scrofa	IIIc	IIIc	IIIb	swapped_relative_to_upstream	IIIc	37	49	I	I	identical_to_human	identical	4.0	false	false	main_text_primary_claim
sus_scrofa	IIIc	IIIc	IIIb	swapped_relative_to_upstream	IIIc	38	50	S	S	identical_to_human	identical	4.0	false	false	main_text_primary_claim
sus_scrofa	IIIc	IIIc	IIIb	swapped_relative_to_upstream	IIIc	39	51	F	F	identical_to_human	identical	6.0	false	false	main_text_primary_claim
sus_scrofa	IIIc	IIIc	IIIb	swapped_relative_to_upstream	IIIc	40	52	H	H	identical_to_human	identical	8.0	false	false	main_text_primary_claim
sus_scrofa	IIIc	IIIc	IIIb	swapped_relative_to_upstream	IIIc	41	53	S	S	identical_to_human	identical	4.0	false	false	main_text_primary_claim
sus_scrofa	IIIc	IIIc	IIIb	swapped_relative_to_upstream	IIIc	42	54	A	A	identical_to_human	identical	4.0	false	false	main_text_primary_claim
sus_scrofa	IIIc	IIIc	IIIb	swapped_relative_to_upstream	IIIc	43	55	W	W	identical_to_human	identical	11.0	false	false	main_text_primary_claim
sus_scrofa	IIIc	IIIc	IIIb	swapped_relative_to_upstream	IIIc	44	56	L	L	identical_to_human	identical	4.0	false	false	main_text_primary_claim
sus_scrofa	IIIc	IIIc	IIIb	swapped_relative_to_upstream	IIIc	45	57	T	T	identical_to_human	identical	5.0	false	false	main_text_primary_claim
sus_scrofa	IIIc	IIIc	IIIb	swapped_relative_to_upstream	IIIc	46	58	V	V	identical_to_human	identical	4.0	false	false	main_text_primary_claim
sus_scrofa	IIIc	IIIc	IIIb	swapped_relative_to_upstream	IIIc	47	59	L	L	identical_to_human	identical	4.0	false	false	main_text_primary_claim
sus_scrofa	IIIc	IIIc	IIIb	swapped_relative_to_upstream	IIIc	48	69	P	P	identical_to_human	identical	7.0	false	false	main_text_primary_claim
taeniopygia_guttata	IIIc	IIIc	IIIb	swapped_relative_to_upstream	IIIc	1	1	A	A	identical_to_human	identical	4.0	false	false	main_text_primary_claim
taeniopygia_guttata	IIIc	IIIc	IIIb	swapped_relative_to_upstream	IIIc	2	2	A	A	identical_to_human	identical	4.0	false	false	main_text_primary_claim
taeniopygia_guttata	IIIc	IIIc	IIIb	swapped_relative_to_upstream	IIIc	3	3	G	G	identical_to_human	identical	6.0	false	false	main_text_primary_claim
taeniopygia_guttata	IIIc	IIIc	IIIb	swapped_relative_to_upstream	IIIc	4	4	V	V	identical_to_human	identical	4.0	false	false	main_text_primary_claim
taeniopygia_guttata	IIIc	IIIc	IIIb	swapped_relative_to_upstream	IIIc	5	5	N	N	identical_to_human	identical	6.0	false	false	main_text_primary_claim
taeniopygia_guttata	IIIc	IIIc	IIIb	swapped_relative_to_upstream	IIIc	6	6	T	T	identical_to_human	identical	5.0	false	false	main_text_primary_claim
taeniopygia_guttata	IIIc	IIIc	IIIb	swapped_relative_to_upstream	IIIc	7	7	T	T	identical_to_human	identical	5.0	false	false	main_text_primary_claim
taeniopygia_guttata	IIIc	IIIc	IIIb	swapped_relative_to_upstream	IIIc	8	8	D	D	identical_to_human	identical	6.0	false	false	main_text_primary_claim
taeniopygia_guttata	IIIc	IIIc	IIIb	swapped_relative_to_upstream	IIIc	9	9	K	K	identical_to_human	identical	5.0	false	false	main_text_primary_claim
taeniopygia_guttata	IIIc	IIIc	IIIb	swapped_relative_to_upstream	IIIc	10	10	E	E	identical_to_human	identical	5.0	false	false	main_text_primary_claim
taeniopygia_guttata	IIIc	IIIc	IIIb	swapped_relative_to_upstream	IIIc	11	11	I	I	identical_to_human	identical	4.0	false	false	main_text_primary_claim
taeniopygia_guttata	IIIc	IIIc	IIIb	swapped_relative_to_upstream	IIIc	12	12	E	E	identical_to_human	identical	5.0	false	false	main_text_primary_claim
taeniopygia_guttata	IIIc	IIIc	IIIb	swapped_relative_to_upstream	IIIc	13	13	V	V	identical_to_human	identical	4.0	false	false	main_text_primary_claim
taeniopygia_guttata	IIIc	IIIc	IIIb	swapped_relative_to_upstream	IIIc	14	14	L	L	identical_to_human	identical	4.0	false	false	main_text_primary_claim
taeniopygia_guttata	IIIc	IIIc	IIIb	swapped_relative_to_upstream	IIIc	15	15	Y	Y	identical_to_human	identical	7.0	false	false	main_text_primary_claim
taeniopygia_guttata	IIIc	IIIc	IIIb	swapped_relative_to_upstream	IIIc	16	16	I	I	identical_to_human	identical	4.0	false	false	main_text_primary_claim
taeniopygia_guttata	IIIc	IIIc	IIIb	swapped_relative_to_upstream	IIIc	17	17	R	R	identical_to_human	identical	5.0	false	false	main_text_primary_claim
taeniopygia_guttata	IIIc	IIIc	IIIb	swapped_relative_to_upstream	IIIc	18	18	N	N	identical_to_human	identical	6.0	false	false	main_text_primary_claim
taeniopygia_guttata	IIIc	IIIc	IIIb	swapped_relative_to_upstream	IIIc	19	19	V	V	identical_to_human	identical	4.0	false	false	main_text_primary_claim
taeniopygia_guttata	IIIc	IIIc	IIIb	swapped_relative_to_upstream	IIIc	20	20	T	T	identical_to_human	identical	5.0	false	false	main_text_primary_claim
taeniopygia_guttata	IIIc	IIIc	IIIb	swapped_relative_to_upstream	IIIc	21	21	F	F	identical_to_human	identical	6.0	false	false	main_text_primary_claim
taeniopygia_guttata	IIIc	IIIc	IIIb	swapped_relative_to_upstream	IIIc	22	22	E	E	identical_to_human	identical	5.0	false	false	main_text_primary_claim
taeniopygia_guttata	IIIc	IIIc	IIIb	swapped_relative_to_upstream	IIIc	23	23	D	D	identical_to_human	identical	6.0	false	false	main_text_primary_claim
taeniopygia_guttata	IIIc	IIIc	IIIb	swapped_relative_to_upstream	IIIc	24	24	A	A	identical_to_human	identical	4.0	false	false	main_text_primary_claim
taeniopygia_guttata	IIIc	IIIc	IIIb	swapped_relative_to_upstream	IIIc	25	25	G	G	identical_to_human	identical	6.0	false	false	main_text_primary_claim
taeniopygia_guttata	IIIc	IIIc	IIIb	swapped_relative_to_upstream	IIIc	26	26	E	E	identical_to_human	identical	5.0	false	false	main_text_primary_claim
taeniopygia_guttata	IIIc	IIIc	IIIb	swapped_relative_to_upstream	IIIc	27	27	Y	Y	identical_to_human	identical	7.0	false	false	main_text_primary_claim
taeniopygia_guttata	IIIc	IIIc	IIIb	swapped_relative_to_upstream	IIIc	28	28	T	T	identical_to_human	identical	5.0	false	false	main_text_primary_claim
taeniopygia_guttata	IIIc	IIIc	IIIb	swapped_relative_to_upstream	IIIc	29	29	C	C	identical_to_human	identical	9.0	false	false	main_text_primary_claim
taeniopygia_guttata	IIIc	IIIc	IIIb	swapped_relative_to_upstream	IIIc	30	30	L	L	identical_to_human	identical	4.0	false	false	main_text_primary_claim
taeniopygia_guttata	IIIc	IIIc	IIIb	swapped_relative_to_upstream	IIIc	31	31	A	A	identical_to_human	identical	4.0	false	false	main_text_primary_claim
taeniopygia_guttata	IIIc	IIIc	IIIb	swapped_relative_to_upstream	IIIc	32	32	G	G	identical_to_human	identical	6.0	false	false	main_text_primary_claim
taeniopygia_guttata	IIIc	IIIc	IIIb	swapped_relative_to_upstream	IIIc	33	45	N	N	identical_to_human	identical	6.0	false	false	main_text_primary_claim
taeniopygia_guttata	IIIc	IIIc	IIIb	swapped_relative_to_upstream	IIIc	34	46	S	S	identical_to_human	identical	4.0	false	false	main_text_primary_claim
taeniopygia_guttata	IIIc	IIIc	IIIb	swapped_relative_to_upstream	IIIc	35	47	I	I	identical_to_human	identical	4.0	false	false	main_text_primary_claim
taeniopygia_guttata	IIIc	IIIc	IIIb	swapped_relative_to_upstream	IIIc	36	48	G	G	identical_to_human	identical	6.0	false	false	main_text_primary_claim
taeniopygia_guttata	IIIc	IIIc	IIIb	swapped_relative_to_upstream	IIIc	37	49	I	I	identical_to_human	identical	4.0	false	false	main_text_primary_claim
taeniopygia_guttata	IIIc	IIIc	IIIb	swapped_relative_to_upstream	IIIc	38	50	S	S	identical_to_human	identical	4.0	false	false	main_text_primary_claim
taeniopygia_guttata	IIIc	IIIc	IIIb	swapped_relative_to_upstream	IIIc	39	51	F	F	identical_to_human	identical	6.0	false	false	main_text_primary_claim
taeniopygia_guttata	IIIc	IIIc	IIIb	swapped_relative_to_upstream	IIIc	40	52	H	H	identical_to_human	identical	8.0	false	false	main_text_primary_claim
taeniopygia_guttata	IIIc	IIIc	IIIb	swapped_relative_to_upstream	IIIc	41	53	S	T	conservative_substitution	conservative	1.0	false	false	main_text_primary_claim
taeniopygia_guttata	IIIc	IIIc	IIIb	swapped_relative_to_upstream	IIIc	42	54	A	A	identical_to_human	identical	4.0	false	false	main_text_primary_claim
taeniopygia_guttata	IIIc	IIIc	IIIb	swapped_relative_to_upstream	IIIc	43	55	W	W	identical_to_human	identical	11.0	false	false	main_text_primary_claim
taeniopygia_guttata	IIIc	IIIc	IIIb	swapped_relative_to_upstream	IIIc	44	56	L	L	identical_to_human	identical	4.0	false	false	main_text_primary_claim
taeniopygia_guttata	IIIc	IIIc	IIIb	swapped_relative_to_upstream	IIIc	45	57	T	T	identical_to_human	identical	5.0	false	false	main_text_primary_claim
taeniopygia_guttata	IIIc	IIIc	IIIb	swapped_relative_to_upstream	IIIc	46	58	V	V	identical_to_human	identical	4.0	false	false	main_text_primary_claim
taeniopygia_guttata	IIIc	IIIc	IIIb	swapped_relative_to_upstream	IIIc	47	59	L	L	identical_to_human	identical	4.0	false	false	main_text_primary_claim
taeniopygia_guttata	IIIc	IIIc	IIIb	swapped_relative_to_upstream	IIIc	48	69	P	P	identical_to_human	identical	7.0	false	false	main_text_primary_claim
takifugu_rubripes	IIIc	IIIc	IIIb	swapped_relative_to_upstream	IIIc	1	1	A		gap_or_missing	gap		true	false	main_text_with_footnote
takifugu_rubripes	IIIc	IIIc	IIIb	swapped_relative_to_upstream	IIIc	2	2	A	A	identical_to_human	identical	4.0	false	false	main_text_with_footnote
takifugu_rubripes	IIIc	IIIc	IIIb	swapped_relative_to_upstream	IIIc	3	3	G	G	identical_to_human	identical	6.0	false	false	main_text_with_footnote
takifugu_rubripes	IIIc	IIIc	IIIb	swapped_relative_to_upstream	IIIc	4	4	V	V	identical_to_human	identical	4.0	false	false	main_text_with_footnote
takifugu_rubripes	IIIc	IIIc	IIIb	swapped_relative_to_upstream	IIIc	5	5	N	N	identical_to_human	identical	6.0	false	false	main_text_with_footnote
takifugu_rubripes	IIIc	IIIc	IIIb	swapped_relative_to_upstream	IIIc	6	6	T	T	identical_to_human	identical	5.0	false	false	main_text_with_footnote
takifugu_rubripes	IIIc	IIIc	IIIb	swapped_relative_to_upstream	IIIc	7	7	T	T	identical_to_human	identical	5.0	false	false	main_text_with_footnote
takifugu_rubripes	IIIc	IIIc	IIIb	swapped_relative_to_upstream	IIIc	8	8	D	D	identical_to_human	identical	6.0	false	false	main_text_with_footnote
takifugu_rubripes	IIIc	IIIc	IIIb	swapped_relative_to_upstream	IIIc	9	9	K	K	identical_to_human	identical	5.0	false	false	main_text_with_footnote
takifugu_rubripes	IIIc	IIIc	IIIb	swapped_relative_to_upstream	IIIc	10	10	E	E	identical_to_human	identical	5.0	false	false	main_text_with_footnote
takifugu_rubripes	IIIc	IIIc	IIIb	swapped_relative_to_upstream	IIIc	11	11	I	I	identical_to_human	identical	4.0	false	false	main_text_with_footnote
takifugu_rubripes	IIIc	IIIc	IIIb	swapped_relative_to_upstream	IIIc	12	12	E	E	identical_to_human	identical	5.0	false	false	main_text_with_footnote
takifugu_rubripes	IIIc	IIIc	IIIb	swapped_relative_to_upstream	IIIc	13	13	V	V	identical_to_human	identical	4.0	false	false	main_text_with_footnote
takifugu_rubripes	IIIc	IIIc	IIIb	swapped_relative_to_upstream	IIIc	14	14	L	L	identical_to_human	identical	4.0	false	false	main_text_with_footnote
takifugu_rubripes	IIIc	IIIc	IIIb	swapped_relative_to_upstream	IIIc	15	15	Y	Y	identical_to_human	identical	7.0	false	false	main_text_with_footnote
takifugu_rubripes	IIIc	IIIc	IIIb	swapped_relative_to_upstream	IIIc	16	16	I	L	conservative_substitution	conservative	2.0	false	false	main_text_with_footnote
takifugu_rubripes	IIIc	IIIc	IIIb	swapped_relative_to_upstream	IIIc	17	17	R	P	nonconservative_substitution	nonconservative	-2.0	false	false	main_text_with_footnote
takifugu_rubripes	IIIc	IIIc	IIIb	swapped_relative_to_upstream	IIIc	18	18	N	N	identical_to_human	identical	6.0	false	false	main_text_with_footnote
takifugu_rubripes	IIIc	IIIc	IIIb	swapped_relative_to_upstream	IIIc	19	19	V	V	identical_to_human	identical	4.0	false	false	main_text_with_footnote
takifugu_rubripes	IIIc	IIIc	IIIb	swapped_relative_to_upstream	IIIc	20	20	T	T	identical_to_human	identical	5.0	false	false	main_text_with_footnote
takifugu_rubripes	IIIc	IIIc	IIIb	swapped_relative_to_upstream	IIIc	21	21	F	F	identical_to_human	identical	6.0	false	false	main_text_with_footnote
takifugu_rubripes	IIIc	IIIc	IIIb	swapped_relative_to_upstream	IIIc	22	22	E	E	identical_to_human	identical	5.0	false	false	main_text_with_footnote
takifugu_rubripes	IIIc	IIIc	IIIb	swapped_relative_to_upstream	IIIc	23	23	D	D	identical_to_human	identical	6.0	false	false	main_text_with_footnote
takifugu_rubripes	IIIc	IIIc	IIIb	swapped_relative_to_upstream	IIIc	24	24	A	A	identical_to_human	identical	4.0	false	false	main_text_with_footnote
takifugu_rubripes	IIIc	IIIc	IIIb	swapped_relative_to_upstream	IIIc	25	25	G	G	identical_to_human	identical	6.0	false	false	main_text_with_footnote
takifugu_rubripes	IIIc	IIIc	IIIb	swapped_relative_to_upstream	IIIc	26	26	E	E	identical_to_human	identical	5.0	false	false	main_text_with_footnote
takifugu_rubripes	IIIc	IIIc	IIIb	swapped_relative_to_upstream	IIIc	27	27	Y	Y	identical_to_human	identical	7.0	false	false	main_text_with_footnote
takifugu_rubripes	IIIc	IIIc	IIIb	swapped_relative_to_upstream	IIIc	28	28	T	T	identical_to_human	identical	5.0	false	false	main_text_with_footnote
takifugu_rubripes	IIIc	IIIc	IIIb	swapped_relative_to_upstream	IIIc	29	29	C	C	identical_to_human	identical	9.0	false	false	main_text_with_footnote
takifugu_rubripes	IIIc	IIIc	IIIb	swapped_relative_to_upstream	IIIc	30	30	L	L	identical_to_human	identical	4.0	false	false	main_text_with_footnote
takifugu_rubripes	IIIc	IIIc	IIIb	swapped_relative_to_upstream	IIIc	31	31	A	A	identical_to_human	identical	4.0	false	false	main_text_with_footnote
takifugu_rubripes	IIIc	IIIc	IIIb	swapped_relative_to_upstream	IIIc	32	32	G	G	identical_to_human	identical	6.0	false	false	main_text_with_footnote
takifugu_rubripes	IIIc	IIIc	IIIb	swapped_relative_to_upstream	IIIc	33	45	N	N	identical_to_human	identical	6.0	false	false	main_text_with_footnote
takifugu_rubripes	IIIc	IIIc	IIIb	swapped_relative_to_upstream	IIIc	34	46	S	S	identical_to_human	identical	4.0	false	false	main_text_with_footnote
takifugu_rubripes	IIIc	IIIc	IIIb	swapped_relative_to_upstream	IIIc	35	47	I	I	identical_to_human	identical	4.0	false	false	main_text_with_footnote
takifugu_rubripes	IIIc	IIIc	IIIb	swapped_relative_to_upstream	IIIc	36	48	G	G	identical_to_human	identical	6.0	false	false	main_text_with_footnote
takifugu_rubripes	IIIc	IIIc	IIIb	swapped_relative_to_upstream	IIIc	37	49	I	I	identical_to_human	identical	4.0	false	false	main_text_with_footnote
takifugu_rubripes	IIIc	IIIc	IIIb	swapped_relative_to_upstream	IIIc	38	50	S	S	identical_to_human	identical	4.0	false	false	main_text_with_footnote
takifugu_rubripes	IIIc	IIIc	IIIb	swapped_relative_to_upstream	IIIc	39	51	F	F	identical_to_human	identical	6.0	false	false	main_text_with_footnote
takifugu_rubripes	IIIc	IIIc	IIIb	swapped_relative_to_upstream	IIIc	40	52	H	H	identical_to_human	identical	8.0	false	false	main_text_with_footnote
takifugu_rubripes	IIIc	IIIc	IIIb	swapped_relative_to_upstream	IIIc	41	53	S	T	conservative_substitution	conservative	1.0	false	false	main_text_with_footnote
takifugu_rubripes	IIIc	IIIc	IIIb	swapped_relative_to_upstream	IIIc	42	54	A	A	identical_to_human	identical	4.0	false	false	main_text_with_footnote
takifugu_rubripes	IIIc	IIIc	IIIb	swapped_relative_to_upstream	IIIc	43	55	W	W	identical_to_human	identical	11.0	false	false	main_text_with_footnote
takifugu_rubripes	IIIc	IIIc	IIIb	swapped_relative_to_upstream	IIIc	44	56	L	L	identical_to_human	identical	4.0	false	false	main_text_with_footnote
takifugu_rubripes	IIIc	IIIc	IIIb	swapped_relative_to_upstream	IIIc	45	57	T	T	identical_to_human	identical	5.0	false	false	main_text_with_footnote
takifugu_rubripes	IIIc	IIIc	IIIb	swapped_relative_to_upstream	IIIc	46	58	V	V	identical_to_human	identical	4.0	false	false	main_text_with_footnote
takifugu_rubripes	IIIc	IIIc	IIIb	swapped_relative_to_upstream	IIIc	47	59	L	L	identical_to_human	identical	4.0	false	false	main_text_with_footnote
takifugu_rubripes	IIIc	IIIc	IIIb	swapped_relative_to_upstream	IIIc	48	69	P	P	identical_to_human	identical	7.0	false	false	main_text_with_footnote
xenopus_tropicalis	IIIc	IIIc	IIIb	swapped_relative_to_upstream	IIIc	1	1	A	A	identical_to_human	identical	4.0	false	true	supplementary_only
xenopus_tropicalis	IIIc	IIIc	IIIb	swapped_relative_to_upstream	IIIc	2	2	A	A	identical_to_human	identical	4.0	false	true	supplementary_only
xenopus_tropicalis	IIIc	IIIc	IIIb	swapped_relative_to_upstream	IIIc	3	3	G	G	identical_to_human	identical	6.0	false	true	supplementary_only
xenopus_tropicalis	IIIc	IIIc	IIIb	swapped_relative_to_upstream	IIIc	4	4	V	V	identical_to_human	identical	4.0	false	true	supplementary_only
xenopus_tropicalis	IIIc	IIIc	IIIb	swapped_relative_to_upstream	IIIc	5	5	N	N	identical_to_human	identical	6.0	false	true	supplementary_only
xenopus_tropicalis	IIIc	IIIc	IIIb	swapped_relative_to_upstream	IIIc	6	6	T	V	nonconservative_substitution	semi_conservative	0.0	false	true	supplementary_only
xenopus_tropicalis	IIIc	IIIc	IIIb	swapped_relative_to_upstream	IIIc	7	7	T	T	identical_to_human	identical	5.0	false	true	supplementary_only
xenopus_tropicalis	IIIc	IIIc	IIIb	swapped_relative_to_upstream	IIIc	8	8	D	D	identical_to_human	identical	6.0	false	true	supplementary_only
xenopus_tropicalis	IIIc	IIIc	IIIb	swapped_relative_to_upstream	IIIc	9	9	K	E	conservative_substitution	conservative	1.0	false	true	supplementary_only
xenopus_tropicalis	IIIc	IIIc	IIIb	swapped_relative_to_upstream	IIIc	10	10	E	E	identical_to_human	identical	5.0	false	true	supplementary_only
xenopus_tropicalis	IIIc	IIIc	IIIb	swapped_relative_to_upstream	IIIc	11	11	I	I	identical_to_human	identical	4.0	false	true	supplementary_only
xenopus_tropicalis	IIIc	IIIc	IIIb	swapped_relative_to_upstream	IIIc	12	12	E	E	identical_to_human	identical	5.0	false	true	supplementary_only
xenopus_tropicalis	IIIc	IIIc	IIIb	swapped_relative_to_upstream	IIIc	13	13	V	V	identical_to_human	identical	4.0	false	true	supplementary_only
xenopus_tropicalis	IIIc	IIIc	IIIb	swapped_relative_to_upstream	IIIc	14	14	L	L	identical_to_human	identical	4.0	false	true	supplementary_only
xenopus_tropicalis	IIIc	IIIc	IIIb	swapped_relative_to_upstream	IIIc	15	15	Y	Y	identical_to_human	identical	7.0	false	true	supplementary_only
xenopus_tropicalis	IIIc	IIIc	IIIb	swapped_relative_to_upstream	IIIc	16	16	I	V	conservative_substitution	conservative	3.0	false	true	supplementary_only
xenopus_tropicalis	IIIc	IIIc	IIIb	swapped_relative_to_upstream	IIIc	17	17	R	R	identical_to_human	identical	5.0	false	true	supplementary_only
xenopus_tropicalis	IIIc	IIIc	IIIb	swapped_relative_to_upstream	IIIc	18	18	N	N	identical_to_human	identical	6.0	false	true	supplementary_only
xenopus_tropicalis	IIIc	IIIc	IIIb	swapped_relative_to_upstream	IIIc	19	19	V	V	identical_to_human	identical	4.0	false	true	supplementary_only
xenopus_tropicalis	IIIc	IIIc	IIIb	swapped_relative_to_upstream	IIIc	20	20	T	S	conservative_substitution	conservative	1.0	false	true	supplementary_only
xenopus_tropicalis	IIIc	IIIc	IIIb	swapped_relative_to_upstream	IIIc	21	21	F	F	identical_to_human	identical	6.0	false	true	supplementary_only
xenopus_tropicalis	IIIc	IIIc	IIIb	swapped_relative_to_upstream	IIIc	22	22	E	E	identical_to_human	identical	5.0	false	true	supplementary_only
xenopus_tropicalis	IIIc	IIIc	IIIb	swapped_relative_to_upstream	IIIc	23	23	D	D	identical_to_human	identical	6.0	false	true	supplementary_only
xenopus_tropicalis	IIIc	IIIc	IIIb	swapped_relative_to_upstream	IIIc	24	24	A	A	identical_to_human	identical	4.0	false	true	supplementary_only
xenopus_tropicalis	IIIc	IIIc	IIIb	swapped_relative_to_upstream	IIIc	25	25	G	G	identical_to_human	identical	6.0	false	true	supplementary_only
xenopus_tropicalis	IIIc	IIIc	IIIb	swapped_relative_to_upstream	IIIc	26	26	E	E	identical_to_human	identical	5.0	false	true	supplementary_only
xenopus_tropicalis	IIIc	IIIc	IIIb	swapped_relative_to_upstream	IIIc	27	27	Y	Y	identical_to_human	identical	7.0	false	true	supplementary_only
xenopus_tropicalis	IIIc	IIIc	IIIb	swapped_relative_to_upstream	IIIc	28	28	T	T	identical_to_human	identical	5.0	false	true	supplementary_only
xenopus_tropicalis	IIIc	IIIc	IIIb	swapped_relative_to_upstream	IIIc	29	29	C	C	identical_to_human	identical	9.0	false	true	supplementary_only
xenopus_tropicalis	IIIc	IIIc	IIIb	swapped_relative_to_upstream	IIIc	30	30	L	I	conservative_substitution	conservative	2.0	false	true	supplementary_only
xenopus_tropicalis	IIIc	IIIc	IIIb	swapped_relative_to_upstream	IIIc	31	31	A	A	identical_to_human	identical	4.0	false	true	supplementary_only
xenopus_tropicalis	IIIc	IIIc	IIIb	swapped_relative_to_upstream	IIIc	32	32	G	G	identical_to_human	identical	6.0	false	true	supplementary_only
xenopus_tropicalis	IIIc	IIIc	IIIb	swapped_relative_to_upstream	IIIc	33	45	N	N	identical_to_human	identical	6.0	false	true	supplementary_only
xenopus_tropicalis	IIIc	IIIc	IIIb	swapped_relative_to_upstream	IIIc	34	46	S	S	identical_to_human	identical	4.0	false	true	supplementary_only
xenopus_tropicalis	IIIc	IIIc	IIIb	swapped_relative_to_upstream	IIIc	35	47	I	I	identical_to_human	identical	4.0	false	true	supplementary_only
xenopus_tropicalis	IIIc	IIIc	IIIb	swapped_relative_to_upstream	IIIc	36	48	G	G	identical_to_human	identical	6.0	false	true	supplementary_only
xenopus_tropicalis	IIIc	IIIc	IIIb	swapped_relative_to_upstream	IIIc	37	49	I	I	identical_to_human	identical	4.0	false	true	supplementary_only
xenopus_tropicalis	IIIc	IIIc	IIIb	swapped_relative_to_upstream	IIIc	38	50	S	S	identical_to_human	identical	4.0	false	true	supplementary_only
xenopus_tropicalis	IIIc	IIIc	IIIb	swapped_relative_to_upstream	IIIc	39	51	F	Q	nonconservative_substitution	nonconservative	-3.0	false	true	supplementary_only
xenopus_tropicalis	IIIc	IIIc	IIIb	swapped_relative_to_upstream	IIIc	40	52	H	H	identical_to_human	identical	8.0	false	true	supplementary_only
xenopus_tropicalis	IIIc	IIIc	IIIb	swapped_relative_to_upstream	IIIc	41	53	S	S	identical_to_human	identical	4.0	false	true	supplementary_only
xenopus_tropicalis	IIIc	IIIc	IIIb	swapped_relative_to_upstream	IIIc	42	54	A	A	identical_to_human	identical	4.0	false	true	supplementary_only
xenopus_tropicalis	IIIc	IIIc	IIIb	swapped_relative_to_upstream	IIIc	43	55	W	W	identical_to_human	identical	11.0	false	true	supplementary_only
xenopus_tropicalis	IIIc	IIIc	IIIb	swapped_relative_to_upstream	IIIc	44	56	L	L	identical_to_human	identical	4.0	false	true	supplementary_only
xenopus_tropicalis	IIIc	IIIc	IIIb	swapped_relative_to_upstream	IIIc	45	57	T	T	identical_to_human	identical	5.0	false	true	supplementary_only
xenopus_tropicalis	IIIc	IIIc	IIIb	swapped_relative_to_upstream	IIIc	46	58	V	V	identical_to_human	identical	4.0	false	true	supplementary_only
xenopus_tropicalis	IIIc	IIIc	IIIb	swapped_relative_to_upstream	IIIc	47	59	L	H	nonconservative_substitution	nonconservative	-3.0	false	true	supplementary_only
xenopus_tropicalis	IIIc	IIIc	IIIb	swapped_relative_to_upstream	IIIc	48	69	P	P	identical_to_human	identical	7.0	false	true	supplementary_only
