species	isoform	final_isoform_label	transcript_id	protein_id	protein_length	boundary_type	boundary_label	boundary_aa	nearest_domain_label	nearest_domain_class	nearest_domain_start_aa	nearest_domain_end_aa	nearest_domain_boundary_type	distance_to_nearest_domain_boundary	boundary_class	architecture_qc_status	exon_block_display_status	source_coordinate_status	notes
alligator_mississippiensis	IIIb	IIIb	XM_059730070.1	XP_059586053.1	869	cassette_start	exon 7 (IIIb cassette)	335	Ig3	Ig-like	284	378	end	43	within_domain	architecture_supported	figure3C_native	keep	cassette boundary (primary thesis metric)
alligator_mississippiensis	IIIb	IIIb	XM_059730070.1	XP_059586053.1	869	cassette_end	exon 7 (IIIb cassette)	383	Ig3	Ig-like	284	378	end	5	near_domain_boundary	architecture_supported	figure3C_native	keep	cassette boundary (primary thesis metric)
alligator_mississippiensis	IIIb	IIIb	XM_059730070.1	XP_059586053.1	869	coding_exon_start	exon 1 (CDS1)	1	Ig1	Ig-like	67	131	start	66	between_domains	architecture_supported	figure3C_native	keep	coding-exon boundary (context)
alligator_mississippiensis	IIIb	IIIb	XM_059730070.1	XP_059586053.1	869	coding_exon_end	exon 1 (CDS1)	59	Ig1	Ig-like	67	131	start	8	near_domain_boundary	architecture_supported	figure3C_native	keep	coding-exon boundary (context)
alligator_mississippiensis	IIIb	IIIb	XM_059730070.1	XP_059586053.1	869	coding_exon_start	exon 2 (CDS2)	59	Ig1	Ig-like	67	131	start	8	near_domain_boundary	architecture_supported	figure3C_native	keep	coding-exon boundary (context)
alligator_mississippiensis	IIIb	IIIb	XM_059730070.1	XP_059586053.1	869	coding_exon_end	exon 2 (CDS2)	148	Ig1	Ig-like	67	131	end	17	between_domains	architecture_supported	figure3C_native	keep	coding-exon boundary (context)
alligator_mississippiensis	IIIb	IIIb	XM_059730070.1	XP_059586053.1	869	coding_exon_start	exon 3 (CDS3)	148	Ig1	Ig-like	67	131	end	17	between_domains	architecture_supported	figure3C_native	keep	coding-exon boundary (context)
alligator_mississippiensis	IIIb	IIIb	XM_059730070.1	XP_059586053.1	869	coding_exon_end	exon 3 (CDS3)	173	Ig2	Ig-like	192	269	start	19	between_domains	architecture_supported	figure3C_native	keep	coding-exon boundary (context)
alligator_mississippiensis	IIIb	IIIb	XM_059730070.1	XP_059586053.1	869	coding_exon_start	exon 4 (CDS4)	173	Ig2	Ig-like	192	269	start	19	between_domains	architecture_supported	figure3C_native	keep	coding-exon boundary (context)
alligator_mississippiensis	IIIb	IIIb	XM_059730070.1	XP_059586053.1	869	coding_exon_end	exon 4 (CDS4)	229	Ig2	Ig-like	192	269	start	37	within_domain	architecture_supported	figure3C_native	keep	coding-exon boundary (context)
alligator_mississippiensis	IIIb	IIIb	XM_059730070.1	XP_059586053.1	869	coding_exon_start	exon 5 (CDS5)	230	Ig2	Ig-like	192	269	start	38	within_domain	architecture_supported	figure3C_native	keep	coding-exon boundary (context)
alligator_mississippiensis	IIIb	IIIb	XM_059730070.1	XP_059586053.1	869	coding_exon_end	exon 5 (CDS5)	271	Ig2	Ig-like	192	269	end	2	aligned_to_domain_boundary	architecture_supported	figure3C_native	keep	coding-exon boundary (context)
alligator_mississippiensis	IIIb	IIIb	XM_059730070.1	XP_059586053.1	869	coding_exon_start	exon 6 (CDS6)	271	Ig2	Ig-like	192	269	end	2	aligned_to_domain_boundary	architecture_supported	figure3C_native	keep	coding-exon boundary (context)
alligator_mississippiensis	IIIb	IIIb	XM_059730070.1	XP_059586053.1	869	coding_exon_end	exon 6 (CDS6)	334	Ig3	Ig-like	284	378	end	44	within_domain	architecture_supported	figure3C_native	keep	coding-exon boundary (context)
alligator_mississippiensis	IIIb	IIIb	XM_059730070.1	XP_059586053.1	869	coding_exon_start	exon 8 (CDS8)	383	Ig3	Ig-like	284	378	end	5	near_domain_boundary	architecture_supported	figure3C_native	keep	coding-exon boundary (context)
alligator_mississippiensis	IIIb	IIIb	XM_059730070.1	XP_059586053.1	869	coding_exon_end	exon 8 (CDS8)	450	kinase	kinase	459	792	start	9	near_domain_boundary	architecture_supported	figure3C_native	keep	coding-exon boundary (context)
alligator_mississippiensis	IIIb	IIIb	XM_059730070.1	XP_059586053.1	869	coding_exon_start	exon 9 (CDS9)	451	kinase	kinase	459	792	start	8	near_domain_boundary	architecture_supported	figure3C_native	keep	coding-exon boundary (context)
alligator_mississippiensis	IIIb	IIIb	XM_059730070.1	XP_059586053.1	869	coding_exon_end	exon 9 (CDS9)	501	kinase	kinase	459	792	start	42	within_domain	architecture_supported	figure3C_native	keep	coding-exon boundary (context)
alligator_mississippiensis	IIIb	IIIb	XM_059730070.1	XP_059586053.1	869	coding_exon_start	exon 10 (CDS10)	501	kinase	kinase	459	792	start	42	within_domain	architecture_supported	figure3C_native	keep	coding-exon boundary (context)
alligator_mississippiensis	IIIb	IIIb	XM_059730070.1	XP_059586053.1	869	coding_exon_end	exon 10 (CDS10)	542	kinase	kinase	459	792	start	83	within_domain	architecture_supported	figure3C_native	keep	coding-exon boundary (context)
alligator_mississippiensis	IIIb	IIIb	XM_059730070.1	XP_059586053.1	869	coding_exon_start	exon 11 (CDS11)	542	kinase	kinase	459	792	start	83	within_domain	architecture_supported	figure3C_native	keep	coding-exon boundary (context)
alligator_mississippiensis	IIIb	IIIb	XM_059730070.1	XP_059586053.1	869	coding_exon_end	exon 11 (CDS11)	579	kinase	kinase	459	792	start	120	within_domain	architecture_supported	figure3C_native	keep	coding-exon boundary (context)
alligator_mississippiensis	IIIb	IIIb	XM_059730070.1	XP_059586053.1	869	coding_exon_start	exon 12 (CDS12)	579	kinase	kinase	459	792	start	120	within_domain	architecture_supported	figure3C_native	keep	coding-exon boundary (context)
alligator_mississippiensis	IIIb	IIIb	XM_059730070.1	XP_059586053.1	869	coding_exon_end	exon 12 (CDS12)	642	kinase	kinase	459	792	end	150	within_domain	architecture_supported	figure3C_native	keep	coding-exon boundary (context)
alligator_mississippiensis	IIIb	IIIb	XM_059730070.1	XP_059586053.1	869	coding_exon_start	exon 13 (CDS13)	643	kinase	kinase	459	792	end	149	within_domain	architecture_supported	figure3C_native	keep	coding-exon boundary (context)
alligator_mississippiensis	IIIb	IIIb	XM_059730070.1	XP_059586053.1	869	coding_exon_end	exon 13 (CDS13)	683	kinase	kinase	459	792	end	109	within_domain	architecture_supported	figure3C_native	keep	coding-exon boundary (context)
alligator_mississippiensis	IIIb	IIIb	XM_059730070.1	XP_059586053.1	869	coding_exon_start	exon 14 (CDS14)	684	kinase	kinase	459	792	end	108	within_domain	architecture_supported	figure3C_native	keep	coding-exon boundary (context)
alligator_mississippiensis	IIIb	IIIb	XM_059730070.1	XP_059586053.1	869	coding_exon_end	exon 14 (CDS14)	707	kinase	kinase	459	792	end	85	within_domain	architecture_supported	figure3C_native	keep	coding-exon boundary (context)
alligator_mississippiensis	IIIb	IIIb	XM_059730070.1	XP_059586053.1	869	coding_exon_start	exon 15 (CDS15)	707	kinase	kinase	459	792	end	85	within_domain	architecture_supported	figure3C_native	keep	coding-exon boundary (context)
alligator_mississippiensis	IIIb	IIIb	XM_059730070.1	XP_059586053.1	869	coding_exon_end	exon 15 (CDS15)	753	kinase	kinase	459	792	end	39	within_domain	architecture_supported	figure3C_native	keep	coding-exon boundary (context)
alligator_mississippiensis	IIIb	IIIb	XM_059730070.1	XP_059586053.1	869	coding_exon_start	exon 16 (CDS16)	753	kinase	kinase	459	792	end	39	within_domain	architecture_supported	figure3C_native	keep	coding-exon boundary (context)
alligator_mississippiensis	IIIb	IIIb	XM_059730070.1	XP_059586053.1	869	coding_exon_end	exon 16 (CDS16)	788	kinase	kinase	459	792	end	4	near_domain_boundary	architecture_supported	figure3C_native	keep	coding-exon boundary (context)
alligator_mississippiensis	IIIb	IIIb	XM_059730070.1	XP_059586053.1	869	coding_exon_start	exon 17 (CDS17)	789	kinase	kinase	459	792	end	3	aligned_to_domain_boundary	architecture_supported	figure3C_native	keep	coding-exon boundary (context)
alligator_mississippiensis	IIIb	IIIb	XM_059730070.1	XP_059586053.1	869	coding_exon_end	exon 17 (CDS17)	814	kinase	kinase	459	792	end	22	between_domains	architecture_supported	figure3C_native	keep	coding-exon boundary (context)
alligator_mississippiensis	IIIb	IIIb	XM_059730070.1	XP_059586053.1	869	coding_exon_start	exon 18 (CDS18)	814	kinase	kinase	459	792	end	22	between_domains	architecture_supported	figure3C_native	keep	coding-exon boundary (context)
alligator_mississippiensis	IIIb	IIIb	XM_059730070.1	XP_059586053.1	869	coding_exon_end	exon 18 (CDS18)	869	kinase	kinase	459	792	end	77	between_domains	architecture_supported	figure3C_native	keep	coding-exon boundary (context)
alligator_mississippiensis	IIIc	IIIc	XM_006266126.4	XP_006266188.1	868	cassette_start	exon 7 (IIIc cassette)	335	Ig3	Ig-like	284	380	end	45	within_domain	architecture_supported	minor_length_clamped	clamp_to_protein_length_with_minor_flag	cassette boundary (primary thesis metric)
alligator_mississippiensis	IIIc	IIIc	XM_006266126.4	XP_006266188.1	868	cassette_end	exon 7 (IIIc cassette)	384	Ig3	Ig-like	284	380	end	4	near_domain_boundary	architecture_supported	minor_length_clamped	clamp_to_protein_length_with_minor_flag	cassette boundary (primary thesis metric)
alligator_mississippiensis	IIIc	IIIc	XM_006266126.4	XP_006266188.1	868	coding_exon_start	exon 1 (CDS1)	1	Ig1	Ig-like	67	131	start	66	between_domains	architecture_supported	minor_length_clamped	clamp_to_protein_length_with_minor_flag	coding-exon boundary (context)
alligator_mississippiensis	IIIc	IIIc	XM_006266126.4	XP_006266188.1	868	coding_exon_end	exon 1 (CDS1)	59	Ig1	Ig-like	67	131	start	8	near_domain_boundary	architecture_supported	minor_length_clamped	clamp_to_protein_length_with_minor_flag	coding-exon boundary (context)
alligator_mississippiensis	IIIc	IIIc	XM_006266126.4	XP_006266188.1	868	coding_exon_start	exon 2 (CDS2)	59	Ig1	Ig-like	67	131	start	8	near_domain_boundary	architecture_supported	minor_length_clamped	clamp_to_protein_length_with_minor_flag	coding-exon boundary (context)
alligator_mississippiensis	IIIc	IIIc	XM_006266126.4	XP_006266188.1	868	coding_exon_end	exon 2 (CDS2)	148	Ig1	Ig-like	67	131	end	17	between_domains	architecture_supported	minor_length_clamped	clamp_to_protein_length_with_minor_flag	coding-exon boundary (context)
alligator_mississippiensis	IIIc	IIIc	XM_006266126.4	XP_006266188.1	868	coding_exon_start	exon 3 (CDS3)	148	Ig1	Ig-like	67	131	end	17	between_domains	architecture_supported	minor_length_clamped	clamp_to_protein_length_with_minor_flag	coding-exon boundary (context)
alligator_mississippiensis	IIIc	IIIc	XM_006266126.4	XP_006266188.1	868	coding_exon_end	exon 3 (CDS3)	173	Ig2	Ig-like	192	269	start	19	between_domains	architecture_supported	minor_length_clamped	clamp_to_protein_length_with_minor_flag	coding-exon boundary (context)
alligator_mississippiensis	IIIc	IIIc	XM_006266126.4	XP_006266188.1	868	coding_exon_start	exon 4 (CDS4)	173	Ig2	Ig-like	192	269	start	19	between_domains	architecture_supported	minor_length_clamped	clamp_to_protein_length_with_minor_flag	coding-exon boundary (context)
alligator_mississippiensis	IIIc	IIIc	XM_006266126.4	XP_006266188.1	868	coding_exon_end	exon 4 (CDS4)	229	Ig2	Ig-like	192	269	start	37	within_domain	architecture_supported	minor_length_clamped	clamp_to_protein_length_with_minor_flag	coding-exon boundary (context)
alligator_mississippiensis	IIIc	IIIc	XM_006266126.4	XP_006266188.1	868	coding_exon_start	exon 5 (CDS5)	230	Ig2	Ig-like	192	269	start	38	within_domain	architecture_supported	minor_length_clamped	clamp_to_protein_length_with_minor_flag	coding-exon boundary (context)
alligator_mississippiensis	IIIc	IIIc	XM_006266126.4	XP_006266188.1	868	coding_exon_end	exon 5 (CDS5)	271	Ig2	Ig-like	192	269	end	2	aligned_to_domain_boundary	architecture_supported	minor_length_clamped	clamp_to_protein_length_with_minor_flag	coding-exon boundary (context)
alligator_mississippiensis	IIIc	IIIc	XM_006266126.4	XP_006266188.1	868	coding_exon_start	exon 6 (CDS6)	271	Ig2	Ig-like	192	269	end	2	aligned_to_domain_boundary	architecture_supported	minor_length_clamped	clamp_to_protein_length_with_minor_flag	coding-exon boundary (context)
alligator_mississippiensis	IIIc	IIIc	XM_006266126.4	XP_006266188.1	868	coding_exon_end	exon 6 (CDS6)	334	Ig3	Ig-like	284	380	end	46	within_domain	architecture_supported	minor_length_clamped	clamp_to_protein_length_with_minor_flag	coding-exon boundary (context)
alligator_mississippiensis	IIIc	IIIc	XM_006266126.4	XP_006266188.1	868	coding_exon_start	exon 8 (CDS8)	384	Ig3	Ig-like	284	380	end	4	near_domain_boundary	architecture_supported	minor_length_clamped	clamp_to_protein_length_with_minor_flag	coding-exon boundary (context)
alligator_mississippiensis	IIIc	IIIc	XM_006266126.4	XP_006266188.1	868	coding_exon_end	exon 8 (CDS8)	451	kinase	kinase	458	791	start	7	near_domain_boundary	architecture_supported	minor_length_clamped	clamp_to_protein_length_with_minor_flag	coding-exon boundary (context)
alligator_mississippiensis	IIIc	IIIc	XM_006266126.4	XP_006266188.1	868	coding_exon_start	exon 9 (CDS9)	452	kinase	kinase	458	791	start	6	near_domain_boundary	architecture_supported	minor_length_clamped	clamp_to_protein_length_with_minor_flag	coding-exon boundary (context)
alligator_mississippiensis	IIIc	IIIc	XM_006266126.4	XP_006266188.1	868	coding_exon_end	exon 9 (CDS9)	502	kinase	kinase	458	791	start	44	within_domain	architecture_supported	minor_length_clamped	clamp_to_protein_length_with_minor_flag	coding-exon boundary (context)
alligator_mississippiensis	IIIc	IIIc	XM_006266126.4	XP_006266188.1	868	coding_exon_start	exon 10 (CDS10)	502	kinase	kinase	458	791	start	44	within_domain	architecture_supported	minor_length_clamped	clamp_to_protein_length_with_minor_flag	coding-exon boundary (context)
alligator_mississippiensis	IIIc	IIIc	XM_006266126.4	XP_006266188.1	868	coding_exon_end	exon 10 (CDS10)	543	kinase	kinase	458	791	start	85	within_domain	architecture_supported	minor_length_clamped	clamp_to_protein_length_with_minor_flag	coding-exon boundary (context)
alligator_mississippiensis	IIIc	IIIc	XM_006266126.4	XP_006266188.1	868	coding_exon_start	exon 11 (CDS11)	543	kinase	kinase	458	791	start	85	within_domain	architecture_supported	minor_length_clamped	clamp_to_protein_length_with_minor_flag	coding-exon boundary (context)
alligator_mississippiensis	IIIc	IIIc	XM_006266126.4	XP_006266188.1	868	coding_exon_end	exon 11 (CDS11)	580	kinase	kinase	458	791	start	122	within_domain	architecture_supported	minor_length_clamped	clamp_to_protein_length_with_minor_flag	coding-exon boundary (context)
alligator_mississippiensis	IIIc	IIIc	XM_006266126.4	XP_006266188.1	868	coding_exon_start	exon 12 (CDS12)	580	kinase	kinase	458	791	start	122	within_domain	architecture_supported	minor_length_clamped	clamp_to_protein_length_with_minor_flag	coding-exon boundary (context)
alligator_mississippiensis	IIIc	IIIc	XM_006266126.4	XP_006266188.1	868	coding_exon_end	exon 12 (CDS12)	643	kinase	kinase	458	791	end	148	within_domain	architecture_supported	minor_length_clamped	clamp_to_protein_length_with_minor_flag	coding-exon boundary (context)
alligator_mississippiensis	IIIc	IIIc	XM_006266126.4	XP_006266188.1	868	coding_exon_start	exon 13 (CDS13)	644	kinase	kinase	458	791	end	147	within_domain	architecture_supported	minor_length_clamped	clamp_to_protein_length_with_minor_flag	coding-exon boundary (context)
alligator_mississippiensis	IIIc	IIIc	XM_006266126.4	XP_006266188.1	868	coding_exon_end	exon 13 (CDS13)	684	kinase	kinase	458	791	end	107	within_domain	architecture_supported	minor_length_clamped	clamp_to_protein_length_with_minor_flag	coding-exon boundary (context)
alligator_mississippiensis	IIIc	IIIc	XM_006266126.4	XP_006266188.1	868	coding_exon_start	exon 14 (CDS14)	685	kinase	kinase	458	791	end	106	within_domain	architecture_supported	minor_length_clamped	clamp_to_protein_length_with_minor_flag	coding-exon boundary (context)
alligator_mississippiensis	IIIc	IIIc	XM_006266126.4	XP_006266188.1	868	coding_exon_end	exon 14 (CDS14)	708	kinase	kinase	458	791	end	83	within_domain	architecture_supported	minor_length_clamped	clamp_to_protein_length_with_minor_flag	coding-exon boundary (context)
alligator_mississippiensis	IIIc	IIIc	XM_006266126.4	XP_006266188.1	868	coding_exon_start	exon 15 (CDS15)	708	kinase	kinase	458	791	end	83	within_domain	architecture_supported	minor_length_clamped	clamp_to_protein_length_with_minor_flag	coding-exon boundary (context)
alligator_mississippiensis	IIIc	IIIc	XM_006266126.4	XP_006266188.1	868	coding_exon_end	exon 15 (CDS15)	754	kinase	kinase	458	791	end	37	within_domain	architecture_supported	minor_length_clamped	clamp_to_protein_length_with_minor_flag	coding-exon boundary (context)
alligator_mississippiensis	IIIc	IIIc	XM_006266126.4	XP_006266188.1	868	coding_exon_start	exon 16 (CDS16)	754	kinase	kinase	458	791	end	37	within_domain	architecture_supported	minor_length_clamped	clamp_to_protein_length_with_minor_flag	coding-exon boundary (context)
alligator_mississippiensis	IIIc	IIIc	XM_006266126.4	XP_006266188.1	868	coding_exon_end	exon 16 (CDS16)	789	kinase	kinase	458	791	end	2	aligned_to_domain_boundary	architecture_supported	minor_length_clamped	clamp_to_protein_length_with_minor_flag	coding-exon boundary (context)
alligator_mississippiensis	IIIc	IIIc	XM_006266126.4	XP_006266188.1	868	coding_exon_start	exon 17 (CDS17)	790	kinase	kinase	458	791	end	1	aligned_to_domain_boundary	architecture_supported	minor_length_clamped	clamp_to_protein_length_with_minor_flag	coding-exon boundary (context)
alligator_mississippiensis	IIIc	IIIc	XM_006266126.4	XP_006266188.1	868	coding_exon_end	exon 17 (CDS17)	815	kinase	kinase	458	791	end	24	between_domains	architecture_supported	minor_length_clamped	clamp_to_protein_length_with_minor_flag	coding-exon boundary (context)
alligator_mississippiensis	IIIc	IIIc	XM_006266126.4	XP_006266188.1	868	coding_exon_start	exon 18 (CDS18)	815	kinase	kinase	458	791	end	24	between_domains	architecture_supported	minor_length_clamped	clamp_to_protein_length_with_minor_flag	coding-exon boundary (context)
alligator_mississippiensis	IIIc	IIIc	XM_006266126.4	XP_006266188.1	868	coding_exon_end	exon 18 (CDS18)	868	kinase	kinase	458	791	end	77	between_domains	architecture_supported	minor_length_clamped	clamp_to_protein_length_with_minor_flag	coding-exon boundary (context)
ambystoma_mexicanum	IIIb	IIIb	XM_069611953.1	XP_069468054.1	840	cassette_start	exon 7 (IIIb cassette)	332	Ig3	Ig-like	281	375	end	43	within_domain	architecture_supported	figure3C_native	keep	cassette boundary (primary thesis metric)
ambystoma_mexicanum	IIIb	IIIb	XM_069611953.1	XP_069468054.1	840	cassette_end	exon 7 (IIIb cassette)	380	Ig3	Ig-like	281	375	end	5	near_domain_boundary	architecture_supported	figure3C_native	keep	cassette boundary (primary thesis metric)
ambystoma_mexicanum	IIIb	IIIb	XM_069611953.1	XP_069468054.1	840	coding_exon_start	exon 1 (CDS1)	1	Ig1	Ig-like	58	144	start	57	between_domains	architecture_supported	figure3C_native	keep	coding-exon boundary (context)
ambystoma_mexicanum	IIIb	IIIb	XM_069611953.1	XP_069468054.1	840	coding_exon_end	exon 1 (CDS1)	56	Ig1	Ig-like	58	144	start	2	aligned_to_domain_boundary	architecture_supported	figure3C_native	keep	coding-exon boundary (context)
ambystoma_mexicanum	IIIb	IIIb	XM_069611953.1	XP_069468054.1	840	coding_exon_start	exon 2 (CDS2)	56	Ig1	Ig-like	58	144	start	2	aligned_to_domain_boundary	architecture_supported	figure3C_native	keep	coding-exon boundary (context)
ambystoma_mexicanum	IIIb	IIIb	XM_069611953.1	XP_069468054.1	840	coding_exon_end	exon 2 (CDS2)	145	Ig1	Ig-like	58	144	end	1	aligned_to_domain_boundary	architecture_supported	figure3C_native	keep	coding-exon boundary (context)
ambystoma_mexicanum	IIIb	IIIb	XM_069611953.1	XP_069468054.1	840	coding_exon_start	exon 3 (CDS3)	145	Ig1	Ig-like	58	144	end	1	aligned_to_domain_boundary	architecture_supported	figure3C_native	keep	coding-exon boundary (context)
ambystoma_mexicanum	IIIb	IIIb	XM_069611953.1	XP_069468054.1	840	coding_exon_end	exon 3 (CDS3)	170	Ig2	Ig-like	189	266	start	19	between_domains	architecture_supported	figure3C_native	keep	coding-exon boundary (context)
ambystoma_mexicanum	IIIb	IIIb	XM_069611953.1	XP_069468054.1	840	coding_exon_start	exon 4 (CDS4)	170	Ig2	Ig-like	189	266	start	19	between_domains	architecture_supported	figure3C_native	keep	coding-exon boundary (context)
ambystoma_mexicanum	IIIb	IIIb	XM_069611953.1	XP_069468054.1	840	coding_exon_end	exon 4 (CDS4)	226	Ig2	Ig-like	189	266	start	37	within_domain	architecture_supported	figure3C_native	keep	coding-exon boundary (context)
ambystoma_mexicanum	IIIb	IIIb	XM_069611953.1	XP_069468054.1	840	coding_exon_start	exon 5 (CDS5)	227	Ig2	Ig-like	189	266	start	38	within_domain	architecture_supported	figure3C_native	keep	coding-exon boundary (context)
ambystoma_mexicanum	IIIb	IIIb	XM_069611953.1	XP_069468054.1	840	coding_exon_end	exon 5 (CDS5)	268	Ig2	Ig-like	189	266	end	2	aligned_to_domain_boundary	architecture_supported	figure3C_native	keep	coding-exon boundary (context)
ambystoma_mexicanum	IIIb	IIIb	XM_069611953.1	XP_069468054.1	840	coding_exon_start	exon 6 (CDS6)	268	Ig2	Ig-like	189	266	end	2	aligned_to_domain_boundary	architecture_supported	figure3C_native	keep	coding-exon boundary (context)
ambystoma_mexicanum	IIIb	IIIb	XM_069611953.1	XP_069468054.1	840	coding_exon_end	exon 6 (CDS6)	331	Ig3	Ig-like	281	375	end	44	within_domain	architecture_supported	figure3C_native	keep	coding-exon boundary (context)
ambystoma_mexicanum	IIIb	IIIb	XM_069611953.1	XP_069468054.1	840	coding_exon_start	exon 8 (CDS8)	380	Ig3	Ig-like	281	375	end	5	near_domain_boundary	architecture_supported	figure3C_native	keep	coding-exon boundary (context)
ambystoma_mexicanum	IIIb	IIIb	XM_069611953.1	XP_069468054.1	840	coding_exon_end	exon 8 (CDS8)	447	kinase	kinase	456	789	start	9	near_domain_boundary	architecture_supported	figure3C_native	keep	coding-exon boundary (context)
ambystoma_mexicanum	IIIb	IIIb	XM_069611953.1	XP_069468054.1	840	coding_exon_start	exon 9 (CDS9)	447	kinase	kinase	456	789	start	9	near_domain_boundary	architecture_supported	figure3C_native	keep	coding-exon boundary (context)
ambystoma_mexicanum	IIIb	IIIb	XM_069611953.1	XP_069468054.1	840	coding_exon_end	exon 9 (CDS9)	497	kinase	kinase	456	789	start	41	within_domain	architecture_supported	figure3C_native	keep	coding-exon boundary (context)
ambystoma_mexicanum	IIIb	IIIb	XM_069611953.1	XP_069468054.1	840	coding_exon_start	exon 10 (CDS10)	497	kinase	kinase	456	789	start	41	within_domain	architecture_supported	figure3C_native	keep	coding-exon boundary (context)
ambystoma_mexicanum	IIIb	IIIb	XM_069611953.1	XP_069468054.1	840	coding_exon_end	exon 10 (CDS10)	538	kinase	kinase	456	789	start	82	within_domain	architecture_supported	figure3C_native	keep	coding-exon boundary (context)
ambystoma_mexicanum	IIIb	IIIb	XM_069611953.1	XP_069468054.1	840	coding_exon_start	exon 11 (CDS11)	538	kinase	kinase	456	789	start	82	within_domain	architecture_supported	figure3C_native	keep	coding-exon boundary (context)
ambystoma_mexicanum	IIIb	IIIb	XM_069611953.1	XP_069468054.1	840	coding_exon_end	exon 11 (CDS11)	575	kinase	kinase	456	789	start	119	within_domain	architecture_supported	figure3C_native	keep	coding-exon boundary (context)
ambystoma_mexicanum	IIIb	IIIb	XM_069611953.1	XP_069468054.1	840	coding_exon_start	exon 12 (CDS12)	575	kinase	kinase	456	789	start	119	within_domain	architecture_supported	figure3C_native	keep	coding-exon boundary (context)
ambystoma_mexicanum	IIIb	IIIb	XM_069611953.1	XP_069468054.1	840	coding_exon_end	exon 12 (CDS12)	638	kinase	kinase	456	789	end	151	within_domain	architecture_supported	figure3C_native	keep	coding-exon boundary (context)
ambystoma_mexicanum	IIIb	IIIb	XM_069611953.1	XP_069468054.1	840	coding_exon_start	exon 13 (CDS13)	639	kinase	kinase	456	789	end	150	within_domain	architecture_supported	figure3C_native	keep	coding-exon boundary (context)
ambystoma_mexicanum	IIIb	IIIb	XM_069611953.1	XP_069468054.1	840	coding_exon_end	exon 13 (CDS13)	679	kinase	kinase	456	789	end	110	within_domain	architecture_supported	figure3C_native	keep	coding-exon boundary (context)
ambystoma_mexicanum	IIIb	IIIb	XM_069611953.1	XP_069468054.1	840	coding_exon_start	exon 14 (CDS14)	680	kinase	kinase	456	789	end	109	within_domain	architecture_supported	figure3C_native	keep	coding-exon boundary (context)
ambystoma_mexicanum	IIIb	IIIb	XM_069611953.1	XP_069468054.1	840	coding_exon_end	exon 14 (CDS14)	703	kinase	kinase	456	789	end	86	within_domain	architecture_supported	figure3C_native	keep	coding-exon boundary (context)
ambystoma_mexicanum	IIIb	IIIb	XM_069611953.1	XP_069468054.1	840	coding_exon_start	exon 15 (CDS15)	703	kinase	kinase	456	789	end	86	within_domain	architecture_supported	figure3C_native	keep	coding-exon boundary (context)
ambystoma_mexicanum	IIIb	IIIb	XM_069611953.1	XP_069468054.1	840	coding_exon_end	exon 15 (CDS15)	749	kinase	kinase	456	789	end	40	within_domain	architecture_supported	figure3C_native	keep	coding-exon boundary (context)
ambystoma_mexicanum	IIIb	IIIb	XM_069611953.1	XP_069468054.1	840	coding_exon_start	exon 16 (CDS16)	749	kinase	kinase	456	789	end	40	within_domain	architecture_supported	figure3C_native	keep	coding-exon boundary (context)
ambystoma_mexicanum	IIIb	IIIb	XM_069611953.1	XP_069468054.1	840	coding_exon_end	exon 16 (CDS16)	784	kinase	kinase	456	789	end	5	near_domain_boundary	architecture_supported	figure3C_native	keep	coding-exon boundary (context)
ambystoma_mexicanum	IIIb	IIIb	XM_069611953.1	XP_069468054.1	840	coding_exon_start	exon 17 (CDS17)	785	kinase	kinase	456	789	end	4	near_domain_boundary	architecture_supported	figure3C_native	keep	coding-exon boundary (context)
ambystoma_mexicanum	IIIb	IIIb	XM_069611953.1	XP_069468054.1	840	coding_exon_end	exon 17 (CDS17)	839	kinase	kinase	456	789	end	50	between_domains	architecture_supported	figure3C_native	keep	coding-exon boundary (context)
ambystoma_mexicanum	IIIc	IIIc	XM_069611955.1	XP_069468056.1	838	cassette_start	exon 7 (CDS7)	332	Ig3	Ig-like	281	377	end	45	within_domain	architecture_supported	native_exon_blocks_reconstructed	reconstruct_from_native_cds	cassette boundary (primary thesis metric)
ambystoma_mexicanum	IIIc	IIIc	XM_069611955.1	XP_069468056.1	838	cassette_end	exon 7 (CDS7)	380	Ig3	Ig-like	281	377	end	3	aligned_to_domain_boundary	architecture_supported	native_exon_blocks_reconstructed	reconstruct_from_native_cds	cassette boundary (primary thesis metric)
ambystoma_mexicanum	IIIc	IIIc	XM_069611955.1	XP_069468056.1	838	coding_exon_start	exon 1 (CDS1)	1	Ig1	Ig-like	58	144	start	57	between_domains	architecture_supported	native_exon_blocks_reconstructed	reconstruct_from_native_cds	coding-exon boundary (context)
ambystoma_mexicanum	IIIc	IIIc	XM_069611955.1	XP_069468056.1	838	coding_exon_end	exon 1 (CDS1)	56	Ig1	Ig-like	58	144	start	2	aligned_to_domain_boundary	architecture_supported	native_exon_blocks_reconstructed	reconstruct_from_native_cds	coding-exon boundary (context)
ambystoma_mexicanum	IIIc	IIIc	XM_069611955.1	XP_069468056.1	838	coding_exon_start	exon 2 (CDS2)	56	Ig1	Ig-like	58	144	start	2	aligned_to_domain_boundary	architecture_supported	native_exon_blocks_reconstructed	reconstruct_from_native_cds	coding-exon boundary (context)
ambystoma_mexicanum	IIIc	IIIc	XM_069611955.1	XP_069468056.1	838	coding_exon_end	exon 2 (CDS2)	145	Ig1	Ig-like	58	144	end	1	aligned_to_domain_boundary	architecture_supported	native_exon_blocks_reconstructed	reconstruct_from_native_cds	coding-exon boundary (context)
ambystoma_mexicanum	IIIc	IIIc	XM_069611955.1	XP_069468056.1	838	coding_exon_start	exon 3 (CDS3)	145	Ig1	Ig-like	58	144	end	1	aligned_to_domain_boundary	architecture_supported	native_exon_blocks_reconstructed	reconstruct_from_native_cds	coding-exon boundary (context)
ambystoma_mexicanum	IIIc	IIIc	XM_069611955.1	XP_069468056.1	838	coding_exon_end	exon 3 (CDS3)	170	Ig2	Ig-like	189	266	start	19	between_domains	architecture_supported	native_exon_blocks_reconstructed	reconstruct_from_native_cds	coding-exon boundary (context)
ambystoma_mexicanum	IIIc	IIIc	XM_069611955.1	XP_069468056.1	838	coding_exon_start	exon 4 (CDS4)	170	Ig2	Ig-like	189	266	start	19	between_domains	architecture_supported	native_exon_blocks_reconstructed	reconstruct_from_native_cds	coding-exon boundary (context)
ambystoma_mexicanum	IIIc	IIIc	XM_069611955.1	XP_069468056.1	838	coding_exon_end	exon 4 (CDS4)	226	Ig2	Ig-like	189	266	start	37	within_domain	architecture_supported	native_exon_blocks_reconstructed	reconstruct_from_native_cds	coding-exon boundary (context)
ambystoma_mexicanum	IIIc	IIIc	XM_069611955.1	XP_069468056.1	838	coding_exon_start	exon 5 (CDS5)	227	Ig2	Ig-like	189	266	start	38	within_domain	architecture_supported	native_exon_blocks_reconstructed	reconstruct_from_native_cds	coding-exon boundary (context)
ambystoma_mexicanum	IIIc	IIIc	XM_069611955.1	XP_069468056.1	838	coding_exon_end	exon 5 (CDS5)	268	Ig2	Ig-like	189	266	end	2	aligned_to_domain_boundary	architecture_supported	native_exon_blocks_reconstructed	reconstruct_from_native_cds	coding-exon boundary (context)
ambystoma_mexicanum	IIIc	IIIc	XM_069611955.1	XP_069468056.1	838	coding_exon_start	exon 6 (CDS6)	268	Ig2	Ig-like	189	266	end	2	aligned_to_domain_boundary	architecture_supported	native_exon_blocks_reconstructed	reconstruct_from_native_cds	coding-exon boundary (context)
ambystoma_mexicanum	IIIc	IIIc	XM_069611955.1	XP_069468056.1	838	coding_exon_end	exon 6 (CDS6)	331	Ig3	Ig-like	281	377	end	46	within_domain	architecture_supported	native_exon_blocks_reconstructed	reconstruct_from_native_cds	coding-exon boundary (context)
ambystoma_mexicanum	IIIc	IIIc	XM_069611955.1	XP_069468056.1	838	coding_exon_start	exon 8 (CDS8)	380	Ig3	Ig-like	281	377	end	3	aligned_to_domain_boundary	architecture_supported	native_exon_blocks_reconstructed	reconstruct_from_native_cds	coding-exon boundary (context)
ambystoma_mexicanum	IIIc	IIIc	XM_069611955.1	XP_069468056.1	838	coding_exon_end	exon 8 (CDS8)	447	kinase	kinase	454	787	start	7	near_domain_boundary	architecture_supported	native_exon_blocks_reconstructed	reconstruct_from_native_cds	coding-exon boundary (context)
ambystoma_mexicanum	IIIc	IIIc	XM_069611955.1	XP_069468056.1	838	coding_exon_start	exon 9 (CDS9)	447	kinase	kinase	454	787	start	7	near_domain_boundary	architecture_supported	native_exon_blocks_reconstructed	reconstruct_from_native_cds	coding-exon boundary (context)
ambystoma_mexicanum	IIIc	IIIc	XM_069611955.1	XP_069468056.1	838	coding_exon_end	exon 9 (CDS9)	497	kinase	kinase	454	787	start	43	within_domain	architecture_supported	native_exon_blocks_reconstructed	reconstruct_from_native_cds	coding-exon boundary (context)
ambystoma_mexicanum	IIIc	IIIc	XM_069611955.1	XP_069468056.1	838	coding_exon_start	exon 10 (CDS10)	497	kinase	kinase	454	787	start	43	within_domain	architecture_supported	native_exon_blocks_reconstructed	reconstruct_from_native_cds	coding-exon boundary (context)
ambystoma_mexicanum	IIIc	IIIc	XM_069611955.1	XP_069468056.1	838	coding_exon_end	exon 10 (CDS10)	538	kinase	kinase	454	787	start	84	within_domain	architecture_supported	native_exon_blocks_reconstructed	reconstruct_from_native_cds	coding-exon boundary (context)
ambystoma_mexicanum	IIIc	IIIc	XM_069611955.1	XP_069468056.1	838	coding_exon_start	exon 11 (CDS11)	538	kinase	kinase	454	787	start	84	within_domain	architecture_supported	native_exon_blocks_reconstructed	reconstruct_from_native_cds	coding-exon boundary (context)
ambystoma_mexicanum	IIIc	IIIc	XM_069611955.1	XP_069468056.1	838	coding_exon_end	exon 11 (CDS11)	575	kinase	kinase	454	787	start	121	within_domain	architecture_supported	native_exon_blocks_reconstructed	reconstruct_from_native_cds	coding-exon boundary (context)
ambystoma_mexicanum	IIIc	IIIc	XM_069611955.1	XP_069468056.1	838	coding_exon_start	exon 12 (CDS12)	575	kinase	kinase	454	787	start	121	within_domain	architecture_supported	native_exon_blocks_reconstructed	reconstruct_from_native_cds	coding-exon boundary (context)
ambystoma_mexicanum	IIIc	IIIc	XM_069611955.1	XP_069468056.1	838	coding_exon_end	exon 12 (CDS12)	638	kinase	kinase	454	787	end	149	within_domain	architecture_supported	native_exon_blocks_reconstructed	reconstruct_from_native_cds	coding-exon boundary (context)
ambystoma_mexicanum	IIIc	IIIc	XM_069611955.1	XP_069468056.1	838	coding_exon_start	exon 13 (CDS13)	639	kinase	kinase	454	787	end	148	within_domain	architecture_supported	native_exon_blocks_reconstructed	reconstruct_from_native_cds	coding-exon boundary (context)
ambystoma_mexicanum	IIIc	IIIc	XM_069611955.1	XP_069468056.1	838	coding_exon_end	exon 13 (CDS13)	679	kinase	kinase	454	787	end	108	within_domain	architecture_supported	native_exon_blocks_reconstructed	reconstruct_from_native_cds	coding-exon boundary (context)
ambystoma_mexicanum	IIIc	IIIc	XM_069611955.1	XP_069468056.1	838	coding_exon_start	exon 14 (CDS14)	680	kinase	kinase	454	787	end	107	within_domain	architecture_supported	native_exon_blocks_reconstructed	reconstruct_from_native_cds	coding-exon boundary (context)
ambystoma_mexicanum	IIIc	IIIc	XM_069611955.1	XP_069468056.1	838	coding_exon_end	exon 14 (CDS14)	703	kinase	kinase	454	787	end	84	within_domain	architecture_supported	native_exon_blocks_reconstructed	reconstruct_from_native_cds	coding-exon boundary (context)
ambystoma_mexicanum	IIIc	IIIc	XM_069611955.1	XP_069468056.1	838	coding_exon_start	exon 15 (CDS15)	703	kinase	kinase	454	787	end	84	within_domain	architecture_supported	native_exon_blocks_reconstructed	reconstruct_from_native_cds	coding-exon boundary (context)
ambystoma_mexicanum	IIIc	IIIc	XM_069611955.1	XP_069468056.1	838	coding_exon_end	exon 15 (CDS15)	749	kinase	kinase	454	787	end	38	within_domain	architecture_supported	native_exon_blocks_reconstructed	reconstruct_from_native_cds	coding-exon boundary (context)
ambystoma_mexicanum	IIIc	IIIc	XM_069611955.1	XP_069468056.1	838	coding_exon_start	exon 16 (CDS16)	749	kinase	kinase	454	787	end	38	within_domain	architecture_supported	native_exon_blocks_reconstructed	reconstruct_from_native_cds	coding-exon boundary (context)
ambystoma_mexicanum	IIIc	IIIc	XM_069611955.1	XP_069468056.1	838	coding_exon_end	exon 16 (CDS16)	784	kinase	kinase	454	787	end	3	aligned_to_domain_boundary	architecture_supported	native_exon_blocks_reconstructed	reconstruct_from_native_cds	coding-exon boundary (context)
ambystoma_mexicanum	IIIc	IIIc	XM_069611955.1	XP_069468056.1	838	coding_exon_start	exon 17 (CDS17)	785	kinase	kinase	454	787	end	2	aligned_to_domain_boundary	architecture_supported	native_exon_blocks_reconstructed	reconstruct_from_native_cds	coding-exon boundary (context)
ambystoma_mexicanum	IIIc	IIIc	XM_069611955.1	XP_069468056.1	838	coding_exon_end	exon 17 (CDS17)	838	kinase	kinase	454	787	end	51	between_domains	architecture_supported	native_exon_blocks_reconstructed	reconstruct_from_native_cds	coding-exon boundary (context)
anolis_carolinensis	IIIb	IIIb	XM_062976012.1	XP_062832082.1	873	cassette_start	exon 8 (IIIb cassette)	366	Ig3	Ig-like	315	396	end	30	within_domain	architecture_supported_with_minor_flags	minor_length_clamped	clamp_to_protein_length_with_minor_flag	cassette boundary (primary thesis metric)
anolis_carolinensis	IIIb	IIIb	XM_062976012.1	XP_062832082.1	873	cassette_end	exon 8 (IIIb cassette)	414	TM	TM	426	448	start	12	near_domain_boundary	architecture_supported_with_minor_flags	minor_length_clamped	clamp_to_protein_length_with_minor_flag	cassette boundary (primary thesis metric)
anolis_carolinensis	IIIb	IIIb	XM_062976012.1	XP_062832082.1	873	coding_exon_start	exon 1 (CDS1)	1	Ig1	Ig-like	102	166	start	101	between_domains	architecture_supported_with_minor_flags	minor_length_clamped	clamp_to_protein_length_with_minor_flag	coding-exon boundary (context)
anolis_carolinensis	IIIb	IIIb	XM_062976012.1	XP_062832082.1	873	coding_exon_end	exon 1 (CDS1)	7	Ig1	Ig-like	102	166	start	95	between_domains	architecture_supported_with_minor_flags	minor_length_clamped	clamp_to_protein_length_with_minor_flag	coding-exon boundary (context)
anolis_carolinensis	IIIb	IIIb	XM_062976012.1	XP_062832082.1	873	coding_exon_start	exon 2 (CDS2)	7	Ig1	Ig-like	102	166	start	95	between_domains	architecture_supported_with_minor_flags	minor_length_clamped	clamp_to_protein_length_with_minor_flag	coding-exon boundary (context)
anolis_carolinensis	IIIb	IIIb	XM_062976012.1	XP_062832082.1	873	coding_exon_end	exon 2 (CDS2)	94	Ig1	Ig-like	102	166	start	8	near_domain_boundary	architecture_supported_with_minor_flags	minor_length_clamped	clamp_to_protein_length_with_minor_flag	coding-exon boundary (context)
anolis_carolinensis	IIIb	IIIb	XM_062976012.1	XP_062832082.1	873	coding_exon_start	exon 3 (CDS3)	94	Ig1	Ig-like	102	166	start	8	near_domain_boundary	architecture_supported_with_minor_flags	minor_length_clamped	clamp_to_protein_length_with_minor_flag	coding-exon boundary (context)
anolis_carolinensis	IIIb	IIIb	XM_062976012.1	XP_062832082.1	873	coding_exon_end	exon 3 (CDS3)	179	Ig1	Ig-like	102	166	end	13	near_domain_boundary	architecture_supported_with_minor_flags	minor_length_clamped	clamp_to_protein_length_with_minor_flag	coding-exon boundary (context)
anolis_carolinensis	IIIb	IIIb	XM_062976012.1	XP_062832082.1	873	coding_exon_start	exon 4 (CDS4)	179	Ig1	Ig-like	102	166	end	13	near_domain_boundary	architecture_supported_with_minor_flags	minor_length_clamped	clamp_to_protein_length_with_minor_flag	coding-exon boundary (context)
anolis_carolinensis	IIIb	IIIb	XM_062976012.1	XP_062832082.1	873	coding_exon_end	exon 4 (CDS4)	204	Ig2	Ig-like	223	300	start	19	between_domains	architecture_supported_with_minor_flags	minor_length_clamped	clamp_to_protein_length_with_minor_flag	coding-exon boundary (context)
anolis_carolinensis	IIIb	IIIb	XM_062976012.1	XP_062832082.1	873	coding_exon_start	exon 5 (CDS5)	204	Ig2	Ig-like	223	300	start	19	between_domains	architecture_supported_with_minor_flags	minor_length_clamped	clamp_to_protein_length_with_minor_flag	coding-exon boundary (context)
anolis_carolinensis	IIIb	IIIb	XM_062976012.1	XP_062832082.1	873	coding_exon_end	exon 5 (CDS5)	260	Ig2	Ig-like	223	300	start	37	within_domain	architecture_supported_with_minor_flags	minor_length_clamped	clamp_to_protein_length_with_minor_flag	coding-exon boundary (context)
anolis_carolinensis	IIIb	IIIb	XM_062976012.1	XP_062832082.1	873	coding_exon_start	exon 6 (CDS6)	261	Ig2	Ig-like	223	300	start	38	within_domain	architecture_supported_with_minor_flags	minor_length_clamped	clamp_to_protein_length_with_minor_flag	coding-exon boundary (context)
anolis_carolinensis	IIIb	IIIb	XM_062976012.1	XP_062832082.1	873	coding_exon_end	exon 6 (CDS6)	302	Ig2	Ig-like	223	300	end	2	aligned_to_domain_boundary	architecture_supported_with_minor_flags	minor_length_clamped	clamp_to_protein_length_with_minor_flag	coding-exon boundary (context)
anolis_carolinensis	IIIb	IIIb	XM_062976012.1	XP_062832082.1	873	coding_exon_start	exon 7 (CDS7)	302	Ig2	Ig-like	223	300	end	2	aligned_to_domain_boundary	architecture_supported_with_minor_flags	minor_length_clamped	clamp_to_protein_length_with_minor_flag	coding-exon boundary (context)
anolis_carolinensis	IIIb	IIIb	XM_062976012.1	XP_062832082.1	873	coding_exon_end	exon 7 (CDS7)	365	Ig3	Ig-like	315	396	end	31	within_domain	architecture_supported_with_minor_flags	minor_length_clamped	clamp_to_protein_length_with_minor_flag	coding-exon boundary (context)
anolis_carolinensis	IIIb	IIIb	XM_062976012.1	XP_062832082.1	873	coding_exon_start	exon 9 (CDS9)	414	TM	TM	426	448	start	12	near_domain_boundary	architecture_supported_with_minor_flags	minor_length_clamped	clamp_to_protein_length_with_minor_flag	coding-exon boundary (context)
anolis_carolinensis	IIIb	IIIb	XM_062976012.1	XP_062832082.1	873	coding_exon_end	exon 9 (CDS9)	482	kinase	kinase	489	822	start	7	near_domain_boundary	architecture_supported_with_minor_flags	minor_length_clamped	clamp_to_protein_length_with_minor_flag	coding-exon boundary (context)
anolis_carolinensis	IIIb	IIIb	XM_062976012.1	XP_062832082.1	873	coding_exon_start	exon 10 (CDS10)	482	kinase	kinase	489	822	start	7	near_domain_boundary	architecture_supported_with_minor_flags	minor_length_clamped	clamp_to_protein_length_with_minor_flag	coding-exon boundary (context)
anolis_carolinensis	IIIb	IIIb	XM_062976012.1	XP_062832082.1	873	coding_exon_end	exon 10 (CDS10)	532	kinase	kinase	489	822	start	43	within_domain	architecture_supported_with_minor_flags	minor_length_clamped	clamp_to_protein_length_with_minor_flag	coding-exon boundary (context)
anolis_carolinensis	IIIb	IIIb	XM_062976012.1	XP_062832082.1	873	coding_exon_start	exon 11 (CDS11)	532	kinase	kinase	489	822	start	43	within_domain	architecture_supported_with_minor_flags	minor_length_clamped	clamp_to_protein_length_with_minor_flag	coding-exon boundary (context)
anolis_carolinensis	IIIb	IIIb	XM_062976012.1	XP_062832082.1	873	coding_exon_end	exon 11 (CDS11)	573	kinase	kinase	489	822	start	84	within_domain	architecture_supported_with_minor_flags	minor_length_clamped	clamp_to_protein_length_with_minor_flag	coding-exon boundary (context)
anolis_carolinensis	IIIb	IIIb	XM_062976012.1	XP_062832082.1	873	coding_exon_start	exon 12 (CDS12)	573	kinase	kinase	489	822	start	84	within_domain	architecture_supported_with_minor_flags	minor_length_clamped	clamp_to_protein_length_with_minor_flag	coding-exon boundary (context)
anolis_carolinensis	IIIb	IIIb	XM_062976012.1	XP_062832082.1	873	coding_exon_end	exon 12 (CDS12)	610	kinase	kinase	489	822	start	121	within_domain	architecture_supported_with_minor_flags	minor_length_clamped	clamp_to_protein_length_with_minor_flag	coding-exon boundary (context)
anolis_carolinensis	IIIb	IIIb	XM_062976012.1	XP_062832082.1	873	coding_exon_start	exon 13 (CDS13)	610	kinase	kinase	489	822	start	121	within_domain	architecture_supported_with_minor_flags	minor_length_clamped	clamp_to_protein_length_with_minor_flag	coding-exon boundary (context)
anolis_carolinensis	IIIb	IIIb	XM_062976012.1	XP_062832082.1	873	coding_exon_end	exon 13 (CDS13)	673	kinase	kinase	489	822	end	149	within_domain	architecture_supported_with_minor_flags	minor_length_clamped	clamp_to_protein_length_with_minor_flag	coding-exon boundary (context)
anolis_carolinensis	IIIb	IIIb	XM_062976012.1	XP_062832082.1	873	coding_exon_start	exon 14 (CDS14)	674	kinase	kinase	489	822	end	148	within_domain	architecture_supported_with_minor_flags	minor_length_clamped	clamp_to_protein_length_with_minor_flag	coding-exon boundary (context)
anolis_carolinensis	IIIb	IIIb	XM_062976012.1	XP_062832082.1	873	coding_exon_end	exon 14 (CDS14)	714	kinase	kinase	489	822	end	108	within_domain	architecture_supported_with_minor_flags	minor_length_clamped	clamp_to_protein_length_with_minor_flag	coding-exon boundary (context)
anolis_carolinensis	IIIb	IIIb	XM_062976012.1	XP_062832082.1	873	coding_exon_start	exon 15 (CDS15)	715	kinase	kinase	489	822	end	107	within_domain	architecture_supported_with_minor_flags	minor_length_clamped	clamp_to_protein_length_with_minor_flag	coding-exon boundary (context)
anolis_carolinensis	IIIb	IIIb	XM_062976012.1	XP_062832082.1	873	coding_exon_end	exon 15 (CDS15)	738	kinase	kinase	489	822	end	84	within_domain	architecture_supported_with_minor_flags	minor_length_clamped	clamp_to_protein_length_with_minor_flag	coding-exon boundary (context)
anolis_carolinensis	IIIb	IIIb	XM_062976012.1	XP_062832082.1	873	coding_exon_start	exon 16 (CDS16)	738	kinase	kinase	489	822	end	84	within_domain	architecture_supported_with_minor_flags	minor_length_clamped	clamp_to_protein_length_with_minor_flag	coding-exon boundary (context)
anolis_carolinensis	IIIb	IIIb	XM_062976012.1	XP_062832082.1	873	coding_exon_end	exon 16 (CDS16)	784	kinase	kinase	489	822	end	38	within_domain	architecture_supported_with_minor_flags	minor_length_clamped	clamp_to_protein_length_with_minor_flag	coding-exon boundary (context)
anolis_carolinensis	IIIb	IIIb	XM_062976012.1	XP_062832082.1	873	coding_exon_start	exon 17 (CDS17)	784	kinase	kinase	489	822	end	38	within_domain	architecture_supported_with_minor_flags	minor_length_clamped	clamp_to_protein_length_with_minor_flag	coding-exon boundary (context)
anolis_carolinensis	IIIb	IIIb	XM_062976012.1	XP_062832082.1	873	coding_exon_end	exon 17 (CDS17)	819	kinase	kinase	489	822	end	3	aligned_to_domain_boundary	architecture_supported_with_minor_flags	minor_length_clamped	clamp_to_protein_length_with_minor_flag	coding-exon boundary (context)
anolis_carolinensis	IIIb	IIIb	XM_062976012.1	XP_062832082.1	873	coding_exon_start	exon 18 (CDS18)	820	kinase	kinase	489	822	end	2	aligned_to_domain_boundary	architecture_supported_with_minor_flags	minor_length_clamped	clamp_to_protein_length_with_minor_flag	coding-exon boundary (context)
anolis_carolinensis	IIIb	IIIb	XM_062976012.1	XP_062832082.1	873	coding_exon_end	exon 18 (CDS18)	873	kinase	kinase	489	822	end	51	between_domains	architecture_supported_with_minor_flags	minor_length_clamped	clamp_to_protein_length_with_minor_flag	coding-exon boundary (context)
anolis_carolinensis	IIIc	IIIc	XM_062976011.1	XP_062832081.1	873	cassette_start	exon 8 (IIIc cassette)	366	Ig3	Ig-like	315	411	end	45	within_domain	architecture_supported_with_minor_flags	minor_length_clamped	clamp_to_protein_length_with_minor_flag	cassette boundary (primary thesis metric)
anolis_carolinensis	IIIc	IIIc	XM_062976011.1	XP_062832081.1	873	cassette_end	exon 8 (IIIc cassette)	414	Ig3	Ig-like	315	411	end	3	aligned_to_domain_boundary	architecture_supported_with_minor_flags	minor_length_clamped	clamp_to_protein_length_with_minor_flag	cassette boundary (primary thesis metric)
anolis_carolinensis	IIIc	IIIc	XM_062976011.1	XP_062832081.1	873	coding_exon_start	exon 1 (CDS1)	1	Ig1	Ig-like	102	166	start	101	between_domains	architecture_supported_with_minor_flags	minor_length_clamped	clamp_to_protein_length_with_minor_flag	coding-exon boundary (context)
anolis_carolinensis	IIIc	IIIc	XM_062976011.1	XP_062832081.1	873	coding_exon_end	exon 1 (CDS1)	7	Ig1	Ig-like	102	166	start	95	between_domains	architecture_supported_with_minor_flags	minor_length_clamped	clamp_to_protein_length_with_minor_flag	coding-exon boundary (context)
anolis_carolinensis	IIIc	IIIc	XM_062976011.1	XP_062832081.1	873	coding_exon_start	exon 2 (CDS2)	7	Ig1	Ig-like	102	166	start	95	between_domains	architecture_supported_with_minor_flags	minor_length_clamped	clamp_to_protein_length_with_minor_flag	coding-exon boundary (context)
anolis_carolinensis	IIIc	IIIc	XM_062976011.1	XP_062832081.1	873	coding_exon_end	exon 2 (CDS2)	94	Ig1	Ig-like	102	166	start	8	near_domain_boundary	architecture_supported_with_minor_flags	minor_length_clamped	clamp_to_protein_length_with_minor_flag	coding-exon boundary (context)
anolis_carolinensis	IIIc	IIIc	XM_062976011.1	XP_062832081.1	873	coding_exon_start	exon 3 (CDS3)	94	Ig1	Ig-like	102	166	start	8	near_domain_boundary	architecture_supported_with_minor_flags	minor_length_clamped	clamp_to_protein_length_with_minor_flag	coding-exon boundary (context)
anolis_carolinensis	IIIc	IIIc	XM_062976011.1	XP_062832081.1	873	coding_exon_end	exon 3 (CDS3)	179	Ig1	Ig-like	102	166	end	13	near_domain_boundary	architecture_supported_with_minor_flags	minor_length_clamped	clamp_to_protein_length_with_minor_flag	coding-exon boundary (context)
anolis_carolinensis	IIIc	IIIc	XM_062976011.1	XP_062832081.1	873	coding_exon_start	exon 4 (CDS4)	179	Ig1	Ig-like	102	166	end	13	near_domain_boundary	architecture_supported_with_minor_flags	minor_length_clamped	clamp_to_protein_length_with_minor_flag	coding-exon boundary (context)
anolis_carolinensis	IIIc	IIIc	XM_062976011.1	XP_062832081.1	873	coding_exon_end	exon 4 (CDS4)	204	Ig2	Ig-like	223	300	start	19	between_domains	architecture_supported_with_minor_flags	minor_length_clamped	clamp_to_protein_length_with_minor_flag	coding-exon boundary (context)
anolis_carolinensis	IIIc	IIIc	XM_062976011.1	XP_062832081.1	873	coding_exon_start	exon 5 (CDS5)	204	Ig2	Ig-like	223	300	start	19	between_domains	architecture_supported_with_minor_flags	minor_length_clamped	clamp_to_protein_length_with_minor_flag	coding-exon boundary (context)
anolis_carolinensis	IIIc	IIIc	XM_062976011.1	XP_062832081.1	873	coding_exon_end	exon 5 (CDS5)	260	Ig2	Ig-like	223	300	start	37	within_domain	architecture_supported_with_minor_flags	minor_length_clamped	clamp_to_protein_length_with_minor_flag	coding-exon boundary (context)
anolis_carolinensis	IIIc	IIIc	XM_062976011.1	XP_062832081.1	873	coding_exon_start	exon 6 (CDS6)	261	Ig2	Ig-like	223	300	start	38	within_domain	architecture_supported_with_minor_flags	minor_length_clamped	clamp_to_protein_length_with_minor_flag	coding-exon boundary (context)
anolis_carolinensis	IIIc	IIIc	XM_062976011.1	XP_062832081.1	873	coding_exon_end	exon 6 (CDS6)	302	Ig2	Ig-like	223	300	end	2	aligned_to_domain_boundary	architecture_supported_with_minor_flags	minor_length_clamped	clamp_to_protein_length_with_minor_flag	coding-exon boundary (context)
anolis_carolinensis	IIIc	IIIc	XM_062976011.1	XP_062832081.1	873	coding_exon_start	exon 7 (CDS7)	302	Ig2	Ig-like	223	300	end	2	aligned_to_domain_boundary	architecture_supported_with_minor_flags	minor_length_clamped	clamp_to_protein_length_with_minor_flag	coding-exon boundary (context)
anolis_carolinensis	IIIc	IIIc	XM_062976011.1	XP_062832081.1	873	coding_exon_end	exon 7 (CDS7)	365	Ig3	Ig-like	315	411	end	46	within_domain	architecture_supported_with_minor_flags	minor_length_clamped	clamp_to_protein_length_with_minor_flag	coding-exon boundary (context)
anolis_carolinensis	IIIc	IIIc	XM_062976011.1	XP_062832081.1	873	coding_exon_start	exon 9 (CDS9)	414	Ig3	Ig-like	315	411	end	3	aligned_to_domain_boundary	architecture_supported_with_minor_flags	minor_length_clamped	clamp_to_protein_length_with_minor_flag	coding-exon boundary (context)
anolis_carolinensis	IIIc	IIIc	XM_062976011.1	XP_062832081.1	873	coding_exon_end	exon 9 (CDS9)	482	kinase	kinase	489	822	start	7	near_domain_boundary	architecture_supported_with_minor_flags	minor_length_clamped	clamp_to_protein_length_with_minor_flag	coding-exon boundary (context)
anolis_carolinensis	IIIc	IIIc	XM_062976011.1	XP_062832081.1	873	coding_exon_start	exon 10 (CDS10)	482	kinase	kinase	489	822	start	7	near_domain_boundary	architecture_supported_with_minor_flags	minor_length_clamped	clamp_to_protein_length_with_minor_flag	coding-exon boundary (context)
anolis_carolinensis	IIIc	IIIc	XM_062976011.1	XP_062832081.1	873	coding_exon_end	exon 10 (CDS10)	532	kinase	kinase	489	822	start	43	within_domain	architecture_supported_with_minor_flags	minor_length_clamped	clamp_to_protein_length_with_minor_flag	coding-exon boundary (context)
anolis_carolinensis	IIIc	IIIc	XM_062976011.1	XP_062832081.1	873	coding_exon_start	exon 11 (CDS11)	532	kinase	kinase	489	822	start	43	within_domain	architecture_supported_with_minor_flags	minor_length_clamped	clamp_to_protein_length_with_minor_flag	coding-exon boundary (context)
anolis_carolinensis	IIIc	IIIc	XM_062976011.1	XP_062832081.1	873	coding_exon_end	exon 11 (CDS11)	573	kinase	kinase	489	822	start	84	within_domain	architecture_supported_with_minor_flags	minor_length_clamped	clamp_to_protein_length_with_minor_flag	coding-exon boundary (context)
anolis_carolinensis	IIIc	IIIc	XM_062976011.1	XP_062832081.1	873	coding_exon_start	exon 12 (CDS12)	573	kinase	kinase	489	822	start	84	within_domain	architecture_supported_with_minor_flags	minor_length_clamped	clamp_to_protein_length_with_minor_flag	coding-exon boundary (context)
anolis_carolinensis	IIIc	IIIc	XM_062976011.1	XP_062832081.1	873	coding_exon_end	exon 12 (CDS12)	610	kinase	kinase	489	822	start	121	within_domain	architecture_supported_with_minor_flags	minor_length_clamped	clamp_to_protein_length_with_minor_flag	coding-exon boundary (context)
anolis_carolinensis	IIIc	IIIc	XM_062976011.1	XP_062832081.1	873	coding_exon_start	exon 13 (CDS13)	610	kinase	kinase	489	822	start	121	within_domain	architecture_supported_with_minor_flags	minor_length_clamped	clamp_to_protein_length_with_minor_flag	coding-exon boundary (context)
anolis_carolinensis	IIIc	IIIc	XM_062976011.1	XP_062832081.1	873	coding_exon_end	exon 13 (CDS13)	673	kinase	kinase	489	822	end	149	within_domain	architecture_supported_with_minor_flags	minor_length_clamped	clamp_to_protein_length_with_minor_flag	coding-exon boundary (context)
anolis_carolinensis	IIIc	IIIc	XM_062976011.1	XP_062832081.1	873	coding_exon_start	exon 14 (CDS14)	674	kinase	kinase	489	822	end	148	within_domain	architecture_supported_with_minor_flags	minor_length_clamped	clamp_to_protein_length_with_minor_flag	coding-exon boundary (context)
anolis_carolinensis	IIIc	IIIc	XM_062976011.1	XP_062832081.1	873	coding_exon_end	exon 14 (CDS14)	714	kinase	kinase	489	822	end	108	within_domain	architecture_supported_with_minor_flags	minor_length_clamped	clamp_to_protein_length_with_minor_flag	coding-exon boundary (context)
anolis_carolinensis	IIIc	IIIc	XM_062976011.1	XP_062832081.1	873	coding_exon_start	exon 15 (CDS15)	715	kinase	kinase	489	822	end	107	within_domain	architecture_supported_with_minor_flags	minor_length_clamped	clamp_to_protein_length_with_minor_flag	coding-exon boundary (context)
anolis_carolinensis	IIIc	IIIc	XM_062976011.1	XP_062832081.1	873	coding_exon_end	exon 15 (CDS15)	738	kinase	kinase	489	822	end	84	within_domain	architecture_supported_with_minor_flags	minor_length_clamped	clamp_to_protein_length_with_minor_flag	coding-exon boundary (context)
anolis_carolinensis	IIIc	IIIc	XM_062976011.1	XP_062832081.1	873	coding_exon_start	exon 16 (CDS16)	738	kinase	kinase	489	822	end	84	within_domain	architecture_supported_with_minor_flags	minor_length_clamped	clamp_to_protein_length_with_minor_flag	coding-exon boundary (context)
anolis_carolinensis	IIIc	IIIc	XM_062976011.1	XP_062832081.1	873	coding_exon_end	exon 16 (CDS16)	784	kinase	kinase	489	822	end	38	within_domain	architecture_supported_with_minor_flags	minor_length_clamped	clamp_to_protein_length_with_minor_flag	coding-exon boundary (context)
anolis_carolinensis	IIIc	IIIc	XM_062976011.1	XP_062832081.1	873	coding_exon_start	exon 17 (CDS17)	784	kinase	kinase	489	822	end	38	within_domain	architecture_supported_with_minor_flags	minor_length_clamped	clamp_to_protein_length_with_minor_flag	coding-exon boundary (context)
anolis_carolinensis	IIIc	IIIc	XM_062976011.1	XP_062832081.1	873	coding_exon_end	exon 17 (CDS17)	819	kinase	kinase	489	822	end	3	aligned_to_domain_boundary	architecture_supported_with_minor_flags	minor_length_clamped	clamp_to_protein_length_with_minor_flag	coding-exon boundary (context)
anolis_carolinensis	IIIc	IIIc	XM_062976011.1	XP_062832081.1	873	coding_exon_start	exon 18 (CDS18)	820	kinase	kinase	489	822	end	2	aligned_to_domain_boundary	architecture_supported_with_minor_flags	minor_length_clamped	clamp_to_protein_length_with_minor_flag	coding-exon boundary (context)
anolis_carolinensis	IIIc	IIIc	XM_062976011.1	XP_062832081.1	873	coding_exon_end	exon 18 (CDS18)	873	kinase	kinase	489	822	end	51	between_domains	architecture_supported_with_minor_flags	minor_length_clamped	clamp_to_protein_length_with_minor_flag	coding-exon boundary (context)
bos_taurus	IIIb	IIIb	XM_059881740.1	XP_059737723.1	841	cassette_start	exon 7 (IIIb cassette)	333	Ig3	Ig-like	282	376	end	43	within_domain	architecture_supported	figure3C_native	keep	cassette boundary (primary thesis metric)
bos_taurus	IIIb	IIIb	XM_059881740.1	XP_059737723.1	841	cassette_end	exon 7 (IIIb cassette)	381	Ig3	Ig-like	282	376	end	5	near_domain_boundary	architecture_supported	figure3C_native	keep	cassette boundary (primary thesis metric)
bos_taurus	IIIb	IIIb	XM_059881740.1	XP_059737723.1	841	coding_exon_start	exon 1 (CDS1)	1	Ig1	Ig-like	64	128	start	63	between_domains	architecture_supported	figure3C_native	keep	coding-exon boundary (context)
bos_taurus	IIIb	IIIb	XM_059881740.1	XP_059737723.1	841	coding_exon_end	exon 1 (CDS1)	56	Ig1	Ig-like	64	128	start	8	near_domain_boundary	architecture_supported	figure3C_native	keep	coding-exon boundary (context)
bos_taurus	IIIb	IIIb	XM_059881740.1	XP_059737723.1	841	coding_exon_start	exon 2 (CDS2)	56	Ig1	Ig-like	64	128	start	8	near_domain_boundary	architecture_supported	figure3C_native	keep	coding-exon boundary (context)
bos_taurus	IIIb	IIIb	XM_059881740.1	XP_059737723.1	841	coding_exon_end	exon 2 (CDS2)	145	Ig1	Ig-like	64	128	end	17	between_domains	architecture_supported	figure3C_native	keep	coding-exon boundary (context)
bos_taurus	IIIb	IIIb	XM_059881740.1	XP_059737723.1	841	coding_exon_start	exon 3 (CDS3)	145	Ig1	Ig-like	64	128	end	17	between_domains	architecture_supported	figure3C_native	keep	coding-exon boundary (context)
bos_taurus	IIIb	IIIb	XM_059881740.1	XP_059737723.1	841	coding_exon_end	exon 3 (CDS3)	171	Ig2	Ig-like	190	267	start	19	between_domains	architecture_supported	figure3C_native	keep	coding-exon boundary (context)
bos_taurus	IIIb	IIIb	XM_059881740.1	XP_059737723.1	841	coding_exon_start	exon 4 (CDS4)	171	Ig2	Ig-like	190	267	start	19	between_domains	architecture_supported	figure3C_native	keep	coding-exon boundary (context)
bos_taurus	IIIb	IIIb	XM_059881740.1	XP_059737723.1	841	coding_exon_end	exon 4 (CDS4)	227	Ig2	Ig-like	190	267	start	37	within_domain	architecture_supported	figure3C_native	keep	coding-exon boundary (context)
bos_taurus	IIIb	IIIb	XM_059881740.1	XP_059737723.1	841	coding_exon_start	exon 5 (CDS5)	228	Ig2	Ig-like	190	267	start	38	within_domain	architecture_supported	figure3C_native	keep	coding-exon boundary (context)
bos_taurus	IIIb	IIIb	XM_059881740.1	XP_059737723.1	841	coding_exon_end	exon 5 (CDS5)	269	Ig2	Ig-like	190	267	end	2	aligned_to_domain_boundary	architecture_supported	figure3C_native	keep	coding-exon boundary (context)
bos_taurus	IIIb	IIIb	XM_059881740.1	XP_059737723.1	841	coding_exon_start	exon 6 (CDS6)	269	Ig2	Ig-like	190	267	end	2	aligned_to_domain_boundary	architecture_supported	figure3C_native	keep	coding-exon boundary (context)
bos_taurus	IIIb	IIIb	XM_059881740.1	XP_059737723.1	841	coding_exon_end	exon 6 (CDS6)	332	Ig3	Ig-like	282	376	end	44	within_domain	architecture_supported	figure3C_native	keep	coding-exon boundary (context)
bos_taurus	IIIb	IIIb	XM_059881740.1	XP_059737723.1	841	coding_exon_start	exon 8 (CDS8)	381	Ig3	Ig-like	282	376	end	5	near_domain_boundary	architecture_supported	figure3C_native	keep	coding-exon boundary (context)
bos_taurus	IIIb	IIIb	XM_059881740.1	XP_059737723.1	841	coding_exon_end	exon 8 (CDS8)	449	kinase	kinase	457	790	start	8	near_domain_boundary	architecture_supported	figure3C_native	keep	coding-exon boundary (context)
bos_taurus	IIIb	IIIb	XM_059881740.1	XP_059737723.1	841	coding_exon_start	exon 9 (CDS9)	449	kinase	kinase	457	790	start	8	near_domain_boundary	architecture_supported	figure3C_native	keep	coding-exon boundary (context)
bos_taurus	IIIb	IIIb	XM_059881740.1	XP_059737723.1	841	coding_exon_end	exon 9 (CDS9)	499	kinase	kinase	457	790	start	42	within_domain	architecture_supported	figure3C_native	keep	coding-exon boundary (context)
bos_taurus	IIIb	IIIb	XM_059881740.1	XP_059737723.1	841	coding_exon_start	exon 10 (CDS10)	499	kinase	kinase	457	790	start	42	within_domain	architecture_supported	figure3C_native	keep	coding-exon boundary (context)
bos_taurus	IIIb	IIIb	XM_059881740.1	XP_059737723.1	841	coding_exon_end	exon 10 (CDS10)	540	kinase	kinase	457	790	start	83	within_domain	architecture_supported	figure3C_native	keep	coding-exon boundary (context)
bos_taurus	IIIb	IIIb	XM_059881740.1	XP_059737723.1	841	coding_exon_start	exon 11 (CDS11)	540	kinase	kinase	457	790	start	83	within_domain	architecture_supported	figure3C_native	keep	coding-exon boundary (context)
bos_taurus	IIIb	IIIb	XM_059881740.1	XP_059737723.1	841	coding_exon_end	exon 11 (CDS11)	577	kinase	kinase	457	790	start	120	within_domain	architecture_supported	figure3C_native	keep	coding-exon boundary (context)
bos_taurus	IIIb	IIIb	XM_059881740.1	XP_059737723.1	841	coding_exon_start	exon 12 (CDS12)	577	kinase	kinase	457	790	start	120	within_domain	architecture_supported	figure3C_native	keep	coding-exon boundary (context)
bos_taurus	IIIb	IIIb	XM_059881740.1	XP_059737723.1	841	coding_exon_end	exon 12 (CDS12)	640	kinase	kinase	457	790	end	150	within_domain	architecture_supported	figure3C_native	keep	coding-exon boundary (context)
bos_taurus	IIIb	IIIb	XM_059881740.1	XP_059737723.1	841	coding_exon_start	exon 13 (CDS13)	641	kinase	kinase	457	790	end	149	within_domain	architecture_supported	figure3C_native	keep	coding-exon boundary (context)
bos_taurus	IIIb	IIIb	XM_059881740.1	XP_059737723.1	841	coding_exon_end	exon 13 (CDS13)	681	kinase	kinase	457	790	end	109	within_domain	architecture_supported	figure3C_native	keep	coding-exon boundary (context)
bos_taurus	IIIb	IIIb	XM_059881740.1	XP_059737723.1	841	coding_exon_start	exon 14 (CDS14)	682	kinase	kinase	457	790	end	108	within_domain	architecture_supported	figure3C_native	keep	coding-exon boundary (context)
bos_taurus	IIIb	IIIb	XM_059881740.1	XP_059737723.1	841	coding_exon_end	exon 14 (CDS14)	705	kinase	kinase	457	790	end	85	within_domain	architecture_supported	figure3C_native	keep	coding-exon boundary (context)
bos_taurus	IIIb	IIIb	XM_059881740.1	XP_059737723.1	841	coding_exon_start	exon 15 (CDS15)	705	kinase	kinase	457	790	end	85	within_domain	architecture_supported	figure3C_native	keep	coding-exon boundary (context)
bos_taurus	IIIb	IIIb	XM_059881740.1	XP_059737723.1	841	coding_exon_end	exon 15 (CDS15)	751	kinase	kinase	457	790	end	39	within_domain	architecture_supported	figure3C_native	keep	coding-exon boundary (context)
bos_taurus	IIIb	IIIb	XM_059881740.1	XP_059737723.1	841	coding_exon_start	exon 16 (CDS16)	751	kinase	kinase	457	790	end	39	within_domain	architecture_supported	figure3C_native	keep	coding-exon boundary (context)
bos_taurus	IIIb	IIIb	XM_059881740.1	XP_059737723.1	841	coding_exon_end	exon 16 (CDS16)	786	kinase	kinase	457	790	end	4	near_domain_boundary	architecture_supported	figure3C_native	keep	coding-exon boundary (context)
bos_taurus	IIIb	IIIb	XM_059881740.1	XP_059737723.1	841	coding_exon_start	exon 17 (CDS17)	787	kinase	kinase	457	790	end	3	aligned_to_domain_boundary	architecture_supported	figure3C_native	keep	coding-exon boundary (context)
bos_taurus	IIIb	IIIb	XM_059881740.1	XP_059737723.1	841	coding_exon_end	exon 17 (CDS17)	841	kinase	kinase	457	790	end	51	between_domains	architecture_supported	figure3C_native	keep	coding-exon boundary (context)
bos_taurus	IIIc	IIIc	XM_059881741.1	XP_059737724.1	840	cassette_start	exon 7 (IIIc cassette)	333	Ig3	Ig-like	285	365	end	32	within_domain	architecture_supported	minor_length_clamped	clamp_to_protein_length_with_minor_flag	cassette boundary (primary thesis metric)
bos_taurus	IIIc	IIIc	XM_059881741.1	XP_059737724.1	840	cassette_end	exon 7 (IIIc cassette)	382	TM	TM	393	415	start	11	near_domain_boundary	architecture_supported	minor_length_clamped	clamp_to_protein_length_with_minor_flag	cassette boundary (primary thesis metric)
bos_taurus	IIIc	IIIc	XM_059881741.1	XP_059737724.1	840	coding_exon_start	exon 1 (CDS1)	1	Ig1	Ig-like	64	128	start	63	between_domains	architecture_supported	minor_length_clamped	clamp_to_protein_length_with_minor_flag	coding-exon boundary (context)
bos_taurus	IIIc	IIIc	XM_059881741.1	XP_059737724.1	840	coding_exon_end	exon 1 (CDS1)	56	Ig1	Ig-like	64	128	start	8	near_domain_boundary	architecture_supported	minor_length_clamped	clamp_to_protein_length_with_minor_flag	coding-exon boundary (context)
bos_taurus	IIIc	IIIc	XM_059881741.1	XP_059737724.1	840	coding_exon_start	exon 2 (CDS2)	56	Ig1	Ig-like	64	128	start	8	near_domain_boundary	architecture_supported	minor_length_clamped	clamp_to_protein_length_with_minor_flag	coding-exon boundary (context)
bos_taurus	IIIc	IIIc	XM_059881741.1	XP_059737724.1	840	coding_exon_end	exon 2 (CDS2)	145	Ig1	Ig-like	64	128	end	17	between_domains	architecture_supported	minor_length_clamped	clamp_to_protein_length_with_minor_flag	coding-exon boundary (context)
bos_taurus	IIIc	IIIc	XM_059881741.1	XP_059737724.1	840	coding_exon_start	exon 3 (CDS3)	145	Ig1	Ig-like	64	128	end	17	between_domains	architecture_supported	minor_length_clamped	clamp_to_protein_length_with_minor_flag	coding-exon boundary (context)
bos_taurus	IIIc	IIIc	XM_059881741.1	XP_059737724.1	840	coding_exon_end	exon 3 (CDS3)	171	Ig2	Ig-like	190	267	start	19	between_domains	architecture_supported	minor_length_clamped	clamp_to_protein_length_with_minor_flag	coding-exon boundary (context)
bos_taurus	IIIc	IIIc	XM_059881741.1	XP_059737724.1	840	coding_exon_start	exon 4 (CDS4)	171	Ig2	Ig-like	190	267	start	19	between_domains	architecture_supported	minor_length_clamped	clamp_to_protein_length_with_minor_flag	coding-exon boundary (context)
bos_taurus	IIIc	IIIc	XM_059881741.1	XP_059737724.1	840	coding_exon_end	exon 4 (CDS4)	227	Ig2	Ig-like	190	267	start	37	within_domain	architecture_supported	minor_length_clamped	clamp_to_protein_length_with_minor_flag	coding-exon boundary (context)
bos_taurus	IIIc	IIIc	XM_059881741.1	XP_059737724.1	840	coding_exon_start	exon 5 (CDS5)	228	Ig2	Ig-like	190	267	start	38	within_domain	architecture_supported	minor_length_clamped	clamp_to_protein_length_with_minor_flag	coding-exon boundary (context)
bos_taurus	IIIc	IIIc	XM_059881741.1	XP_059737724.1	840	coding_exon_end	exon 5 (CDS5)	269	Ig2	Ig-like	190	267	end	2	aligned_to_domain_boundary	architecture_supported	minor_length_clamped	clamp_to_protein_length_with_minor_flag	coding-exon boundary (context)
bos_taurus	IIIc	IIIc	XM_059881741.1	XP_059737724.1	840	coding_exon_start	exon 6 (CDS6)	269	Ig2	Ig-like	190	267	end	2	aligned_to_domain_boundary	architecture_supported	minor_length_clamped	clamp_to_protein_length_with_minor_flag	coding-exon boundary (context)
bos_taurus	IIIc	IIIc	XM_059881741.1	XP_059737724.1	840	coding_exon_end	exon 6 (CDS6)	332	Ig3	Ig-like	285	365	end	33	within_domain	architecture_supported	minor_length_clamped	clamp_to_protein_length_with_minor_flag	coding-exon boundary (context)
bos_taurus	IIIc	IIIc	XM_059881741.1	XP_059737724.1	840	coding_exon_start	exon 8 (CDS8)	382	TM	TM	393	415	start	11	near_domain_boundary	architecture_supported	minor_length_clamped	clamp_to_protein_length_with_minor_flag	coding-exon boundary (context)
bos_taurus	IIIc	IIIc	XM_059881741.1	XP_059737724.1	840	coding_exon_end	exon 8 (CDS8)	450	kinase	kinase	456	789	start	6	near_domain_boundary	architecture_supported	minor_length_clamped	clamp_to_protein_length_with_minor_flag	coding-exon boundary (context)
bos_taurus	IIIc	IIIc	XM_059881741.1	XP_059737724.1	840	coding_exon_start	exon 9 (CDS9)	450	kinase	kinase	456	789	start	6	near_domain_boundary	architecture_supported	minor_length_clamped	clamp_to_protein_length_with_minor_flag	coding-exon boundary (context)
bos_taurus	IIIc	IIIc	XM_059881741.1	XP_059737724.1	840	coding_exon_end	exon 9 (CDS9)	500	kinase	kinase	456	789	start	44	within_domain	architecture_supported	minor_length_clamped	clamp_to_protein_length_with_minor_flag	coding-exon boundary (context)
bos_taurus	IIIc	IIIc	XM_059881741.1	XP_059737724.1	840	coding_exon_start	exon 10 (CDS10)	500	kinase	kinase	456	789	start	44	within_domain	architecture_supported	minor_length_clamped	clamp_to_protein_length_with_minor_flag	coding-exon boundary (context)
bos_taurus	IIIc	IIIc	XM_059881741.1	XP_059737724.1	840	coding_exon_end	exon 10 (CDS10)	541	kinase	kinase	456	789	start	85	within_domain	architecture_supported	minor_length_clamped	clamp_to_protein_length_with_minor_flag	coding-exon boundary (context)
bos_taurus	IIIc	IIIc	XM_059881741.1	XP_059737724.1	840	coding_exon_start	exon 11 (CDS11)	541	kinase	kinase	456	789	start	85	within_domain	architecture_supported	minor_length_clamped	clamp_to_protein_length_with_minor_flag	coding-exon boundary (context)
bos_taurus	IIIc	IIIc	XM_059881741.1	XP_059737724.1	840	coding_exon_end	exon 11 (CDS11)	578	kinase	kinase	456	789	start	122	within_domain	architecture_supported	minor_length_clamped	clamp_to_protein_length_with_minor_flag	coding-exon boundary (context)
bos_taurus	IIIc	IIIc	XM_059881741.1	XP_059737724.1	840	coding_exon_start	exon 12 (CDS12)	578	kinase	kinase	456	789	start	122	within_domain	architecture_supported	minor_length_clamped	clamp_to_protein_length_with_minor_flag	coding-exon boundary (context)
bos_taurus	IIIc	IIIc	XM_059881741.1	XP_059737724.1	840	coding_exon_end	exon 12 (CDS12)	641	kinase	kinase	456	789	end	148	within_domain	architecture_supported	minor_length_clamped	clamp_to_protein_length_with_minor_flag	coding-exon boundary (context)
bos_taurus	IIIc	IIIc	XM_059881741.1	XP_059737724.1	840	coding_exon_start	exon 13 (CDS13)	642	kinase	kinase	456	789	end	147	within_domain	architecture_supported	minor_length_clamped	clamp_to_protein_length_with_minor_flag	coding-exon boundary (context)
bos_taurus	IIIc	IIIc	XM_059881741.1	XP_059737724.1	840	coding_exon_end	exon 13 (CDS13)	682	kinase	kinase	456	789	end	107	within_domain	architecture_supported	minor_length_clamped	clamp_to_protein_length_with_minor_flag	coding-exon boundary (context)
bos_taurus	IIIc	IIIc	XM_059881741.1	XP_059737724.1	840	coding_exon_start	exon 14 (CDS14)	683	kinase	kinase	456	789	end	106	within_domain	architecture_supported	minor_length_clamped	clamp_to_protein_length_with_minor_flag	coding-exon boundary (context)
bos_taurus	IIIc	IIIc	XM_059881741.1	XP_059737724.1	840	coding_exon_end	exon 14 (CDS14)	706	kinase	kinase	456	789	end	83	within_domain	architecture_supported	minor_length_clamped	clamp_to_protein_length_with_minor_flag	coding-exon boundary (context)
bos_taurus	IIIc	IIIc	XM_059881741.1	XP_059737724.1	840	coding_exon_start	exon 15 (CDS15)	706	kinase	kinase	456	789	end	83	within_domain	architecture_supported	minor_length_clamped	clamp_to_protein_length_with_minor_flag	coding-exon boundary (context)
bos_taurus	IIIc	IIIc	XM_059881741.1	XP_059737724.1	840	coding_exon_end	exon 15 (CDS15)	752	kinase	kinase	456	789	end	37	within_domain	architecture_supported	minor_length_clamped	clamp_to_protein_length_with_minor_flag	coding-exon boundary (context)
bos_taurus	IIIc	IIIc	XM_059881741.1	XP_059737724.1	840	coding_exon_start	exon 16 (CDS16)	752	kinase	kinase	456	789	end	37	within_domain	architecture_supported	minor_length_clamped	clamp_to_protein_length_with_minor_flag	coding-exon boundary (context)
bos_taurus	IIIc	IIIc	XM_059881741.1	XP_059737724.1	840	coding_exon_end	exon 16 (CDS16)	787	kinase	kinase	456	789	end	2	aligned_to_domain_boundary	architecture_supported	minor_length_clamped	clamp_to_protein_length_with_minor_flag	coding-exon boundary (context)
bos_taurus	IIIc	IIIc	XM_059881741.1	XP_059737724.1	840	coding_exon_start	exon 17 (CDS17)	788	kinase	kinase	456	789	end	1	aligned_to_domain_boundary	architecture_supported	minor_length_clamped	clamp_to_protein_length_with_minor_flag	coding-exon boundary (context)
bos_taurus	IIIc	IIIc	XM_059881741.1	XP_059737724.1	840	coding_exon_end	exon 17 (CDS17)	840	kinase	kinase	456	789	end	51	between_domains	architecture_supported	minor_length_clamped	clamp_to_protein_length_with_minor_flag	coding-exon boundary (context)
callithrix_jacchus	IIIb	IIIb	XM_078346634.1	XP_078202760.1	841	cassette_start	exon 7 (IIIb cassette)	333	Ig3	Ig-like	282	376	end	43	within_domain	architecture_supported	figure3C_native	keep	cassette boundary (primary thesis metric)
callithrix_jacchus	IIIb	IIIb	XM_078346634.1	XP_078202760.1	841	cassette_end	exon 7 (IIIb cassette)	381	Ig3	Ig-like	282	376	end	5	near_domain_boundary	architecture_supported	figure3C_native	keep	cassette boundary (primary thesis metric)
callithrix_jacchus	IIIb	IIIb	XM_078346634.1	XP_078202760.1	841	coding_exon_start	exon 1 (CDS1)	1	Ig1	Ig-like	64	129	start	63	between_domains	architecture_supported	figure3C_native	keep	coding-exon boundary (context)
callithrix_jacchus	IIIb	IIIb	XM_078346634.1	XP_078202760.1	841	coding_exon_end	exon 1 (CDS1)	56	Ig1	Ig-like	64	129	start	8	near_domain_boundary	architecture_supported	figure3C_native	keep	coding-exon boundary (context)
callithrix_jacchus	IIIb	IIIb	XM_078346634.1	XP_078202760.1	841	coding_exon_start	exon 2 (CDS2)	56	Ig1	Ig-like	64	129	start	8	near_domain_boundary	architecture_supported	figure3C_native	keep	coding-exon boundary (context)
callithrix_jacchus	IIIb	IIIb	XM_078346634.1	XP_078202760.1	841	coding_exon_end	exon 2 (CDS2)	145	Ig1	Ig-like	64	129	end	16	between_domains	architecture_supported	figure3C_native	keep	coding-exon boundary (context)
callithrix_jacchus	IIIb	IIIb	XM_078346634.1	XP_078202760.1	841	coding_exon_start	exon 3 (CDS3)	145	Ig1	Ig-like	64	129	end	16	between_domains	architecture_supported	figure3C_native	keep	coding-exon boundary (context)
callithrix_jacchus	IIIb	IIIb	XM_078346634.1	XP_078202760.1	841	coding_exon_end	exon 3 (CDS3)	171	Ig2	Ig-like	190	267	start	19	between_domains	architecture_supported	figure3C_native	keep	coding-exon boundary (context)
callithrix_jacchus	IIIb	IIIb	XM_078346634.1	XP_078202760.1	841	coding_exon_start	exon 4 (CDS4)	171	Ig2	Ig-like	190	267	start	19	between_domains	architecture_supported	figure3C_native	keep	coding-exon boundary (context)
callithrix_jacchus	IIIb	IIIb	XM_078346634.1	XP_078202760.1	841	coding_exon_end	exon 4 (CDS4)	227	Ig2	Ig-like	190	267	start	37	within_domain	architecture_supported	figure3C_native	keep	coding-exon boundary (context)
callithrix_jacchus	IIIb	IIIb	XM_078346634.1	XP_078202760.1	841	coding_exon_start	exon 5 (CDS5)	228	Ig2	Ig-like	190	267	start	38	within_domain	architecture_supported	figure3C_native	keep	coding-exon boundary (context)
callithrix_jacchus	IIIb	IIIb	XM_078346634.1	XP_078202760.1	841	coding_exon_end	exon 5 (CDS5)	269	Ig2	Ig-like	190	267	end	2	aligned_to_domain_boundary	architecture_supported	figure3C_native	keep	coding-exon boundary (context)
callithrix_jacchus	IIIb	IIIb	XM_078346634.1	XP_078202760.1	841	coding_exon_start	exon 6 (CDS6)	269	Ig2	Ig-like	190	267	end	2	aligned_to_domain_boundary	architecture_supported	figure3C_native	keep	coding-exon boundary (context)
callithrix_jacchus	IIIb	IIIb	XM_078346634.1	XP_078202760.1	841	coding_exon_end	exon 6 (CDS6)	332	Ig3	Ig-like	282	376	end	44	within_domain	architecture_supported	figure3C_native	keep	coding-exon boundary (context)
callithrix_jacchus	IIIb	IIIb	XM_078346634.1	XP_078202760.1	841	coding_exon_start	exon 8 (CDS8)	381	Ig3	Ig-like	282	376	end	5	near_domain_boundary	architecture_supported	figure3C_native	keep	coding-exon boundary (context)
callithrix_jacchus	IIIb	IIIb	XM_078346634.1	XP_078202760.1	841	coding_exon_end	exon 8 (CDS8)	449	kinase	kinase	457	790	start	8	near_domain_boundary	architecture_supported	figure3C_native	keep	coding-exon boundary (context)
callithrix_jacchus	IIIb	IIIb	XM_078346634.1	XP_078202760.1	841	coding_exon_start	exon 9 (CDS9)	449	kinase	kinase	457	790	start	8	near_domain_boundary	architecture_supported	figure3C_native	keep	coding-exon boundary (context)
callithrix_jacchus	IIIb	IIIb	XM_078346634.1	XP_078202760.1	841	coding_exon_end	exon 9 (CDS9)	499	kinase	kinase	457	790	start	42	within_domain	architecture_supported	figure3C_native	keep	coding-exon boundary (context)
callithrix_jacchus	IIIb	IIIb	XM_078346634.1	XP_078202760.1	841	coding_exon_start	exon 10 (CDS10)	499	kinase	kinase	457	790	start	42	within_domain	architecture_supported	figure3C_native	keep	coding-exon boundary (context)
callithrix_jacchus	IIIb	IIIb	XM_078346634.1	XP_078202760.1	841	coding_exon_end	exon 10 (CDS10)	540	kinase	kinase	457	790	start	83	within_domain	architecture_supported	figure3C_native	keep	coding-exon boundary (context)
callithrix_jacchus	IIIb	IIIb	XM_078346634.1	XP_078202760.1	841	coding_exon_start	exon 11 (CDS11)	540	kinase	kinase	457	790	start	83	within_domain	architecture_supported	figure3C_native	keep	coding-exon boundary (context)
callithrix_jacchus	IIIb	IIIb	XM_078346634.1	XP_078202760.1	841	coding_exon_end	exon 11 (CDS11)	577	kinase	kinase	457	790	start	120	within_domain	architecture_supported	figure3C_native	keep	coding-exon boundary (context)
callithrix_jacchus	IIIb	IIIb	XM_078346634.1	XP_078202760.1	841	coding_exon_start	exon 12 (CDS12)	577	kinase	kinase	457	790	start	120	within_domain	architecture_supported	figure3C_native	keep	coding-exon boundary (context)
callithrix_jacchus	IIIb	IIIb	XM_078346634.1	XP_078202760.1	841	coding_exon_end	exon 12 (CDS12)	640	kinase	kinase	457	790	end	150	within_domain	architecture_supported	figure3C_native	keep	coding-exon boundary (context)
callithrix_jacchus	IIIb	IIIb	XM_078346634.1	XP_078202760.1	841	coding_exon_start	exon 13 (CDS13)	641	kinase	kinase	457	790	end	149	within_domain	architecture_supported	figure3C_native	keep	coding-exon boundary (context)
callithrix_jacchus	IIIb	IIIb	XM_078346634.1	XP_078202760.1	841	coding_exon_end	exon 13 (CDS13)	681	kinase	kinase	457	790	end	109	within_domain	architecture_supported	figure3C_native	keep	coding-exon boundary (context)
callithrix_jacchus	IIIb	IIIb	XM_078346634.1	XP_078202760.1	841	coding_exon_start	exon 14 (CDS14)	682	kinase	kinase	457	790	end	108	within_domain	architecture_supported	figure3C_native	keep	coding-exon boundary (context)
callithrix_jacchus	IIIb	IIIb	XM_078346634.1	XP_078202760.1	841	coding_exon_end	exon 14 (CDS14)	705	kinase	kinase	457	790	end	85	within_domain	architecture_supported	figure3C_native	keep	coding-exon boundary (context)
callithrix_jacchus	IIIb	IIIb	XM_078346634.1	XP_078202760.1	841	coding_exon_start	exon 15 (CDS15)	705	kinase	kinase	457	790	end	85	within_domain	architecture_supported	figure3C_native	keep	coding-exon boundary (context)
callithrix_jacchus	IIIb	IIIb	XM_078346634.1	XP_078202760.1	841	coding_exon_end	exon 15 (CDS15)	751	kinase	kinase	457	790	end	39	within_domain	architecture_supported	figure3C_native	keep	coding-exon boundary (context)
callithrix_jacchus	IIIb	IIIb	XM_078346634.1	XP_078202760.1	841	coding_exon_start	exon 16 (CDS16)	751	kinase	kinase	457	790	end	39	within_domain	architecture_supported	figure3C_native	keep	coding-exon boundary (context)
callithrix_jacchus	IIIb	IIIb	XM_078346634.1	XP_078202760.1	841	coding_exon_end	exon 16 (CDS16)	786	kinase	kinase	457	790	end	4	near_domain_boundary	architecture_supported	figure3C_native	keep	coding-exon boundary (context)
callithrix_jacchus	IIIb	IIIb	XM_078346634.1	XP_078202760.1	841	coding_exon_start	exon 17 (CDS17)	787	kinase	kinase	457	790	end	3	aligned_to_domain_boundary	architecture_supported	figure3C_native	keep	coding-exon boundary (context)
callithrix_jacchus	IIIb	IIIb	XM_078346634.1	XP_078202760.1	841	coding_exon_end	exon 17 (CDS17)	841	kinase	kinase	457	790	end	51	between_domains	architecture_supported	figure3C_native	keep	coding-exon boundary (context)
callithrix_jacchus	IIIc	IIIc	XM_078346639.1	XP_078202765.1	840	cassette_start	exon 7 (IIIc cassette)	333	Ig3	Ig-like	285	365	end	32	within_domain	architecture_supported	minor_length_clamped	clamp_to_protein_length_with_minor_flag	cassette boundary (primary thesis metric)
callithrix_jacchus	IIIc	IIIc	XM_078346639.1	XP_078202765.1	840	cassette_end	exon 7 (IIIc cassette)	382	TM	TM	393	415	start	11	near_domain_boundary	architecture_supported	minor_length_clamped	clamp_to_protein_length_with_minor_flag	cassette boundary (primary thesis metric)
callithrix_jacchus	IIIc	IIIc	XM_078346639.1	XP_078202765.1	840	coding_exon_start	exon 1 (CDS1)	1	Ig1	Ig-like	64	129	start	63	between_domains	architecture_supported	minor_length_clamped	clamp_to_protein_length_with_minor_flag	coding-exon boundary (context)
callithrix_jacchus	IIIc	IIIc	XM_078346639.1	XP_078202765.1	840	coding_exon_end	exon 1 (CDS1)	56	Ig1	Ig-like	64	129	start	8	near_domain_boundary	architecture_supported	minor_length_clamped	clamp_to_protein_length_with_minor_flag	coding-exon boundary (context)
callithrix_jacchus	IIIc	IIIc	XM_078346639.1	XP_078202765.1	840	coding_exon_start	exon 2 (CDS2)	56	Ig1	Ig-like	64	129	start	8	near_domain_boundary	architecture_supported	minor_length_clamped	clamp_to_protein_length_with_minor_flag	coding-exon boundary (context)
callithrix_jacchus	IIIc	IIIc	XM_078346639.1	XP_078202765.1	840	coding_exon_end	exon 2 (CDS2)	145	Ig1	Ig-like	64	129	end	16	between_domains	architecture_supported	minor_length_clamped	clamp_to_protein_length_with_minor_flag	coding-exon boundary (context)
callithrix_jacchus	IIIc	IIIc	XM_078346639.1	XP_078202765.1	840	coding_exon_start	exon 3 (CDS3)	145	Ig1	Ig-like	64	129	end	16	between_domains	architecture_supported	minor_length_clamped	clamp_to_protein_length_with_minor_flag	coding-exon boundary (context)
callithrix_jacchus	IIIc	IIIc	XM_078346639.1	XP_078202765.1	840	coding_exon_end	exon 3 (CDS3)	171	Ig2	Ig-like	190	267	start	19	between_domains	architecture_supported	minor_length_clamped	clamp_to_protein_length_with_minor_flag	coding-exon boundary (context)
callithrix_jacchus	IIIc	IIIc	XM_078346639.1	XP_078202765.1	840	coding_exon_start	exon 4 (CDS4)	171	Ig2	Ig-like	190	267	start	19	between_domains	architecture_supported	minor_length_clamped	clamp_to_protein_length_with_minor_flag	coding-exon boundary (context)
callithrix_jacchus	IIIc	IIIc	XM_078346639.1	XP_078202765.1	840	coding_exon_end	exon 4 (CDS4)	227	Ig2	Ig-like	190	267	start	37	within_domain	architecture_supported	minor_length_clamped	clamp_to_protein_length_with_minor_flag	coding-exon boundary (context)
callithrix_jacchus	IIIc	IIIc	XM_078346639.1	XP_078202765.1	840	coding_exon_start	exon 5 (CDS5)	228	Ig2	Ig-like	190	267	start	38	within_domain	architecture_supported	minor_length_clamped	clamp_to_protein_length_with_minor_flag	coding-exon boundary (context)
callithrix_jacchus	IIIc	IIIc	XM_078346639.1	XP_078202765.1	840	coding_exon_end	exon 5 (CDS5)	269	Ig2	Ig-like	190	267	end	2	aligned_to_domain_boundary	architecture_supported	minor_length_clamped	clamp_to_protein_length_with_minor_flag	coding-exon boundary (context)
callithrix_jacchus	IIIc	IIIc	XM_078346639.1	XP_078202765.1	840	coding_exon_start	exon 6 (CDS6)	269	Ig2	Ig-like	190	267	end	2	aligned_to_domain_boundary	architecture_supported	minor_length_clamped	clamp_to_protein_length_with_minor_flag	coding-exon boundary (context)
callithrix_jacchus	IIIc	IIIc	XM_078346639.1	XP_078202765.1	840	coding_exon_end	exon 6 (CDS6)	332	Ig3	Ig-like	285	365	end	33	within_domain	architecture_supported	minor_length_clamped	clamp_to_protein_length_with_minor_flag	coding-exon boundary (context)
callithrix_jacchus	IIIc	IIIc	XM_078346639.1	XP_078202765.1	840	coding_exon_start	exon 8 (CDS8)	382	TM	TM	393	415	start	11	near_domain_boundary	architecture_supported	minor_length_clamped	clamp_to_protein_length_with_minor_flag	coding-exon boundary (context)
callithrix_jacchus	IIIc	IIIc	XM_078346639.1	XP_078202765.1	840	coding_exon_end	exon 8 (CDS8)	450	kinase	kinase	456	789	start	6	near_domain_boundary	architecture_supported	minor_length_clamped	clamp_to_protein_length_with_minor_flag	coding-exon boundary (context)
callithrix_jacchus	IIIc	IIIc	XM_078346639.1	XP_078202765.1	840	coding_exon_start	exon 9 (CDS9)	450	kinase	kinase	456	789	start	6	near_domain_boundary	architecture_supported	minor_length_clamped	clamp_to_protein_length_with_minor_flag	coding-exon boundary (context)
callithrix_jacchus	IIIc	IIIc	XM_078346639.1	XP_078202765.1	840	coding_exon_end	exon 9 (CDS9)	500	kinase	kinase	456	789	start	44	within_domain	architecture_supported	minor_length_clamped	clamp_to_protein_length_with_minor_flag	coding-exon boundary (context)
callithrix_jacchus	IIIc	IIIc	XM_078346639.1	XP_078202765.1	840	coding_exon_start	exon 10 (CDS10)	500	kinase	kinase	456	789	start	44	within_domain	architecture_supported	minor_length_clamped	clamp_to_protein_length_with_minor_flag	coding-exon boundary (context)
callithrix_jacchus	IIIc	IIIc	XM_078346639.1	XP_078202765.1	840	coding_exon_end	exon 10 (CDS10)	541	kinase	kinase	456	789	start	85	within_domain	architecture_supported	minor_length_clamped	clamp_to_protein_length_with_minor_flag	coding-exon boundary (context)
callithrix_jacchus	IIIc	IIIc	XM_078346639.1	XP_078202765.1	840	coding_exon_start	exon 11 (CDS11)	541	kinase	kinase	456	789	start	85	within_domain	architecture_supported	minor_length_clamped	clamp_to_protein_length_with_minor_flag	coding-exon boundary (context)
callithrix_jacchus	IIIc	IIIc	XM_078346639.1	XP_078202765.1	840	coding_exon_end	exon 11 (CDS11)	578	kinase	kinase	456	789	start	122	within_domain	architecture_supported	minor_length_clamped	clamp_to_protein_length_with_minor_flag	coding-exon boundary (context)
callithrix_jacchus	IIIc	IIIc	XM_078346639.1	XP_078202765.1	840	coding_exon_start	exon 12 (CDS12)	578	kinase	kinase	456	789	start	122	within_domain	architecture_supported	minor_length_clamped	clamp_to_protein_length_with_minor_flag	coding-exon boundary (context)
callithrix_jacchus	IIIc	IIIc	XM_078346639.1	XP_078202765.1	840	coding_exon_end	exon 12 (CDS12)	641	kinase	kinase	456	789	end	148	within_domain	architecture_supported	minor_length_clamped	clamp_to_protein_length_with_minor_flag	coding-exon boundary (context)
callithrix_jacchus	IIIc	IIIc	XM_078346639.1	XP_078202765.1	840	coding_exon_start	exon 13 (CDS13)	642	kinase	kinase	456	789	end	147	within_domain	architecture_supported	minor_length_clamped	clamp_to_protein_length_with_minor_flag	coding-exon boundary (context)
callithrix_jacchus	IIIc	IIIc	XM_078346639.1	XP_078202765.1	840	coding_exon_end	exon 13 (CDS13)	682	kinase	kinase	456	789	end	107	within_domain	architecture_supported	minor_length_clamped	clamp_to_protein_length_with_minor_flag	coding-exon boundary (context)
callithrix_jacchus	IIIc	IIIc	XM_078346639.1	XP_078202765.1	840	coding_exon_start	exon 14 (CDS14)	683	kinase	kinase	456	789	end	106	within_domain	architecture_supported	minor_length_clamped	clamp_to_protein_length_with_minor_flag	coding-exon boundary (context)
callithrix_jacchus	IIIc	IIIc	XM_078346639.1	XP_078202765.1	840	coding_exon_end	exon 14 (CDS14)	706	kinase	kinase	456	789	end	83	within_domain	architecture_supported	minor_length_clamped	clamp_to_protein_length_with_minor_flag	coding-exon boundary (context)
callithrix_jacchus	IIIc	IIIc	XM_078346639.1	XP_078202765.1	840	coding_exon_start	exon 15 (CDS15)	706	kinase	kinase	456	789	end	83	within_domain	architecture_supported	minor_length_clamped	clamp_to_protein_length_with_minor_flag	coding-exon boundary (context)
callithrix_jacchus	IIIc	IIIc	XM_078346639.1	XP_078202765.1	840	coding_exon_end	exon 15 (CDS15)	752	kinase	kinase	456	789	end	37	within_domain	architecture_supported	minor_length_clamped	clamp_to_protein_length_with_minor_flag	coding-exon boundary (context)
callithrix_jacchus	IIIc	IIIc	XM_078346639.1	XP_078202765.1	840	coding_exon_start	exon 16 (CDS16)	752	kinase	kinase	456	789	end	37	within_domain	architecture_supported	minor_length_clamped	clamp_to_protein_length_with_minor_flag	coding-exon boundary (context)
callithrix_jacchus	IIIc	IIIc	XM_078346639.1	XP_078202765.1	840	coding_exon_end	exon 16 (CDS16)	787	kinase	kinase	456	789	end	2	aligned_to_domain_boundary	architecture_supported	minor_length_clamped	clamp_to_protein_length_with_minor_flag	coding-exon boundary (context)
callithrix_jacchus	IIIc	IIIc	XM_078346639.1	XP_078202765.1	840	coding_exon_start	exon 17 (CDS17)	788	kinase	kinase	456	789	end	1	aligned_to_domain_boundary	architecture_supported	minor_length_clamped	clamp_to_protein_length_with_minor_flag	coding-exon boundary (context)
callithrix_jacchus	IIIc	IIIc	XM_078346639.1	XP_078202765.1	840	coding_exon_end	exon 17 (CDS17)	840	kinase	kinase	456	789	end	51	between_domains	architecture_supported	minor_length_clamped	clamp_to_protein_length_with_minor_flag	coding-exon boundary (context)
canis_lupus_familiaris	IIIb	IIIb	NP_001003336.1	NP_001003336.1	707	cassette_start	IIIb cassette (validated reference)	199	Ig2	Ig-like	150	242	end	43	within_domain	architecture_supported_with_minor_flags	cassette_only_high_confidence	cassette_only_high_confidence	cassette boundary (primary thesis metric)
canis_lupus_familiaris	IIIb	IIIb	NP_001003336.1	NP_001003336.1	707	cassette_end	IIIb cassette (validated reference)	244	Ig2	Ig-like	150	242	end	2	aligned_to_domain_boundary	architecture_supported_with_minor_flags	cassette_only_high_confidence	cassette_only_high_confidence	cassette boundary (primary thesis metric)
chrysemys_picta_bellii	IIIb	IIIb	XM_024109913.3	XP_023965681.1	838	cassette_start	exon 7 (CDS7)	333	Ig3	Ig-like	282	376	end	43	within_domain	architecture_supported	native_exon_blocks_reconstructed	reconstruct_from_native_cds	cassette boundary (primary thesis metric)
chrysemys_picta_bellii	IIIb	IIIb	XM_024109913.3	XP_023965681.1	838	cassette_end	exon 7 (CDS7)	379	Ig3	Ig-like	282	376	end	3	aligned_to_domain_boundary	architecture_supported	native_exon_blocks_reconstructed	reconstruct_from_native_cds	cassette boundary (primary thesis metric)
chrysemys_picta_bellii	IIIb	IIIb	XM_024109913.3	XP_023965681.1	838	coding_exon_start	exon 1 (CDS1)	1	Ig1	Ig-like	67	129	start	66	between_domains	architecture_supported	native_exon_blocks_reconstructed	reconstruct_from_native_cds	coding-exon boundary (context)
chrysemys_picta_bellii	IIIb	IIIb	XM_024109913.3	XP_023965681.1	838	coding_exon_end	exon 1 (CDS1)	59	Ig1	Ig-like	67	129	start	8	near_domain_boundary	architecture_supported	native_exon_blocks_reconstructed	reconstruct_from_native_cds	coding-exon boundary (context)
chrysemys_picta_bellii	IIIb	IIIb	XM_024109913.3	XP_023965681.1	838	coding_exon_start	exon 2 (CDS2)	59	Ig1	Ig-like	67	129	start	8	near_domain_boundary	architecture_supported	native_exon_blocks_reconstructed	reconstruct_from_native_cds	coding-exon boundary (context)
chrysemys_picta_bellii	IIIb	IIIb	XM_024109913.3	XP_023965681.1	838	coding_exon_end	exon 2 (CDS2)	146	Ig1	Ig-like	67	129	end	17	between_domains	architecture_supported	native_exon_blocks_reconstructed	reconstruct_from_native_cds	coding-exon boundary (context)
chrysemys_picta_bellii	IIIb	IIIb	XM_024109913.3	XP_023965681.1	838	coding_exon_start	exon 3 (CDS3)	146	Ig1	Ig-like	67	129	end	17	between_domains	architecture_supported	native_exon_blocks_reconstructed	reconstruct_from_native_cds	coding-exon boundary (context)
chrysemys_picta_bellii	IIIb	IIIb	XM_024109913.3	XP_023965681.1	838	coding_exon_end	exon 3 (CDS3)	171	Ig2	Ig-like	190	267	start	19	between_domains	architecture_supported	native_exon_blocks_reconstructed	reconstruct_from_native_cds	coding-exon boundary (context)
chrysemys_picta_bellii	IIIb	IIIb	XM_024109913.3	XP_023965681.1	838	coding_exon_start	exon 4 (CDS4)	171	Ig2	Ig-like	190	267	start	19	between_domains	architecture_supported	native_exon_blocks_reconstructed	reconstruct_from_native_cds	coding-exon boundary (context)
chrysemys_picta_bellii	IIIb	IIIb	XM_024109913.3	XP_023965681.1	838	coding_exon_end	exon 4 (CDS4)	227	Ig2	Ig-like	190	267	start	37	within_domain	architecture_supported	native_exon_blocks_reconstructed	reconstruct_from_native_cds	coding-exon boundary (context)
chrysemys_picta_bellii	IIIb	IIIb	XM_024109913.3	XP_023965681.1	838	coding_exon_start	exon 5 (CDS5)	228	Ig2	Ig-like	190	267	start	38	within_domain	architecture_supported	native_exon_blocks_reconstructed	reconstruct_from_native_cds	coding-exon boundary (context)
chrysemys_picta_bellii	IIIb	IIIb	XM_024109913.3	XP_023965681.1	838	coding_exon_end	exon 5 (CDS5)	269	Ig2	Ig-like	190	267	end	2	aligned_to_domain_boundary	architecture_supported	native_exon_blocks_reconstructed	reconstruct_from_native_cds	coding-exon boundary (context)
chrysemys_picta_bellii	IIIb	IIIb	XM_024109913.3	XP_023965681.1	838	coding_exon_start	exon 6 (CDS6)	269	Ig2	Ig-like	190	267	end	2	aligned_to_domain_boundary	architecture_supported	native_exon_blocks_reconstructed	reconstruct_from_native_cds	coding-exon boundary (context)
chrysemys_picta_bellii	IIIb	IIIb	XM_024109913.3	XP_023965681.1	838	coding_exon_end	exon 6 (CDS6)	332	Ig3	Ig-like	282	376	end	44	within_domain	architecture_supported	native_exon_blocks_reconstructed	reconstruct_from_native_cds	coding-exon boundary (context)
chrysemys_picta_bellii	IIIb	IIIb	XM_024109913.3	XP_023965681.1	838	coding_exon_start	exon 8 (CDS8)	379	Ig3	Ig-like	282	376	end	3	aligned_to_domain_boundary	architecture_supported	native_exon_blocks_reconstructed	reconstruct_from_native_cds	coding-exon boundary (context)
chrysemys_picta_bellii	IIIb	IIIb	XM_024109913.3	XP_023965681.1	838	coding_exon_end	exon 8 (CDS8)	446	kinase	kinase	454	787	start	8	near_domain_boundary	architecture_supported	native_exon_blocks_reconstructed	reconstruct_from_native_cds	coding-exon boundary (context)
chrysemys_picta_bellii	IIIb	IIIb	XM_024109913.3	XP_023965681.1	838	coding_exon_start	exon 9 (CDS9)	447	kinase	kinase	454	787	start	7	near_domain_boundary	architecture_supported	native_exon_blocks_reconstructed	reconstruct_from_native_cds	coding-exon boundary (context)
chrysemys_picta_bellii	IIIb	IIIb	XM_024109913.3	XP_023965681.1	838	coding_exon_end	exon 9 (CDS9)	497	kinase	kinase	454	787	start	43	within_domain	architecture_supported	native_exon_blocks_reconstructed	reconstruct_from_native_cds	coding-exon boundary (context)
chrysemys_picta_bellii	IIIb	IIIb	XM_024109913.3	XP_023965681.1	838	coding_exon_start	exon 10 (CDS10)	497	kinase	kinase	454	787	start	43	within_domain	architecture_supported	native_exon_blocks_reconstructed	reconstruct_from_native_cds	coding-exon boundary (context)
chrysemys_picta_bellii	IIIb	IIIb	XM_024109913.3	XP_023965681.1	838	coding_exon_end	exon 10 (CDS10)	538	kinase	kinase	454	787	start	84	within_domain	architecture_supported	native_exon_blocks_reconstructed	reconstruct_from_native_cds	coding-exon boundary (context)
chrysemys_picta_bellii	IIIb	IIIb	XM_024109913.3	XP_023965681.1	838	coding_exon_start	exon 11 (CDS11)	538	kinase	kinase	454	787	start	84	within_domain	architecture_supported	native_exon_blocks_reconstructed	reconstruct_from_native_cds	coding-exon boundary (context)
chrysemys_picta_bellii	IIIb	IIIb	XM_024109913.3	XP_023965681.1	838	coding_exon_end	exon 11 (CDS11)	575	kinase	kinase	454	787	start	121	within_domain	architecture_supported	native_exon_blocks_reconstructed	reconstruct_from_native_cds	coding-exon boundary (context)
chrysemys_picta_bellii	IIIb	IIIb	XM_024109913.3	XP_023965681.1	838	coding_exon_start	exon 12 (CDS12)	575	kinase	kinase	454	787	start	121	within_domain	architecture_supported	native_exon_blocks_reconstructed	reconstruct_from_native_cds	coding-exon boundary (context)
chrysemys_picta_bellii	IIIb	IIIb	XM_024109913.3	XP_023965681.1	838	coding_exon_end	exon 12 (CDS12)	638	kinase	kinase	454	787	end	149	within_domain	architecture_supported	native_exon_blocks_reconstructed	reconstruct_from_native_cds	coding-exon boundary (context)
chrysemys_picta_bellii	IIIb	IIIb	XM_024109913.3	XP_023965681.1	838	coding_exon_start	exon 13 (CDS13)	639	kinase	kinase	454	787	end	148	within_domain	architecture_supported	native_exon_blocks_reconstructed	reconstruct_from_native_cds	coding-exon boundary (context)
chrysemys_picta_bellii	IIIb	IIIb	XM_024109913.3	XP_023965681.1	838	coding_exon_end	exon 13 (CDS13)	679	kinase	kinase	454	787	end	108	within_domain	architecture_supported	native_exon_blocks_reconstructed	reconstruct_from_native_cds	coding-exon boundary (context)
chrysemys_picta_bellii	IIIb	IIIb	XM_024109913.3	XP_023965681.1	838	coding_exon_start	exon 14 (CDS14)	680	kinase	kinase	454	787	end	107	within_domain	architecture_supported	native_exon_blocks_reconstructed	reconstruct_from_native_cds	coding-exon boundary (context)
chrysemys_picta_bellii	IIIb	IIIb	XM_024109913.3	XP_023965681.1	838	coding_exon_end	exon 14 (CDS14)	703	kinase	kinase	454	787	end	84	within_domain	architecture_supported	native_exon_blocks_reconstructed	reconstruct_from_native_cds	coding-exon boundary (context)
chrysemys_picta_bellii	IIIb	IIIb	XM_024109913.3	XP_023965681.1	838	coding_exon_start	exon 15 (CDS15)	703	kinase	kinase	454	787	end	84	within_domain	architecture_supported	native_exon_blocks_reconstructed	reconstruct_from_native_cds	coding-exon boundary (context)
chrysemys_picta_bellii	IIIb	IIIb	XM_024109913.3	XP_023965681.1	838	coding_exon_end	exon 15 (CDS15)	749	kinase	kinase	454	787	end	38	within_domain	architecture_supported	native_exon_blocks_reconstructed	reconstruct_from_native_cds	coding-exon boundary (context)
chrysemys_picta_bellii	IIIb	IIIb	XM_024109913.3	XP_023965681.1	838	coding_exon_start	exon 16 (CDS16)	749	kinase	kinase	454	787	end	38	within_domain	architecture_supported	native_exon_blocks_reconstructed	reconstruct_from_native_cds	coding-exon boundary (context)
chrysemys_picta_bellii	IIIb	IIIb	XM_024109913.3	XP_023965681.1	838	coding_exon_end	exon 16 (CDS16)	784	kinase	kinase	454	787	end	3	aligned_to_domain_boundary	architecture_supported	native_exon_blocks_reconstructed	reconstruct_from_native_cds	coding-exon boundary (context)
chrysemys_picta_bellii	IIIb	IIIb	XM_024109913.3	XP_023965681.1	838	coding_exon_start	exon 17 (CDS17)	785	kinase	kinase	454	787	end	2	aligned_to_domain_boundary	architecture_supported	native_exon_blocks_reconstructed	reconstruct_from_native_cds	coding-exon boundary (context)
chrysemys_picta_bellii	IIIb	IIIb	XM_024109913.3	XP_023965681.1	838	coding_exon_end	exon 17 (CDS17)	838	kinase	kinase	454	787	end	51	between_domains	architecture_supported	native_exon_blocks_reconstructed	reconstruct_from_native_cds	coding-exon boundary (context)
chrysemys_picta_bellii	IIIc	IIIc	XM_065552341.1	XP_065408413.1	840	cassette_start	exon 7 (IIIc cassette)	333	Ig3	Ig-like	284	365	end	32	within_domain	architecture_supported	figure3C_native	keep	cassette boundary (primary thesis metric)
chrysemys_picta_bellii	IIIc	IIIc	XM_065552341.1	XP_065408413.1	840	cassette_end	exon 7 (IIIc cassette)	379	Ig3	Ig-like	284	365	end	14	near_domain_boundary	architecture_supported	figure3C_native	keep	cassette boundary (primary thesis metric)
chrysemys_picta_bellii	IIIc	IIIc	XM_065552341.1	XP_065408413.1	840	coding_exon_start	exon 1 (CDS1)	1	Ig1	Ig-like	67	129	start	66	between_domains	architecture_supported	figure3C_native	keep	coding-exon boundary (context)
chrysemys_picta_bellii	IIIc	IIIc	XM_065552341.1	XP_065408413.1	840	coding_exon_end	exon 1 (CDS1)	59	Ig1	Ig-like	67	129	start	8	near_domain_boundary	architecture_supported	figure3C_native	keep	coding-exon boundary (context)
chrysemys_picta_bellii	IIIc	IIIc	XM_065552341.1	XP_065408413.1	840	coding_exon_start	exon 2 (CDS2)	59	Ig1	Ig-like	67	129	start	8	near_domain_boundary	architecture_supported	figure3C_native	keep	coding-exon boundary (context)
chrysemys_picta_bellii	IIIc	IIIc	XM_065552341.1	XP_065408413.1	840	coding_exon_end	exon 2 (CDS2)	146	Ig1	Ig-like	67	129	end	17	between_domains	architecture_supported	figure3C_native	keep	coding-exon boundary (context)
chrysemys_picta_bellii	IIIc	IIIc	XM_065552341.1	XP_065408413.1	840	coding_exon_start	exon 3 (CDS3)	146	Ig1	Ig-like	67	129	end	17	between_domains	architecture_supported	figure3C_native	keep	coding-exon boundary (context)
chrysemys_picta_bellii	IIIc	IIIc	XM_065552341.1	XP_065408413.1	840	coding_exon_end	exon 3 (CDS3)	171	Ig2	Ig-like	190	267	start	19	between_domains	architecture_supported	figure3C_native	keep	coding-exon boundary (context)
chrysemys_picta_bellii	IIIc	IIIc	XM_065552341.1	XP_065408413.1	840	coding_exon_start	exon 4 (CDS4)	171	Ig2	Ig-like	190	267	start	19	between_domains	architecture_supported	figure3C_native	keep	coding-exon boundary (context)
chrysemys_picta_bellii	IIIc	IIIc	XM_065552341.1	XP_065408413.1	840	coding_exon_end	exon 4 (CDS4)	227	Ig2	Ig-like	190	267	start	37	within_domain	architecture_supported	figure3C_native	keep	coding-exon boundary (context)
chrysemys_picta_bellii	IIIc	IIIc	XM_065552341.1	XP_065408413.1	840	coding_exon_start	exon 5 (CDS5)	228	Ig2	Ig-like	190	267	start	38	within_domain	architecture_supported	figure3C_native	keep	coding-exon boundary (context)
chrysemys_picta_bellii	IIIc	IIIc	XM_065552341.1	XP_065408413.1	840	coding_exon_end	exon 5 (CDS5)	269	Ig2	Ig-like	190	267	end	2	aligned_to_domain_boundary	architecture_supported	figure3C_native	keep	coding-exon boundary (context)
chrysemys_picta_bellii	IIIc	IIIc	XM_065552341.1	XP_065408413.1	840	coding_exon_start	exon 6 (CDS6)	269	Ig2	Ig-like	190	267	end	2	aligned_to_domain_boundary	architecture_supported	figure3C_native	keep	coding-exon boundary (context)
chrysemys_picta_bellii	IIIc	IIIc	XM_065552341.1	XP_065408413.1	840	coding_exon_end	exon 6 (CDS6)	332	Ig3	Ig-like	284	365	end	33	within_domain	architecture_supported	figure3C_native	keep	coding-exon boundary (context)
chrysemys_picta_bellii	IIIc	IIIc	XM_065552341.1	XP_065408413.1	840	coding_exon_start	exon 8 (CDS8)	379	Ig3	Ig-like	284	365	end	14	near_domain_boundary	architecture_supported	figure3C_native	keep	coding-exon boundary (context)
chrysemys_picta_bellii	IIIc	IIIc	XM_065552341.1	XP_065408413.1	840	coding_exon_end	exon 8 (CDS8)	446	kinase	kinase	456	789	start	10	near_domain_boundary	architecture_supported	figure3C_native	keep	coding-exon boundary (context)
chrysemys_picta_bellii	IIIc	IIIc	XM_065552341.1	XP_065408413.1	840	coding_exon_start	exon 9 (CDS9)	447	kinase	kinase	456	789	start	9	near_domain_boundary	architecture_supported	figure3C_native	keep	coding-exon boundary (context)
chrysemys_picta_bellii	IIIc	IIIc	XM_065552341.1	XP_065408413.1	840	coding_exon_end	exon 9 (CDS9)	497	kinase	kinase	456	789	start	41	within_domain	architecture_supported	figure3C_native	keep	coding-exon boundary (context)
chrysemys_picta_bellii	IIIc	IIIc	XM_065552341.1	XP_065408413.1	840	coding_exon_start	exon 10 (CDS10)	497	kinase	kinase	456	789	start	41	within_domain	architecture_supported	figure3C_native	keep	coding-exon boundary (context)
chrysemys_picta_bellii	IIIc	IIIc	XM_065552341.1	XP_065408413.1	840	coding_exon_end	exon 10 (CDS10)	538	kinase	kinase	456	789	start	82	within_domain	architecture_supported	figure3C_native	keep	coding-exon boundary (context)
chrysemys_picta_bellii	IIIc	IIIc	XM_065552341.1	XP_065408413.1	840	coding_exon_start	exon 11 (CDS11)	538	kinase	kinase	456	789	start	82	within_domain	architecture_supported	figure3C_native	keep	coding-exon boundary (context)
chrysemys_picta_bellii	IIIc	IIIc	XM_065552341.1	XP_065408413.1	840	coding_exon_end	exon 11 (CDS11)	575	kinase	kinase	456	789	start	119	within_domain	architecture_supported	figure3C_native	keep	coding-exon boundary (context)
chrysemys_picta_bellii	IIIc	IIIc	XM_065552341.1	XP_065408413.1	840	coding_exon_start	exon 12 (CDS12)	575	kinase	kinase	456	789	start	119	within_domain	architecture_supported	figure3C_native	keep	coding-exon boundary (context)
chrysemys_picta_bellii	IIIc	IIIc	XM_065552341.1	XP_065408413.1	840	coding_exon_end	exon 12 (CDS12)	638	kinase	kinase	456	789	end	151	within_domain	architecture_supported	figure3C_native	keep	coding-exon boundary (context)
chrysemys_picta_bellii	IIIc	IIIc	XM_065552341.1	XP_065408413.1	840	coding_exon_start	exon 13 (CDS13)	639	kinase	kinase	456	789	end	150	within_domain	architecture_supported	figure3C_native	keep	coding-exon boundary (context)
chrysemys_picta_bellii	IIIc	IIIc	XM_065552341.1	XP_065408413.1	840	coding_exon_end	exon 13 (CDS13)	679	kinase	kinase	456	789	end	110	within_domain	architecture_supported	figure3C_native	keep	coding-exon boundary (context)
chrysemys_picta_bellii	IIIc	IIIc	XM_065552341.1	XP_065408413.1	840	coding_exon_start	exon 14 (CDS14)	680	kinase	kinase	456	789	end	109	within_domain	architecture_supported	figure3C_native	keep	coding-exon boundary (context)
chrysemys_picta_bellii	IIIc	IIIc	XM_065552341.1	XP_065408413.1	840	coding_exon_end	exon 14 (CDS14)	703	kinase	kinase	456	789	end	86	within_domain	architecture_supported	figure3C_native	keep	coding-exon boundary (context)
chrysemys_picta_bellii	IIIc	IIIc	XM_065552341.1	XP_065408413.1	840	coding_exon_start	exon 15 (CDS15)	703	kinase	kinase	456	789	end	86	within_domain	architecture_supported	figure3C_native	keep	coding-exon boundary (context)
chrysemys_picta_bellii	IIIc	IIIc	XM_065552341.1	XP_065408413.1	840	coding_exon_end	exon 15 (CDS15)	749	kinase	kinase	456	789	end	40	within_domain	architecture_supported	figure3C_native	keep	coding-exon boundary (context)
chrysemys_picta_bellii	IIIc	IIIc	XM_065552341.1	XP_065408413.1	840	coding_exon_start	exon 16 (CDS16)	749	kinase	kinase	456	789	end	40	within_domain	architecture_supported	figure3C_native	keep	coding-exon boundary (context)
chrysemys_picta_bellii	IIIc	IIIc	XM_065552341.1	XP_065408413.1	840	coding_exon_end	exon 16 (CDS16)	784	kinase	kinase	456	789	end	5	near_domain_boundary	architecture_supported	figure3C_native	keep	coding-exon boundary (context)
chrysemys_picta_bellii	IIIc	IIIc	XM_065552341.1	XP_065408413.1	840	coding_exon_start	exon 17 (CDS17)	785	kinase	kinase	456	789	end	4	near_domain_boundary	architecture_supported	figure3C_native	keep	coding-exon boundary (context)
chrysemys_picta_bellii	IIIc	IIIc	XM_065552341.1	XP_065408413.1	840	coding_exon_end	exon 17 (CDS17)	839	kinase	kinase	456	789	end	50	between_domains	architecture_supported	figure3C_native	keep	coding-exon boundary (context)
danio_rerio	IIIb	IIIb	XM_068224938.2	XP_068081039.1	838	cassette_start	exon 7 (CDS7)	337	Ig3	Ig-like	286	380	end	43	within_domain	architecture_supported_with_minor_flags	native_exon_blocks_reconstructed	reconstruct_from_native_cds	cassette boundary (primary thesis metric)
danio_rerio	IIIb	IIIb	XM_068224938.2	XP_068081039.1	838	cassette_end	exon 7 (CDS7)	383	Ig3	Ig-like	286	380	end	3	aligned_to_domain_boundary	architecture_supported_with_minor_flags	native_exon_blocks_reconstructed	reconstruct_from_native_cds	cassette boundary (primary thesis metric)
danio_rerio	IIIb	IIIb	XM_068224938.2	XP_068081039.1	838	coding_exon_start	exon 1 (CDS1)	1	Ig1	Ig-like	75	137	start	74	between_domains	architecture_supported_with_minor_flags	native_exon_blocks_reconstructed	reconstruct_from_native_cds	coding-exon boundary (context)
danio_rerio	IIIb	IIIb	XM_068224938.2	XP_068081039.1	838	coding_exon_end	exon 1 (CDS1)	61	Ig1	Ig-like	75	137	start	14	near_domain_boundary	architecture_supported_with_minor_flags	native_exon_blocks_reconstructed	reconstruct_from_native_cds	coding-exon boundary (context)
danio_rerio	IIIb	IIIb	XM_068224938.2	XP_068081039.1	838	coding_exon_start	exon 2 (CDS2)	61	Ig1	Ig-like	75	137	start	14	near_domain_boundary	architecture_supported_with_minor_flags	native_exon_blocks_reconstructed	reconstruct_from_native_cds	coding-exon boundary (context)
danio_rerio	IIIb	IIIb	XM_068224938.2	XP_068081039.1	838	coding_exon_end	exon 2 (CDS2)	150	Ig1	Ig-like	75	137	end	13	near_domain_boundary	architecture_supported_with_minor_flags	native_exon_blocks_reconstructed	reconstruct_from_native_cds	coding-exon boundary (context)
danio_rerio	IIIb	IIIb	XM_068224938.2	XP_068081039.1	838	coding_exon_start	exon 3 (CDS3)	150	Ig1	Ig-like	75	137	end	13	near_domain_boundary	architecture_supported_with_minor_flags	native_exon_blocks_reconstructed	reconstruct_from_native_cds	coding-exon boundary (context)
danio_rerio	IIIb	IIIb	XM_068224938.2	XP_068081039.1	838	coding_exon_end	exon 3 (CDS3)	175	Ig2	Ig-like	193	271	start	18	between_domains	architecture_supported_with_minor_flags	native_exon_blocks_reconstructed	reconstruct_from_native_cds	coding-exon boundary (context)
danio_rerio	IIIb	IIIb	XM_068224938.2	XP_068081039.1	838	coding_exon_start	exon 4 (CDS4)	175	Ig2	Ig-like	193	271	start	18	between_domains	architecture_supported_with_minor_flags	native_exon_blocks_reconstructed	reconstruct_from_native_cds	coding-exon boundary (context)
danio_rerio	IIIb	IIIb	XM_068224938.2	XP_068081039.1	838	coding_exon_end	exon 4 (CDS4)	231	Ig2	Ig-like	193	271	start	38	within_domain	architecture_supported_with_minor_flags	native_exon_blocks_reconstructed	reconstruct_from_native_cds	coding-exon boundary (context)
danio_rerio	IIIb	IIIb	XM_068224938.2	XP_068081039.1	838	coding_exon_start	exon 5 (CDS5)	232	Ig2	Ig-like	193	271	start	39	within_domain	architecture_supported_with_minor_flags	native_exon_blocks_reconstructed	reconstruct_from_native_cds	coding-exon boundary (context)
danio_rerio	IIIb	IIIb	XM_068224938.2	XP_068081039.1	838	coding_exon_end	exon 5 (CDS5)	273	Ig2	Ig-like	193	271	end	2	aligned_to_domain_boundary	architecture_supported_with_minor_flags	native_exon_blocks_reconstructed	reconstruct_from_native_cds	coding-exon boundary (context)
danio_rerio	IIIb	IIIb	XM_068224938.2	XP_068081039.1	838	coding_exon_start	exon 6 (CDS6)	273	Ig2	Ig-like	193	271	end	2	aligned_to_domain_boundary	architecture_supported_with_minor_flags	native_exon_blocks_reconstructed	reconstruct_from_native_cds	coding-exon boundary (context)
danio_rerio	IIIb	IIIb	XM_068224938.2	XP_068081039.1	838	coding_exon_end	exon 6 (CDS6)	336	Ig3	Ig-like	286	380	end	44	within_domain	architecture_supported_with_minor_flags	native_exon_blocks_reconstructed	reconstruct_from_native_cds	coding-exon boundary (context)
danio_rerio	IIIb	IIIb	XM_068224938.2	XP_068081039.1	838	coding_exon_start	exon 8 (CDS8)	383	Ig3	Ig-like	286	380	end	3	aligned_to_domain_boundary	architecture_supported_with_minor_flags	native_exon_blocks_reconstructed	reconstruct_from_native_cds	coding-exon boundary (context)
danio_rerio	IIIb	IIIb	XM_068224938.2	XP_068081039.1	838	coding_exon_end	exon 8 (CDS8)	451	kinase	kinase	458	787	start	7	near_domain_boundary	architecture_supported_with_minor_flags	native_exon_blocks_reconstructed	reconstruct_from_native_cds	coding-exon boundary (context)
danio_rerio	IIIb	IIIb	XM_068224938.2	XP_068081039.1	838	coding_exon_start	exon 9 (CDS9)	451	kinase	kinase	458	787	start	7	near_domain_boundary	architecture_supported_with_minor_flags	native_exon_blocks_reconstructed	reconstruct_from_native_cds	coding-exon boundary (context)
danio_rerio	IIIb	IIIb	XM_068224938.2	XP_068081039.1	838	coding_exon_end	exon 9 (CDS9)	497	kinase	kinase	458	787	start	39	within_domain	architecture_supported_with_minor_flags	native_exon_blocks_reconstructed	reconstruct_from_native_cds	coding-exon boundary (context)
danio_rerio	IIIb	IIIb	XM_068224938.2	XP_068081039.1	838	coding_exon_start	exon 10 (CDS10)	497	kinase	kinase	458	787	start	39	within_domain	architecture_supported_with_minor_flags	native_exon_blocks_reconstructed	reconstruct_from_native_cds	coding-exon boundary (context)
danio_rerio	IIIb	IIIb	XM_068224938.2	XP_068081039.1	838	coding_exon_end	exon 10 (CDS10)	538	kinase	kinase	458	787	start	80	within_domain	architecture_supported_with_minor_flags	native_exon_blocks_reconstructed	reconstruct_from_native_cds	coding-exon boundary (context)
danio_rerio	IIIb	IIIb	XM_068224938.2	XP_068081039.1	838	coding_exon_start	exon 11 (CDS11)	538	kinase	kinase	458	787	start	80	within_domain	architecture_supported_with_minor_flags	native_exon_blocks_reconstructed	reconstruct_from_native_cds	coding-exon boundary (context)
danio_rerio	IIIb	IIIb	XM_068224938.2	XP_068081039.1	838	coding_exon_end	exon 11 (CDS11)	575	kinase	kinase	458	787	start	117	within_domain	architecture_supported_with_minor_flags	native_exon_blocks_reconstructed	reconstruct_from_native_cds	coding-exon boundary (context)
danio_rerio	IIIb	IIIb	XM_068224938.2	XP_068081039.1	838	coding_exon_start	exon 12 (CDS12)	575	kinase	kinase	458	787	start	117	within_domain	architecture_supported_with_minor_flags	native_exon_blocks_reconstructed	reconstruct_from_native_cds	coding-exon boundary (context)
danio_rerio	IIIb	IIIb	XM_068224938.2	XP_068081039.1	838	coding_exon_end	exon 12 (CDS12)	638	kinase	kinase	458	787	end	149	within_domain	architecture_supported_with_minor_flags	native_exon_blocks_reconstructed	reconstruct_from_native_cds	coding-exon boundary (context)
danio_rerio	IIIb	IIIb	XM_068224938.2	XP_068081039.1	838	coding_exon_start	exon 13 (CDS13)	639	kinase	kinase	458	787	end	148	within_domain	architecture_supported_with_minor_flags	native_exon_blocks_reconstructed	reconstruct_from_native_cds	coding-exon boundary (context)
danio_rerio	IIIb	IIIb	XM_068224938.2	XP_068081039.1	838	coding_exon_end	exon 13 (CDS13)	679	kinase	kinase	458	787	end	108	within_domain	architecture_supported_with_minor_flags	native_exon_blocks_reconstructed	reconstruct_from_native_cds	coding-exon boundary (context)
danio_rerio	IIIb	IIIb	XM_068224938.2	XP_068081039.1	838	coding_exon_start	exon 14 (CDS14)	680	kinase	kinase	458	787	end	107	within_domain	architecture_supported_with_minor_flags	native_exon_blocks_reconstructed	reconstruct_from_native_cds	coding-exon boundary (context)
danio_rerio	IIIb	IIIb	XM_068224938.2	XP_068081039.1	838	coding_exon_end	exon 14 (CDS14)	703	kinase	kinase	458	787	end	84	within_domain	architecture_supported_with_minor_flags	native_exon_blocks_reconstructed	reconstruct_from_native_cds	coding-exon boundary (context)
danio_rerio	IIIb	IIIb	XM_068224938.2	XP_068081039.1	838	coding_exon_start	exon 15 (CDS15)	703	kinase	kinase	458	787	end	84	within_domain	architecture_supported_with_minor_flags	native_exon_blocks_reconstructed	reconstruct_from_native_cds	coding-exon boundary (context)
danio_rerio	IIIb	IIIb	XM_068224938.2	XP_068081039.1	838	coding_exon_end	exon 15 (CDS15)	749	kinase	kinase	458	787	end	38	within_domain	architecture_supported_with_minor_flags	native_exon_blocks_reconstructed	reconstruct_from_native_cds	coding-exon boundary (context)
danio_rerio	IIIb	IIIb	XM_068224938.2	XP_068081039.1	838	coding_exon_start	exon 16 (CDS16)	749	kinase	kinase	458	787	end	38	within_domain	architecture_supported_with_minor_flags	native_exon_blocks_reconstructed	reconstruct_from_native_cds	coding-exon boundary (context)
danio_rerio	IIIb	IIIb	XM_068224938.2	XP_068081039.1	838	coding_exon_end	exon 16 (CDS16)	784	kinase	kinase	458	787	end	3	aligned_to_domain_boundary	architecture_supported_with_minor_flags	native_exon_blocks_reconstructed	reconstruct_from_native_cds	coding-exon boundary (context)
danio_rerio	IIIb	IIIb	XM_068224938.2	XP_068081039.1	838	coding_exon_start	exon 17 (CDS17)	785	kinase	kinase	458	787	end	2	aligned_to_domain_boundary	architecture_supported_with_minor_flags	native_exon_blocks_reconstructed	reconstruct_from_native_cds	coding-exon boundary (context)
danio_rerio	IIIb	IIIb	XM_068224938.2	XP_068081039.1	838	coding_exon_end	exon 17 (CDS17)	838	kinase	kinase	458	787	end	51	between_domains	architecture_supported_with_minor_flags	native_exon_blocks_reconstructed	reconstruct_from_native_cds	coding-exon boundary (context)
danio_rerio	IIIc	IIIc	XM_068224937.2	XP_068081038.1	840	cassette_start	exon 7 (IIIc cassette)	337	Ig3	Ig-like	286	382	end	45	within_domain	architecture_supported_with_minor_flags	figure3C_native	keep	cassette boundary (primary thesis metric)
danio_rerio	IIIc	IIIc	XM_068224937.2	XP_068081038.1	840	cassette_end	exon 7 (IIIc cassette)	383	Ig3	Ig-like	286	382	end	1	aligned_to_domain_boundary	architecture_supported_with_minor_flags	figure3C_native	keep	cassette boundary (primary thesis metric)
danio_rerio	IIIc	IIIc	XM_068224937.2	XP_068081038.1	840	coding_exon_start	exon 1 (CDS1)	1	Ig1	Ig-like	75	137	start	74	between_domains	architecture_supported_with_minor_flags	figure3C_native	keep	coding-exon boundary (context)
danio_rerio	IIIc	IIIc	XM_068224937.2	XP_068081038.1	840	coding_exon_end	exon 1 (CDS1)	61	Ig1	Ig-like	75	137	start	14	near_domain_boundary	architecture_supported_with_minor_flags	figure3C_native	keep	coding-exon boundary (context)
danio_rerio	IIIc	IIIc	XM_068224937.2	XP_068081038.1	840	coding_exon_start	exon 2 (CDS2)	61	Ig1	Ig-like	75	137	start	14	near_domain_boundary	architecture_supported_with_minor_flags	figure3C_native	keep	coding-exon boundary (context)
danio_rerio	IIIc	IIIc	XM_068224937.2	XP_068081038.1	840	coding_exon_end	exon 2 (CDS2)	150	Ig1	Ig-like	75	137	end	13	near_domain_boundary	architecture_supported_with_minor_flags	figure3C_native	keep	coding-exon boundary (context)
danio_rerio	IIIc	IIIc	XM_068224937.2	XP_068081038.1	840	coding_exon_start	exon 3 (CDS3)	150	Ig1	Ig-like	75	137	end	13	near_domain_boundary	architecture_supported_with_minor_flags	figure3C_native	keep	coding-exon boundary (context)
danio_rerio	IIIc	IIIc	XM_068224937.2	XP_068081038.1	840	coding_exon_end	exon 3 (CDS3)	175	Ig2	Ig-like	193	271	start	18	between_domains	architecture_supported_with_minor_flags	figure3C_native	keep	coding-exon boundary (context)
danio_rerio	IIIc	IIIc	XM_068224937.2	XP_068081038.1	840	coding_exon_start	exon 4 (CDS4)	175	Ig2	Ig-like	193	271	start	18	between_domains	architecture_supported_with_minor_flags	figure3C_native	keep	coding-exon boundary (context)
danio_rerio	IIIc	IIIc	XM_068224937.2	XP_068081038.1	840	coding_exon_end	exon 4 (CDS4)	231	Ig2	Ig-like	193	271	start	38	within_domain	architecture_supported_with_minor_flags	figure3C_native	keep	coding-exon boundary (context)
danio_rerio	IIIc	IIIc	XM_068224937.2	XP_068081038.1	840	coding_exon_start	exon 5 (CDS5)	232	Ig2	Ig-like	193	271	start	39	within_domain	architecture_supported_with_minor_flags	figure3C_native	keep	coding-exon boundary (context)
danio_rerio	IIIc	IIIc	XM_068224937.2	XP_068081038.1	840	coding_exon_end	exon 5 (CDS5)	273	Ig2	Ig-like	193	271	end	2	aligned_to_domain_boundary	architecture_supported_with_minor_flags	figure3C_native	keep	coding-exon boundary (context)
danio_rerio	IIIc	IIIc	XM_068224937.2	XP_068081038.1	840	coding_exon_start	exon 6 (CDS6)	273	Ig2	Ig-like	193	271	end	2	aligned_to_domain_boundary	architecture_supported_with_minor_flags	figure3C_native	keep	coding-exon boundary (context)
danio_rerio	IIIc	IIIc	XM_068224937.2	XP_068081038.1	840	coding_exon_end	exon 6 (CDS6)	336	Ig3	Ig-like	286	382	end	46	within_domain	architecture_supported_with_minor_flags	figure3C_native	keep	coding-exon boundary (context)
danio_rerio	IIIc	IIIc	XM_068224937.2	XP_068081038.1	840	coding_exon_start	exon 8 (CDS8)	383	Ig3	Ig-like	286	382	end	1	aligned_to_domain_boundary	architecture_supported_with_minor_flags	figure3C_native	keep	coding-exon boundary (context)
danio_rerio	IIIc	IIIc	XM_068224937.2	XP_068081038.1	840	coding_exon_end	exon 8 (CDS8)	451	kinase	kinase	460	789	start	9	near_domain_boundary	architecture_supported_with_minor_flags	figure3C_native	keep	coding-exon boundary (context)
danio_rerio	IIIc	IIIc	XM_068224937.2	XP_068081038.1	840	coding_exon_start	exon 9 (CDS9)	451	kinase	kinase	460	789	start	9	near_domain_boundary	architecture_supported_with_minor_flags	figure3C_native	keep	coding-exon boundary (context)
danio_rerio	IIIc	IIIc	XM_068224937.2	XP_068081038.1	840	coding_exon_end	exon 9 (CDS9)	497	kinase	kinase	460	789	start	37	within_domain	architecture_supported_with_minor_flags	figure3C_native	keep	coding-exon boundary (context)
danio_rerio	IIIc	IIIc	XM_068224937.2	XP_068081038.1	840	coding_exon_start	exon 10 (CDS10)	497	kinase	kinase	460	789	start	37	within_domain	architecture_supported_with_minor_flags	figure3C_native	keep	coding-exon boundary (context)
danio_rerio	IIIc	IIIc	XM_068224937.2	XP_068081038.1	840	coding_exon_end	exon 10 (CDS10)	538	kinase	kinase	460	789	start	78	within_domain	architecture_supported_with_minor_flags	figure3C_native	keep	coding-exon boundary (context)
danio_rerio	IIIc	IIIc	XM_068224937.2	XP_068081038.1	840	coding_exon_start	exon 11 (CDS11)	538	kinase	kinase	460	789	start	78	within_domain	architecture_supported_with_minor_flags	figure3C_native	keep	coding-exon boundary (context)
danio_rerio	IIIc	IIIc	XM_068224937.2	XP_068081038.1	840	coding_exon_end	exon 11 (CDS11)	575	kinase	kinase	460	789	start	115	within_domain	architecture_supported_with_minor_flags	figure3C_native	keep	coding-exon boundary (context)
danio_rerio	IIIc	IIIc	XM_068224937.2	XP_068081038.1	840	coding_exon_start	exon 12 (CDS12)	575	kinase	kinase	460	789	start	115	within_domain	architecture_supported_with_minor_flags	figure3C_native	keep	coding-exon boundary (context)
danio_rerio	IIIc	IIIc	XM_068224937.2	XP_068081038.1	840	coding_exon_end	exon 12 (CDS12)	638	kinase	kinase	460	789	end	151	within_domain	architecture_supported_with_minor_flags	figure3C_native	keep	coding-exon boundary (context)
danio_rerio	IIIc	IIIc	XM_068224937.2	XP_068081038.1	840	coding_exon_start	exon 13 (CDS13)	639	kinase	kinase	460	789	end	150	within_domain	architecture_supported_with_minor_flags	figure3C_native	keep	coding-exon boundary (context)
danio_rerio	IIIc	IIIc	XM_068224937.2	XP_068081038.1	840	coding_exon_end	exon 13 (CDS13)	679	kinase	kinase	460	789	end	110	within_domain	architecture_supported_with_minor_flags	figure3C_native	keep	coding-exon boundary (context)
danio_rerio	IIIc	IIIc	XM_068224937.2	XP_068081038.1	840	coding_exon_start	exon 14 (CDS14)	680	kinase	kinase	460	789	end	109	within_domain	architecture_supported_with_minor_flags	figure3C_native	keep	coding-exon boundary (context)
danio_rerio	IIIc	IIIc	XM_068224937.2	XP_068081038.1	840	coding_exon_end	exon 14 (CDS14)	703	kinase	kinase	460	789	end	86	within_domain	architecture_supported_with_minor_flags	figure3C_native	keep	coding-exon boundary (context)
danio_rerio	IIIc	IIIc	XM_068224937.2	XP_068081038.1	840	coding_exon_start	exon 15 (CDS15)	703	kinase	kinase	460	789	end	86	within_domain	architecture_supported_with_minor_flags	figure3C_native	keep	coding-exon boundary (context)
danio_rerio	IIIc	IIIc	XM_068224937.2	XP_068081038.1	840	coding_exon_end	exon 15 (CDS15)	749	kinase	kinase	460	789	end	40	within_domain	architecture_supported_with_minor_flags	figure3C_native	keep	coding-exon boundary (context)
danio_rerio	IIIc	IIIc	XM_068224937.2	XP_068081038.1	840	coding_exon_start	exon 16 (CDS16)	749	kinase	kinase	460	789	end	40	within_domain	architecture_supported_with_minor_flags	figure3C_native	keep	coding-exon boundary (context)
danio_rerio	IIIc	IIIc	XM_068224937.2	XP_068081038.1	840	coding_exon_end	exon 16 (CDS16)	784	kinase	kinase	460	789	end	5	near_domain_boundary	architecture_supported_with_minor_flags	figure3C_native	keep	coding-exon boundary (context)
danio_rerio	IIIc	IIIc	XM_068224937.2	XP_068081038.1	840	coding_exon_start	exon 17 (CDS17)	785	kinase	kinase	460	789	end	4	near_domain_boundary	architecture_supported_with_minor_flags	figure3C_native	keep	coding-exon boundary (context)
danio_rerio	IIIc	IIIc	XM_068224937.2	XP_068081038.1	840	coding_exon_end	exon 17 (CDS17)	839	kinase	kinase	460	789	end	50	between_domains	architecture_supported_with_minor_flags	figure3C_native	keep	coding-exon boundary (context)
equus_caballus	IIIb	IIIb	XM_014732943.3	XP_014588429.1	887	cassette_start	exon 8 (IIIb cassette)	383	Ig3	Ig-like	332	426	end	43	within_domain	architecture_supported_with_minor_flags	figure3C_native	keep	cassette boundary (primary thesis metric)
equus_caballus	IIIb	IIIb	XM_014732943.3	XP_014588429.1	887	cassette_end	exon 8 (IIIb cassette)	431	Ig3	Ig-like	332	426	end	5	near_domain_boundary	architecture_supported_with_minor_flags	figure3C_native	keep	cassette boundary (primary thesis metric)
equus_caballus	IIIb	IIIb	XM_014732943.3	XP_014588429.1	887	coding_exon_start	exon 1 (CDS1)	1	Ig1	Ig-like	114	178	start	113	between_domains	architecture_supported_with_minor_flags	figure3C_native	keep	coding-exon boundary (context)
equus_caballus	IIIb	IIIb	XM_014732943.3	XP_014588429.1	887	coding_exon_end	exon 1 (CDS1)	9	Ig1	Ig-like	114	178	start	105	between_domains	architecture_supported_with_minor_flags	figure3C_native	keep	coding-exon boundary (context)
equus_caballus	IIIb	IIIb	XM_014732943.3	XP_014588429.1	887	coding_exon_start	exon 2 (CDS2)	9	Ig1	Ig-like	114	178	start	105	between_domains	architecture_supported_with_minor_flags	figure3C_native	keep	coding-exon boundary (context)
equus_caballus	IIIb	IIIb	XM_014732943.3	XP_014588429.1	887	coding_exon_end	exon 2 (CDS2)	106	Ig1	Ig-like	114	178	start	8	near_domain_boundary	architecture_supported_with_minor_flags	figure3C_native	keep	coding-exon boundary (context)
equus_caballus	IIIb	IIIb	XM_014732943.3	XP_014588429.1	887	coding_exon_start	exon 3 (CDS3)	106	Ig1	Ig-like	114	178	start	8	near_domain_boundary	architecture_supported_with_minor_flags	figure3C_native	keep	coding-exon boundary (context)
equus_caballus	IIIb	IIIb	XM_014732943.3	XP_014588429.1	887	coding_exon_end	exon 3 (CDS3)	195	Ig1	Ig-like	114	178	end	17	between_domains	architecture_supported_with_minor_flags	figure3C_native	keep	coding-exon boundary (context)
equus_caballus	IIIb	IIIb	XM_014732943.3	XP_014588429.1	887	coding_exon_start	exon 4 (CDS4)	195	Ig1	Ig-like	114	178	end	17	between_domains	architecture_supported_with_minor_flags	figure3C_native	keep	coding-exon boundary (context)
equus_caballus	IIIb	IIIb	XM_014732943.3	XP_014588429.1	887	coding_exon_end	exon 4 (CDS4)	221	Ig2	Ig-like	240	317	start	19	between_domains	architecture_supported_with_minor_flags	figure3C_native	keep	coding-exon boundary (context)
equus_caballus	IIIb	IIIb	XM_014732943.3	XP_014588429.1	887	coding_exon_start	exon 5 (CDS5)	221	Ig2	Ig-like	240	317	start	19	between_domains	architecture_supported_with_minor_flags	figure3C_native	keep	coding-exon boundary (context)
equus_caballus	IIIb	IIIb	XM_014732943.3	XP_014588429.1	887	coding_exon_end	exon 5 (CDS5)	277	Ig2	Ig-like	240	317	start	37	within_domain	architecture_supported_with_minor_flags	figure3C_native	keep	coding-exon boundary (context)
equus_caballus	IIIb	IIIb	XM_014732943.3	XP_014588429.1	887	coding_exon_start	exon 6 (CDS6)	278	Ig2	Ig-like	240	317	start	38	within_domain	architecture_supported_with_minor_flags	figure3C_native	keep	coding-exon boundary (context)
equus_caballus	IIIb	IIIb	XM_014732943.3	XP_014588429.1	887	coding_exon_end	exon 6 (CDS6)	319	Ig2	Ig-like	240	317	end	2	aligned_to_domain_boundary	architecture_supported_with_minor_flags	figure3C_native	keep	coding-exon boundary (context)
equus_caballus	IIIb	IIIb	XM_014732943.3	XP_014588429.1	887	coding_exon_start	exon 7 (CDS7)	319	Ig2	Ig-like	240	317	end	2	aligned_to_domain_boundary	architecture_supported_with_minor_flags	figure3C_native	keep	coding-exon boundary (context)
equus_caballus	IIIb	IIIb	XM_014732943.3	XP_014588429.1	887	coding_exon_end	exon 7 (CDS7)	382	Ig3	Ig-like	332	426	end	44	within_domain	architecture_supported_with_minor_flags	figure3C_native	keep	coding-exon boundary (context)
equus_caballus	IIIb	IIIb	XM_014732943.3	XP_014588429.1	887	coding_exon_start	exon 9 (CDS9)	431	Ig3	Ig-like	332	426	end	5	near_domain_boundary	architecture_supported_with_minor_flags	figure3C_native	keep	coding-exon boundary (context)
equus_caballus	IIIb	IIIb	XM_014732943.3	XP_014588429.1	887	coding_exon_end	exon 9 (CDS9)	498	kinase	kinase	507	840	start	9	near_domain_boundary	architecture_supported_with_minor_flags	figure3C_native	keep	coding-exon boundary (context)
equus_caballus	IIIb	IIIb	XM_014732943.3	XP_014588429.1	887	coding_exon_start	exon 10 (CDS10)	499	kinase	kinase	507	840	start	8	near_domain_boundary	architecture_supported_with_minor_flags	figure3C_native	keep	coding-exon boundary (context)
equus_caballus	IIIb	IIIb	XM_014732943.3	XP_014588429.1	887	coding_exon_end	exon 10 (CDS10)	549	kinase	kinase	507	840	start	42	within_domain	architecture_supported_with_minor_flags	figure3C_native	keep	coding-exon boundary (context)
equus_caballus	IIIb	IIIb	XM_014732943.3	XP_014588429.1	887	coding_exon_start	exon 11 (CDS11)	549	kinase	kinase	507	840	start	42	within_domain	architecture_supported_with_minor_flags	figure3C_native	keep	coding-exon boundary (context)
equus_caballus	IIIb	IIIb	XM_014732943.3	XP_014588429.1	887	coding_exon_end	exon 11 (CDS11)	590	kinase	kinase	507	840	start	83	within_domain	architecture_supported_with_minor_flags	figure3C_native	keep	coding-exon boundary (context)
equus_caballus	IIIb	IIIb	XM_014732943.3	XP_014588429.1	887	coding_exon_start	exon 12 (CDS12)	590	kinase	kinase	507	840	start	83	within_domain	architecture_supported_with_minor_flags	figure3C_native	keep	coding-exon boundary (context)
equus_caballus	IIIb	IIIb	XM_014732943.3	XP_014588429.1	887	coding_exon_end	exon 12 (CDS12)	627	kinase	kinase	507	840	start	120	within_domain	architecture_supported_with_minor_flags	figure3C_native	keep	coding-exon boundary (context)
equus_caballus	IIIb	IIIb	XM_014732943.3	XP_014588429.1	887	coding_exon_start	exon 13 (CDS13)	627	kinase	kinase	507	840	start	120	within_domain	architecture_supported_with_minor_flags	figure3C_native	keep	coding-exon boundary (context)
equus_caballus	IIIb	IIIb	XM_014732943.3	XP_014588429.1	887	coding_exon_end	exon 13 (CDS13)	690	kinase	kinase	507	840	end	150	within_domain	architecture_supported_with_minor_flags	figure3C_native	keep	coding-exon boundary (context)
equus_caballus	IIIb	IIIb	XM_014732943.3	XP_014588429.1	887	coding_exon_start	exon 14 (CDS14)	691	kinase	kinase	507	840	end	149	within_domain	architecture_supported_with_minor_flags	figure3C_native	keep	coding-exon boundary (context)
equus_caballus	IIIb	IIIb	XM_014732943.3	XP_014588429.1	887	coding_exon_end	exon 14 (CDS14)	731	kinase	kinase	507	840	end	109	within_domain	architecture_supported_with_minor_flags	figure3C_native	keep	coding-exon boundary (context)
equus_caballus	IIIb	IIIb	XM_014732943.3	XP_014588429.1	887	coding_exon_start	exon 15 (CDS15)	732	kinase	kinase	507	840	end	108	within_domain	architecture_supported_with_minor_flags	figure3C_native	keep	coding-exon boundary (context)
equus_caballus	IIIb	IIIb	XM_014732943.3	XP_014588429.1	887	coding_exon_end	exon 15 (CDS15)	755	kinase	kinase	507	840	end	85	within_domain	architecture_supported_with_minor_flags	figure3C_native	keep	coding-exon boundary (context)
equus_caballus	IIIb	IIIb	XM_014732943.3	XP_014588429.1	887	coding_exon_start	exon 16 (CDS16)	755	kinase	kinase	507	840	end	85	within_domain	architecture_supported_with_minor_flags	figure3C_native	keep	coding-exon boundary (context)
equus_caballus	IIIb	IIIb	XM_014732943.3	XP_014588429.1	887	coding_exon_end	exon 16 (CDS16)	801	kinase	kinase	507	840	end	39	within_domain	architecture_supported_with_minor_flags	figure3C_native	keep	coding-exon boundary (context)
equus_caballus	IIIb	IIIb	XM_014732943.3	XP_014588429.1	887	coding_exon_start	exon 17 (CDS17)	801	kinase	kinase	507	840	end	39	within_domain	architecture_supported_with_minor_flags	figure3C_native	keep	coding-exon boundary (context)
equus_caballus	IIIb	IIIb	XM_014732943.3	XP_014588429.1	887	coding_exon_end	exon 17 (CDS17)	836	kinase	kinase	507	840	end	4	near_domain_boundary	architecture_supported_with_minor_flags	figure3C_native	keep	coding-exon boundary (context)
equus_caballus	IIIb	IIIb	XM_014732943.3	XP_014588429.1	887	coding_exon_start	exon 18 (CDS18)	837	kinase	kinase	507	840	end	3	aligned_to_domain_boundary	architecture_supported_with_minor_flags	figure3C_native	keep	coding-exon boundary (context)
equus_caballus	IIIb	IIIb	XM_014732943.3	XP_014588429.1	887	coding_exon_end	exon 18 (CDS18)	887	kinase	kinase	507	840	end	47	between_domains	architecture_supported_with_minor_flags	figure3C_native	keep	coding-exon boundary (context)
equus_caballus	IIIc	IIIc	XM_014732944.3	XP_014588430.1	886	cassette_start	exon 8 (IIIc cassette)	383	Ig3	Ig-like	335	415	end	32	within_domain	architecture_supported_with_minor_flags	minor_length_clamped	clamp_to_protein_length_with_minor_flag	cassette boundary (primary thesis metric)
equus_caballus	IIIc	IIIc	XM_014732944.3	XP_014588430.1	886	cassette_end	exon 8 (IIIc cassette)	432	TM	TM	443	465	start	11	near_domain_boundary	architecture_supported_with_minor_flags	minor_length_clamped	clamp_to_protein_length_with_minor_flag	cassette boundary (primary thesis metric)
equus_caballus	IIIc	IIIc	XM_014732944.3	XP_014588430.1	886	coding_exon_start	exon 1 (CDS1)	1	Ig1	Ig-like	114	178	start	113	between_domains	architecture_supported_with_minor_flags	minor_length_clamped	clamp_to_protein_length_with_minor_flag	coding-exon boundary (context)
equus_caballus	IIIc	IIIc	XM_014732944.3	XP_014588430.1	886	coding_exon_end	exon 1 (CDS1)	9	Ig1	Ig-like	114	178	start	105	between_domains	architecture_supported_with_minor_flags	minor_length_clamped	clamp_to_protein_length_with_minor_flag	coding-exon boundary (context)
equus_caballus	IIIc	IIIc	XM_014732944.3	XP_014588430.1	886	coding_exon_start	exon 2 (CDS2)	9	Ig1	Ig-like	114	178	start	105	between_domains	architecture_supported_with_minor_flags	minor_length_clamped	clamp_to_protein_length_with_minor_flag	coding-exon boundary (context)
equus_caballus	IIIc	IIIc	XM_014732944.3	XP_014588430.1	886	coding_exon_end	exon 2 (CDS2)	106	Ig1	Ig-like	114	178	start	8	near_domain_boundary	architecture_supported_with_minor_flags	minor_length_clamped	clamp_to_protein_length_with_minor_flag	coding-exon boundary (context)
equus_caballus	IIIc	IIIc	XM_014732944.3	XP_014588430.1	886	coding_exon_start	exon 3 (CDS3)	106	Ig1	Ig-like	114	178	start	8	near_domain_boundary	architecture_supported_with_minor_flags	minor_length_clamped	clamp_to_protein_length_with_minor_flag	coding-exon boundary (context)
equus_caballus	IIIc	IIIc	XM_014732944.3	XP_014588430.1	886	coding_exon_end	exon 3 (CDS3)	195	Ig1	Ig-like	114	178	end	17	between_domains	architecture_supported_with_minor_flags	minor_length_clamped	clamp_to_protein_length_with_minor_flag	coding-exon boundary (context)
equus_caballus	IIIc	IIIc	XM_014732944.3	XP_014588430.1	886	coding_exon_start	exon 4 (CDS4)	195	Ig1	Ig-like	114	178	end	17	between_domains	architecture_supported_with_minor_flags	minor_length_clamped	clamp_to_protein_length_with_minor_flag	coding-exon boundary (context)
equus_caballus	IIIc	IIIc	XM_014732944.3	XP_014588430.1	886	coding_exon_end	exon 4 (CDS4)	221	Ig2	Ig-like	240	317	start	19	between_domains	architecture_supported_with_minor_flags	minor_length_clamped	clamp_to_protein_length_with_minor_flag	coding-exon boundary (context)
equus_caballus	IIIc	IIIc	XM_014732944.3	XP_014588430.1	886	coding_exon_start	exon 5 (CDS5)	221	Ig2	Ig-like	240	317	start	19	between_domains	architecture_supported_with_minor_flags	minor_length_clamped	clamp_to_protein_length_with_minor_flag	coding-exon boundary (context)
equus_caballus	IIIc	IIIc	XM_014732944.3	XP_014588430.1	886	coding_exon_end	exon 5 (CDS5)	277	Ig2	Ig-like	240	317	start	37	within_domain	architecture_supported_with_minor_flags	minor_length_clamped	clamp_to_protein_length_with_minor_flag	coding-exon boundary (context)
equus_caballus	IIIc	IIIc	XM_014732944.3	XP_014588430.1	886	coding_exon_start	exon 6 (CDS6)	278	Ig2	Ig-like	240	317	start	38	within_domain	architecture_supported_with_minor_flags	minor_length_clamped	clamp_to_protein_length_with_minor_flag	coding-exon boundary (context)
equus_caballus	IIIc	IIIc	XM_014732944.3	XP_014588430.1	886	coding_exon_end	exon 6 (CDS6)	319	Ig2	Ig-like	240	317	end	2	aligned_to_domain_boundary	architecture_supported_with_minor_flags	minor_length_clamped	clamp_to_protein_length_with_minor_flag	coding-exon boundary (context)
equus_caballus	IIIc	IIIc	XM_014732944.3	XP_014588430.1	886	coding_exon_start	exon 7 (CDS7)	319	Ig2	Ig-like	240	317	end	2	aligned_to_domain_boundary	architecture_supported_with_minor_flags	minor_length_clamped	clamp_to_protein_length_with_minor_flag	coding-exon boundary (context)
equus_caballus	IIIc	IIIc	XM_014732944.3	XP_014588430.1	886	coding_exon_end	exon 7 (CDS7)	382	Ig3	Ig-like	335	415	end	33	within_domain	architecture_supported_with_minor_flags	minor_length_clamped	clamp_to_protein_length_with_minor_flag	coding-exon boundary (context)
equus_caballus	IIIc	IIIc	XM_014732944.3	XP_014588430.1	886	coding_exon_start	exon 9 (CDS9)	432	TM	TM	443	465	start	11	near_domain_boundary	architecture_supported_with_minor_flags	minor_length_clamped	clamp_to_protein_length_with_minor_flag	coding-exon boundary (context)
equus_caballus	IIIc	IIIc	XM_014732944.3	XP_014588430.1	886	coding_exon_end	exon 9 (CDS9)	499	kinase	kinase	506	839	start	7	near_domain_boundary	architecture_supported_with_minor_flags	minor_length_clamped	clamp_to_protein_length_with_minor_flag	coding-exon boundary (context)
equus_caballus	IIIc	IIIc	XM_014732944.3	XP_014588430.1	886	coding_exon_start	exon 10 (CDS10)	500	kinase	kinase	506	839	start	6	near_domain_boundary	architecture_supported_with_minor_flags	minor_length_clamped	clamp_to_protein_length_with_minor_flag	coding-exon boundary (context)
equus_caballus	IIIc	IIIc	XM_014732944.3	XP_014588430.1	886	coding_exon_end	exon 10 (CDS10)	550	kinase	kinase	506	839	start	44	within_domain	architecture_supported_with_minor_flags	minor_length_clamped	clamp_to_protein_length_with_minor_flag	coding-exon boundary (context)
equus_caballus	IIIc	IIIc	XM_014732944.3	XP_014588430.1	886	coding_exon_start	exon 11 (CDS11)	550	kinase	kinase	506	839	start	44	within_domain	architecture_supported_with_minor_flags	minor_length_clamped	clamp_to_protein_length_with_minor_flag	coding-exon boundary (context)
equus_caballus	IIIc	IIIc	XM_014732944.3	XP_014588430.1	886	coding_exon_end	exon 11 (CDS11)	591	kinase	kinase	506	839	start	85	within_domain	architecture_supported_with_minor_flags	minor_length_clamped	clamp_to_protein_length_with_minor_flag	coding-exon boundary (context)
equus_caballus	IIIc	IIIc	XM_014732944.3	XP_014588430.1	886	coding_exon_start	exon 12 (CDS12)	591	kinase	kinase	506	839	start	85	within_domain	architecture_supported_with_minor_flags	minor_length_clamped	clamp_to_protein_length_with_minor_flag	coding-exon boundary (context)
equus_caballus	IIIc	IIIc	XM_014732944.3	XP_014588430.1	886	coding_exon_end	exon 12 (CDS12)	628	kinase	kinase	506	839	start	122	within_domain	architecture_supported_with_minor_flags	minor_length_clamped	clamp_to_protein_length_with_minor_flag	coding-exon boundary (context)
equus_caballus	IIIc	IIIc	XM_014732944.3	XP_014588430.1	886	coding_exon_start	exon 13 (CDS13)	628	kinase	kinase	506	839	start	122	within_domain	architecture_supported_with_minor_flags	minor_length_clamped	clamp_to_protein_length_with_minor_flag	coding-exon boundary (context)
equus_caballus	IIIc	IIIc	XM_014732944.3	XP_014588430.1	886	coding_exon_end	exon 13 (CDS13)	691	kinase	kinase	506	839	end	148	within_domain	architecture_supported_with_minor_flags	minor_length_clamped	clamp_to_protein_length_with_minor_flag	coding-exon boundary (context)
equus_caballus	IIIc	IIIc	XM_014732944.3	XP_014588430.1	886	coding_exon_start	exon 14 (CDS14)	692	kinase	kinase	506	839	end	147	within_domain	architecture_supported_with_minor_flags	minor_length_clamped	clamp_to_protein_length_with_minor_flag	coding-exon boundary (context)
equus_caballus	IIIc	IIIc	XM_014732944.3	XP_014588430.1	886	coding_exon_end	exon 14 (CDS14)	732	kinase	kinase	506	839	end	107	within_domain	architecture_supported_with_minor_flags	minor_length_clamped	clamp_to_protein_length_with_minor_flag	coding-exon boundary (context)
equus_caballus	IIIc	IIIc	XM_014732944.3	XP_014588430.1	886	coding_exon_start	exon 15 (CDS15)	733	kinase	kinase	506	839	end	106	within_domain	architecture_supported_with_minor_flags	minor_length_clamped	clamp_to_protein_length_with_minor_flag	coding-exon boundary (context)
equus_caballus	IIIc	IIIc	XM_014732944.3	XP_014588430.1	886	coding_exon_end	exon 15 (CDS15)	756	kinase	kinase	506	839	end	83	within_domain	architecture_supported_with_minor_flags	minor_length_clamped	clamp_to_protein_length_with_minor_flag	coding-exon boundary (context)
equus_caballus	IIIc	IIIc	XM_014732944.3	XP_014588430.1	886	coding_exon_start	exon 16 (CDS16)	756	kinase	kinase	506	839	end	83	within_domain	architecture_supported_with_minor_flags	minor_length_clamped	clamp_to_protein_length_with_minor_flag	coding-exon boundary (context)
equus_caballus	IIIc	IIIc	XM_014732944.3	XP_014588430.1	886	coding_exon_end	exon 16 (CDS16)	802	kinase	kinase	506	839	end	37	within_domain	architecture_supported_with_minor_flags	minor_length_clamped	clamp_to_protein_length_with_minor_flag	coding-exon boundary (context)
equus_caballus	IIIc	IIIc	XM_014732944.3	XP_014588430.1	886	coding_exon_start	exon 17 (CDS17)	802	kinase	kinase	506	839	end	37	within_domain	architecture_supported_with_minor_flags	minor_length_clamped	clamp_to_protein_length_with_minor_flag	coding-exon boundary (context)
equus_caballus	IIIc	IIIc	XM_014732944.3	XP_014588430.1	886	coding_exon_end	exon 17 (CDS17)	837	kinase	kinase	506	839	end	2	aligned_to_domain_boundary	architecture_supported_with_minor_flags	minor_length_clamped	clamp_to_protein_length_with_minor_flag	coding-exon boundary (context)
equus_caballus	IIIc	IIIc	XM_014732944.3	XP_014588430.1	886	coding_exon_start	exon 18 (CDS18)	838	kinase	kinase	506	839	end	1	aligned_to_domain_boundary	architecture_supported_with_minor_flags	minor_length_clamped	clamp_to_protein_length_with_minor_flag	coding-exon boundary (context)
equus_caballus	IIIc	IIIc	XM_014732944.3	XP_014588430.1	886	coding_exon_end	exon 18 (CDS18)	886	kinase	kinase	506	839	end	47	between_domains	architecture_supported_with_minor_flags	minor_length_clamped	clamp_to_protein_length_with_minor_flag	coding-exon boundary (context)
felis_catus	IIIb	IIIb	XM_045040759.1	XP_044896694.1	841	cassette_start	exon 7 (IIIb cassette)	333	Ig3	Ig-like	282	376	end	43	within_domain	architecture_supported	figure3C_native	keep	cassette boundary (primary thesis metric)
felis_catus	IIIb	IIIb	XM_045040759.1	XP_044896694.1	841	cassette_end	exon 7 (IIIb cassette)	381	Ig3	Ig-like	282	376	end	5	near_domain_boundary	architecture_supported	figure3C_native	keep	cassette boundary (primary thesis metric)
felis_catus	IIIb	IIIb	XM_045040759.1	XP_044896694.1	841	coding_exon_start	exon 1 (CDS1)	1	Ig1	Ig-like	65	129	start	64	between_domains	architecture_supported	figure3C_native	keep	coding-exon boundary (context)
felis_catus	IIIb	IIIb	XM_045040759.1	XP_044896694.1	841	coding_exon_end	exon 1 (CDS1)	57	Ig1	Ig-like	65	129	start	8	near_domain_boundary	architecture_supported	figure3C_native	keep	coding-exon boundary (context)
felis_catus	IIIb	IIIb	XM_045040759.1	XP_044896694.1	841	coding_exon_start	exon 2 (CDS2)	57	Ig1	Ig-like	65	129	start	8	near_domain_boundary	architecture_supported	figure3C_native	keep	coding-exon boundary (context)
felis_catus	IIIb	IIIb	XM_045040759.1	XP_044896694.1	841	coding_exon_end	exon 2 (CDS2)	146	Ig1	Ig-like	65	129	end	17	between_domains	architecture_supported	figure3C_native	keep	coding-exon boundary (context)
felis_catus	IIIb	IIIb	XM_045040759.1	XP_044896694.1	841	coding_exon_start	exon 3 (CDS3)	146	Ig1	Ig-like	65	129	end	17	between_domains	architecture_supported	figure3C_native	keep	coding-exon boundary (context)
felis_catus	IIIb	IIIb	XM_045040759.1	XP_044896694.1	841	coding_exon_end	exon 3 (CDS3)	171	Ig2	Ig-like	190	267	start	19	between_domains	architecture_supported	figure3C_native	keep	coding-exon boundary (context)
felis_catus	IIIb	IIIb	XM_045040759.1	XP_044896694.1	841	coding_exon_start	exon 4 (CDS4)	171	Ig2	Ig-like	190	267	start	19	between_domains	architecture_supported	figure3C_native	keep	coding-exon boundary (context)
felis_catus	IIIb	IIIb	XM_045040759.1	XP_044896694.1	841	coding_exon_end	exon 4 (CDS4)	227	Ig2	Ig-like	190	267	start	37	within_domain	architecture_supported	figure3C_native	keep	coding-exon boundary (context)
felis_catus	IIIb	IIIb	XM_045040759.1	XP_044896694.1	841	coding_exon_start	exon 5 (CDS5)	228	Ig2	Ig-like	190	267	start	38	within_domain	architecture_supported	figure3C_native	keep	coding-exon boundary (context)
felis_catus	IIIb	IIIb	XM_045040759.1	XP_044896694.1	841	coding_exon_end	exon 5 (CDS5)	269	Ig2	Ig-like	190	267	end	2	aligned_to_domain_boundary	architecture_supported	figure3C_native	keep	coding-exon boundary (context)
felis_catus	IIIb	IIIb	XM_045040759.1	XP_044896694.1	841	coding_exon_start	exon 6 (CDS6)	269	Ig2	Ig-like	190	267	end	2	aligned_to_domain_boundary	architecture_supported	figure3C_native	keep	coding-exon boundary (context)
felis_catus	IIIb	IIIb	XM_045040759.1	XP_044896694.1	841	coding_exon_end	exon 6 (CDS6)	332	Ig3	Ig-like	282	376	end	44	within_domain	architecture_supported	figure3C_native	keep	coding-exon boundary (context)
felis_catus	IIIb	IIIb	XM_045040759.1	XP_044896694.1	841	coding_exon_start	exon 8 (CDS8)	381	Ig3	Ig-like	282	376	end	5	near_domain_boundary	architecture_supported	figure3C_native	keep	coding-exon boundary (context)
felis_catus	IIIb	IIIb	XM_045040759.1	XP_044896694.1	841	coding_exon_end	exon 8 (CDS8)	448	kinase	kinase	457	790	start	9	near_domain_boundary	architecture_supported	figure3C_native	keep	coding-exon boundary (context)
felis_catus	IIIb	IIIb	XM_045040759.1	XP_044896694.1	841	coding_exon_start	exon 9 (CDS9)	449	kinase	kinase	457	790	start	8	near_domain_boundary	architecture_supported	figure3C_native	keep	coding-exon boundary (context)
felis_catus	IIIb	IIIb	XM_045040759.1	XP_044896694.1	841	coding_exon_end	exon 9 (CDS9)	499	kinase	kinase	457	790	start	42	within_domain	architecture_supported	figure3C_native	keep	coding-exon boundary (context)
felis_catus	IIIb	IIIb	XM_045040759.1	XP_044896694.1	841	coding_exon_start	exon 10 (CDS10)	499	kinase	kinase	457	790	start	42	within_domain	architecture_supported	figure3C_native	keep	coding-exon boundary (context)
felis_catus	IIIb	IIIb	XM_045040759.1	XP_044896694.1	841	coding_exon_end	exon 10 (CDS10)	540	kinase	kinase	457	790	start	83	within_domain	architecture_supported	figure3C_native	keep	coding-exon boundary (context)
felis_catus	IIIb	IIIb	XM_045040759.1	XP_044896694.1	841	coding_exon_start	exon 11 (CDS11)	540	kinase	kinase	457	790	start	83	within_domain	architecture_supported	figure3C_native	keep	coding-exon boundary (context)
felis_catus	IIIb	IIIb	XM_045040759.1	XP_044896694.1	841	coding_exon_end	exon 11 (CDS11)	577	kinase	kinase	457	790	start	120	within_domain	architecture_supported	figure3C_native	keep	coding-exon boundary (context)
felis_catus	IIIb	IIIb	XM_045040759.1	XP_044896694.1	841	coding_exon_start	exon 12 (CDS12)	577	kinase	kinase	457	790	start	120	within_domain	architecture_supported	figure3C_native	keep	coding-exon boundary (context)
felis_catus	IIIb	IIIb	XM_045040759.1	XP_044896694.1	841	coding_exon_end	exon 12 (CDS12)	640	kinase	kinase	457	790	end	150	within_domain	architecture_supported	figure3C_native	keep	coding-exon boundary (context)
felis_catus	IIIb	IIIb	XM_045040759.1	XP_044896694.1	841	coding_exon_start	exon 13 (CDS13)	641	kinase	kinase	457	790	end	149	within_domain	architecture_supported	figure3C_native	keep	coding-exon boundary (context)
felis_catus	IIIb	IIIb	XM_045040759.1	XP_044896694.1	841	coding_exon_end	exon 13 (CDS13)	681	kinase	kinase	457	790	end	109	within_domain	architecture_supported	figure3C_native	keep	coding-exon boundary (context)
felis_catus	IIIb	IIIb	XM_045040759.1	XP_044896694.1	841	coding_exon_start	exon 14 (CDS14)	682	kinase	kinase	457	790	end	108	within_domain	architecture_supported	figure3C_native	keep	coding-exon boundary (context)
felis_catus	IIIb	IIIb	XM_045040759.1	XP_044896694.1	841	coding_exon_end	exon 14 (CDS14)	705	kinase	kinase	457	790	end	85	within_domain	architecture_supported	figure3C_native	keep	coding-exon boundary (context)
felis_catus	IIIb	IIIb	XM_045040759.1	XP_044896694.1	841	coding_exon_start	exon 15 (CDS15)	705	kinase	kinase	457	790	end	85	within_domain	architecture_supported	figure3C_native	keep	coding-exon boundary (context)
felis_catus	IIIb	IIIb	XM_045040759.1	XP_044896694.1	841	coding_exon_end	exon 15 (CDS15)	751	kinase	kinase	457	790	end	39	within_domain	architecture_supported	figure3C_native	keep	coding-exon boundary (context)
felis_catus	IIIb	IIIb	XM_045040759.1	XP_044896694.1	841	coding_exon_start	exon 16 (CDS16)	751	kinase	kinase	457	790	end	39	within_domain	architecture_supported	figure3C_native	keep	coding-exon boundary (context)
felis_catus	IIIb	IIIb	XM_045040759.1	XP_044896694.1	841	coding_exon_end	exon 16 (CDS16)	786	kinase	kinase	457	790	end	4	near_domain_boundary	architecture_supported	figure3C_native	keep	coding-exon boundary (context)
felis_catus	IIIb	IIIb	XM_045040759.1	XP_044896694.1	841	coding_exon_start	exon 17 (CDS17)	787	kinase	kinase	457	790	end	3	aligned_to_domain_boundary	architecture_supported	figure3C_native	keep	coding-exon boundary (context)
felis_catus	IIIb	IIIb	XM_045040759.1	XP_044896694.1	841	coding_exon_end	exon 17 (CDS17)	841	kinase	kinase	457	790	end	51	between_domains	architecture_supported	figure3C_native	keep	coding-exon boundary (context)
felis_catus	IIIc	IIIc	XM_045040760.1	XP_044896695.1	840	cassette_start	exon 7 (IIIc cassette)	333	Ig3	Ig-like	285	365	end	32	within_domain	architecture_supported	minor_length_clamped	clamp_to_protein_length_with_minor_flag	cassette boundary (primary thesis metric)
felis_catus	IIIc	IIIc	XM_045040760.1	XP_044896695.1	840	cassette_end	exon 7 (IIIc cassette)	382	TM	TM	393	415	start	11	near_domain_boundary	architecture_supported	minor_length_clamped	clamp_to_protein_length_with_minor_flag	cassette boundary (primary thesis metric)
felis_catus	IIIc	IIIc	XM_045040760.1	XP_044896695.1	840	coding_exon_start	exon 1 (CDS1)	1	Ig1	Ig-like	65	129	start	64	between_domains	architecture_supported	minor_length_clamped	clamp_to_protein_length_with_minor_flag	coding-exon boundary (context)
felis_catus	IIIc	IIIc	XM_045040760.1	XP_044896695.1	840	coding_exon_end	exon 1 (CDS1)	57	Ig1	Ig-like	65	129	start	8	near_domain_boundary	architecture_supported	minor_length_clamped	clamp_to_protein_length_with_minor_flag	coding-exon boundary (context)
felis_catus	IIIc	IIIc	XM_045040760.1	XP_044896695.1	840	coding_exon_start	exon 2 (CDS2)	57	Ig1	Ig-like	65	129	start	8	near_domain_boundary	architecture_supported	minor_length_clamped	clamp_to_protein_length_with_minor_flag	coding-exon boundary (context)
felis_catus	IIIc	IIIc	XM_045040760.1	XP_044896695.1	840	coding_exon_end	exon 2 (CDS2)	146	Ig1	Ig-like	65	129	end	17	between_domains	architecture_supported	minor_length_clamped	clamp_to_protein_length_with_minor_flag	coding-exon boundary (context)
felis_catus	IIIc	IIIc	XM_045040760.1	XP_044896695.1	840	coding_exon_start	exon 3 (CDS3)	146	Ig1	Ig-like	65	129	end	17	between_domains	architecture_supported	minor_length_clamped	clamp_to_protein_length_with_minor_flag	coding-exon boundary (context)
felis_catus	IIIc	IIIc	XM_045040760.1	XP_044896695.1	840	coding_exon_end	exon 3 (CDS3)	171	Ig2	Ig-like	190	267	start	19	between_domains	architecture_supported	minor_length_clamped	clamp_to_protein_length_with_minor_flag	coding-exon boundary (context)
felis_catus	IIIc	IIIc	XM_045040760.1	XP_044896695.1	840	coding_exon_start	exon 4 (CDS4)	171	Ig2	Ig-like	190	267	start	19	between_domains	architecture_supported	minor_length_clamped	clamp_to_protein_length_with_minor_flag	coding-exon boundary (context)
felis_catus	IIIc	IIIc	XM_045040760.1	XP_044896695.1	840	coding_exon_end	exon 4 (CDS4)	227	Ig2	Ig-like	190	267	start	37	within_domain	architecture_supported	minor_length_clamped	clamp_to_protein_length_with_minor_flag	coding-exon boundary (context)
felis_catus	IIIc	IIIc	XM_045040760.1	XP_044896695.1	840	coding_exon_start	exon 5 (CDS5)	228	Ig2	Ig-like	190	267	start	38	within_domain	architecture_supported	minor_length_clamped	clamp_to_protein_length_with_minor_flag	coding-exon boundary (context)
felis_catus	IIIc	IIIc	XM_045040760.1	XP_044896695.1	840	coding_exon_end	exon 5 (CDS5)	269	Ig2	Ig-like	190	267	end	2	aligned_to_domain_boundary	architecture_supported	minor_length_clamped	clamp_to_protein_length_with_minor_flag	coding-exon boundary (context)
felis_catus	IIIc	IIIc	XM_045040760.1	XP_044896695.1	840	coding_exon_start	exon 6 (CDS6)	269	Ig2	Ig-like	190	267	end	2	aligned_to_domain_boundary	architecture_supported	minor_length_clamped	clamp_to_protein_length_with_minor_flag	coding-exon boundary (context)
felis_catus	IIIc	IIIc	XM_045040760.1	XP_044896695.1	840	coding_exon_end	exon 6 (CDS6)	332	Ig3	Ig-like	285	365	end	33	within_domain	architecture_supported	minor_length_clamped	clamp_to_protein_length_with_minor_flag	coding-exon boundary (context)
felis_catus	IIIc	IIIc	XM_045040760.1	XP_044896695.1	840	coding_exon_start	exon 8 (CDS8)	382	TM	TM	393	415	start	11	near_domain_boundary	architecture_supported	minor_length_clamped	clamp_to_protein_length_with_minor_flag	coding-exon boundary (context)
felis_catus	IIIc	IIIc	XM_045040760.1	XP_044896695.1	840	coding_exon_end	exon 8 (CDS8)	449	kinase	kinase	456	789	start	7	near_domain_boundary	architecture_supported	minor_length_clamped	clamp_to_protein_length_with_minor_flag	coding-exon boundary (context)
felis_catus	IIIc	IIIc	XM_045040760.1	XP_044896695.1	840	coding_exon_start	exon 9 (CDS9)	450	kinase	kinase	456	789	start	6	near_domain_boundary	architecture_supported	minor_length_clamped	clamp_to_protein_length_with_minor_flag	coding-exon boundary (context)
felis_catus	IIIc	IIIc	XM_045040760.1	XP_044896695.1	840	coding_exon_end	exon 9 (CDS9)	500	kinase	kinase	456	789	start	44	within_domain	architecture_supported	minor_length_clamped	clamp_to_protein_length_with_minor_flag	coding-exon boundary (context)
felis_catus	IIIc	IIIc	XM_045040760.1	XP_044896695.1	840	coding_exon_start	exon 10 (CDS10)	500	kinase	kinase	456	789	start	44	within_domain	architecture_supported	minor_length_clamped	clamp_to_protein_length_with_minor_flag	coding-exon boundary (context)
felis_catus	IIIc	IIIc	XM_045040760.1	XP_044896695.1	840	coding_exon_end	exon 10 (CDS10)	541	kinase	kinase	456	789	start	85	within_domain	architecture_supported	minor_length_clamped	clamp_to_protein_length_with_minor_flag	coding-exon boundary (context)
felis_catus	IIIc	IIIc	XM_045040760.1	XP_044896695.1	840	coding_exon_start	exon 11 (CDS11)	541	kinase	kinase	456	789	start	85	within_domain	architecture_supported	minor_length_clamped	clamp_to_protein_length_with_minor_flag	coding-exon boundary (context)
felis_catus	IIIc	IIIc	XM_045040760.1	XP_044896695.1	840	coding_exon_end	exon 11 (CDS11)	578	kinase	kinase	456	789	start	122	within_domain	architecture_supported	minor_length_clamped	clamp_to_protein_length_with_minor_flag	coding-exon boundary (context)
felis_catus	IIIc	IIIc	XM_045040760.1	XP_044896695.1	840	coding_exon_start	exon 12 (CDS12)	578	kinase	kinase	456	789	start	122	within_domain	architecture_supported	minor_length_clamped	clamp_to_protein_length_with_minor_flag	coding-exon boundary (context)
felis_catus	IIIc	IIIc	XM_045040760.1	XP_044896695.1	840	coding_exon_end	exon 12 (CDS12)	641	kinase	kinase	456	789	end	148	within_domain	architecture_supported	minor_length_clamped	clamp_to_protein_length_with_minor_flag	coding-exon boundary (context)
felis_catus	IIIc	IIIc	XM_045040760.1	XP_044896695.1	840	coding_exon_start	exon 13 (CDS13)	642	kinase	kinase	456	789	end	147	within_domain	architecture_supported	minor_length_clamped	clamp_to_protein_length_with_minor_flag	coding-exon boundary (context)
felis_catus	IIIc	IIIc	XM_045040760.1	XP_044896695.1	840	coding_exon_end	exon 13 (CDS13)	682	kinase	kinase	456	789	end	107	within_domain	architecture_supported	minor_length_clamped	clamp_to_protein_length_with_minor_flag	coding-exon boundary (context)
felis_catus	IIIc	IIIc	XM_045040760.1	XP_044896695.1	840	coding_exon_start	exon 14 (CDS14)	683	kinase	kinase	456	789	end	106	within_domain	architecture_supported	minor_length_clamped	clamp_to_protein_length_with_minor_flag	coding-exon boundary (context)
felis_catus	IIIc	IIIc	XM_045040760.1	XP_044896695.1	840	coding_exon_end	exon 14 (CDS14)	706	kinase	kinase	456	789	end	83	within_domain	architecture_supported	minor_length_clamped	clamp_to_protein_length_with_minor_flag	coding-exon boundary (context)
felis_catus	IIIc	IIIc	XM_045040760.1	XP_044896695.1	840	coding_exon_start	exon 15 (CDS15)	706	kinase	kinase	456	789	end	83	within_domain	architecture_supported	minor_length_clamped	clamp_to_protein_length_with_minor_flag	coding-exon boundary (context)
felis_catus	IIIc	IIIc	XM_045040760.1	XP_044896695.1	840	coding_exon_end	exon 15 (CDS15)	752	kinase	kinase	456	789	end	37	within_domain	architecture_supported	minor_length_clamped	clamp_to_protein_length_with_minor_flag	coding-exon boundary (context)
felis_catus	IIIc	IIIc	XM_045040760.1	XP_044896695.1	840	coding_exon_start	exon 16 (CDS16)	752	kinase	kinase	456	789	end	37	within_domain	architecture_supported	minor_length_clamped	clamp_to_protein_length_with_minor_flag	coding-exon boundary (context)
felis_catus	IIIc	IIIc	XM_045040760.1	XP_044896695.1	840	coding_exon_end	exon 16 (CDS16)	787	kinase	kinase	456	789	end	2	aligned_to_domain_boundary	architecture_supported	minor_length_clamped	clamp_to_protein_length_with_minor_flag	coding-exon boundary (context)
felis_catus	IIIc	IIIc	XM_045040760.1	XP_044896695.1	840	coding_exon_start	exon 17 (CDS17)	788	kinase	kinase	456	789	end	1	aligned_to_domain_boundary	architecture_supported	minor_length_clamped	clamp_to_protein_length_with_minor_flag	coding-exon boundary (context)
felis_catus	IIIc	IIIc	XM_045040760.1	XP_044896695.1	840	coding_exon_end	exon 17 (CDS17)	840	kinase	kinase	456	789	end	51	between_domains	architecture_supported	minor_length_clamped	clamp_to_protein_length_with_minor_flag	coding-exon boundary (context)
gallus_gallus	IIIb	IIIb	XM_046942740.1	XP_046798696.1	843	cassette_start	exon 7 (IIIb cassette)	335	Ig3	Ig-like	284	378	end	43	within_domain	architecture_supported	figure3C_native	keep	cassette boundary (primary thesis metric)
gallus_gallus	IIIb	IIIb	XM_046942740.1	XP_046798696.1	843	cassette_end	exon 7 (IIIb cassette)	383	Ig3	Ig-like	284	378	end	5	near_domain_boundary	architecture_supported	figure3C_native	keep	cassette boundary (primary thesis metric)
gallus_gallus	IIIb	IIIb	XM_046942740.1	XP_046798696.1	843	coding_exon_start	exon 1 (CDS1)	1	Ig1	Ig-like	67	131	start	66	between_domains	architecture_supported	figure3C_native	keep	coding-exon boundary (context)
gallus_gallus	IIIb	IIIb	XM_046942740.1	XP_046798696.1	843	coding_exon_end	exon 1 (CDS1)	59	Ig1	Ig-like	67	131	start	8	near_domain_boundary	architecture_supported	figure3C_native	keep	coding-exon boundary (context)
gallus_gallus	IIIb	IIIb	XM_046942740.1	XP_046798696.1	843	coding_exon_start	exon 2 (CDS2)	59	Ig1	Ig-like	67	131	start	8	near_domain_boundary	architecture_supported	figure3C_native	keep	coding-exon boundary (context)
gallus_gallus	IIIb	IIIb	XM_046942740.1	XP_046798696.1	843	coding_exon_end	exon 2 (CDS2)	148	Ig1	Ig-like	67	131	end	17	between_domains	architecture_supported	figure3C_native	keep	coding-exon boundary (context)
gallus_gallus	IIIb	IIIb	XM_046942740.1	XP_046798696.1	843	coding_exon_start	exon 3 (CDS3)	148	Ig1	Ig-like	67	131	end	17	between_domains	architecture_supported	figure3C_native	keep	coding-exon boundary (context)
gallus_gallus	IIIb	IIIb	XM_046942740.1	XP_046798696.1	843	coding_exon_end	exon 3 (CDS3)	173	Ig2	Ig-like	192	269	start	19	between_domains	architecture_supported	figure3C_native	keep	coding-exon boundary (context)
gallus_gallus	IIIb	IIIb	XM_046942740.1	XP_046798696.1	843	coding_exon_start	exon 4 (CDS4)	173	Ig2	Ig-like	192	269	start	19	between_domains	architecture_supported	figure3C_native	keep	coding-exon boundary (context)
gallus_gallus	IIIb	IIIb	XM_046942740.1	XP_046798696.1	843	coding_exon_end	exon 4 (CDS4)	229	Ig2	Ig-like	192	269	start	37	within_domain	architecture_supported	figure3C_native	keep	coding-exon boundary (context)
gallus_gallus	IIIb	IIIb	XM_046942740.1	XP_046798696.1	843	coding_exon_start	exon 5 (CDS5)	230	Ig2	Ig-like	192	269	start	38	within_domain	architecture_supported	figure3C_native	keep	coding-exon boundary (context)
gallus_gallus	IIIb	IIIb	XM_046942740.1	XP_046798696.1	843	coding_exon_end	exon 5 (CDS5)	271	Ig2	Ig-like	192	269	end	2	aligned_to_domain_boundary	architecture_supported	figure3C_native	keep	coding-exon boundary (context)
gallus_gallus	IIIb	IIIb	XM_046942740.1	XP_046798696.1	843	coding_exon_start	exon 6 (CDS6)	271	Ig2	Ig-like	192	269	end	2	aligned_to_domain_boundary	architecture_supported	figure3C_native	keep	coding-exon boundary (context)
gallus_gallus	IIIb	IIIb	XM_046942740.1	XP_046798696.1	843	coding_exon_end	exon 6 (CDS6)	334	Ig3	Ig-like	284	378	end	44	within_domain	architecture_supported	figure3C_native	keep	coding-exon boundary (context)
gallus_gallus	IIIb	IIIb	XM_046942740.1	XP_046798696.1	843	coding_exon_start	exon 8 (CDS8)	383	Ig3	Ig-like	284	378	end	5	near_domain_boundary	architecture_supported	figure3C_native	keep	coding-exon boundary (context)
gallus_gallus	IIIb	IIIb	XM_046942740.1	XP_046798696.1	843	coding_exon_end	exon 8 (CDS8)	450	kinase	kinase	459	792	start	9	near_domain_boundary	architecture_supported	figure3C_native	keep	coding-exon boundary (context)
gallus_gallus	IIIb	IIIb	XM_046942740.1	XP_046798696.1	843	coding_exon_start	exon 9 (CDS9)	451	kinase	kinase	459	792	start	8	near_domain_boundary	architecture_supported	figure3C_native	keep	coding-exon boundary (context)
gallus_gallus	IIIb	IIIb	XM_046942740.1	XP_046798696.1	843	coding_exon_end	exon 9 (CDS9)	501	kinase	kinase	459	792	start	42	within_domain	architecture_supported	figure3C_native	keep	coding-exon boundary (context)
gallus_gallus	IIIb	IIIb	XM_046942740.1	XP_046798696.1	843	coding_exon_start	exon 10 (CDS10)	501	kinase	kinase	459	792	start	42	within_domain	architecture_supported	figure3C_native	keep	coding-exon boundary (context)
gallus_gallus	IIIb	IIIb	XM_046942740.1	XP_046798696.1	843	coding_exon_end	exon 10 (CDS10)	542	kinase	kinase	459	792	start	83	within_domain	architecture_supported	figure3C_native	keep	coding-exon boundary (context)
gallus_gallus	IIIb	IIIb	XM_046942740.1	XP_046798696.1	843	coding_exon_start	exon 11 (CDS11)	542	kinase	kinase	459	792	start	83	within_domain	architecture_supported	figure3C_native	keep	coding-exon boundary (context)
gallus_gallus	IIIb	IIIb	XM_046942740.1	XP_046798696.1	843	coding_exon_end	exon 11 (CDS11)	579	kinase	kinase	459	792	start	120	within_domain	architecture_supported	figure3C_native	keep	coding-exon boundary (context)
gallus_gallus	IIIb	IIIb	XM_046942740.1	XP_046798696.1	843	coding_exon_start	exon 12 (CDS12)	579	kinase	kinase	459	792	start	120	within_domain	architecture_supported	figure3C_native	keep	coding-exon boundary (context)
gallus_gallus	IIIb	IIIb	XM_046942740.1	XP_046798696.1	843	coding_exon_end	exon 12 (CDS12)	642	kinase	kinase	459	792	end	150	within_domain	architecture_supported	figure3C_native	keep	coding-exon boundary (context)
gallus_gallus	IIIb	IIIb	XM_046942740.1	XP_046798696.1	843	coding_exon_start	exon 13 (CDS13)	643	kinase	kinase	459	792	end	149	within_domain	architecture_supported	figure3C_native	keep	coding-exon boundary (context)
gallus_gallus	IIIb	IIIb	XM_046942740.1	XP_046798696.1	843	coding_exon_end	exon 13 (CDS13)	683	kinase	kinase	459	792	end	109	within_domain	architecture_supported	figure3C_native	keep	coding-exon boundary (context)
gallus_gallus	IIIb	IIIb	XM_046942740.1	XP_046798696.1	843	coding_exon_start	exon 14 (CDS14)	684	kinase	kinase	459	792	end	108	within_domain	architecture_supported	figure3C_native	keep	coding-exon boundary (context)
gallus_gallus	IIIb	IIIb	XM_046942740.1	XP_046798696.1	843	coding_exon_end	exon 14 (CDS14)	707	kinase	kinase	459	792	end	85	within_domain	architecture_supported	figure3C_native	keep	coding-exon boundary (context)
gallus_gallus	IIIb	IIIb	XM_046942740.1	XP_046798696.1	843	coding_exon_start	exon 15 (CDS15)	707	kinase	kinase	459	792	end	85	within_domain	architecture_supported	figure3C_native	keep	coding-exon boundary (context)
gallus_gallus	IIIb	IIIb	XM_046942740.1	XP_046798696.1	843	coding_exon_end	exon 15 (CDS15)	753	kinase	kinase	459	792	end	39	within_domain	architecture_supported	figure3C_native	keep	coding-exon boundary (context)
gallus_gallus	IIIb	IIIb	XM_046942740.1	XP_046798696.1	843	coding_exon_start	exon 16 (CDS16)	753	kinase	kinase	459	792	end	39	within_domain	architecture_supported	figure3C_native	keep	coding-exon boundary (context)
gallus_gallus	IIIb	IIIb	XM_046942740.1	XP_046798696.1	843	coding_exon_end	exon 16 (CDS16)	788	kinase	kinase	459	792	end	4	near_domain_boundary	architecture_supported	figure3C_native	keep	coding-exon boundary (context)
gallus_gallus	IIIb	IIIb	XM_046942740.1	XP_046798696.1	843	coding_exon_start	exon 17 (CDS17)	789	kinase	kinase	459	792	end	3	aligned_to_domain_boundary	architecture_supported	figure3C_native	keep	coding-exon boundary (context)
gallus_gallus	IIIb	IIIb	XM_046942740.1	XP_046798696.1	843	coding_exon_end	exon 17 (CDS17)	843	kinase	kinase	459	792	end	51	between_domains	architecture_supported	figure3C_native	keep	coding-exon boundary (context)
gallus_gallus	IIIc	IIIc	NM_205319.4	NP_990650.2	842	cassette_start	exon 7 (IIIc cassette)	335	Ig3	Ig-like	286	367	end	32	within_domain	architecture_supported	minor_length_clamped	clamp_to_protein_length_with_minor_flag	cassette boundary (primary thesis metric)
gallus_gallus	IIIc	IIIc	NM_205319.4	NP_990650.2	842	cassette_end	exon 7 (IIIc cassette)	384	TM	TM	395	417	start	11	near_domain_boundary	architecture_supported	minor_length_clamped	clamp_to_protein_length_with_minor_flag	cassette boundary (primary thesis metric)
gallus_gallus	IIIc	IIIc	NM_205319.4	NP_990650.2	842	coding_exon_start	exon 1 (CDS1)	1	Ig1	Ig-like	67	131	start	66	between_domains	architecture_supported	minor_length_clamped	clamp_to_protein_length_with_minor_flag	coding-exon boundary (context)
gallus_gallus	IIIc	IIIc	NM_205319.4	NP_990650.2	842	coding_exon_end	exon 1 (CDS1)	59	Ig1	Ig-like	67	131	start	8	near_domain_boundary	architecture_supported	minor_length_clamped	clamp_to_protein_length_with_minor_flag	coding-exon boundary (context)
gallus_gallus	IIIc	IIIc	NM_205319.4	NP_990650.2	842	coding_exon_start	exon 2 (CDS2)	59	Ig1	Ig-like	67	131	start	8	near_domain_boundary	architecture_supported	minor_length_clamped	clamp_to_protein_length_with_minor_flag	coding-exon boundary (context)
gallus_gallus	IIIc	IIIc	NM_205319.4	NP_990650.2	842	coding_exon_end	exon 2 (CDS2)	148	Ig1	Ig-like	67	131	end	17	between_domains	architecture_supported	minor_length_clamped	clamp_to_protein_length_with_minor_flag	coding-exon boundary (context)
gallus_gallus	IIIc	IIIc	NM_205319.4	NP_990650.2	842	coding_exon_start	exon 3 (CDS3)	148	Ig1	Ig-like	67	131	end	17	between_domains	architecture_supported	minor_length_clamped	clamp_to_protein_length_with_minor_flag	coding-exon boundary (context)
gallus_gallus	IIIc	IIIc	NM_205319.4	NP_990650.2	842	coding_exon_end	exon 3 (CDS3)	173	Ig2	Ig-like	192	269	start	19	between_domains	architecture_supported	minor_length_clamped	clamp_to_protein_length_with_minor_flag	coding-exon boundary (context)
gallus_gallus	IIIc	IIIc	NM_205319.4	NP_990650.2	842	coding_exon_start	exon 4 (CDS4)	173	Ig2	Ig-like	192	269	start	19	between_domains	architecture_supported	minor_length_clamped	clamp_to_protein_length_with_minor_flag	coding-exon boundary (context)
gallus_gallus	IIIc	IIIc	NM_205319.4	NP_990650.2	842	coding_exon_end	exon 4 (CDS4)	229	Ig2	Ig-like	192	269	start	37	within_domain	architecture_supported	minor_length_clamped	clamp_to_protein_length_with_minor_flag	coding-exon boundary (context)
gallus_gallus	IIIc	IIIc	NM_205319.4	NP_990650.2	842	coding_exon_start	exon 5 (CDS5)	230	Ig2	Ig-like	192	269	start	38	within_domain	architecture_supported	minor_length_clamped	clamp_to_protein_length_with_minor_flag	coding-exon boundary (context)
gallus_gallus	IIIc	IIIc	NM_205319.4	NP_990650.2	842	coding_exon_end	exon 5 (CDS5)	271	Ig2	Ig-like	192	269	end	2	aligned_to_domain_boundary	architecture_supported	minor_length_clamped	clamp_to_protein_length_with_minor_flag	coding-exon boundary (context)
gallus_gallus	IIIc	IIIc	NM_205319.4	NP_990650.2	842	coding_exon_start	exon 6 (CDS6)	271	Ig2	Ig-like	192	269	end	2	aligned_to_domain_boundary	architecture_supported	minor_length_clamped	clamp_to_protein_length_with_minor_flag	coding-exon boundary (context)
gallus_gallus	IIIc	IIIc	NM_205319.4	NP_990650.2	842	coding_exon_end	exon 6 (CDS6)	334	Ig3	Ig-like	286	367	end	33	within_domain	architecture_supported	minor_length_clamped	clamp_to_protein_length_with_minor_flag	coding-exon boundary (context)
gallus_gallus	IIIc	IIIc	NM_205319.4	NP_990650.2	842	coding_exon_start	exon 8 (CDS8)	384	TM	TM	395	417	start	11	near_domain_boundary	architecture_supported	minor_length_clamped	clamp_to_protein_length_with_minor_flag	coding-exon boundary (context)
gallus_gallus	IIIc	IIIc	NM_205319.4	NP_990650.2	842	coding_exon_end	exon 8 (CDS8)	451	kinase	kinase	458	791	start	7	near_domain_boundary	architecture_supported	minor_length_clamped	clamp_to_protein_length_with_minor_flag	coding-exon boundary (context)
gallus_gallus	IIIc	IIIc	NM_205319.4	NP_990650.2	842	coding_exon_start	exon 9 (CDS9)	452	kinase	kinase	458	791	start	6	near_domain_boundary	architecture_supported	minor_length_clamped	clamp_to_protein_length_with_minor_flag	coding-exon boundary (context)
gallus_gallus	IIIc	IIIc	NM_205319.4	NP_990650.2	842	coding_exon_end	exon 9 (CDS9)	502	kinase	kinase	458	791	start	44	within_domain	architecture_supported	minor_length_clamped	clamp_to_protein_length_with_minor_flag	coding-exon boundary (context)
gallus_gallus	IIIc	IIIc	NM_205319.4	NP_990650.2	842	coding_exon_start	exon 10 (CDS10)	502	kinase	kinase	458	791	start	44	within_domain	architecture_supported	minor_length_clamped	clamp_to_protein_length_with_minor_flag	coding-exon boundary (context)
gallus_gallus	IIIc	IIIc	NM_205319.4	NP_990650.2	842	coding_exon_end	exon 10 (CDS10)	543	kinase	kinase	458	791	start	85	within_domain	architecture_supported	minor_length_clamped	clamp_to_protein_length_with_minor_flag	coding-exon boundary (context)
gallus_gallus	IIIc	IIIc	NM_205319.4	NP_990650.2	842	coding_exon_start	exon 11 (CDS11)	543	kinase	kinase	458	791	start	85	within_domain	architecture_supported	minor_length_clamped	clamp_to_protein_length_with_minor_flag	coding-exon boundary (context)
gallus_gallus	IIIc	IIIc	NM_205319.4	NP_990650.2	842	coding_exon_end	exon 11 (CDS11)	580	kinase	kinase	458	791	start	122	within_domain	architecture_supported	minor_length_clamped	clamp_to_protein_length_with_minor_flag	coding-exon boundary (context)
gallus_gallus	IIIc	IIIc	NM_205319.4	NP_990650.2	842	coding_exon_start	exon 12 (CDS12)	580	kinase	kinase	458	791	start	122	within_domain	architecture_supported	minor_length_clamped	clamp_to_protein_length_with_minor_flag	coding-exon boundary (context)
gallus_gallus	IIIc	IIIc	NM_205319.4	NP_990650.2	842	coding_exon_end	exon 12 (CDS12)	643	kinase	kinase	458	791	end	148	within_domain	architecture_supported	minor_length_clamped	clamp_to_protein_length_with_minor_flag	coding-exon boundary (context)
gallus_gallus	IIIc	IIIc	NM_205319.4	NP_990650.2	842	coding_exon_start	exon 13 (CDS13)	644	kinase	kinase	458	791	end	147	within_domain	architecture_supported	minor_length_clamped	clamp_to_protein_length_with_minor_flag	coding-exon boundary (context)
gallus_gallus	IIIc	IIIc	NM_205319.4	NP_990650.2	842	coding_exon_end	exon 13 (CDS13)	684	kinase	kinase	458	791	end	107	within_domain	architecture_supported	minor_length_clamped	clamp_to_protein_length_with_minor_flag	coding-exon boundary (context)
gallus_gallus	IIIc	IIIc	NM_205319.4	NP_990650.2	842	coding_exon_start	exon 14 (CDS14)	685	kinase	kinase	458	791	end	106	within_domain	architecture_supported	minor_length_clamped	clamp_to_protein_length_with_minor_flag	coding-exon boundary (context)
gallus_gallus	IIIc	IIIc	NM_205319.4	NP_990650.2	842	coding_exon_end	exon 14 (CDS14)	708	kinase	kinase	458	791	end	83	within_domain	architecture_supported	minor_length_clamped	clamp_to_protein_length_with_minor_flag	coding-exon boundary (context)
gallus_gallus	IIIc	IIIc	NM_205319.4	NP_990650.2	842	coding_exon_start	exon 15 (CDS15)	708	kinase	kinase	458	791	end	83	within_domain	architecture_supported	minor_length_clamped	clamp_to_protein_length_with_minor_flag	coding-exon boundary (context)
gallus_gallus	IIIc	IIIc	NM_205319.4	NP_990650.2	842	coding_exon_end	exon 15 (CDS15)	754	kinase	kinase	458	791	end	37	within_domain	architecture_supported	minor_length_clamped	clamp_to_protein_length_with_minor_flag	coding-exon boundary (context)
gallus_gallus	IIIc	IIIc	NM_205319.4	NP_990650.2	842	coding_exon_start	exon 16 (CDS16)	754	kinase	kinase	458	791	end	37	within_domain	architecture_supported	minor_length_clamped	clamp_to_protein_length_with_minor_flag	coding-exon boundary (context)
gallus_gallus	IIIc	IIIc	NM_205319.4	NP_990650.2	842	coding_exon_end	exon 16 (CDS16)	789	kinase	kinase	458	791	end	2	aligned_to_domain_boundary	architecture_supported	minor_length_clamped	clamp_to_protein_length_with_minor_flag	coding-exon boundary (context)
gallus_gallus	IIIc	IIIc	NM_205319.4	NP_990650.2	842	coding_exon_start	exon 17 (CDS17)	790	kinase	kinase	458	791	end	1	aligned_to_domain_boundary	architecture_supported	minor_length_clamped	clamp_to_protein_length_with_minor_flag	coding-exon boundary (context)
gallus_gallus	IIIc	IIIc	NM_205319.4	NP_990650.2	842	coding_exon_end	exon 17 (CDS17)	842	kinase	kinase	458	791	end	51	between_domains	architecture_supported	minor_length_clamped	clamp_to_protein_length_with_minor_flag	coding-exon boundary (context)
gasterosteus_aculeatus	IIIb	IIIb	ENSGACT00000078064	ENSGACP00000047216	915	cassette_start	exon 10 (CDS10)	429	Ig3	Ig-like	391	485	start	38	within_domain	architecture_supported_with_minor_flags	native_exon_blocks_reconstructed	reconstruct_from_native_cds	cassette boundary (primary thesis metric)
gasterosteus_aculeatus	IIIb	IIIb	ENSGACT00000078064	ENSGACP00000047216	915	cassette_end	exon 10 (CDS10)	475	Ig3	Ig-like	391	485	end	10	near_domain_boundary	architecture_supported_with_minor_flags	native_exon_blocks_reconstructed	reconstruct_from_native_cds	cassette boundary (primary thesis metric)
gasterosteus_aculeatus	IIIb	IIIb	ENSGACT00000078064	ENSGACP00000047216	915	coding_exon_start	exon 1 (CDS1)	1	Ig1	Ig-like	74	168	start	73	between_domains	architecture_supported_with_minor_flags	native_exon_blocks_reconstructed	reconstruct_from_native_cds	coding-exon boundary (context)
gasterosteus_aculeatus	IIIb	IIIb	ENSGACT00000078064	ENSGACP00000047216	915	coding_exon_end	exon 1 (CDS1)	66	Ig1	Ig-like	74	168	start	8	near_domain_boundary	architecture_supported_with_minor_flags	native_exon_blocks_reconstructed	reconstruct_from_native_cds	coding-exon boundary (context)
gasterosteus_aculeatus	IIIb	IIIb	ENSGACT00000078064	ENSGACP00000047216	915	coding_exon_start	exon 2 (CDS2)	66	Ig1	Ig-like	74	168	start	8	near_domain_boundary	architecture_supported_with_minor_flags	native_exon_blocks_reconstructed	reconstruct_from_native_cds	coding-exon boundary (context)
gasterosteus_aculeatus	IIIb	IIIb	ENSGACT00000078064	ENSGACP00000047216	915	coding_exon_end	exon 2 (CDS2)	112	Ig1	Ig-like	74	168	start	38	within_domain	architecture_supported_with_minor_flags	native_exon_blocks_reconstructed	reconstruct_from_native_cds	coding-exon boundary (context)
gasterosteus_aculeatus	IIIb	IIIb	ENSGACT00000078064	ENSGACP00000047216	915	coding_exon_start	exon 3 (CDS3)	112	Ig1	Ig-like	74	168	start	38	within_domain	architecture_supported_with_minor_flags	native_exon_blocks_reconstructed	reconstruct_from_native_cds	coding-exon boundary (context)
gasterosteus_aculeatus	IIIb	IIIb	ENSGACT00000078064	ENSGACP00000047216	915	coding_exon_end	exon 3 (CDS3)	135	Ig1	Ig-like	74	168	end	33	within_domain	architecture_supported_with_minor_flags	native_exon_blocks_reconstructed	reconstruct_from_native_cds	coding-exon boundary (context)
gasterosteus_aculeatus	IIIb	IIIb	ENSGACT00000078064	ENSGACP00000047216	915	coding_exon_start	exon 4 (CDS4)	136	Ig1	Ig-like	74	168	end	32	within_domain	architecture_supported_with_minor_flags	native_exon_blocks_reconstructed	reconstruct_from_native_cds	coding-exon boundary (context)
gasterosteus_aculeatus	IIIb	IIIb	ENSGACT00000078064	ENSGACP00000047216	915	coding_exon_end	exon 4 (CDS4)	176	Ig1	Ig-like	74	168	end	8	near_domain_boundary	architecture_supported_with_minor_flags	native_exon_blocks_reconstructed	reconstruct_from_native_cds	coding-exon boundary (context)
gasterosteus_aculeatus	IIIb	IIIb	ENSGACT00000078064	ENSGACP00000047216	915	coding_exon_start	exon 5 (CDS5)	177	Ig1	Ig-like	74	168	end	9	near_domain_boundary	architecture_supported_with_minor_flags	native_exon_blocks_reconstructed	reconstruct_from_native_cds	coding-exon boundary (context)
gasterosteus_aculeatus	IIIb	IIIb	ENSGACT00000078064	ENSGACP00000047216	915	coding_exon_end	exon 5 (CDS5)	240	Ig2	Ig-like	299	376	start	59	between_domains	architecture_supported_with_minor_flags	native_exon_blocks_reconstructed	reconstruct_from_native_cds	coding-exon boundary (context)
gasterosteus_aculeatus	IIIb	IIIb	ENSGACT00000078064	ENSGACP00000047216	915	coding_exon_start	exon 6 (CDS6)	240	Ig2	Ig-like	299	376	start	59	between_domains	architecture_supported_with_minor_flags	native_exon_blocks_reconstructed	reconstruct_from_native_cds	coding-exon boundary (context)
gasterosteus_aculeatus	IIIb	IIIb	ENSGACT00000078064	ENSGACP00000047216	915	coding_exon_end	exon 6 (CDS6)	277	Ig2	Ig-like	299	376	start	22	between_domains	architecture_supported_with_minor_flags	native_exon_blocks_reconstructed	reconstruct_from_native_cds	coding-exon boundary (context)
gasterosteus_aculeatus	IIIb	IIIb	ENSGACT00000078064	ENSGACP00000047216	915	coding_exon_start	exon 7 (CDS7)	277	Ig2	Ig-like	299	376	start	22	between_domains	architecture_supported_with_minor_flags	native_exon_blocks_reconstructed	reconstruct_from_native_cds	coding-exon boundary (context)
gasterosteus_aculeatus	IIIb	IIIb	ENSGACT00000078064	ENSGACP00000047216	915	coding_exon_end	exon 7 (CDS7)	318	Ig2	Ig-like	299	376	start	19	within_domain	architecture_supported_with_minor_flags	native_exon_blocks_reconstructed	reconstruct_from_native_cds	coding-exon boundary (context)
gasterosteus_aculeatus	IIIb	IIIb	ENSGACT00000078064	ENSGACP00000047216	915	coding_exon_start	exon 8 (CDS8)	318	Ig2	Ig-like	299	376	start	19	within_domain	architecture_supported_with_minor_flags	native_exon_blocks_reconstructed	reconstruct_from_native_cds	coding-exon boundary (context)
gasterosteus_aculeatus	IIIb	IIIb	ENSGACT00000078064	ENSGACP00000047216	915	coding_exon_end	exon 8 (CDS8)	364	Ig2	Ig-like	299	376	end	12	near_domain_boundary	architecture_supported_with_minor_flags	native_exon_blocks_reconstructed	reconstruct_from_native_cds	coding-exon boundary (context)
gasterosteus_aculeatus	IIIb	IIIb	ENSGACT00000078064	ENSGACP00000047216	915	coding_exon_start	exon 9 (CDS9)	365	Ig2	Ig-like	299	376	end	11	near_domain_boundary	architecture_supported_with_minor_flags	native_exon_blocks_reconstructed	reconstruct_from_native_cds	coding-exon boundary (context)
gasterosteus_aculeatus	IIIb	IIIb	ENSGACT00000078064	ENSGACP00000047216	915	coding_exon_end	exon 9 (CDS9)	429	Ig3	Ig-like	391	485	start	38	within_domain	architecture_supported_with_minor_flags	native_exon_blocks_reconstructed	reconstruct_from_native_cds	coding-exon boundary (context)
gasterosteus_aculeatus	IIIb	IIIb	ENSGACT00000078064	ENSGACP00000047216	915	coding_exon_start	exon 11 (CDS11)	476	Ig3	Ig-like	391	485	end	9	near_domain_boundary	architecture_supported_with_minor_flags	native_exon_blocks_reconstructed	reconstruct_from_native_cds	coding-exon boundary (context)
gasterosteus_aculeatus	IIIb	IIIb	ENSGACT00000078064	ENSGACP00000047216	915	coding_exon_end	exon 11 (CDS11)	539	TM	TM	499	521	end	18	between_domains	architecture_supported_with_minor_flags	native_exon_blocks_reconstructed	reconstruct_from_native_cds	coding-exon boundary (context)
gasterosteus_aculeatus	IIIb	IIIb	ENSGACT00000078064	ENSGACP00000047216	915	coding_exon_start	exon 12 (CDS12)	539	TM	TM	499	521	end	18	between_domains	architecture_supported_with_minor_flags	native_exon_blocks_reconstructed	reconstruct_from_native_cds	coding-exon boundary (context)
gasterosteus_aculeatus	IIIb	IIIb	ENSGACT00000078064	ENSGACP00000047216	915	coding_exon_end	exon 12 (CDS12)	580	kinase	kinase	559	880	start	21	within_domain	architecture_supported_with_minor_flags	native_exon_blocks_reconstructed	reconstruct_from_native_cds	coding-exon boundary (context)
gasterosteus_aculeatus	IIIb	IIIb	ENSGACT00000078064	ENSGACP00000047216	915	coding_exon_start	exon 13 (CDS13)	581	kinase	kinase	559	880	start	22	within_domain	architecture_supported_with_minor_flags	native_exon_blocks_reconstructed	reconstruct_from_native_cds	coding-exon boundary (context)
gasterosteus_aculeatus	IIIb	IIIb	ENSGACT00000078064	ENSGACP00000047216	915	coding_exon_end	exon 13 (CDS13)	637	kinase	kinase	559	880	start	78	within_domain	architecture_supported_with_minor_flags	native_exon_blocks_reconstructed	reconstruct_from_native_cds	coding-exon boundary (context)
gasterosteus_aculeatus	IIIb	IIIb	ENSGACT00000078064	ENSGACP00000047216	915	coding_exon_start	exon 14 (CDS14)	637	kinase	kinase	559	880	start	78	within_domain	architecture_supported_with_minor_flags	native_exon_blocks_reconstructed	reconstruct_from_native_cds	coding-exon boundary (context)
gasterosteus_aculeatus	IIIb	IIIb	ENSGACT00000078064	ENSGACP00000047216	915	coding_exon_end	exon 14 (CDS14)	662	kinase	kinase	559	880	start	103	within_domain	architecture_supported_with_minor_flags	native_exon_blocks_reconstructed	reconstruct_from_native_cds	coding-exon boundary (context)
gasterosteus_aculeatus	IIIb	IIIb	ENSGACT00000078064	ENSGACP00000047216	915	coding_exon_start	exon 15 (CDS15)	662	kinase	kinase	559	880	start	103	within_domain	architecture_supported_with_minor_flags	native_exon_blocks_reconstructed	reconstruct_from_native_cds	coding-exon boundary (context)
gasterosteus_aculeatus	IIIb	IIIb	ENSGACT00000078064	ENSGACP00000047216	915	coding_exon_end	exon 15 (CDS15)	746	kinase	kinase	559	880	end	134	within_domain	architecture_supported_with_minor_flags	native_exon_blocks_reconstructed	reconstruct_from_native_cds	coding-exon boundary (context)
gasterosteus_aculeatus	IIIb	IIIb	ENSGACT00000078064	ENSGACP00000047216	915	coding_exon_start	exon 16 (CDS16)	746	kinase	kinase	559	880	end	134	within_domain	architecture_supported_with_minor_flags	native_exon_blocks_reconstructed	reconstruct_from_native_cds	coding-exon boundary (context)
gasterosteus_aculeatus	IIIb	IIIb	ENSGACT00000078064	ENSGACP00000047216	915	coding_exon_end	exon 16 (CDS16)	792	kinase	kinase	559	880	end	88	within_domain	architecture_supported_with_minor_flags	native_exon_blocks_reconstructed	reconstruct_from_native_cds	coding-exon boundary (context)
gasterosteus_aculeatus	IIIb	IIIb	ENSGACT00000078064	ENSGACP00000047216	915	coding_exon_start	exon 17 (CDS17)	793	kinase	kinase	559	880	end	87	within_domain	architecture_supported_with_minor_flags	native_exon_blocks_reconstructed	reconstruct_from_native_cds	coding-exon boundary (context)
gasterosteus_aculeatus	IIIb	IIIb	ENSGACT00000078064	ENSGACP00000047216	915	coding_exon_end	exon 17 (CDS17)	856	kinase	kinase	559	880	end	24	within_domain	architecture_supported_with_minor_flags	native_exon_blocks_reconstructed	reconstruct_from_native_cds	coding-exon boundary (context)
gasterosteus_aculeatus	IIIb	IIIb	ENSGACT00000078064	ENSGACP00000047216	915	coding_exon_start	exon 18 (CDS18)	856	kinase	kinase	559	880	end	24	within_domain	architecture_supported_with_minor_flags	native_exon_blocks_reconstructed	reconstruct_from_native_cds	coding-exon boundary (context)
gasterosteus_aculeatus	IIIb	IIIb	ENSGACT00000078064	ENSGACP00000047216	915	coding_exon_end	exon 18 (CDS18)	915	kinase	kinase	559	880	end	35	between_domains	architecture_supported_with_minor_flags	native_exon_blocks_reconstructed	reconstruct_from_native_cds	coding-exon boundary (context)
gasterosteus_aculeatus	IIIc	IIIc	ENSGACT00000067656	ENSGACP00000061458	917	cassette_start	exon 4 (IIIc cassette)	136	Ig1	Ig-like	74	168	end	32	within_domain	architecture_supported_with_minor_flags	figure3C_native	keep	cassette boundary (primary thesis metric)
gasterosteus_aculeatus	IIIc	IIIc	ENSGACT00000067656	ENSGACP00000061458	917	cassette_end	exon 4 (IIIc cassette)	176	Ig1	Ig-like	74	168	end	8	near_domain_boundary	architecture_supported_with_minor_flags	figure3C_native	keep	cassette boundary (primary thesis metric)
gasterosteus_aculeatus	IIIc	IIIc	ENSGACT00000067656	ENSGACP00000061458	917	coding_exon_start	exon 1 (CDS1)	1	Ig1	Ig-like	74	168	start	73	between_domains	architecture_supported_with_minor_flags	figure3C_native	keep	coding-exon boundary (context)
gasterosteus_aculeatus	IIIc	IIIc	ENSGACT00000067656	ENSGACP00000061458	917	coding_exon_end	exon 1 (CDS1)	66	Ig1	Ig-like	74	168	start	8	near_domain_boundary	architecture_supported_with_minor_flags	figure3C_native	keep	coding-exon boundary (context)
gasterosteus_aculeatus	IIIc	IIIc	ENSGACT00000067656	ENSGACP00000061458	917	coding_exon_start	exon 2 (CDS2)	66	Ig1	Ig-like	74	168	start	8	near_domain_boundary	architecture_supported_with_minor_flags	figure3C_native	keep	coding-exon boundary (context)
gasterosteus_aculeatus	IIIc	IIIc	ENSGACT00000067656	ENSGACP00000061458	917	coding_exon_end	exon 2 (CDS2)	112	Ig1	Ig-like	74	168	start	38	within_domain	architecture_supported_with_minor_flags	figure3C_native	keep	coding-exon boundary (context)
gasterosteus_aculeatus	IIIc	IIIc	ENSGACT00000067656	ENSGACP00000061458	917	coding_exon_start	exon 3 (CDS3)	112	Ig1	Ig-like	74	168	start	38	within_domain	architecture_supported_with_minor_flags	figure3C_native	keep	coding-exon boundary (context)
gasterosteus_aculeatus	IIIc	IIIc	ENSGACT00000067656	ENSGACP00000061458	917	coding_exon_end	exon 3 (CDS3)	135	Ig1	Ig-like	74	168	end	33	within_domain	architecture_supported_with_minor_flags	figure3C_native	keep	coding-exon boundary (context)
gasterosteus_aculeatus	IIIc	IIIc	ENSGACT00000067656	ENSGACP00000061458	917	coding_exon_start	exon 5 (CDS5)	177	Ig1	Ig-like	74	168	end	9	near_domain_boundary	architecture_supported_with_minor_flags	figure3C_native	keep	coding-exon boundary (context)
gasterosteus_aculeatus	IIIc	IIIc	ENSGACT00000067656	ENSGACP00000061458	917	coding_exon_end	exon 5 (CDS5)	240	Ig2	Ig-like	299	376	start	59	between_domains	architecture_supported_with_minor_flags	figure3C_native	keep	coding-exon boundary (context)
gasterosteus_aculeatus	IIIc	IIIc	ENSGACT00000067656	ENSGACP00000061458	917	coding_exon_start	exon 6 (CDS6)	240	Ig2	Ig-like	299	376	start	59	between_domains	architecture_supported_with_minor_flags	figure3C_native	keep	coding-exon boundary (context)
gasterosteus_aculeatus	IIIc	IIIc	ENSGACT00000067656	ENSGACP00000061458	917	coding_exon_end	exon 6 (CDS6)	277	Ig2	Ig-like	299	376	start	22	between_domains	architecture_supported_with_minor_flags	figure3C_native	keep	coding-exon boundary (context)
gasterosteus_aculeatus	IIIc	IIIc	ENSGACT00000067656	ENSGACP00000061458	917	coding_exon_start	exon 7 (CDS7)	277	Ig2	Ig-like	299	376	start	22	between_domains	architecture_supported_with_minor_flags	figure3C_native	keep	coding-exon boundary (context)
gasterosteus_aculeatus	IIIc	IIIc	ENSGACT00000067656	ENSGACP00000061458	917	coding_exon_end	exon 7 (CDS7)	318	Ig2	Ig-like	299	376	start	19	within_domain	architecture_supported_with_minor_flags	figure3C_native	keep	coding-exon boundary (context)
gasterosteus_aculeatus	IIIc	IIIc	ENSGACT00000067656	ENSGACP00000061458	917	coding_exon_start	exon 8 (CDS8)	318	Ig2	Ig-like	299	376	start	19	within_domain	architecture_supported_with_minor_flags	figure3C_native	keep	coding-exon boundary (context)
gasterosteus_aculeatus	IIIc	IIIc	ENSGACT00000067656	ENSGACP00000061458	917	coding_exon_end	exon 8 (CDS8)	364	Ig2	Ig-like	299	376	end	12	near_domain_boundary	architecture_supported_with_minor_flags	figure3C_native	keep	coding-exon boundary (context)
gasterosteus_aculeatus	IIIc	IIIc	ENSGACT00000067656	ENSGACP00000061458	917	coding_exon_start	exon 9 (CDS9)	365	Ig2	Ig-like	299	376	end	11	near_domain_boundary	architecture_supported_with_minor_flags	figure3C_native	keep	coding-exon boundary (context)
gasterosteus_aculeatus	IIIc	IIIc	ENSGACT00000067656	ENSGACP00000061458	917	coding_exon_end	exon 9 (CDS9)	429	Ig3	Ig-like	391	487	start	38	within_domain	architecture_supported_with_minor_flags	figure3C_native	keep	coding-exon boundary (context)
gasterosteus_aculeatus	IIIc	IIIc	ENSGACT00000067656	ENSGACP00000061458	917	coding_exon_start	exon 10 (CDS10)	429	Ig3	Ig-like	391	487	start	38	within_domain	architecture_supported_with_minor_flags	figure3C_native	keep	coding-exon boundary (context)
gasterosteus_aculeatus	IIIc	IIIc	ENSGACT00000067656	ENSGACP00000061458	917	coding_exon_end	exon 10 (CDS10)	475	Ig3	Ig-like	391	487	end	12	near_domain_boundary	architecture_supported_with_minor_flags	figure3C_native	keep	coding-exon boundary (context)
gasterosteus_aculeatus	IIIc	IIIc	ENSGACT00000067656	ENSGACP00000061458	917	coding_exon_start	exon 11 (CDS11)	476	Ig3	Ig-like	391	487	end	11	near_domain_boundary	architecture_supported_with_minor_flags	figure3C_native	keep	coding-exon boundary (context)
gasterosteus_aculeatus	IIIc	IIIc	ENSGACT00000067656	ENSGACP00000061458	917	coding_exon_end	exon 11 (CDS11)	539	TM	TM	501	523	end	16	between_domains	architecture_supported_with_minor_flags	figure3C_native	keep	coding-exon boundary (context)
gasterosteus_aculeatus	IIIc	IIIc	ENSGACT00000067656	ENSGACP00000061458	917	coding_exon_start	exon 12 (CDS12)	539	TM	TM	501	523	end	16	between_domains	architecture_supported_with_minor_flags	figure3C_native	keep	coding-exon boundary (context)
gasterosteus_aculeatus	IIIc	IIIc	ENSGACT00000067656	ENSGACP00000061458	917	coding_exon_end	exon 12 (CDS12)	580	kinase	kinase	561	882	start	19	within_domain	architecture_supported_with_minor_flags	figure3C_native	keep	coding-exon boundary (context)
gasterosteus_aculeatus	IIIc	IIIc	ENSGACT00000067656	ENSGACP00000061458	917	coding_exon_start	exon 13 (CDS13)	581	kinase	kinase	561	882	start	20	within_domain	architecture_supported_with_minor_flags	figure3C_native	keep	coding-exon boundary (context)
gasterosteus_aculeatus	IIIc	IIIc	ENSGACT00000067656	ENSGACP00000061458	917	coding_exon_end	exon 13 (CDS13)	637	kinase	kinase	561	882	start	76	within_domain	architecture_supported_with_minor_flags	figure3C_native	keep	coding-exon boundary (context)
gasterosteus_aculeatus	IIIc	IIIc	ENSGACT00000067656	ENSGACP00000061458	917	coding_exon_start	exon 14 (CDS14)	637	kinase	kinase	561	882	start	76	within_domain	architecture_supported_with_minor_flags	figure3C_native	keep	coding-exon boundary (context)
gasterosteus_aculeatus	IIIc	IIIc	ENSGACT00000067656	ENSGACP00000061458	917	coding_exon_end	exon 14 (CDS14)	662	kinase	kinase	561	882	start	101	within_domain	architecture_supported_with_minor_flags	figure3C_native	keep	coding-exon boundary (context)
gasterosteus_aculeatus	IIIc	IIIc	ENSGACT00000067656	ENSGACP00000061458	917	coding_exon_start	exon 15 (CDS15)	662	kinase	kinase	561	882	start	101	within_domain	architecture_supported_with_minor_flags	figure3C_native	keep	coding-exon boundary (context)
gasterosteus_aculeatus	IIIc	IIIc	ENSGACT00000067656	ENSGACP00000061458	917	coding_exon_end	exon 15 (CDS15)	746	kinase	kinase	561	882	end	136	within_domain	architecture_supported_with_minor_flags	figure3C_native	keep	coding-exon boundary (context)
gasterosteus_aculeatus	IIIc	IIIc	ENSGACT00000067656	ENSGACP00000061458	917	coding_exon_start	exon 16 (CDS16)	746	kinase	kinase	561	882	end	136	within_domain	architecture_supported_with_minor_flags	figure3C_native	keep	coding-exon boundary (context)
gasterosteus_aculeatus	IIIc	IIIc	ENSGACT00000067656	ENSGACP00000061458	917	coding_exon_end	exon 16 (CDS16)	792	kinase	kinase	561	882	end	90	within_domain	architecture_supported_with_minor_flags	figure3C_native	keep	coding-exon boundary (context)
gasterosteus_aculeatus	IIIc	IIIc	ENSGACT00000067656	ENSGACP00000061458	917	coding_exon_start	exon 17 (CDS17)	793	kinase	kinase	561	882	end	89	within_domain	architecture_supported_with_minor_flags	figure3C_native	keep	coding-exon boundary (context)
gasterosteus_aculeatus	IIIc	IIIc	ENSGACT00000067656	ENSGACP00000061458	917	coding_exon_end	exon 17 (CDS17)	856	kinase	kinase	561	882	end	26	within_domain	architecture_supported_with_minor_flags	figure3C_native	keep	coding-exon boundary (context)
gasterosteus_aculeatus	IIIc	IIIc	ENSGACT00000067656	ENSGACP00000061458	917	coding_exon_start	exon 18 (CDS18)	856	kinase	kinase	561	882	end	26	within_domain	architecture_supported_with_minor_flags	figure3C_native	keep	coding-exon boundary (context)
gasterosteus_aculeatus	IIIc	IIIc	ENSGACT00000067656	ENSGACP00000061458	917	coding_exon_end	exon 18 (CDS18)	916	kinase	kinase	561	882	end	34	between_domains	architecture_supported_with_minor_flags	figure3C_native	keep	coding-exon boundary (context)
gorilla_gorilla_gorilla	IIIb	IIIb	ENSGGOT00000059958	ENSGGOP00000051435	670	cassette_start	IIIb cassette (validated reference)	225	Ig2	Ig-like	174	268	end	43	within_domain	architecture_supported_with_minor_flags	native_exon_blocks_reconstructed	keep	cassette boundary (primary thesis metric)
gorilla_gorilla_gorilla	IIIb	IIIb	ENSGGOT00000059958	ENSGGOP00000051435	670	cassette_end	IIIb cassette (validated reference)	270	Ig2	Ig-like	174	268	end	2	aligned_to_domain_boundary	architecture_supported_with_minor_flags	native_exon_blocks_reconstructed	keep	cassette boundary (primary thesis metric)
gorilla_gorilla_gorilla	IIIb	IIIb	ENSGGOT00000059958	ENSGGOP00000051435	670	coding_exon_start	exon 1 (CDS1)	1	Ig1	Ig-like	82	159	start	81	between_domains	architecture_supported_with_minor_flags	native_exon_blocks_reconstructed	keep	coding-exon boundary (context)
gorilla_gorilla_gorilla	IIIb	IIIb	ENSGGOT00000059958	ENSGGOP00000051435	670	coding_exon_end	exon 1 (CDS1)	55	Ig1	Ig-like	82	159	start	27	between_domains	architecture_supported_with_minor_flags	native_exon_blocks_reconstructed	keep	coding-exon boundary (context)
gorilla_gorilla_gorilla	IIIb	IIIb	ENSGGOT00000059958	ENSGGOP00000051435	670	coding_exon_start	exon 2 (CDS2)	56	Ig1	Ig-like	82	159	start	26	between_domains	architecture_supported_with_minor_flags	native_exon_blocks_reconstructed	keep	coding-exon boundary (context)
gorilla_gorilla_gorilla	IIIb	IIIb	ENSGGOT00000059958	ENSGGOP00000051435	670	coding_exon_end	exon 2 (CDS2)	91	Ig1	Ig-like	82	159	start	9	near_domain_boundary	architecture_supported_with_minor_flags	native_exon_blocks_reconstructed	keep	coding-exon boundary (context)
gorilla_gorilla_gorilla	IIIb	IIIb	ENSGGOT00000059958	ENSGGOP00000051435	670	coding_exon_start	exon 3 (CDS3)	91	Ig1	Ig-like	82	159	start	9	near_domain_boundary	architecture_supported_with_minor_flags	native_exon_blocks_reconstructed	keep	coding-exon boundary (context)
gorilla_gorilla_gorilla	IIIb	IIIb	ENSGGOT00000059958	ENSGGOP00000051435	670	coding_exon_end	exon 3 (CDS3)	137	Ig1	Ig-like	82	159	end	22	within_domain	architecture_supported_with_minor_flags	native_exon_blocks_reconstructed	keep	coding-exon boundary (context)
gorilla_gorilla_gorilla	IIIb	IIIb	ENSGGOT00000059958	ENSGGOP00000051435	670	coding_exon_start	exon 4 (CDS4)	137	Ig1	Ig-like	82	159	end	22	within_domain	architecture_supported_with_minor_flags	native_exon_blocks_reconstructed	keep	coding-exon boundary (context)
gorilla_gorilla_gorilla	IIIb	IIIb	ENSGGOT00000059958	ENSGGOP00000051435	670	coding_exon_end	exon 4 (CDS4)	160	Ig1	Ig-like	82	159	end	1	aligned_to_domain_boundary	architecture_supported_with_minor_flags	native_exon_blocks_reconstructed	keep	coding-exon boundary (context)
gorilla_gorilla_gorilla	IIIb	IIIb	ENSGGOT00000059958	ENSGGOP00000051435	670	coding_exon_start	exon 5 (CDS5)	161	Ig1	Ig-like	82	159	end	2	aligned_to_domain_boundary	architecture_supported_with_minor_flags	native_exon_blocks_reconstructed	keep	coding-exon boundary (context)
gorilla_gorilla_gorilla	IIIb	IIIb	ENSGGOT00000059958	ENSGGOP00000051435	670	coding_exon_end	exon 5 (CDS5)	201	Ig2	Ig-like	174	268	start	27	within_domain	architecture_supported_with_minor_flags	native_exon_blocks_reconstructed	keep	coding-exon boundary (context)
gorilla_gorilla_gorilla	IIIb	IIIb	ENSGGOT00000059958	ENSGGOP00000051435	670	coding_exon_start	exon 6 (CDS6)	202	Ig2	Ig-like	174	268	start	28	within_domain	architecture_supported_with_minor_flags	native_exon_blocks_reconstructed	keep	coding-exon boundary (context)
gorilla_gorilla_gorilla	IIIb	IIIb	ENSGGOT00000059958	ENSGGOP00000051435	670	coding_exon_end	exon 6 (CDS6)	265	Ig2	Ig-like	174	268	end	3	aligned_to_domain_boundary	architecture_supported_with_minor_flags	native_exon_blocks_reconstructed	keep	coding-exon boundary (context)
gorilla_gorilla_gorilla	IIIb	IIIb	ENSGGOT00000059958	ENSGGOP00000051435	670	coding_exon_start	exon 7 (CDS7)	265	Ig2	Ig-like	174	268	end	3	aligned_to_domain_boundary	architecture_supported_with_minor_flags	native_exon_blocks_reconstructed	keep	coding-exon boundary (context)
gorilla_gorilla_gorilla	IIIb	IIIb	ENSGGOT00000059958	ENSGGOP00000051435	670	coding_exon_end	exon 7 (CDS7)	302	kinase	kinase	304	619	start	2	aligned_to_domain_boundary	architecture_supported_with_minor_flags	native_exon_blocks_reconstructed	keep	coding-exon boundary (context)
gorilla_gorilla_gorilla	IIIb	IIIb	ENSGGOT00000059958	ENSGGOP00000051435	670	coding_exon_start	exon 8 (CDS8)	302	kinase	kinase	304	619	start	2	aligned_to_domain_boundary	architecture_supported_with_minor_flags	native_exon_blocks_reconstructed	keep	coding-exon boundary (context)
gorilla_gorilla_gorilla	IIIb	IIIb	ENSGGOT00000059958	ENSGGOP00000051435	670	coding_exon_end	exon 8 (CDS8)	343	TM	TM	286	308	end	35	within_domain	architecture_supported_with_minor_flags	native_exon_blocks_reconstructed	keep	coding-exon boundary (context)
gorilla_gorilla_gorilla	IIIb	IIIb	ENSGGOT00000059958	ENSGGOP00000051435	670	coding_exon_start	exon 9 (CDS9)	343	TM	TM	286	308	end	35	within_domain	architecture_supported_with_minor_flags	native_exon_blocks_reconstructed	keep	coding-exon boundary (context)
gorilla_gorilla_gorilla	IIIb	IIIb	ENSGGOT00000059958	ENSGGOP00000051435	670	coding_exon_end	exon 9 (CDS9)	398	TM	TM	286	308	end	90	within_domain	architecture_supported_with_minor_flags	native_exon_blocks_reconstructed	keep	coding-exon boundary (context)
gorilla_gorilla_gorilla	IIIb	IIIb	ENSGGOT00000059958	ENSGGOP00000051435	670	coding_exon_start	exon 10 (CDS10)	398	TM	TM	286	308	end	90	within_domain	architecture_supported_with_minor_flags	native_exon_blocks_reconstructed	keep	coding-exon boundary (context)
gorilla_gorilla_gorilla	IIIb	IIIb	ENSGGOT00000059958	ENSGGOP00000051435	670	coding_exon_end	exon 10 (CDS10)	447	TM	TM	286	308	end	139	within_domain	architecture_supported_with_minor_flags	native_exon_blocks_reconstructed	keep	coding-exon boundary (context)
gorilla_gorilla_gorilla	IIIb	IIIb	ENSGGOT00000059958	ENSGGOP00000051435	670	coding_exon_start	exon 11 (CDS11)	448	TM	TM	286	308	end	140	within_domain	architecture_supported_with_minor_flags	native_exon_blocks_reconstructed	keep	coding-exon boundary (context)
gorilla_gorilla_gorilla	IIIb	IIIb	ENSGGOT00000059958	ENSGGOP00000051435	670	coding_exon_end	exon 11 (CDS11)	511	kinase	kinase	304	619	end	108	within_domain	architecture_supported_with_minor_flags	native_exon_blocks_reconstructed	keep	coding-exon boundary (context)
gorilla_gorilla_gorilla	IIIb	IIIb	ENSGGOT00000059958	ENSGGOP00000051435	670	coding_exon_start	exon 12 (CDS12)	511	kinase	kinase	304	619	end	108	within_domain	architecture_supported_with_minor_flags	native_exon_blocks_reconstructed	keep	coding-exon boundary (context)
gorilla_gorilla_gorilla	IIIb	IIIb	ENSGGOT00000059958	ENSGGOP00000051435	670	coding_exon_end	exon 12 (CDS12)	552	kinase	kinase	304	619	end	67	within_domain	architecture_supported_with_minor_flags	native_exon_blocks_reconstructed	keep	coding-exon boundary (context)
gorilla_gorilla_gorilla	IIIb	IIIb	ENSGGOT00000059958	ENSGGOP00000051435	670	coding_exon_start	exon 13 (CDS13)	553	kinase	kinase	304	619	end	66	within_domain	architecture_supported_with_minor_flags	native_exon_blocks_reconstructed	keep	coding-exon boundary (context)
gorilla_gorilla_gorilla	IIIb	IIIb	ENSGGOT00000059958	ENSGGOP00000051435	670	coding_exon_end	exon 13 (CDS13)	609	kinase	kinase	304	619	end	10	near_domain_boundary	architecture_supported_with_minor_flags	native_exon_blocks_reconstructed	keep	coding-exon boundary (context)
gorilla_gorilla_gorilla	IIIb	IIIb	ENSGGOT00000059958	ENSGGOP00000051435	670	coding_exon_start	exon 14 (CDS14)	609	kinase	kinase	304	619	end	10	near_domain_boundary	architecture_supported_with_minor_flags	native_exon_blocks_reconstructed	keep	coding-exon boundary (context)
gorilla_gorilla_gorilla	IIIb	IIIb	ENSGGOT00000059958	ENSGGOP00000051435	670	coding_exon_end	exon 14 (CDS14)	635	kinase	kinase	304	619	end	16	between_domains	architecture_supported_with_minor_flags	native_exon_blocks_reconstructed	keep	coding-exon boundary (context)
gorilla_gorilla_gorilla	IIIb	IIIb	ENSGGOT00000059958	ENSGGOP00000051435	670	coding_exon_start	exon 15 (CDS15)	635	kinase	kinase	304	619	end	16	between_domains	architecture_supported_with_minor_flags	native_exon_blocks_reconstructed	keep	coding-exon boundary (context)
gorilla_gorilla_gorilla	IIIb	IIIb	ENSGGOT00000059958	ENSGGOP00000051435	670	coding_exon_end	exon 15 (CDS15)	670	kinase	kinase	304	619	end	51	between_domains	architecture_supported_with_minor_flags	native_exon_blocks_reconstructed	keep	coding-exon boundary (context)
gorilla_gorilla_gorilla	IIIc	IIIc	XP_004050253.1	XP_004050253.1	723	cassette_start	exon 6 (IIIc cassette)	202	Ig2	Ig-like	170	250	start	32	within_domain	architecture_supported_with_minor_flags	figure3C_native	keep	cassette boundary (primary thesis metric)
gorilla_gorilla_gorilla	IIIc	IIIc	XP_004050253.1	XP_004050253.1	723	cassette_end	exon 6 (IIIc cassette)	265	TM	TM	278	300	start	13	near_domain_boundary	architecture_supported_with_minor_flags	figure3C_native	keep	cassette boundary (primary thesis metric)
gorilla_gorilla_gorilla	IIIc	IIIc	XP_004050253.1	XP_004050253.1	723	coding_exon_start	exon 1 (CDS1)	1	Ig1	Ig-like	75	152	start	74	between_domains	architecture_supported_with_minor_flags	figure3C_native	keep	coding-exon boundary (context)
gorilla_gorilla_gorilla	IIIc	IIIc	XP_004050253.1	XP_004050253.1	723	coding_exon_end	exon 1 (CDS1)	55	Ig1	Ig-like	75	152	start	20	between_domains	architecture_supported_with_minor_flags	figure3C_native	keep	coding-exon boundary (context)
gorilla_gorilla_gorilla	IIIc	IIIc	XP_004050253.1	XP_004050253.1	723	coding_exon_start	exon 2 (CDS2)	56	Ig1	Ig-like	75	152	start	19	between_domains	architecture_supported_with_minor_flags	figure3C_native	keep	coding-exon boundary (context)
gorilla_gorilla_gorilla	IIIc	IIIc	XP_004050253.1	XP_004050253.1	723	coding_exon_end	exon 2 (CDS2)	91	Ig1	Ig-like	75	152	start	16	within_domain	architecture_supported_with_minor_flags	figure3C_native	keep	coding-exon boundary (context)
gorilla_gorilla_gorilla	IIIc	IIIc	XP_004050253.1	XP_004050253.1	723	coding_exon_start	exon 3 (CDS3)	91	Ig1	Ig-like	75	152	start	16	within_domain	architecture_supported_with_minor_flags	figure3C_native	keep	coding-exon boundary (context)
gorilla_gorilla_gorilla	IIIc	IIIc	XP_004050253.1	XP_004050253.1	723	coding_exon_end	exon 3 (CDS3)	137	Ig1	Ig-like	75	152	end	15	near_domain_boundary	architecture_supported_with_minor_flags	figure3C_native	keep	coding-exon boundary (context)
gorilla_gorilla_gorilla	IIIc	IIIc	XP_004050253.1	XP_004050253.1	723	coding_exon_start	exon 4 (CDS4)	137	Ig1	Ig-like	75	152	end	15	near_domain_boundary	architecture_supported_with_minor_flags	figure3C_native	keep	coding-exon boundary (context)
gorilla_gorilla_gorilla	IIIc	IIIc	XP_004050253.1	XP_004050253.1	723	coding_exon_end	exon 4 (CDS4)	160	Ig1	Ig-like	75	152	end	8	near_domain_boundary	architecture_supported_with_minor_flags	figure3C_native	keep	coding-exon boundary (context)
gorilla_gorilla_gorilla	IIIc	IIIc	XP_004050253.1	XP_004050253.1	723	coding_exon_start	exon 5 (CDS5)	161	Ig1	Ig-like	75	152	end	9	near_domain_boundary	architecture_supported_with_minor_flags	figure3C_native	keep	coding-exon boundary (context)
gorilla_gorilla_gorilla	IIIc	IIIc	XP_004050253.1	XP_004050253.1	723	coding_exon_end	exon 5 (CDS5)	201	Ig2	Ig-like	170	250	start	31	within_domain	architecture_supported_with_minor_flags	figure3C_native	keep	coding-exon boundary (context)
gorilla_gorilla_gorilla	IIIc	IIIc	XP_004050253.1	XP_004050253.1	723	coding_exon_start	exon 7 (CDS7)	265	TM	TM	278	300	start	13	near_domain_boundary	architecture_supported_with_minor_flags	figure3C_native	keep	coding-exon boundary (context)
gorilla_gorilla_gorilla	IIIc	IIIc	XP_004050253.1	XP_004050253.1	723	coding_exon_end	exon 7 (CDS7)	302	TM	TM	278	300	end	2	aligned_to_domain_boundary	architecture_supported_with_minor_flags	figure3C_native	keep	coding-exon boundary (context)
gorilla_gorilla_gorilla	IIIc	IIIc	XP_004050253.1	XP_004050253.1	723	coding_exon_start	exon 8 (CDS8)	302	TM	TM	278	300	end	2	aligned_to_domain_boundary	architecture_supported_with_minor_flags	figure3C_native	keep	coding-exon boundary (context)
gorilla_gorilla_gorilla	IIIc	IIIc	XP_004050253.1	XP_004050253.1	723	coding_exon_end	exon 8 (CDS8)	343	kinase	kinase	339	672	start	4	near_domain_boundary	architecture_supported_with_minor_flags	figure3C_native	keep	coding-exon boundary (context)
gorilla_gorilla_gorilla	IIIc	IIIc	XP_004050253.1	XP_004050253.1	723	coding_exon_start	exon 9 (CDS9)	343	kinase	kinase	339	672	start	4	near_domain_boundary	architecture_supported_with_minor_flags	figure3C_native	keep	coding-exon boundary (context)
gorilla_gorilla_gorilla	IIIc	IIIc	XP_004050253.1	XP_004050253.1	723	coding_exon_end	exon 9 (CDS9)	398	kinase	kinase	339	672	start	59	within_domain	architecture_supported_with_minor_flags	figure3C_native	keep	coding-exon boundary (context)
gorilla_gorilla_gorilla	IIIc	IIIc	XP_004050253.1	XP_004050253.1	723	coding_exon_start	exon 10 (CDS10)	398	kinase	kinase	339	672	start	59	within_domain	architecture_supported_with_minor_flags	figure3C_native	keep	coding-exon boundary (context)
gorilla_gorilla_gorilla	IIIc	IIIc	XP_004050253.1	XP_004050253.1	723	coding_exon_end	exon 10 (CDS10)	447	kinase	kinase	339	672	start	108	within_domain	architecture_supported_with_minor_flags	figure3C_native	keep	coding-exon boundary (context)
gorilla_gorilla_gorilla	IIIc	IIIc	XP_004050253.1	XP_004050253.1	723	coding_exon_start	exon 11 (CDS11)	448	kinase	kinase	339	672	start	109	within_domain	architecture_supported_with_minor_flags	figure3C_native	keep	coding-exon boundary (context)
gorilla_gorilla_gorilla	IIIc	IIIc	XP_004050253.1	XP_004050253.1	723	coding_exon_end	exon 11 (CDS11)	511	kinase	kinase	339	672	end	161	within_domain	architecture_supported_with_minor_flags	figure3C_native	keep	coding-exon boundary (context)
gorilla_gorilla_gorilla	IIIc	IIIc	XP_004050253.1	XP_004050253.1	723	coding_exon_start	exon 12 (CDS12)	511	kinase	kinase	339	672	end	161	within_domain	architecture_supported_with_minor_flags	figure3C_native	keep	coding-exon boundary (context)
gorilla_gorilla_gorilla	IIIc	IIIc	XP_004050253.1	XP_004050253.1	723	coding_exon_end	exon 12 (CDS12)	552	kinase	kinase	339	672	end	120	within_domain	architecture_supported_with_minor_flags	figure3C_native	keep	coding-exon boundary (context)
gorilla_gorilla_gorilla	IIIc	IIIc	XP_004050253.1	XP_004050253.1	723	coding_exon_start	exon 13 (CDS13)	553	kinase	kinase	339	672	end	119	within_domain	architecture_supported_with_minor_flags	figure3C_native	keep	coding-exon boundary (context)
gorilla_gorilla_gorilla	IIIc	IIIc	XP_004050253.1	XP_004050253.1	723	coding_exon_end	exon 13 (CDS13)	609	kinase	kinase	339	672	end	63	within_domain	architecture_supported_with_minor_flags	figure3C_native	keep	coding-exon boundary (context)
gorilla_gorilla_gorilla	IIIc	IIIc	XP_004050253.1	XP_004050253.1	723	coding_exon_start	exon 14 (CDS14)	609	kinase	kinase	339	672	end	63	within_domain	architecture_supported_with_minor_flags	figure3C_native	keep	coding-exon boundary (context)
gorilla_gorilla_gorilla	IIIc	IIIc	XP_004050253.1	XP_004050253.1	723	coding_exon_end	exon 14 (CDS14)	635	kinase	kinase	339	672	end	37	within_domain	architecture_supported_with_minor_flags	figure3C_native	keep	coding-exon boundary (context)
gorilla_gorilla_gorilla	IIIc	IIIc	XP_004050253.1	XP_004050253.1	723	coding_exon_start	exon 15 (CDS15)	635	kinase	kinase	339	672	end	37	within_domain	architecture_supported_with_minor_flags	figure3C_native	keep	coding-exon boundary (context)
gorilla_gorilla_gorilla	IIIc	IIIc	XP_004050253.1	XP_004050253.1	723	coding_exon_end	exon 15 (CDS15)	671	kinase	kinase	339	672	end	1	aligned_to_domain_boundary	architecture_supported_with_minor_flags	figure3C_native	keep	coding-exon boundary (context)
homo_sapiens	IIIb	IIIb	ENST00001142305	ENSP00000813085	822	cassette_start	exon 9 (IIIb cassette)	343	Ig3	Ig-like	263	357	end	14	near_domain_boundary	architecture_supported_with_minor_flags	figure3C_native	keep	cassette boundary (primary thesis metric)
homo_sapiens	IIIb	IIIb	ENST00001142305	ENSP00000813085	822	cassette_end	exon 9 (IIIb cassette)	393	TM	TM	375	397	end	4	near_domain_boundary	architecture_supported_with_minor_flags	figure3C_native	keep	cassette boundary (primary thesis metric)
homo_sapiens	IIIb	IIIb	ENST00001142305	ENSP00000813085	822	coding_exon_start	exon 1 (CDS1)	1	Ig1	Ig-like	45	110	start	44	between_domains	architecture_supported_with_minor_flags	figure3C_native	keep	coding-exon boundary (context)
homo_sapiens	IIIb	IIIb	ENST00001142305	ENSP00000813085	822	coding_exon_end	exon 1 (CDS1)	55	Ig1	Ig-like	45	110	start	10	near_domain_boundary	architecture_supported_with_minor_flags	figure3C_native	keep	coding-exon boundary (context)
homo_sapiens	IIIb	IIIb	ENST00001142305	ENSP00000813085	822	coding_exon_start	exon 2 (CDS2)	56	Ig1	Ig-like	45	110	start	11	near_domain_boundary	architecture_supported_with_minor_flags	figure3C_native	keep	coding-exon boundary (context)
homo_sapiens	IIIb	IIIb	ENST00001142305	ENSP00000813085	822	coding_exon_end	exon 2 (CDS2)	91	Ig1	Ig-like	45	110	end	19	within_domain	architecture_supported_with_minor_flags	figure3C_native	keep	coding-exon boundary (context)
homo_sapiens	IIIb	IIIb	ENST00001142305	ENSP00000813085	822	coding_exon_start	exon 3 (CDS3)	91	Ig1	Ig-like	45	110	end	19	within_domain	architecture_supported_with_minor_flags	figure3C_native	keep	coding-exon boundary (context)
homo_sapiens	IIIb	IIIb	ENST00001142305	ENSP00000813085	822	coding_exon_end	exon 3 (CDS3)	137	Ig1	Ig-like	45	110	end	27	between_domains	architecture_supported_with_minor_flags	figure3C_native	keep	coding-exon boundary (context)
homo_sapiens	IIIb	IIIb	ENST00001142305	ENSP00000813085	822	coding_exon_start	exon 4 (CDS4)	137	Ig1	Ig-like	45	110	end	27	between_domains	architecture_supported_with_minor_flags	figure3C_native	keep	coding-exon boundary (context)
homo_sapiens	IIIb	IIIb	ENST00001142305	ENSP00000813085	822	coding_exon_end	exon 4 (CDS4)	160	Ig2	Ig-like	171	248	start	11	near_domain_boundary	architecture_supported_with_minor_flags	figure3C_native	keep	coding-exon boundary (context)
homo_sapiens	IIIb	IIIb	ENST00001142305	ENSP00000813085	822	coding_exon_start	exon 5 (CDS5)	161	Ig2	Ig-like	171	248	start	10	near_domain_boundary	architecture_supported_with_minor_flags	figure3C_native	keep	coding-exon boundary (context)
homo_sapiens	IIIb	IIIb	ENST00001142305	ENSP00000813085	822	coding_exon_end	exon 5 (CDS5)	201	Ig2	Ig-like	171	248	start	30	within_domain	architecture_supported_with_minor_flags	figure3C_native	keep	coding-exon boundary (context)
homo_sapiens	IIIb	IIIb	ENST00001142305	ENSP00000813085	822	coding_exon_start	exon 6 (CDS6)	202	Ig2	Ig-like	171	248	start	31	within_domain	architecture_supported_with_minor_flags	figure3C_native	keep	coding-exon boundary (context)
homo_sapiens	IIIb	IIIb	ENST00001142305	ENSP00000813085	822	coding_exon_end	exon 6 (CDS6)	265	Ig3	Ig-like	263	357	start	2	aligned_to_domain_boundary	architecture_supported_with_minor_flags	figure3C_native	keep	coding-exon boundary (context)
homo_sapiens	IIIb	IIIb	ENST00001142305	ENSP00000813085	822	coding_exon_start	exon 7 (CDS7)	265	Ig3	Ig-like	263	357	start	2	aligned_to_domain_boundary	architecture_supported_with_minor_flags	figure3C_native	keep	coding-exon boundary (context)
homo_sapiens	IIIb	IIIb	ENST00001142305	ENSP00000813085	822	coding_exon_end	exon 7 (CDS7)	302	Ig3	Ig-like	263	357	start	39	within_domain	architecture_supported_with_minor_flags	figure3C_native	keep	coding-exon boundary (context)
homo_sapiens	IIIb	IIIb	ENST00001142305	ENSP00000813085	822	coding_exon_start	exon 8 (CDS8)	302	Ig3	Ig-like	263	357	start	39	within_domain	architecture_supported_with_minor_flags	figure3C_native	keep	coding-exon boundary (context)
homo_sapiens	IIIb	IIIb	ENST00001142305	ENSP00000813085	822	coding_exon_end	exon 8 (CDS8)	343	Ig3	Ig-like	263	357	end	14	near_domain_boundary	architecture_supported_with_minor_flags	figure3C_native	keep	coding-exon boundary (context)
homo_sapiens	IIIb	IIIb	ENST00001142305	ENSP00000813085	822	coding_exon_start	exon 10 (CDS10)	394	TM	TM	375	397	end	3	aligned_to_domain_boundary	architecture_supported_with_minor_flags	figure3C_native	keep	coding-exon boundary (context)
homo_sapiens	IIIb	IIIb	ENST00001142305	ENSP00000813085	822	coding_exon_end	exon 10 (CDS10)	461	kinase	kinase	438	771	start	23	within_domain	architecture_supported_with_minor_flags	figure3C_native	keep	coding-exon boundary (context)
homo_sapiens	IIIb	IIIb	ENST00001142305	ENSP00000813085	822	coding_exon_start	exon 11 (CDS11)	461	kinase	kinase	438	771	start	23	within_domain	architecture_supported_with_minor_flags	figure3C_native	keep	coding-exon boundary (context)
homo_sapiens	IIIb	IIIb	ENST00001142305	ENSP00000813085	822	coding_exon_end	exon 11 (CDS11)	509	kinase	kinase	438	771	start	71	within_domain	architecture_supported_with_minor_flags	figure3C_native	keep	coding-exon boundary (context)
homo_sapiens	IIIb	IIIb	ENST00001142305	ENSP00000813085	822	coding_exon_start	exon 12 (CDS12)	510	kinase	kinase	438	771	start	72	within_domain	architecture_supported_with_minor_flags	figure3C_native	keep	coding-exon boundary (context)
homo_sapiens	IIIb	IIIb	ENST00001142305	ENSP00000813085	822	coding_exon_end	exon 12 (CDS12)	573	kinase	kinase	438	771	start	135	within_domain	architecture_supported_with_minor_flags	figure3C_native	keep	coding-exon boundary (context)
homo_sapiens	IIIb	IIIb	ENST00001142305	ENSP00000813085	822	coding_exon_start	exon 13 (CDS13)	573	kinase	kinase	438	771	start	135	within_domain	architecture_supported_with_minor_flags	figure3C_native	keep	coding-exon boundary (context)
homo_sapiens	IIIb	IIIb	ENST00001142305	ENSP00000813085	822	coding_exon_end	exon 13 (CDS13)	614	kinase	kinase	438	771	end	157	within_domain	architecture_supported_with_minor_flags	figure3C_native	keep	coding-exon boundary (context)
homo_sapiens	IIIb	IIIb	ENST00001142305	ENSP00000813085	822	coding_exon_start	exon 14 (CDS14)	615	kinase	kinase	438	771	end	156	within_domain	architecture_supported_with_minor_flags	figure3C_native	keep	coding-exon boundary (context)
homo_sapiens	IIIb	IIIb	ENST00001142305	ENSP00000813085	822	coding_exon_end	exon 14 (CDS14)	671	kinase	kinase	438	771	end	100	within_domain	architecture_supported_with_minor_flags	figure3C_native	keep	coding-exon boundary (context)
homo_sapiens	IIIb	IIIb	ENST00001142305	ENSP00000813085	822	coding_exon_start	exon 15 (CDS15)	671	kinase	kinase	438	771	end	100	within_domain	architecture_supported_with_minor_flags	figure3C_native	keep	coding-exon boundary (context)
homo_sapiens	IIIb	IIIb	ENST00001142305	ENSP00000813085	822	coding_exon_end	exon 15 (CDS15)	697	kinase	kinase	438	771	end	74	within_domain	architecture_supported_with_minor_flags	figure3C_native	keep	coding-exon boundary (context)
homo_sapiens	IIIb	IIIb	ENST00001142305	ENSP00000813085	822	coding_exon_start	exon 16 (CDS16)	697	kinase	kinase	438	771	end	74	within_domain	architecture_supported_with_minor_flags	figure3C_native	keep	coding-exon boundary (context)
homo_sapiens	IIIb	IIIb	ENST00001142305	ENSP00000813085	822	coding_exon_end	exon 16 (CDS16)	786	kinase	kinase	438	771	end	15	near_domain_boundary	architecture_supported_with_minor_flags	figure3C_native	keep	coding-exon boundary (context)
homo_sapiens	IIIb	IIIb	ENST00001142305	ENSP00000813085	822	coding_exon_start	exon 17 (CDS17)	786	kinase	kinase	438	771	end	15	near_domain_boundary	architecture_supported_with_minor_flags	figure3C_native	keep	coding-exon boundary (context)
homo_sapiens	IIIb	IIIb	ENST00001142305	ENSP00000813085	822	coding_exon_end	exon 17 (CDS17)	822	kinase	kinase	438	771	end	51	between_domains	architecture_supported_with_minor_flags	figure3C_native	keep	coding-exon boundary (context)
homo_sapiens	IIIc	IIIc	ENST00000358487	ENSP00000351276	821	cassette_start	exon 8 (IIIc cassette)	302	Ig3	Ig-like	266	346	start	36	within_domain	architecture_supported_with_minor_flags	minor_length_clamped	clamp_to_protein_length_with_minor_flag	cassette boundary (primary thesis metric)
homo_sapiens	IIIc	IIIc	ENST00000358487	ENSP00000351276	821	cassette_end	exon 8 (IIIc cassette)	343	Ig3	Ig-like	266	346	end	3	aligned_to_domain_boundary	architecture_supported_with_minor_flags	minor_length_clamped	clamp_to_protein_length_with_minor_flag	cassette boundary (primary thesis metric)
homo_sapiens	IIIc	IIIc	ENST00000358487	ENSP00000351276	821	coding_exon_start	exon 1 (CDS1)	1	Ig1	Ig-like	45	110	start	44	between_domains	architecture_supported_with_minor_flags	minor_length_clamped	clamp_to_protein_length_with_minor_flag	coding-exon boundary (context)
homo_sapiens	IIIc	IIIc	ENST00000358487	ENSP00000351276	821	coding_exon_end	exon 1 (CDS1)	55	Ig1	Ig-like	45	110	start	10	near_domain_boundary	architecture_supported_with_minor_flags	minor_length_clamped	clamp_to_protein_length_with_minor_flag	coding-exon boundary (context)
homo_sapiens	IIIc	IIIc	ENST00000358487	ENSP00000351276	821	coding_exon_start	exon 2 (CDS2)	56	Ig1	Ig-like	45	110	start	11	near_domain_boundary	architecture_supported_with_minor_flags	minor_length_clamped	clamp_to_protein_length_with_minor_flag	coding-exon boundary (context)
homo_sapiens	IIIc	IIIc	ENST00000358487	ENSP00000351276	821	coding_exon_end	exon 2 (CDS2)	91	Ig1	Ig-like	45	110	end	19	within_domain	architecture_supported_with_minor_flags	minor_length_clamped	clamp_to_protein_length_with_minor_flag	coding-exon boundary (context)
homo_sapiens	IIIc	IIIc	ENST00000358487	ENSP00000351276	821	coding_exon_start	exon 3 (CDS3)	91	Ig1	Ig-like	45	110	end	19	within_domain	architecture_supported_with_minor_flags	minor_length_clamped	clamp_to_protein_length_with_minor_flag	coding-exon boundary (context)
homo_sapiens	IIIc	IIIc	ENST00000358487	ENSP00000351276	821	coding_exon_end	exon 3 (CDS3)	137	Ig1	Ig-like	45	110	end	27	between_domains	architecture_supported_with_minor_flags	minor_length_clamped	clamp_to_protein_length_with_minor_flag	coding-exon boundary (context)
homo_sapiens	IIIc	IIIc	ENST00000358487	ENSP00000351276	821	coding_exon_start	exon 4 (CDS4)	137	Ig1	Ig-like	45	110	end	27	between_domains	architecture_supported_with_minor_flags	minor_length_clamped	clamp_to_protein_length_with_minor_flag	coding-exon boundary (context)
homo_sapiens	IIIc	IIIc	ENST00000358487	ENSP00000351276	821	coding_exon_end	exon 4 (CDS4)	160	Ig2	Ig-like	171	248	start	11	near_domain_boundary	architecture_supported_with_minor_flags	minor_length_clamped	clamp_to_protein_length_with_minor_flag	coding-exon boundary (context)
homo_sapiens	IIIc	IIIc	ENST00000358487	ENSP00000351276	821	coding_exon_start	exon 5 (CDS5)	161	Ig2	Ig-like	171	248	start	10	near_domain_boundary	architecture_supported_with_minor_flags	minor_length_clamped	clamp_to_protein_length_with_minor_flag	coding-exon boundary (context)
homo_sapiens	IIIc	IIIc	ENST00000358487	ENSP00000351276	821	coding_exon_end	exon 5 (CDS5)	201	Ig2	Ig-like	171	248	start	30	within_domain	architecture_supported_with_minor_flags	minor_length_clamped	clamp_to_protein_length_with_minor_flag	coding-exon boundary (context)
homo_sapiens	IIIc	IIIc	ENST00000358487	ENSP00000351276	821	coding_exon_start	exon 6 (CDS6)	202	Ig2	Ig-like	171	248	start	31	within_domain	architecture_supported_with_minor_flags	minor_length_clamped	clamp_to_protein_length_with_minor_flag	coding-exon boundary (context)
homo_sapiens	IIIc	IIIc	ENST00000358487	ENSP00000351276	821	coding_exon_end	exon 6 (CDS6)	265	Ig3	Ig-like	266	346	start	1	aligned_to_domain_boundary	architecture_supported_with_minor_flags	minor_length_clamped	clamp_to_protein_length_with_minor_flag	coding-exon boundary (context)
homo_sapiens	IIIc	IIIc	ENST00000358487	ENSP00000351276	821	coding_exon_start	exon 7 (CDS7)	265	Ig3	Ig-like	266	346	start	1	aligned_to_domain_boundary	architecture_supported_with_minor_flags	minor_length_clamped	clamp_to_protein_length_with_minor_flag	coding-exon boundary (context)
homo_sapiens	IIIc	IIIc	ENST00000358487	ENSP00000351276	821	coding_exon_end	exon 7 (CDS7)	302	Ig3	Ig-like	266	346	start	36	within_domain	architecture_supported_with_minor_flags	minor_length_clamped	clamp_to_protein_length_with_minor_flag	coding-exon boundary (context)
homo_sapiens	IIIc	IIIc	ENST00000358487	ENSP00000351276	821	coding_exon_start	exon 9 (CDS9)	343	Ig3	Ig-like	266	346	end	3	aligned_to_domain_boundary	architecture_supported_with_minor_flags	minor_length_clamped	clamp_to_protein_length_with_minor_flag	coding-exon boundary (context)
homo_sapiens	IIIc	IIIc	ENST00000358487	ENSP00000351276	821	coding_exon_end	exon 9 (CDS9)	393	TM	TM	374	396	end	3	aligned_to_domain_boundary	architecture_supported_with_minor_flags	minor_length_clamped	clamp_to_protein_length_with_minor_flag	coding-exon boundary (context)
homo_sapiens	IIIc	IIIc	ENST00000358487	ENSP00000351276	821	coding_exon_start	exon 10 (CDS10)	394	TM	TM	374	396	end	2	aligned_to_domain_boundary	architecture_supported_with_minor_flags	minor_length_clamped	clamp_to_protein_length_with_minor_flag	coding-exon boundary (context)
homo_sapiens	IIIc	IIIc	ENST00000358487	ENSP00000351276	821	coding_exon_end	exon 10 (CDS10)	461	kinase	kinase	437	770	start	24	within_domain	architecture_supported_with_minor_flags	minor_length_clamped	clamp_to_protein_length_with_minor_flag	coding-exon boundary (context)
homo_sapiens	IIIc	IIIc	ENST00000358487	ENSP00000351276	821	coding_exon_start	exon 11 (CDS11)	461	kinase	kinase	437	770	start	24	within_domain	architecture_supported_with_minor_flags	minor_length_clamped	clamp_to_protein_length_with_minor_flag	coding-exon boundary (context)
homo_sapiens	IIIc	IIIc	ENST00000358487	ENSP00000351276	821	coding_exon_end	exon 11 (CDS11)	510	kinase	kinase	437	770	start	73	within_domain	architecture_supported_with_minor_flags	minor_length_clamped	clamp_to_protein_length_with_minor_flag	coding-exon boundary (context)
homo_sapiens	IIIc	IIIc	ENST00000358487	ENSP00000351276	821	coding_exon_start	exon 12 (CDS12)	511	kinase	kinase	437	770	start	74	within_domain	architecture_supported_with_minor_flags	minor_length_clamped	clamp_to_protein_length_with_minor_flag	coding-exon boundary (context)
homo_sapiens	IIIc	IIIc	ENST00000358487	ENSP00000351276	821	coding_exon_end	exon 12 (CDS12)	574	kinase	kinase	437	770	start	137	within_domain	architecture_supported_with_minor_flags	minor_length_clamped	clamp_to_protein_length_with_minor_flag	coding-exon boundary (context)
homo_sapiens	IIIc	IIIc	ENST00000358487	ENSP00000351276	821	coding_exon_start	exon 13 (CDS13)	574	kinase	kinase	437	770	start	137	within_domain	architecture_supported_with_minor_flags	minor_length_clamped	clamp_to_protein_length_with_minor_flag	coding-exon boundary (context)
homo_sapiens	IIIc	IIIc	ENST00000358487	ENSP00000351276	821	coding_exon_end	exon 13 (CDS13)	615	kinase	kinase	437	770	end	155	within_domain	architecture_supported_with_minor_flags	minor_length_clamped	clamp_to_protein_length_with_minor_flag	coding-exon boundary (context)
homo_sapiens	IIIc	IIIc	ENST00000358487	ENSP00000351276	821	coding_exon_start	exon 14 (CDS14)	616	kinase	kinase	437	770	end	154	within_domain	architecture_supported_with_minor_flags	minor_length_clamped	clamp_to_protein_length_with_minor_flag	coding-exon boundary (context)
homo_sapiens	IIIc	IIIc	ENST00000358487	ENSP00000351276	821	coding_exon_end	exon 14 (CDS14)	672	kinase	kinase	437	770	end	98	within_domain	architecture_supported_with_minor_flags	minor_length_clamped	clamp_to_protein_length_with_minor_flag	coding-exon boundary (context)
homo_sapiens	IIIc	IIIc	ENST00000358487	ENSP00000351276	821	coding_exon_start	exon 15 (CDS15)	672	kinase	kinase	437	770	end	98	within_domain	architecture_supported_with_minor_flags	minor_length_clamped	clamp_to_protein_length_with_minor_flag	coding-exon boundary (context)
homo_sapiens	IIIc	IIIc	ENST00000358487	ENSP00000351276	821	coding_exon_end	exon 15 (CDS15)	698	kinase	kinase	437	770	end	72	within_domain	architecture_supported_with_minor_flags	minor_length_clamped	clamp_to_protein_length_with_minor_flag	coding-exon boundary (context)
homo_sapiens	IIIc	IIIc	ENST00000358487	ENSP00000351276	821	coding_exon_start	exon 16 (CDS16)	698	kinase	kinase	437	770	end	72	within_domain	architecture_supported_with_minor_flags	minor_length_clamped	clamp_to_protein_length_with_minor_flag	coding-exon boundary (context)
homo_sapiens	IIIc	IIIc	ENST00000358487	ENSP00000351276	821	coding_exon_end	exon 16 (CDS16)	787	kinase	kinase	437	770	end	17	between_domains	architecture_supported_with_minor_flags	minor_length_clamped	clamp_to_protein_length_with_minor_flag	coding-exon boundary (context)
homo_sapiens	IIIc	IIIc	ENST00000358487	ENSP00000351276	821	coding_exon_start	exon 17 (CDS17)	787	kinase	kinase	437	770	end	17	between_domains	architecture_supported_with_minor_flags	minor_length_clamped	clamp_to_protein_length_with_minor_flag	coding-exon boundary (context)
homo_sapiens	IIIc	IIIc	ENST00000358487	ENSP00000351276	821	coding_exon_end	exon 17 (CDS17)	821	kinase	kinase	437	770	end	51	between_domains	architecture_supported_with_minor_flags	minor_length_clamped	clamp_to_protein_length_with_minor_flag	coding-exon boundary (context)
macaca_mulatta	IIIb	IIIb	XM_015148329.3	XP_015003815.1	839	cassette_start	exon 7 (IIIb cassette)	333	Ig3	Ig-like	282	376	end	43	within_domain	architecture_supported	figure3C_native	keep	cassette boundary (primary thesis metric)
macaca_mulatta	IIIb	IIIb	XM_015148329.3	XP_015003815.1	839	cassette_end	exon 7 (IIIb cassette)	381	Ig3	Ig-like	282	376	end	5	near_domain_boundary	architecture_supported	figure3C_native	keep	cassette boundary (primary thesis metric)
macaca_mulatta	IIIb	IIIb	XM_015148329.3	XP_015003815.1	839	coding_exon_start	exon 1 (CDS1)	1	Ig1	Ig-like	64	129	start	63	between_domains	architecture_supported	figure3C_native	keep	coding-exon boundary (context)
macaca_mulatta	IIIb	IIIb	XM_015148329.3	XP_015003815.1	839	coding_exon_end	exon 1 (CDS1)	56	Ig1	Ig-like	64	129	start	8	near_domain_boundary	architecture_supported	figure3C_native	keep	coding-exon boundary (context)
macaca_mulatta	IIIb	IIIb	XM_015148329.3	XP_015003815.1	839	coding_exon_start	exon 2 (CDS2)	56	Ig1	Ig-like	64	129	start	8	near_domain_boundary	architecture_supported	figure3C_native	keep	coding-exon boundary (context)
macaca_mulatta	IIIb	IIIb	XM_015148329.3	XP_015003815.1	839	coding_exon_end	exon 2 (CDS2)	145	Ig1	Ig-like	64	129	end	16	between_domains	architecture_supported	figure3C_native	keep	coding-exon boundary (context)
macaca_mulatta	IIIb	IIIb	XM_015148329.3	XP_015003815.1	839	coding_exon_start	exon 3 (CDS3)	145	Ig1	Ig-like	64	129	end	16	between_domains	architecture_supported	figure3C_native	keep	coding-exon boundary (context)
macaca_mulatta	IIIb	IIIb	XM_015148329.3	XP_015003815.1	839	coding_exon_end	exon 3 (CDS3)	171	Ig2	Ig-like	190	267	start	19	between_domains	architecture_supported	figure3C_native	keep	coding-exon boundary (context)
macaca_mulatta	IIIb	IIIb	XM_015148329.3	XP_015003815.1	839	coding_exon_start	exon 4 (CDS4)	171	Ig2	Ig-like	190	267	start	19	between_domains	architecture_supported	figure3C_native	keep	coding-exon boundary (context)
macaca_mulatta	IIIb	IIIb	XM_015148329.3	XP_015003815.1	839	coding_exon_end	exon 4 (CDS4)	227	Ig2	Ig-like	190	267	start	37	within_domain	architecture_supported	figure3C_native	keep	coding-exon boundary (context)
macaca_mulatta	IIIb	IIIb	XM_015148329.3	XP_015003815.1	839	coding_exon_start	exon 5 (CDS5)	228	Ig2	Ig-like	190	267	start	38	within_domain	architecture_supported	figure3C_native	keep	coding-exon boundary (context)
macaca_mulatta	IIIb	IIIb	XM_015148329.3	XP_015003815.1	839	coding_exon_end	exon 5 (CDS5)	269	Ig2	Ig-like	190	267	end	2	aligned_to_domain_boundary	architecture_supported	figure3C_native	keep	coding-exon boundary (context)
macaca_mulatta	IIIb	IIIb	XM_015148329.3	XP_015003815.1	839	coding_exon_start	exon 6 (CDS6)	269	Ig2	Ig-like	190	267	end	2	aligned_to_domain_boundary	architecture_supported	figure3C_native	keep	coding-exon boundary (context)
macaca_mulatta	IIIb	IIIb	XM_015148329.3	XP_015003815.1	839	coding_exon_end	exon 6 (CDS6)	332	Ig3	Ig-like	282	376	end	44	within_domain	architecture_supported	figure3C_native	keep	coding-exon boundary (context)
macaca_mulatta	IIIb	IIIb	XM_015148329.3	XP_015003815.1	839	coding_exon_start	exon 8 (CDS8)	381	Ig3	Ig-like	282	376	end	5	near_domain_boundary	architecture_supported	figure3C_native	keep	coding-exon boundary (context)
macaca_mulatta	IIIb	IIIb	XM_015148329.3	XP_015003815.1	839	coding_exon_end	exon 8 (CDS8)	446	kinase	kinase	455	788	start	9	near_domain_boundary	architecture_supported	figure3C_native	keep	coding-exon boundary (context)
macaca_mulatta	IIIb	IIIb	XM_015148329.3	XP_015003815.1	839	coding_exon_start	exon 9 (CDS9)	447	kinase	kinase	455	788	start	8	near_domain_boundary	architecture_supported	figure3C_native	keep	coding-exon boundary (context)
macaca_mulatta	IIIb	IIIb	XM_015148329.3	XP_015003815.1	839	coding_exon_end	exon 9 (CDS9)	497	kinase	kinase	455	788	start	42	within_domain	architecture_supported	figure3C_native	keep	coding-exon boundary (context)
macaca_mulatta	IIIb	IIIb	XM_015148329.3	XP_015003815.1	839	coding_exon_start	exon 10 (CDS10)	497	kinase	kinase	455	788	start	42	within_domain	architecture_supported	figure3C_native	keep	coding-exon boundary (context)
macaca_mulatta	IIIb	IIIb	XM_015148329.3	XP_015003815.1	839	coding_exon_end	exon 10 (CDS10)	538	kinase	kinase	455	788	start	83	within_domain	architecture_supported	figure3C_native	keep	coding-exon boundary (context)
macaca_mulatta	IIIb	IIIb	XM_015148329.3	XP_015003815.1	839	coding_exon_start	exon 11 (CDS11)	538	kinase	kinase	455	788	start	83	within_domain	architecture_supported	figure3C_native	keep	coding-exon boundary (context)
macaca_mulatta	IIIb	IIIb	XM_015148329.3	XP_015003815.1	839	coding_exon_end	exon 11 (CDS11)	575	kinase	kinase	455	788	start	120	within_domain	architecture_supported	figure3C_native	keep	coding-exon boundary (context)
macaca_mulatta	IIIb	IIIb	XM_015148329.3	XP_015003815.1	839	coding_exon_start	exon 12 (CDS12)	575	kinase	kinase	455	788	start	120	within_domain	architecture_supported	figure3C_native	keep	coding-exon boundary (context)
macaca_mulatta	IIIb	IIIb	XM_015148329.3	XP_015003815.1	839	coding_exon_end	exon 12 (CDS12)	638	kinase	kinase	455	788	end	150	within_domain	architecture_supported	figure3C_native	keep	coding-exon boundary (context)
macaca_mulatta	IIIb	IIIb	XM_015148329.3	XP_015003815.1	839	coding_exon_start	exon 13 (CDS13)	639	kinase	kinase	455	788	end	149	within_domain	architecture_supported	figure3C_native	keep	coding-exon boundary (context)
macaca_mulatta	IIIb	IIIb	XM_015148329.3	XP_015003815.1	839	coding_exon_end	exon 13 (CDS13)	679	kinase	kinase	455	788	end	109	within_domain	architecture_supported	figure3C_native	keep	coding-exon boundary (context)
macaca_mulatta	IIIb	IIIb	XM_015148329.3	XP_015003815.1	839	coding_exon_start	exon 14 (CDS14)	680	kinase	kinase	455	788	end	108	within_domain	architecture_supported	figure3C_native	keep	coding-exon boundary (context)
macaca_mulatta	IIIb	IIIb	XM_015148329.3	XP_015003815.1	839	coding_exon_end	exon 14 (CDS14)	703	kinase	kinase	455	788	end	85	within_domain	architecture_supported	figure3C_native	keep	coding-exon boundary (context)
macaca_mulatta	IIIb	IIIb	XM_015148329.3	XP_015003815.1	839	coding_exon_start	exon 15 (CDS15)	703	kinase	kinase	455	788	end	85	within_domain	architecture_supported	figure3C_native	keep	coding-exon boundary (context)
macaca_mulatta	IIIb	IIIb	XM_015148329.3	XP_015003815.1	839	coding_exon_end	exon 15 (CDS15)	749	kinase	kinase	455	788	end	39	within_domain	architecture_supported	figure3C_native	keep	coding-exon boundary (context)
macaca_mulatta	IIIb	IIIb	XM_015148329.3	XP_015003815.1	839	coding_exon_start	exon 16 (CDS16)	749	kinase	kinase	455	788	end	39	within_domain	architecture_supported	figure3C_native	keep	coding-exon boundary (context)
macaca_mulatta	IIIb	IIIb	XM_015148329.3	XP_015003815.1	839	coding_exon_end	exon 16 (CDS16)	784	kinase	kinase	455	788	end	4	near_domain_boundary	architecture_supported	figure3C_native	keep	coding-exon boundary (context)
macaca_mulatta	IIIb	IIIb	XM_015148329.3	XP_015003815.1	839	coding_exon_start	exon 17 (CDS17)	785	kinase	kinase	455	788	end	3	aligned_to_domain_boundary	architecture_supported	figure3C_native	keep	coding-exon boundary (context)
macaca_mulatta	IIIb	IIIb	XM_015148329.3	XP_015003815.1	839	coding_exon_end	exon 17 (CDS17)	839	kinase	kinase	455	788	end	51	between_domains	architecture_supported	figure3C_native	keep	coding-exon boundary (context)
macaca_mulatta	IIIc	IIIc	XM_077947649.1	XP_077803775.1	838	cassette_start	exon 7 (IIIc cassette)	333	Ig3	Ig-like	285	365	end	32	within_domain	architecture_supported	minor_length_clamped	clamp_to_protein_length_with_minor_flag	cassette boundary (primary thesis metric)
macaca_mulatta	IIIc	IIIc	XM_077947649.1	XP_077803775.1	838	cassette_end	exon 7 (IIIc cassette)	382	TM	TM	393	415	start	11	near_domain_boundary	architecture_supported	minor_length_clamped	clamp_to_protein_length_with_minor_flag	cassette boundary (primary thesis metric)
macaca_mulatta	IIIc	IIIc	XM_077947649.1	XP_077803775.1	838	coding_exon_start	exon 1 (CDS1)	1	Ig1	Ig-like	64	129	start	63	between_domains	architecture_supported	minor_length_clamped	clamp_to_protein_length_with_minor_flag	coding-exon boundary (context)
macaca_mulatta	IIIc	IIIc	XM_077947649.1	XP_077803775.1	838	coding_exon_end	exon 1 (CDS1)	56	Ig1	Ig-like	64	129	start	8	near_domain_boundary	architecture_supported	minor_length_clamped	clamp_to_protein_length_with_minor_flag	coding-exon boundary (context)
macaca_mulatta	IIIc	IIIc	XM_077947649.1	XP_077803775.1	838	coding_exon_start	exon 2 (CDS2)	56	Ig1	Ig-like	64	129	start	8	near_domain_boundary	architecture_supported	minor_length_clamped	clamp_to_protein_length_with_minor_flag	coding-exon boundary (context)
macaca_mulatta	IIIc	IIIc	XM_077947649.1	XP_077803775.1	838	coding_exon_end	exon 2 (CDS2)	145	Ig1	Ig-like	64	129	end	16	between_domains	architecture_supported	minor_length_clamped	clamp_to_protein_length_with_minor_flag	coding-exon boundary (context)
macaca_mulatta	IIIc	IIIc	XM_077947649.1	XP_077803775.1	838	coding_exon_start	exon 3 (CDS3)	145	Ig1	Ig-like	64	129	end	16	between_domains	architecture_supported	minor_length_clamped	clamp_to_protein_length_with_minor_flag	coding-exon boundary (context)
macaca_mulatta	IIIc	IIIc	XM_077947649.1	XP_077803775.1	838	coding_exon_end	exon 3 (CDS3)	171	Ig2	Ig-like	190	267	start	19	between_domains	architecture_supported	minor_length_clamped	clamp_to_protein_length_with_minor_flag	coding-exon boundary (context)
macaca_mulatta	IIIc	IIIc	XM_077947649.1	XP_077803775.1	838	coding_exon_start	exon 4 (CDS4)	171	Ig2	Ig-like	190	267	start	19	between_domains	architecture_supported	minor_length_clamped	clamp_to_protein_length_with_minor_flag	coding-exon boundary (context)
macaca_mulatta	IIIc	IIIc	XM_077947649.1	XP_077803775.1	838	coding_exon_end	exon 4 (CDS4)	227	Ig2	Ig-like	190	267	start	37	within_domain	architecture_supported	minor_length_clamped	clamp_to_protein_length_with_minor_flag	coding-exon boundary (context)
macaca_mulatta	IIIc	IIIc	XM_077947649.1	XP_077803775.1	838	coding_exon_start	exon 5 (CDS5)	228	Ig2	Ig-like	190	267	start	38	within_domain	architecture_supported	minor_length_clamped	clamp_to_protein_length_with_minor_flag	coding-exon boundary (context)
macaca_mulatta	IIIc	IIIc	XM_077947649.1	XP_077803775.1	838	coding_exon_end	exon 5 (CDS5)	269	Ig2	Ig-like	190	267	end	2	aligned_to_domain_boundary	architecture_supported	minor_length_clamped	clamp_to_protein_length_with_minor_flag	coding-exon boundary (context)
macaca_mulatta	IIIc	IIIc	XM_077947649.1	XP_077803775.1	838	coding_exon_start	exon 6 (CDS6)	269	Ig2	Ig-like	190	267	end	2	aligned_to_domain_boundary	architecture_supported	minor_length_clamped	clamp_to_protein_length_with_minor_flag	coding-exon boundary (context)
macaca_mulatta	IIIc	IIIc	XM_077947649.1	XP_077803775.1	838	coding_exon_end	exon 6 (CDS6)	332	Ig3	Ig-like	285	365	end	33	within_domain	architecture_supported	minor_length_clamped	clamp_to_protein_length_with_minor_flag	coding-exon boundary (context)
macaca_mulatta	IIIc	IIIc	XM_077947649.1	XP_077803775.1	838	coding_exon_start	exon 8 (CDS8)	382	TM	TM	393	415	start	11	near_domain_boundary	architecture_supported	minor_length_clamped	clamp_to_protein_length_with_minor_flag	coding-exon boundary (context)
macaca_mulatta	IIIc	IIIc	XM_077947649.1	XP_077803775.1	838	coding_exon_end	exon 8 (CDS8)	447	kinase	kinase	454	787	start	7	near_domain_boundary	architecture_supported	minor_length_clamped	clamp_to_protein_length_with_minor_flag	coding-exon boundary (context)
macaca_mulatta	IIIc	IIIc	XM_077947649.1	XP_077803775.1	838	coding_exon_start	exon 9 (CDS9)	448	kinase	kinase	454	787	start	6	near_domain_boundary	architecture_supported	minor_length_clamped	clamp_to_protein_length_with_minor_flag	coding-exon boundary (context)
macaca_mulatta	IIIc	IIIc	XM_077947649.1	XP_077803775.1	838	coding_exon_end	exon 9 (CDS9)	498	kinase	kinase	454	787	start	44	within_domain	architecture_supported	minor_length_clamped	clamp_to_protein_length_with_minor_flag	coding-exon boundary (context)
macaca_mulatta	IIIc	IIIc	XM_077947649.1	XP_077803775.1	838	coding_exon_start	exon 10 (CDS10)	498	kinase	kinase	454	787	start	44	within_domain	architecture_supported	minor_length_clamped	clamp_to_protein_length_with_minor_flag	coding-exon boundary (context)
macaca_mulatta	IIIc	IIIc	XM_077947649.1	XP_077803775.1	838	coding_exon_end	exon 10 (CDS10)	539	kinase	kinase	454	787	start	85	within_domain	architecture_supported	minor_length_clamped	clamp_to_protein_length_with_minor_flag	coding-exon boundary (context)
macaca_mulatta	IIIc	IIIc	XM_077947649.1	XP_077803775.1	838	coding_exon_start	exon 11 (CDS11)	539	kinase	kinase	454	787	start	85	within_domain	architecture_supported	minor_length_clamped	clamp_to_protein_length_with_minor_flag	coding-exon boundary (context)
macaca_mulatta	IIIc	IIIc	XM_077947649.1	XP_077803775.1	838	coding_exon_end	exon 11 (CDS11)	576	kinase	kinase	454	787	start	122	within_domain	architecture_supported	minor_length_clamped	clamp_to_protein_length_with_minor_flag	coding-exon boundary (context)
macaca_mulatta	IIIc	IIIc	XM_077947649.1	XP_077803775.1	838	coding_exon_start	exon 12 (CDS12)	576	kinase	kinase	454	787	start	122	within_domain	architecture_supported	minor_length_clamped	clamp_to_protein_length_with_minor_flag	coding-exon boundary (context)
macaca_mulatta	IIIc	IIIc	XM_077947649.1	XP_077803775.1	838	coding_exon_end	exon 12 (CDS12)	639	kinase	kinase	454	787	end	148	within_domain	architecture_supported	minor_length_clamped	clamp_to_protein_length_with_minor_flag	coding-exon boundary (context)
macaca_mulatta	IIIc	IIIc	XM_077947649.1	XP_077803775.1	838	coding_exon_start	exon 13 (CDS13)	640	kinase	kinase	454	787	end	147	within_domain	architecture_supported	minor_length_clamped	clamp_to_protein_length_with_minor_flag	coding-exon boundary (context)
macaca_mulatta	IIIc	IIIc	XM_077947649.1	XP_077803775.1	838	coding_exon_end	exon 13 (CDS13)	680	kinase	kinase	454	787	end	107	within_domain	architecture_supported	minor_length_clamped	clamp_to_protein_length_with_minor_flag	coding-exon boundary (context)
macaca_mulatta	IIIc	IIIc	XM_077947649.1	XP_077803775.1	838	coding_exon_start	exon 14 (CDS14)	681	kinase	kinase	454	787	end	106	within_domain	architecture_supported	minor_length_clamped	clamp_to_protein_length_with_minor_flag	coding-exon boundary (context)
macaca_mulatta	IIIc	IIIc	XM_077947649.1	XP_077803775.1	838	coding_exon_end	exon 14 (CDS14)	704	kinase	kinase	454	787	end	83	within_domain	architecture_supported	minor_length_clamped	clamp_to_protein_length_with_minor_flag	coding-exon boundary (context)
macaca_mulatta	IIIc	IIIc	XM_077947649.1	XP_077803775.1	838	coding_exon_start	exon 15 (CDS15)	704	kinase	kinase	454	787	end	83	within_domain	architecture_supported	minor_length_clamped	clamp_to_protein_length_with_minor_flag	coding-exon boundary (context)
macaca_mulatta	IIIc	IIIc	XM_077947649.1	XP_077803775.1	838	coding_exon_end	exon 15 (CDS15)	750	kinase	kinase	454	787	end	37	within_domain	architecture_supported	minor_length_clamped	clamp_to_protein_length_with_minor_flag	coding-exon boundary (context)
macaca_mulatta	IIIc	IIIc	XM_077947649.1	XP_077803775.1	838	coding_exon_start	exon 16 (CDS16)	750	kinase	kinase	454	787	end	37	within_domain	architecture_supported	minor_length_clamped	clamp_to_protein_length_with_minor_flag	coding-exon boundary (context)
macaca_mulatta	IIIc	IIIc	XM_077947649.1	XP_077803775.1	838	coding_exon_end	exon 16 (CDS16)	785	kinase	kinase	454	787	end	2	aligned_to_domain_boundary	architecture_supported	minor_length_clamped	clamp_to_protein_length_with_minor_flag	coding-exon boundary (context)
macaca_mulatta	IIIc	IIIc	XM_077947649.1	XP_077803775.1	838	coding_exon_start	exon 17 (CDS17)	786	kinase	kinase	454	787	end	1	aligned_to_domain_boundary	architecture_supported	minor_length_clamped	clamp_to_protein_length_with_minor_flag	coding-exon boundary (context)
macaca_mulatta	IIIc	IIIc	XM_077947649.1	XP_077803775.1	838	coding_exon_end	exon 17 (CDS17)	838	kinase	kinase	454	787	end	51	between_domains	architecture_supported	minor_length_clamped	clamp_to_protein_length_with_minor_flag	coding-exon boundary (context)
meleagris_gallopavo	IIIb	IIIb	ENSMGAT00000037037	ENSMGAP00000031353	631	cassette_start	exon 5 (IIIb cassette)	245	Ig2	Ig-like	157	251	end	6	near_domain_boundary	architecture_supported_with_minor_flags	figure3C_native	keep	cassette boundary (primary thesis metric)
meleagris_gallopavo	IIIb	IIIb	ENSMGAT00000037037	ENSMGAP00000031353	631	cassette_end	exon 5 (IIIb cassette)	295	TM	TM	269	291	end	4	near_domain_boundary	architecture_supported_with_minor_flags	figure3C_native	keep	cassette boundary (primary thesis metric)
meleagris_gallopavo	IIIb	IIIb	ENSMGAT00000037037	ENSMGAP00000031353	631	coding_exon_start	exon 1 (CDS1)	1	Ig1	Ig-like	65	142	start	64	between_domains	architecture_supported_with_minor_flags	figure3C_native	keep	coding-exon boundary (context)
meleagris_gallopavo	IIIb	IIIb	ENSMGAT00000037037	ENSMGAP00000031353	631	coding_exon_end	exon 1 (CDS1)	103	Ig1	Ig-like	65	142	start	38	within_domain	architecture_supported_with_minor_flags	figure3C_native	keep	coding-exon boundary (context)
meleagris_gallopavo	IIIb	IIIb	ENSMGAT00000037037	ENSMGAP00000031353	631	coding_exon_start	exon 2 (CDS2)	104	Ig1	Ig-like	65	142	end	38	within_domain	architecture_supported_with_minor_flags	figure3C_native	keep	coding-exon boundary (context)
meleagris_gallopavo	IIIb	IIIb	ENSMGAT00000037037	ENSMGAP00000031353	631	coding_exon_end	exon 2 (CDS2)	167	Ig2	Ig-like	157	251	start	10	near_domain_boundary	architecture_supported_with_minor_flags	figure3C_native	keep	coding-exon boundary (context)
meleagris_gallopavo	IIIb	IIIb	ENSMGAT00000037037	ENSMGAP00000031353	631	coding_exon_start	exon 3 (CDS3)	167	Ig2	Ig-like	157	251	start	10	near_domain_boundary	architecture_supported_with_minor_flags	figure3C_native	keep	coding-exon boundary (context)
meleagris_gallopavo	IIIb	IIIb	ENSMGAT00000037037	ENSMGAP00000031353	631	coding_exon_end	exon 3 (CDS3)	204	Ig2	Ig-like	157	251	start	47	within_domain	architecture_supported_with_minor_flags	figure3C_native	keep	coding-exon boundary (context)
meleagris_gallopavo	IIIb	IIIb	ENSMGAT00000037037	ENSMGAP00000031353	631	coding_exon_start	exon 4 (CDS4)	204	Ig2	Ig-like	157	251	start	47	within_domain	architecture_supported_with_minor_flags	figure3C_native	keep	coding-exon boundary (context)
meleagris_gallopavo	IIIb	IIIb	ENSMGAT00000037037	ENSMGAP00000031353	631	coding_exon_end	exon 4 (CDS4)	245	Ig2	Ig-like	157	251	end	6	near_domain_boundary	architecture_supported_with_minor_flags	figure3C_native	keep	coding-exon boundary (context)
meleagris_gallopavo	IIIb	IIIb	ENSMGAT00000037037	ENSMGAP00000031353	631	coding_exon_start	exon 6 (CDS6)	296	TM	TM	269	291	end	5	near_domain_boundary	architecture_supported_with_minor_flags	figure3C_native	keep	coding-exon boundary (context)
meleagris_gallopavo	IIIb	IIIb	ENSMGAT00000037037	ENSMGAP00000031353	631	coding_exon_end	exon 6 (CDS6)	361	kinase	kinase	330	631	start	31	within_domain	architecture_supported_with_minor_flags	figure3C_native	keep	coding-exon boundary (context)
meleagris_gallopavo	IIIb	IIIb	ENSMGAT00000037037	ENSMGAP00000031353	631	coding_exon_start	exon 7 (CDS7)	361	kinase	kinase	330	631	start	31	within_domain	architecture_supported_with_minor_flags	figure3C_native	keep	coding-exon boundary (context)
meleagris_gallopavo	IIIb	IIIb	ENSMGAT00000037037	ENSMGAP00000031353	631	coding_exon_end	exon 7 (CDS7)	409	kinase	kinase	330	631	start	79	within_domain	architecture_supported_with_minor_flags	figure3C_native	keep	coding-exon boundary (context)
meleagris_gallopavo	IIIb	IIIb	ENSMGAT00000037037	ENSMGAP00000031353	631	coding_exon_start	exon 8 (CDS8)	410	kinase	kinase	330	631	start	80	within_domain	architecture_supported_with_minor_flags	figure3C_native	keep	coding-exon boundary (context)
meleagris_gallopavo	IIIb	IIIb	ENSMGAT00000037037	ENSMGAP00000031353	631	coding_exon_end	exon 8 (CDS8)	473	kinase	kinase	330	631	start	143	within_domain	architecture_supported_with_minor_flags	figure3C_native	keep	coding-exon boundary (context)
meleagris_gallopavo	IIIb	IIIb	ENSMGAT00000037037	ENSMGAP00000031353	631	coding_exon_start	exon 9 (CDS9)	473	kinase	kinase	330	631	start	143	within_domain	architecture_supported_with_minor_flags	figure3C_native	keep	coding-exon boundary (context)
meleagris_gallopavo	IIIb	IIIb	ENSMGAT00000037037	ENSMGAP00000031353	631	coding_exon_end	exon 9 (CDS9)	514	kinase	kinase	330	631	end	117	within_domain	architecture_supported_with_minor_flags	figure3C_native	keep	coding-exon boundary (context)
meleagris_gallopavo	IIIb	IIIb	ENSMGAT00000037037	ENSMGAP00000031353	631	coding_exon_start	exon 10 (CDS10)	515	kinase	kinase	330	631	end	116	within_domain	architecture_supported_with_minor_flags	figure3C_native	keep	coding-exon boundary (context)
meleagris_gallopavo	IIIb	IIIb	ENSMGAT00000037037	ENSMGAP00000031353	631	coding_exon_end	exon 10 (CDS10)	571	kinase	kinase	330	631	end	60	within_domain	architecture_supported_with_minor_flags	figure3C_native	keep	coding-exon boundary (context)
meleagris_gallopavo	IIIb	IIIb	ENSMGAT00000037037	ENSMGAP00000031353	631	coding_exon_start	exon 11 (CDS11)	571	kinase	kinase	330	631	end	60	within_domain	architecture_supported_with_minor_flags	figure3C_native	keep	coding-exon boundary (context)
meleagris_gallopavo	IIIb	IIIb	ENSMGAT00000037037	ENSMGAP00000031353	631	coding_exon_end	exon 11 (CDS11)	628	kinase	kinase	330	631	end	3	aligned_to_domain_boundary	architecture_supported_with_minor_flags	figure3C_native	keep	coding-exon boundary (context)
meleagris_gallopavo	IIIc	IIIc	ENSMGAT00000021846	ENSMGAP00000031571	627	cassette_start	exon 4 (CDS4)	204	Ig2	Ig-like	171	252	start	33	within_domain	architecture_supported_with_minor_flags	native_exon_blocks_reconstructed	reconstruct_from_native_cds	cassette boundary (primary thesis metric)
meleagris_gallopavo	IIIc	IIIc	ENSMGAT00000021846	ENSMGAP00000031571	627	cassette_end	exon 4 (CDS4)	245	Ig2	Ig-like	171	252	end	7	near_domain_boundary	architecture_supported_with_minor_flags	native_exon_blocks_reconstructed	reconstruct_from_native_cds	cassette boundary (primary thesis metric)
meleagris_gallopavo	IIIc	IIIc	ENSMGAT00000021846	ENSMGAP00000031571	627	coding_exon_start	exon 1 (CDS1)	1	Ig1	Ig-like	77	154	start	76	between_domains	architecture_supported_with_minor_flags	native_exon_blocks_reconstructed	reconstruct_from_native_cds	coding-exon boundary (context)
meleagris_gallopavo	IIIc	IIIc	ENSMGAT00000021846	ENSMGAP00000031571	627	coding_exon_end	exon 1 (CDS1)	103	Ig1	Ig-like	77	154	start	26	within_domain	architecture_supported_with_minor_flags	native_exon_blocks_reconstructed	reconstruct_from_native_cds	coding-exon boundary (context)
meleagris_gallopavo	IIIc	IIIc	ENSMGAT00000021846	ENSMGAP00000031571	627	coding_exon_start	exon 2 (CDS2)	104	Ig1	Ig-like	77	154	start	27	within_domain	architecture_supported_with_minor_flags	native_exon_blocks_reconstructed	reconstruct_from_native_cds	coding-exon boundary (context)
meleagris_gallopavo	IIIc	IIIc	ENSMGAT00000021846	ENSMGAP00000031571	627	coding_exon_end	exon 2 (CDS2)	167	Ig2	Ig-like	171	252	start	4	near_domain_boundary	architecture_supported_with_minor_flags	native_exon_blocks_reconstructed	reconstruct_from_native_cds	coding-exon boundary (context)
meleagris_gallopavo	IIIc	IIIc	ENSMGAT00000021846	ENSMGAP00000031571	627	coding_exon_start	exon 3 (CDS3)	167	Ig2	Ig-like	171	252	start	4	near_domain_boundary	architecture_supported_with_minor_flags	native_exon_blocks_reconstructed	reconstruct_from_native_cds	coding-exon boundary (context)
meleagris_gallopavo	IIIc	IIIc	ENSMGAT00000021846	ENSMGAP00000031571	627	coding_exon_end	exon 3 (CDS3)	204	Ig2	Ig-like	171	252	start	33	within_domain	architecture_supported_with_minor_flags	native_exon_blocks_reconstructed	reconstruct_from_native_cds	coding-exon boundary (context)
meleagris_gallopavo	IIIc	IIIc	ENSMGAT00000021846	ENSMGAP00000031571	627	coding_exon_start	exon 5 (CDS5)	245	Ig2	Ig-like	171	252	end	7	near_domain_boundary	architecture_supported_with_minor_flags	native_exon_blocks_reconstructed	reconstruct_from_native_cds	coding-exon boundary (context)
meleagris_gallopavo	IIIc	IIIc	ENSMGAT00000021846	ENSMGAP00000031571	627	coding_exon_end	exon 5 (CDS5)	295	TM	TM	280	302	end	7	near_domain_boundary	architecture_supported_with_minor_flags	native_exon_blocks_reconstructed	reconstruct_from_native_cds	coding-exon boundary (context)
meleagris_gallopavo	IIIc	IIIc	ENSMGAT00000021846	ENSMGAP00000031571	627	coding_exon_start	exon 6 (CDS6)	296	TM	TM	280	302	end	6	near_domain_boundary	architecture_supported_with_minor_flags	native_exon_blocks_reconstructed	reconstruct_from_native_cds	coding-exon boundary (context)
meleagris_gallopavo	IIIc	IIIc	ENSMGAT00000021846	ENSMGAP00000031571	627	coding_exon_end	exon 6 (CDS6)	361	kinase	kinase	341	627	start	20	within_domain	architecture_supported_with_minor_flags	native_exon_blocks_reconstructed	reconstruct_from_native_cds	coding-exon boundary (context)
meleagris_gallopavo	IIIc	IIIc	ENSMGAT00000021846	ENSMGAP00000031571	627	coding_exon_start	exon 7 (CDS7)	361	kinase	kinase	341	627	start	20	within_domain	architecture_supported_with_minor_flags	native_exon_blocks_reconstructed	reconstruct_from_native_cds	coding-exon boundary (context)
meleagris_gallopavo	IIIc	IIIc	ENSMGAT00000021846	ENSMGAP00000031571	627	coding_exon_end	exon 7 (CDS7)	409	kinase	kinase	341	627	start	68	within_domain	architecture_supported_with_minor_flags	native_exon_blocks_reconstructed	reconstruct_from_native_cds	coding-exon boundary (context)
meleagris_gallopavo	IIIc	IIIc	ENSMGAT00000021846	ENSMGAP00000031571	627	coding_exon_start	exon 8 (CDS8)	410	kinase	kinase	341	627	start	69	within_domain	architecture_supported_with_minor_flags	native_exon_blocks_reconstructed	reconstruct_from_native_cds	coding-exon boundary (context)
meleagris_gallopavo	IIIc	IIIc	ENSMGAT00000021846	ENSMGAP00000031571	627	coding_exon_end	exon 8 (CDS8)	473	kinase	kinase	341	627	start	132	within_domain	architecture_supported_with_minor_flags	native_exon_blocks_reconstructed	reconstruct_from_native_cds	coding-exon boundary (context)
meleagris_gallopavo	IIIc	IIIc	ENSMGAT00000021846	ENSMGAP00000031571	627	coding_exon_start	exon 9 (CDS9)	473	kinase	kinase	341	627	start	132	within_domain	architecture_supported_with_minor_flags	native_exon_blocks_reconstructed	reconstruct_from_native_cds	coding-exon boundary (context)
meleagris_gallopavo	IIIc	IIIc	ENSMGAT00000021846	ENSMGAP00000031571	627	coding_exon_end	exon 9 (CDS9)	514	kinase	kinase	341	627	end	113	within_domain	architecture_supported_with_minor_flags	native_exon_blocks_reconstructed	reconstruct_from_native_cds	coding-exon boundary (context)
meleagris_gallopavo	IIIc	IIIc	ENSMGAT00000021846	ENSMGAP00000031571	627	coding_exon_start	exon 10 (CDS10)	515	kinase	kinase	341	627	end	112	within_domain	architecture_supported_with_minor_flags	native_exon_blocks_reconstructed	reconstruct_from_native_cds	coding-exon boundary (context)
meleagris_gallopavo	IIIc	IIIc	ENSMGAT00000021846	ENSMGAP00000031571	627	coding_exon_end	exon 10 (CDS10)	571	kinase	kinase	341	627	end	56	within_domain	architecture_supported_with_minor_flags	native_exon_blocks_reconstructed	reconstruct_from_native_cds	coding-exon boundary (context)
meleagris_gallopavo	IIIc	IIIc	ENSMGAT00000021846	ENSMGAP00000031571	627	coding_exon_start	exon 11 (CDS11)	571	kinase	kinase	341	627	end	56	within_domain	architecture_supported_with_minor_flags	native_exon_blocks_reconstructed	reconstruct_from_native_cds	coding-exon boundary (context)
meleagris_gallopavo	IIIc	IIIc	ENSMGAT00000021846	ENSMGAP00000031571	627	coding_exon_end	exon 11 (CDS11)	627	kinase	kinase	341	627	end	0	aligned_to_domain_boundary	architecture_supported_with_minor_flags	native_exon_blocks_reconstructed	reconstruct_from_native_cds	coding-exon boundary (context)
monodelphis_domestica	IIIb	IIIb	XM_056803261.1	XP_056659239.1	840	cassette_start	exon 7 (IIIb cassette)	332	Ig3	Ig-like	281	375	end	43	within_domain	architecture_supported	figure3C_native	keep	cassette boundary (primary thesis metric)
monodelphis_domestica	IIIb	IIIb	XM_056803261.1	XP_056659239.1	840	cassette_end	exon 7 (IIIb cassette)	380	Ig3	Ig-like	281	375	end	5	near_domain_boundary	architecture_supported	figure3C_native	keep	cassette boundary (primary thesis metric)
monodelphis_domestica	IIIb	IIIb	XM_056803261.1	XP_056659239.1	840	coding_exon_start	exon 1 (CDS1)	1	Ig1	Ig-like	65	142	start	64	between_domains	architecture_supported	figure3C_native	keep	coding-exon boundary (context)
monodelphis_domestica	IIIb	IIIb	XM_056803261.1	XP_056659239.1	840	coding_exon_end	exon 1 (CDS1)	56	Ig1	Ig-like	65	142	start	9	near_domain_boundary	architecture_supported	figure3C_native	keep	coding-exon boundary (context)
monodelphis_domestica	IIIb	IIIb	XM_056803261.1	XP_056659239.1	840	coding_exon_start	exon 2 (CDS2)	56	Ig1	Ig-like	65	142	start	9	near_domain_boundary	architecture_supported	figure3C_native	keep	coding-exon boundary (context)
monodelphis_domestica	IIIb	IIIb	XM_056803261.1	XP_056659239.1	840	coding_exon_end	exon 2 (CDS2)	145	Ig1	Ig-like	65	142	end	3	aligned_to_domain_boundary	architecture_supported	figure3C_native	keep	coding-exon boundary (context)
monodelphis_domestica	IIIb	IIIb	XM_056803261.1	XP_056659239.1	840	coding_exon_start	exon 3 (CDS3)	145	Ig1	Ig-like	65	142	end	3	aligned_to_domain_boundary	architecture_supported	figure3C_native	keep	coding-exon boundary (context)
monodelphis_domestica	IIIb	IIIb	XM_056803261.1	XP_056659239.1	840	coding_exon_end	exon 3 (CDS3)	170	Ig2	Ig-like	189	266	start	19	between_domains	architecture_supported	figure3C_native	keep	coding-exon boundary (context)
monodelphis_domestica	IIIb	IIIb	XM_056803261.1	XP_056659239.1	840	coding_exon_start	exon 4 (CDS4)	170	Ig2	Ig-like	189	266	start	19	between_domains	architecture_supported	figure3C_native	keep	coding-exon boundary (context)
monodelphis_domestica	IIIb	IIIb	XM_056803261.1	XP_056659239.1	840	coding_exon_end	exon 4 (CDS4)	226	Ig2	Ig-like	189	266	start	37	within_domain	architecture_supported	figure3C_native	keep	coding-exon boundary (context)
monodelphis_domestica	IIIb	IIIb	XM_056803261.1	XP_056659239.1	840	coding_exon_start	exon 5 (CDS5)	227	Ig2	Ig-like	189	266	start	38	within_domain	architecture_supported	figure3C_native	keep	coding-exon boundary (context)
monodelphis_domestica	IIIb	IIIb	XM_056803261.1	XP_056659239.1	840	coding_exon_end	exon 5 (CDS5)	268	Ig2	Ig-like	189	266	end	2	aligned_to_domain_boundary	architecture_supported	figure3C_native	keep	coding-exon boundary (context)
monodelphis_domestica	IIIb	IIIb	XM_056803261.1	XP_056659239.1	840	coding_exon_start	exon 6 (CDS6)	268	Ig2	Ig-like	189	266	end	2	aligned_to_domain_boundary	architecture_supported	figure3C_native	keep	coding-exon boundary (context)
monodelphis_domestica	IIIb	IIIb	XM_056803261.1	XP_056659239.1	840	coding_exon_end	exon 6 (CDS6)	331	Ig3	Ig-like	281	375	end	44	within_domain	architecture_supported	figure3C_native	keep	coding-exon boundary (context)
monodelphis_domestica	IIIb	IIIb	XM_056803261.1	XP_056659239.1	840	coding_exon_start	exon 8 (CDS8)	380	Ig3	Ig-like	281	375	end	5	near_domain_boundary	architecture_supported	figure3C_native	keep	coding-exon boundary (context)
monodelphis_domestica	IIIb	IIIb	XM_056803261.1	XP_056659239.1	840	coding_exon_end	exon 8 (CDS8)	447	kinase	kinase	456	789	start	9	near_domain_boundary	architecture_supported	figure3C_native	keep	coding-exon boundary (context)
monodelphis_domestica	IIIb	IIIb	XM_056803261.1	XP_056659239.1	840	coding_exon_start	exon 9 (CDS9)	448	kinase	kinase	456	789	start	8	near_domain_boundary	architecture_supported	figure3C_native	keep	coding-exon boundary (context)
monodelphis_domestica	IIIb	IIIb	XM_056803261.1	XP_056659239.1	840	coding_exon_end	exon 9 (CDS9)	498	kinase	kinase	456	789	start	42	within_domain	architecture_supported	figure3C_native	keep	coding-exon boundary (context)
monodelphis_domestica	IIIb	IIIb	XM_056803261.1	XP_056659239.1	840	coding_exon_start	exon 10 (CDS10)	498	kinase	kinase	456	789	start	42	within_domain	architecture_supported	figure3C_native	keep	coding-exon boundary (context)
monodelphis_domestica	IIIb	IIIb	XM_056803261.1	XP_056659239.1	840	coding_exon_end	exon 10 (CDS10)	539	kinase	kinase	456	789	start	83	within_domain	architecture_supported	figure3C_native	keep	coding-exon boundary (context)
monodelphis_domestica	IIIb	IIIb	XM_056803261.1	XP_056659239.1	840	coding_exon_start	exon 11 (CDS11)	539	kinase	kinase	456	789	start	83	within_domain	architecture_supported	figure3C_native	keep	coding-exon boundary (context)
monodelphis_domestica	IIIb	IIIb	XM_056803261.1	XP_056659239.1	840	coding_exon_end	exon 11 (CDS11)	576	kinase	kinase	456	789	start	120	within_domain	architecture_supported	figure3C_native	keep	coding-exon boundary (context)
monodelphis_domestica	IIIb	IIIb	XM_056803261.1	XP_056659239.1	840	coding_exon_start	exon 12 (CDS12)	576	kinase	kinase	456	789	start	120	within_domain	architecture_supported	figure3C_native	keep	coding-exon boundary (context)
monodelphis_domestica	IIIb	IIIb	XM_056803261.1	XP_056659239.1	840	coding_exon_end	exon 12 (CDS12)	639	kinase	kinase	456	789	end	150	within_domain	architecture_supported	figure3C_native	keep	coding-exon boundary (context)
monodelphis_domestica	IIIb	IIIb	XM_056803261.1	XP_056659239.1	840	coding_exon_start	exon 13 (CDS13)	640	kinase	kinase	456	789	end	149	within_domain	architecture_supported	figure3C_native	keep	coding-exon boundary (context)
monodelphis_domestica	IIIb	IIIb	XM_056803261.1	XP_056659239.1	840	coding_exon_end	exon 13 (CDS13)	680	kinase	kinase	456	789	end	109	within_domain	architecture_supported	figure3C_native	keep	coding-exon boundary (context)
monodelphis_domestica	IIIb	IIIb	XM_056803261.1	XP_056659239.1	840	coding_exon_start	exon 14 (CDS14)	681	kinase	kinase	456	789	end	108	within_domain	architecture_supported	figure3C_native	keep	coding-exon boundary (context)
monodelphis_domestica	IIIb	IIIb	XM_056803261.1	XP_056659239.1	840	coding_exon_end	exon 14 (CDS14)	704	kinase	kinase	456	789	end	85	within_domain	architecture_supported	figure3C_native	keep	coding-exon boundary (context)
monodelphis_domestica	IIIb	IIIb	XM_056803261.1	XP_056659239.1	840	coding_exon_start	exon 15 (CDS15)	704	kinase	kinase	456	789	end	85	within_domain	architecture_supported	figure3C_native	keep	coding-exon boundary (context)
monodelphis_domestica	IIIb	IIIb	XM_056803261.1	XP_056659239.1	840	coding_exon_end	exon 15 (CDS15)	750	kinase	kinase	456	789	end	39	within_domain	architecture_supported	figure3C_native	keep	coding-exon boundary (context)
monodelphis_domestica	IIIb	IIIb	XM_056803261.1	XP_056659239.1	840	coding_exon_start	exon 16 (CDS16)	750	kinase	kinase	456	789	end	39	within_domain	architecture_supported	figure3C_native	keep	coding-exon boundary (context)
monodelphis_domestica	IIIb	IIIb	XM_056803261.1	XP_056659239.1	840	coding_exon_end	exon 16 (CDS16)	785	kinase	kinase	456	789	end	4	near_domain_boundary	architecture_supported	figure3C_native	keep	coding-exon boundary (context)
monodelphis_domestica	IIIb	IIIb	XM_056803261.1	XP_056659239.1	840	coding_exon_start	exon 17 (CDS17)	786	kinase	kinase	456	789	end	3	aligned_to_domain_boundary	architecture_supported	figure3C_native	keep	coding-exon boundary (context)
monodelphis_domestica	IIIb	IIIb	XM_056803261.1	XP_056659239.1	840	coding_exon_end	exon 17 (CDS17)	840	kinase	kinase	456	789	end	51	between_domains	architecture_supported	figure3C_native	keep	coding-exon boundary (context)
monodelphis_domestica	IIIc	IIIc	XM_056803264.1	XP_056659242.1	839	cassette_start	exon 7 (IIIc cassette)	332	Ig3	Ig-like	284	364	end	32	within_domain	architecture_supported	minor_length_clamped	clamp_to_protein_length_with_minor_flag	cassette boundary (primary thesis metric)
monodelphis_domestica	IIIc	IIIc	XM_056803264.1	XP_056659242.1	839	cassette_end	exon 7 (IIIc cassette)	381	TM	TM	392	414	start	11	near_domain_boundary	architecture_supported	minor_length_clamped	clamp_to_protein_length_with_minor_flag	cassette boundary (primary thesis metric)
monodelphis_domestica	IIIc	IIIc	XM_056803264.1	XP_056659242.1	839	coding_exon_start	exon 1 (CDS1)	1	Ig1	Ig-like	65	142	start	64	between_domains	architecture_supported	minor_length_clamped	clamp_to_protein_length_with_minor_flag	coding-exon boundary (context)
monodelphis_domestica	IIIc	IIIc	XM_056803264.1	XP_056659242.1	839	coding_exon_end	exon 1 (CDS1)	56	Ig1	Ig-like	65	142	start	9	near_domain_boundary	architecture_supported	minor_length_clamped	clamp_to_protein_length_with_minor_flag	coding-exon boundary (context)
monodelphis_domestica	IIIc	IIIc	XM_056803264.1	XP_056659242.1	839	coding_exon_start	exon 2 (CDS2)	56	Ig1	Ig-like	65	142	start	9	near_domain_boundary	architecture_supported	minor_length_clamped	clamp_to_protein_length_with_minor_flag	coding-exon boundary (context)
monodelphis_domestica	IIIc	IIIc	XM_056803264.1	XP_056659242.1	839	coding_exon_end	exon 2 (CDS2)	145	Ig1	Ig-like	65	142	end	3	aligned_to_domain_boundary	architecture_supported	minor_length_clamped	clamp_to_protein_length_with_minor_flag	coding-exon boundary (context)
monodelphis_domestica	IIIc	IIIc	XM_056803264.1	XP_056659242.1	839	coding_exon_start	exon 3 (CDS3)	145	Ig1	Ig-like	65	142	end	3	aligned_to_domain_boundary	architecture_supported	minor_length_clamped	clamp_to_protein_length_with_minor_flag	coding-exon boundary (context)
monodelphis_domestica	IIIc	IIIc	XM_056803264.1	XP_056659242.1	839	coding_exon_end	exon 3 (CDS3)	170	Ig2	Ig-like	189	266	start	19	between_domains	architecture_supported	minor_length_clamped	clamp_to_protein_length_with_minor_flag	coding-exon boundary (context)
monodelphis_domestica	IIIc	IIIc	XM_056803264.1	XP_056659242.1	839	coding_exon_start	exon 4 (CDS4)	170	Ig2	Ig-like	189	266	start	19	between_domains	architecture_supported	minor_length_clamped	clamp_to_protein_length_with_minor_flag	coding-exon boundary (context)
monodelphis_domestica	IIIc	IIIc	XM_056803264.1	XP_056659242.1	839	coding_exon_end	exon 4 (CDS4)	226	Ig2	Ig-like	189	266	start	37	within_domain	architecture_supported	minor_length_clamped	clamp_to_protein_length_with_minor_flag	coding-exon boundary (context)
monodelphis_domestica	IIIc	IIIc	XM_056803264.1	XP_056659242.1	839	coding_exon_start	exon 5 (CDS5)	227	Ig2	Ig-like	189	266	start	38	within_domain	architecture_supported	minor_length_clamped	clamp_to_protein_length_with_minor_flag	coding-exon boundary (context)
monodelphis_domestica	IIIc	IIIc	XM_056803264.1	XP_056659242.1	839	coding_exon_end	exon 5 (CDS5)	268	Ig2	Ig-like	189	266	end	2	aligned_to_domain_boundary	architecture_supported	minor_length_clamped	clamp_to_protein_length_with_minor_flag	coding-exon boundary (context)
monodelphis_domestica	IIIc	IIIc	XM_056803264.1	XP_056659242.1	839	coding_exon_start	exon 6 (CDS6)	268	Ig2	Ig-like	189	266	end	2	aligned_to_domain_boundary	architecture_supported	minor_length_clamped	clamp_to_protein_length_with_minor_flag	coding-exon boundary (context)
monodelphis_domestica	IIIc	IIIc	XM_056803264.1	XP_056659242.1	839	coding_exon_end	exon 6 (CDS6)	331	Ig3	Ig-like	284	364	end	33	within_domain	architecture_supported	minor_length_clamped	clamp_to_protein_length_with_minor_flag	coding-exon boundary (context)
monodelphis_domestica	IIIc	IIIc	XM_056803264.1	XP_056659242.1	839	coding_exon_start	exon 8 (CDS8)	381	TM	TM	392	414	start	11	near_domain_boundary	architecture_supported	minor_length_clamped	clamp_to_protein_length_with_minor_flag	coding-exon boundary (context)
monodelphis_domestica	IIIc	IIIc	XM_056803264.1	XP_056659242.1	839	coding_exon_end	exon 8 (CDS8)	448	kinase	kinase	455	788	start	7	near_domain_boundary	architecture_supported	minor_length_clamped	clamp_to_protein_length_with_minor_flag	coding-exon boundary (context)
monodelphis_domestica	IIIc	IIIc	XM_056803264.1	XP_056659242.1	839	coding_exon_start	exon 9 (CDS9)	449	kinase	kinase	455	788	start	6	near_domain_boundary	architecture_supported	minor_length_clamped	clamp_to_protein_length_with_minor_flag	coding-exon boundary (context)
monodelphis_domestica	IIIc	IIIc	XM_056803264.1	XP_056659242.1	839	coding_exon_end	exon 9 (CDS9)	499	kinase	kinase	455	788	start	44	within_domain	architecture_supported	minor_length_clamped	clamp_to_protein_length_with_minor_flag	coding-exon boundary (context)
monodelphis_domestica	IIIc	IIIc	XM_056803264.1	XP_056659242.1	839	coding_exon_start	exon 10 (CDS10)	499	kinase	kinase	455	788	start	44	within_domain	architecture_supported	minor_length_clamped	clamp_to_protein_length_with_minor_flag	coding-exon boundary (context)
monodelphis_domestica	IIIc	IIIc	XM_056803264.1	XP_056659242.1	839	coding_exon_end	exon 10 (CDS10)	540	kinase	kinase	455	788	start	85	within_domain	architecture_supported	minor_length_clamped	clamp_to_protein_length_with_minor_flag	coding-exon boundary (context)
monodelphis_domestica	IIIc	IIIc	XM_056803264.1	XP_056659242.1	839	coding_exon_start	exon 11 (CDS11)	540	kinase	kinase	455	788	start	85	within_domain	architecture_supported	minor_length_clamped	clamp_to_protein_length_with_minor_flag	coding-exon boundary (context)
monodelphis_domestica	IIIc	IIIc	XM_056803264.1	XP_056659242.1	839	coding_exon_end	exon 11 (CDS11)	577	kinase	kinase	455	788	start	122	within_domain	architecture_supported	minor_length_clamped	clamp_to_protein_length_with_minor_flag	coding-exon boundary (context)
monodelphis_domestica	IIIc	IIIc	XM_056803264.1	XP_056659242.1	839	coding_exon_start	exon 12 (CDS12)	577	kinase	kinase	455	788	start	122	within_domain	architecture_supported	minor_length_clamped	clamp_to_protein_length_with_minor_flag	coding-exon boundary (context)
monodelphis_domestica	IIIc	IIIc	XM_056803264.1	XP_056659242.1	839	coding_exon_end	exon 12 (CDS12)	640	kinase	kinase	455	788	end	148	within_domain	architecture_supported	minor_length_clamped	clamp_to_protein_length_with_minor_flag	coding-exon boundary (context)
monodelphis_domestica	IIIc	IIIc	XM_056803264.1	XP_056659242.1	839	coding_exon_start	exon 13 (CDS13)	641	kinase	kinase	455	788	end	147	within_domain	architecture_supported	minor_length_clamped	clamp_to_protein_length_with_minor_flag	coding-exon boundary (context)
monodelphis_domestica	IIIc	IIIc	XM_056803264.1	XP_056659242.1	839	coding_exon_end	exon 13 (CDS13)	681	kinase	kinase	455	788	end	107	within_domain	architecture_supported	minor_length_clamped	clamp_to_protein_length_with_minor_flag	coding-exon boundary (context)
monodelphis_domestica	IIIc	IIIc	XM_056803264.1	XP_056659242.1	839	coding_exon_start	exon 14 (CDS14)	682	kinase	kinase	455	788	end	106	within_domain	architecture_supported	minor_length_clamped	clamp_to_protein_length_with_minor_flag	coding-exon boundary (context)
monodelphis_domestica	IIIc	IIIc	XM_056803264.1	XP_056659242.1	839	coding_exon_end	exon 14 (CDS14)	705	kinase	kinase	455	788	end	83	within_domain	architecture_supported	minor_length_clamped	clamp_to_protein_length_with_minor_flag	coding-exon boundary (context)
monodelphis_domestica	IIIc	IIIc	XM_056803264.1	XP_056659242.1	839	coding_exon_start	exon 15 (CDS15)	705	kinase	kinase	455	788	end	83	within_domain	architecture_supported	minor_length_clamped	clamp_to_protein_length_with_minor_flag	coding-exon boundary (context)
monodelphis_domestica	IIIc	IIIc	XM_056803264.1	XP_056659242.1	839	coding_exon_end	exon 15 (CDS15)	751	kinase	kinase	455	788	end	37	within_domain	architecture_supported	minor_length_clamped	clamp_to_protein_length_with_minor_flag	coding-exon boundary (context)
monodelphis_domestica	IIIc	IIIc	XM_056803264.1	XP_056659242.1	839	coding_exon_start	exon 16 (CDS16)	751	kinase	kinase	455	788	end	37	within_domain	architecture_supported	minor_length_clamped	clamp_to_protein_length_with_minor_flag	coding-exon boundary (context)
monodelphis_domestica	IIIc	IIIc	XM_056803264.1	XP_056659242.1	839	coding_exon_end	exon 16 (CDS16)	786	kinase	kinase	455	788	end	2	aligned_to_domain_boundary	architecture_supported	minor_length_clamped	clamp_to_protein_length_with_minor_flag	coding-exon boundary (context)
monodelphis_domestica	IIIc	IIIc	XM_056803264.1	XP_056659242.1	839	coding_exon_start	exon 17 (CDS17)	787	kinase	kinase	455	788	end	1	aligned_to_domain_boundary	architecture_supported	minor_length_clamped	clamp_to_protein_length_with_minor_flag	coding-exon boundary (context)
monodelphis_domestica	IIIc	IIIc	XM_056803264.1	XP_056659242.1	839	coding_exon_end	exon 17 (CDS17)	839	kinase	kinase	455	788	end	51	between_domains	architecture_supported	minor_length_clamped	clamp_to_protein_length_with_minor_flag	coding-exon boundary (context)
mus_musculus	IIIb	IIIb	ENSMUST00000117691	ENSMUSP00000113180	822	cassette_start	exon 9 (CDS9)	343	Ig3	Ig-like	263	357	end	14	near_domain_boundary	architecture_supported_with_minor_flags	native_exon_blocks_reconstructed	reconstruct_from_native_cds	cassette boundary (primary thesis metric)
mus_musculus	IIIb	IIIb	ENSMUST00000117691	ENSMUSP00000113180	822	cassette_end	exon 9 (CDS9)	393	TM	TM	375	397	end	4	near_domain_boundary	architecture_supported_with_minor_flags	native_exon_blocks_reconstructed	reconstruct_from_native_cds	cassette boundary (primary thesis metric)
mus_musculus	IIIb	IIIb	ENSMUST00000117691	ENSMUSP00000113180	822	coding_exon_start	exon 1 (CDS1)	1	Ig1	Ig-like	45	109	start	44	between_domains	architecture_supported_with_minor_flags	native_exon_blocks_reconstructed	reconstruct_from_native_cds	coding-exon boundary (context)
mus_musculus	IIIb	IIIb	ENSMUST00000117691	ENSMUSP00000113180	822	coding_exon_end	exon 1 (CDS1)	55	Ig1	Ig-like	45	109	start	10	near_domain_boundary	architecture_supported_with_minor_flags	native_exon_blocks_reconstructed	reconstruct_from_native_cds	coding-exon boundary (context)
mus_musculus	IIIb	IIIb	ENSMUST00000117691	ENSMUSP00000113180	822	coding_exon_start	exon 2 (CDS2)	56	Ig1	Ig-like	45	109	start	11	near_domain_boundary	architecture_supported_with_minor_flags	native_exon_blocks_reconstructed	reconstruct_from_native_cds	coding-exon boundary (context)
mus_musculus	IIIb	IIIb	ENSMUST00000117691	ENSMUSP00000113180	822	coding_exon_end	exon 2 (CDS2)	91	Ig1	Ig-like	45	109	end	18	within_domain	architecture_supported_with_minor_flags	native_exon_blocks_reconstructed	reconstruct_from_native_cds	coding-exon boundary (context)
mus_musculus	IIIb	IIIb	ENSMUST00000117691	ENSMUSP00000113180	822	coding_exon_start	exon 3 (CDS3)	91	Ig1	Ig-like	45	109	end	18	within_domain	architecture_supported_with_minor_flags	native_exon_blocks_reconstructed	reconstruct_from_native_cds	coding-exon boundary (context)
mus_musculus	IIIb	IIIb	ENSMUST00000117691	ENSMUSP00000113180	822	coding_exon_end	exon 3 (CDS3)	137	Ig1	Ig-like	45	109	end	28	between_domains	architecture_supported_with_minor_flags	native_exon_blocks_reconstructed	reconstruct_from_native_cds	coding-exon boundary (context)
mus_musculus	IIIb	IIIb	ENSMUST00000117691	ENSMUSP00000113180	822	coding_exon_start	exon 4 (CDS4)	137	Ig1	Ig-like	45	109	end	28	between_domains	architecture_supported_with_minor_flags	native_exon_blocks_reconstructed	reconstruct_from_native_cds	coding-exon boundary (context)
mus_musculus	IIIb	IIIb	ENSMUST00000117691	ENSMUSP00000113180	822	coding_exon_end	exon 4 (CDS4)	160	Ig2	Ig-like	171	248	start	11	near_domain_boundary	architecture_supported_with_minor_flags	native_exon_blocks_reconstructed	reconstruct_from_native_cds	coding-exon boundary (context)
mus_musculus	IIIb	IIIb	ENSMUST00000117691	ENSMUSP00000113180	822	coding_exon_start	exon 5 (CDS5)	161	Ig2	Ig-like	171	248	start	10	near_domain_boundary	architecture_supported_with_minor_flags	native_exon_blocks_reconstructed	reconstruct_from_native_cds	coding-exon boundary (context)
mus_musculus	IIIb	IIIb	ENSMUST00000117691	ENSMUSP00000113180	822	coding_exon_end	exon 5 (CDS5)	201	Ig2	Ig-like	171	248	start	30	within_domain	architecture_supported_with_minor_flags	native_exon_blocks_reconstructed	reconstruct_from_native_cds	coding-exon boundary (context)
mus_musculus	IIIb	IIIb	ENSMUST00000117691	ENSMUSP00000113180	822	coding_exon_start	exon 6 (CDS6)	202	Ig2	Ig-like	171	248	start	31	within_domain	architecture_supported_with_minor_flags	native_exon_blocks_reconstructed	reconstruct_from_native_cds	coding-exon boundary (context)
mus_musculus	IIIb	IIIb	ENSMUST00000117691	ENSMUSP00000113180	822	coding_exon_end	exon 6 (CDS6)	265	Ig3	Ig-like	263	357	start	2	aligned_to_domain_boundary	architecture_supported_with_minor_flags	native_exon_blocks_reconstructed	reconstruct_from_native_cds	coding-exon boundary (context)
mus_musculus	IIIb	IIIb	ENSMUST00000117691	ENSMUSP00000113180	822	coding_exon_start	exon 7 (CDS7)	265	Ig3	Ig-like	263	357	start	2	aligned_to_domain_boundary	architecture_supported_with_minor_flags	native_exon_blocks_reconstructed	reconstruct_from_native_cds	coding-exon boundary (context)
mus_musculus	IIIb	IIIb	ENSMUST00000117691	ENSMUSP00000113180	822	coding_exon_end	exon 7 (CDS7)	302	Ig3	Ig-like	263	357	start	39	within_domain	architecture_supported_with_minor_flags	native_exon_blocks_reconstructed	reconstruct_from_native_cds	coding-exon boundary (context)
mus_musculus	IIIb	IIIb	ENSMUST00000117691	ENSMUSP00000113180	822	coding_exon_start	exon 8 (CDS8)	302	Ig3	Ig-like	263	357	start	39	within_domain	architecture_supported_with_minor_flags	native_exon_blocks_reconstructed	reconstruct_from_native_cds	coding-exon boundary (context)
mus_musculus	IIIb	IIIb	ENSMUST00000117691	ENSMUSP00000113180	822	coding_exon_end	exon 8 (CDS8)	343	Ig3	Ig-like	263	357	end	14	near_domain_boundary	architecture_supported_with_minor_flags	native_exon_blocks_reconstructed	reconstruct_from_native_cds	coding-exon boundary (context)
mus_musculus	IIIb	IIIb	ENSMUST00000117691	ENSMUSP00000113180	822	coding_exon_start	exon 10 (CDS10)	394	TM	TM	375	397	end	3	aligned_to_domain_boundary	architecture_supported_with_minor_flags	native_exon_blocks_reconstructed	reconstruct_from_native_cds	coding-exon boundary (context)
mus_musculus	IIIb	IIIb	ENSMUST00000117691	ENSMUSP00000113180	822	coding_exon_end	exon 10 (CDS10)	461	kinase	kinase	438	771	start	23	within_domain	architecture_supported_with_minor_flags	native_exon_blocks_reconstructed	reconstruct_from_native_cds	coding-exon boundary (context)
mus_musculus	IIIb	IIIb	ENSMUST00000117691	ENSMUSP00000113180	822	coding_exon_start	exon 11 (CDS11)	461	kinase	kinase	438	771	start	23	within_domain	architecture_supported_with_minor_flags	native_exon_blocks_reconstructed	reconstruct_from_native_cds	coding-exon boundary (context)
mus_musculus	IIIb	IIIb	ENSMUST00000117691	ENSMUSP00000113180	822	coding_exon_end	exon 11 (CDS11)	510	kinase	kinase	438	771	start	72	within_domain	architecture_supported_with_minor_flags	native_exon_blocks_reconstructed	reconstruct_from_native_cds	coding-exon boundary (context)
mus_musculus	IIIb	IIIb	ENSMUST00000117691	ENSMUSP00000113180	822	coding_exon_start	exon 12 (CDS12)	511	kinase	kinase	438	771	start	73	within_domain	architecture_supported_with_minor_flags	native_exon_blocks_reconstructed	reconstruct_from_native_cds	coding-exon boundary (context)
mus_musculus	IIIb	IIIb	ENSMUST00000117691	ENSMUSP00000113180	822	coding_exon_end	exon 12 (CDS12)	574	kinase	kinase	438	771	start	136	within_domain	architecture_supported_with_minor_flags	native_exon_blocks_reconstructed	reconstruct_from_native_cds	coding-exon boundary (context)
mus_musculus	IIIb	IIIb	ENSMUST00000117691	ENSMUSP00000113180	822	coding_exon_start	exon 13 (CDS13)	574	kinase	kinase	438	771	start	136	within_domain	architecture_supported_with_minor_flags	native_exon_blocks_reconstructed	reconstruct_from_native_cds	coding-exon boundary (context)
mus_musculus	IIIb	IIIb	ENSMUST00000117691	ENSMUSP00000113180	822	coding_exon_end	exon 13 (CDS13)	615	kinase	kinase	438	771	end	156	within_domain	architecture_supported_with_minor_flags	native_exon_blocks_reconstructed	reconstruct_from_native_cds	coding-exon boundary (context)
mus_musculus	IIIb	IIIb	ENSMUST00000117691	ENSMUSP00000113180	822	coding_exon_start	exon 14 (CDS14)	616	kinase	kinase	438	771	end	155	within_domain	architecture_supported_with_minor_flags	native_exon_blocks_reconstructed	reconstruct_from_native_cds	coding-exon boundary (context)
mus_musculus	IIIb	IIIb	ENSMUST00000117691	ENSMUSP00000113180	822	coding_exon_end	exon 14 (CDS14)	672	kinase	kinase	438	771	end	99	within_domain	architecture_supported_with_minor_flags	native_exon_blocks_reconstructed	reconstruct_from_native_cds	coding-exon boundary (context)
mus_musculus	IIIb	IIIb	ENSMUST00000117691	ENSMUSP00000113180	822	coding_exon_start	exon 15 (CDS15)	672	kinase	kinase	438	771	end	99	within_domain	architecture_supported_with_minor_flags	native_exon_blocks_reconstructed	reconstruct_from_native_cds	coding-exon boundary (context)
mus_musculus	IIIb	IIIb	ENSMUST00000117691	ENSMUSP00000113180	822	coding_exon_end	exon 15 (CDS15)	698	kinase	kinase	438	771	end	73	within_domain	architecture_supported_with_minor_flags	native_exon_blocks_reconstructed	reconstruct_from_native_cds	coding-exon boundary (context)
mus_musculus	IIIb	IIIb	ENSMUST00000117691	ENSMUSP00000113180	822	coding_exon_start	exon 16 (CDS16)	698	kinase	kinase	438	771	end	73	within_domain	architecture_supported_with_minor_flags	native_exon_blocks_reconstructed	reconstruct_from_native_cds	coding-exon boundary (context)
mus_musculus	IIIb	IIIb	ENSMUST00000117691	ENSMUSP00000113180	822	coding_exon_end	exon 16 (CDS16)	787	kinase	kinase	438	771	end	16	between_domains	architecture_supported_with_minor_flags	native_exon_blocks_reconstructed	reconstruct_from_native_cds	coding-exon boundary (context)
mus_musculus	IIIb	IIIb	ENSMUST00000117691	ENSMUSP00000113180	822	coding_exon_start	exon 17 (CDS17)	787	kinase	kinase	438	771	end	16	between_domains	architecture_supported_with_minor_flags	native_exon_blocks_reconstructed	reconstruct_from_native_cds	coding-exon boundary (context)
mus_musculus	IIIb	IIIb	ENSMUST00000117691	ENSMUSP00000113180	822	coding_exon_end	exon 17 (CDS17)	822	kinase	kinase	438	771	end	51	between_domains	architecture_supported_with_minor_flags	native_exon_blocks_reconstructed	reconstruct_from_native_cds	coding-exon boundary (context)
mus_musculus	IIIc	IIIc	ENSMUST00000122054	ENSMUSP00000112430	840	cassette_start	exon 8 (IIIc cassette)	302	Ig3	Ig-like	285	365	start	17	within_domain	architecture_supported_with_minor_flags	figure3C_native	keep	cassette boundary (primary thesis metric)
mus_musculus	IIIc	IIIc	ENSMUST00000122054	ENSMUSP00000112430	840	cassette_end	exon 8 (IIIc cassette)	343	Ig3	Ig-like	285	365	end	22	within_domain	architecture_supported_with_minor_flags	figure3C_native	keep	cassette boundary (primary thesis metric)
mus_musculus	IIIc	IIIc	ENSMUST00000122054	ENSMUSP00000112430	840	coding_exon_start	exon 1 (CDS1)	1	Ig1	Ig-like	64	128	start	63	between_domains	architecture_supported_with_minor_flags	figure3C_native	keep	coding-exon boundary (context)
mus_musculus	IIIc	IIIc	ENSMUST00000122054	ENSMUSP00000112430	840	coding_exon_end	exon 1 (CDS1)	55	Ig1	Ig-like	64	128	start	9	near_domain_boundary	architecture_supported_with_minor_flags	figure3C_native	keep	coding-exon boundary (context)
mus_musculus	IIIc	IIIc	ENSMUST00000122054	ENSMUSP00000112430	840	coding_exon_start	exon 2 (CDS2)	56	Ig1	Ig-like	64	128	start	8	near_domain_boundary	architecture_supported_with_minor_flags	figure3C_native	keep	coding-exon boundary (context)
mus_musculus	IIIc	IIIc	ENSMUST00000122054	ENSMUSP00000112430	840	coding_exon_end	exon 2 (CDS2)	91	Ig1	Ig-like	64	128	start	27	within_domain	architecture_supported_with_minor_flags	figure3C_native	keep	coding-exon boundary (context)
mus_musculus	IIIc	IIIc	ENSMUST00000122054	ENSMUSP00000112430	840	coding_exon_start	exon 3 (CDS3)	91	Ig1	Ig-like	64	128	start	27	within_domain	architecture_supported_with_minor_flags	figure3C_native	keep	coding-exon boundary (context)
mus_musculus	IIIc	IIIc	ENSMUST00000122054	ENSMUSP00000112430	840	coding_exon_end	exon 3 (CDS3)	137	Ig1	Ig-like	64	128	end	9	near_domain_boundary	architecture_supported_with_minor_flags	figure3C_native	keep	coding-exon boundary (context)
mus_musculus	IIIc	IIIc	ENSMUST00000122054	ENSMUSP00000112430	840	coding_exon_start	exon 4 (CDS4)	137	Ig1	Ig-like	64	128	end	9	near_domain_boundary	architecture_supported_with_minor_flags	figure3C_native	keep	coding-exon boundary (context)
mus_musculus	IIIc	IIIc	ENSMUST00000122054	ENSMUSP00000112430	840	coding_exon_end	exon 4 (CDS4)	160	Ig2	Ig-like	190	267	start	30	between_domains	architecture_supported_with_minor_flags	figure3C_native	keep	coding-exon boundary (context)
mus_musculus	IIIc	IIIc	ENSMUST00000122054	ENSMUSP00000112430	840	coding_exon_start	exon 5 (CDS5)	161	Ig2	Ig-like	190	267	start	29	between_domains	architecture_supported_with_minor_flags	figure3C_native	keep	coding-exon boundary (context)
mus_musculus	IIIc	IIIc	ENSMUST00000122054	ENSMUSP00000112430	840	coding_exon_end	exon 5 (CDS5)	201	Ig2	Ig-like	190	267	start	11	near_domain_boundary	architecture_supported_with_minor_flags	figure3C_native	keep	coding-exon boundary (context)
mus_musculus	IIIc	IIIc	ENSMUST00000122054	ENSMUSP00000112430	840	coding_exon_start	exon 6 (CDS6)	202	Ig2	Ig-like	190	267	start	12	near_domain_boundary	architecture_supported_with_minor_flags	figure3C_native	keep	coding-exon boundary (context)
mus_musculus	IIIc	IIIc	ENSMUST00000122054	ENSMUSP00000112430	840	coding_exon_end	exon 6 (CDS6)	265	Ig2	Ig-like	190	267	end	2	aligned_to_domain_boundary	architecture_supported_with_minor_flags	figure3C_native	keep	coding-exon boundary (context)
mus_musculus	IIIc	IIIc	ENSMUST00000122054	ENSMUSP00000112430	840	coding_exon_start	exon 7 (CDS7)	265	Ig2	Ig-like	190	267	end	2	aligned_to_domain_boundary	architecture_supported_with_minor_flags	figure3C_native	keep	coding-exon boundary (context)
mus_musculus	IIIc	IIIc	ENSMUST00000122054	ENSMUSP00000112430	840	coding_exon_end	exon 7 (CDS7)	302	Ig3	Ig-like	285	365	start	17	within_domain	architecture_supported_with_minor_flags	figure3C_native	keep	coding-exon boundary (context)
mus_musculus	IIIc	IIIc	ENSMUST00000122054	ENSMUSP00000112430	840	coding_exon_start	exon 9 (CDS9)	343	Ig3	Ig-like	285	365	end	22	within_domain	architecture_supported_with_minor_flags	figure3C_native	keep	coding-exon boundary (context)
mus_musculus	IIIc	IIIc	ENSMUST00000122054	ENSMUSP00000112430	840	coding_exon_end	exon 9 (CDS9)	393	TM	TM	393	415	start	0	aligned_to_domain_boundary	architecture_supported_with_minor_flags	figure3C_native	keep	coding-exon boundary (context)
mus_musculus	IIIc	IIIc	ENSMUST00000122054	ENSMUSP00000112430	840	coding_exon_start	exon 10 (CDS10)	394	TM	TM	393	415	start	1	aligned_to_domain_boundary	architecture_supported_with_minor_flags	figure3C_native	keep	coding-exon boundary (context)
mus_musculus	IIIc	IIIc	ENSMUST00000122054	ENSMUSP00000112430	840	coding_exon_end	exon 10 (CDS10)	461	kinase	kinase	456	789	start	5	near_domain_boundary	architecture_supported_with_minor_flags	figure3C_native	keep	coding-exon boundary (context)
mus_musculus	IIIc	IIIc	ENSMUST00000122054	ENSMUSP00000112430	840	coding_exon_start	exon 11 (CDS11)	461	kinase	kinase	456	789	start	5	near_domain_boundary	architecture_supported_with_minor_flags	figure3C_native	keep	coding-exon boundary (context)
mus_musculus	IIIc	IIIc	ENSMUST00000122054	ENSMUSP00000112430	840	coding_exon_end	exon 11 (CDS11)	510	kinase	kinase	456	789	start	54	within_domain	architecture_supported_with_minor_flags	figure3C_native	keep	coding-exon boundary (context)
mus_musculus	IIIc	IIIc	ENSMUST00000122054	ENSMUSP00000112430	840	coding_exon_start	exon 12 (CDS12)	511	kinase	kinase	456	789	start	55	within_domain	architecture_supported_with_minor_flags	figure3C_native	keep	coding-exon boundary (context)
mus_musculus	IIIc	IIIc	ENSMUST00000122054	ENSMUSP00000112430	840	coding_exon_end	exon 12 (CDS12)	574	kinase	kinase	456	789	start	118	within_domain	architecture_supported_with_minor_flags	figure3C_native	keep	coding-exon boundary (context)
mus_musculus	IIIc	IIIc	ENSMUST00000122054	ENSMUSP00000112430	840	coding_exon_start	exon 13 (CDS13)	574	kinase	kinase	456	789	start	118	within_domain	architecture_supported_with_minor_flags	figure3C_native	keep	coding-exon boundary (context)
mus_musculus	IIIc	IIIc	ENSMUST00000122054	ENSMUSP00000112430	840	coding_exon_end	exon 13 (CDS13)	615	kinase	kinase	456	789	start	159	within_domain	architecture_supported_with_minor_flags	figure3C_native	keep	coding-exon boundary (context)
mus_musculus	IIIc	IIIc	ENSMUST00000122054	ENSMUSP00000112430	840	coding_exon_start	exon 14 (CDS14)	616	kinase	kinase	456	789	start	160	within_domain	architecture_supported_with_minor_flags	figure3C_native	keep	coding-exon boundary (context)
mus_musculus	IIIc	IIIc	ENSMUST00000122054	ENSMUSP00000112430	840	coding_exon_end	exon 14 (CDS14)	672	kinase	kinase	456	789	end	117	within_domain	architecture_supported_with_minor_flags	figure3C_native	keep	coding-exon boundary (context)
mus_musculus	IIIc	IIIc	ENSMUST00000122054	ENSMUSP00000112430	840	coding_exon_start	exon 15 (CDS15)	672	kinase	kinase	456	789	end	117	within_domain	architecture_supported_with_minor_flags	figure3C_native	keep	coding-exon boundary (context)
mus_musculus	IIIc	IIIc	ENSMUST00000122054	ENSMUSP00000112430	840	coding_exon_end	exon 15 (CDS15)	698	kinase	kinase	456	789	end	91	within_domain	architecture_supported_with_minor_flags	figure3C_native	keep	coding-exon boundary (context)
mus_musculus	IIIc	IIIc	ENSMUST00000122054	ENSMUSP00000112430	840	coding_exon_start	exon 16 (CDS16)	698	kinase	kinase	456	789	end	91	within_domain	architecture_supported_with_minor_flags	figure3C_native	keep	coding-exon boundary (context)
mus_musculus	IIIc	IIIc	ENSMUST00000122054	ENSMUSP00000112430	840	coding_exon_end	exon 16 (CDS16)	787	kinase	kinase	456	789	end	2	aligned_to_domain_boundary	architecture_supported_with_minor_flags	figure3C_native	keep	coding-exon boundary (context)
mus_musculus	IIIc	IIIc	ENSMUST00000122054	ENSMUSP00000112430	840	coding_exon_start	exon 17 (CDS17)	787	kinase	kinase	456	789	end	2	aligned_to_domain_boundary	architecture_supported_with_minor_flags	figure3C_native	keep	coding-exon boundary (context)
mus_musculus	IIIc	IIIc	ENSMUST00000122054	ENSMUSP00000112430	840	coding_exon_end	exon 17 (CDS17)	823	kinase	kinase	456	789	end	34	between_domains	architecture_supported_with_minor_flags	figure3C_native	keep	coding-exon boundary (context)
oreochromis_niloticus	IIIb	IIIb	ENSONIT00000055812	ENSONIP00000060910	865	cassette_start	exon 7 (IIIb cassette)	312	Ig3	Ig-like	316	410	start	4	near_domain_boundary	architecture_supported_with_minor_flags	figure3C_native	keep	cassette boundary (primary thesis metric)
oreochromis_niloticus	IIIb	IIIb	ENSONIT00000055812	ENSONIP00000060910	865	cassette_end	exon 7 (IIIb cassette)	360	Ig3	Ig-like	316	410	start	44	within_domain	architecture_supported_with_minor_flags	figure3C_native	keep	cassette boundary (primary thesis metric)
oreochromis_niloticus	IIIb	IIIb	ENSONIT00000055812	ENSONIP00000060910	865	coding_exon_start	exon 1 (CDS1)	1	Ig1	Ig-like	104	165	start	103	between_domains	architecture_supported_with_minor_flags	figure3C_native	keep	coding-exon boundary (context)
oreochromis_niloticus	IIIb	IIIb	ENSONIT00000055812	ENSONIP00000060910	865	coding_exon_end	exon 1 (CDS1)	39	Ig1	Ig-like	104	165	start	65	between_domains	architecture_supported_with_minor_flags	figure3C_native	keep	coding-exon boundary (context)
oreochromis_niloticus	IIIb	IIIb	ENSONIT00000055812	ENSONIP00000060910	865	coding_exon_start	exon 2 (CDS2)	40	Ig1	Ig-like	104	165	start	64	between_domains	architecture_supported_with_minor_flags	figure3C_native	keep	coding-exon boundary (context)
oreochromis_niloticus	IIIb	IIIb	ENSONIT00000055812	ENSONIP00000060910	865	coding_exon_end	exon 2 (CDS2)	125	Ig1	Ig-like	104	165	start	21	within_domain	architecture_supported_with_minor_flags	figure3C_native	keep	coding-exon boundary (context)
oreochromis_niloticus	IIIb	IIIb	ENSONIT00000055812	ENSONIP00000060910	865	coding_exon_start	exon 3 (CDS3)	125	Ig1	Ig-like	104	165	start	21	within_domain	architecture_supported_with_minor_flags	figure3C_native	keep	coding-exon boundary (context)
oreochromis_niloticus	IIIb	IIIb	ENSONIT00000055812	ENSONIP00000060910	865	coding_exon_end	exon 3 (CDS3)	150	Ig1	Ig-like	104	165	end	15	near_domain_boundary	architecture_supported_with_minor_flags	figure3C_native	keep	coding-exon boundary (context)
oreochromis_niloticus	IIIb	IIIb	ENSONIT00000055812	ENSONIP00000060910	865	coding_exon_start	exon 4 (CDS4)	150	Ig1	Ig-like	104	165	end	15	near_domain_boundary	architecture_supported_with_minor_flags	figure3C_native	keep	coding-exon boundary (context)
oreochromis_niloticus	IIIb	IIIb	ENSONIT00000055812	ENSONIP00000060910	865	coding_exon_end	exon 4 (CDS4)	206	Ig2	Ig-like	223	301	start	17	between_domains	architecture_supported_with_minor_flags	figure3C_native	keep	coding-exon boundary (context)
oreochromis_niloticus	IIIb	IIIb	ENSONIT00000055812	ENSONIP00000060910	865	coding_exon_start	exon 5 (CDS5)	207	Ig2	Ig-like	223	301	start	16	between_domains	architecture_supported_with_minor_flags	figure3C_native	keep	coding-exon boundary (context)
oreochromis_niloticus	IIIb	IIIb	ENSONIT00000055812	ENSONIP00000060910	865	coding_exon_end	exon 5 (CDS5)	248	Ig2	Ig-like	223	301	start	25	within_domain	architecture_supported_with_minor_flags	figure3C_native	keep	coding-exon boundary (context)
oreochromis_niloticus	IIIb	IIIb	ENSONIT00000055812	ENSONIP00000060910	865	coding_exon_start	exon 6 (CDS6)	248	Ig2	Ig-like	223	301	start	25	within_domain	architecture_supported_with_minor_flags	figure3C_native	keep	coding-exon boundary (context)
oreochromis_niloticus	IIIb	IIIb	ENSONIT00000055812	ENSONIP00000060910	865	coding_exon_end	exon 6 (CDS6)	311	Ig3	Ig-like	316	410	start	5	near_domain_boundary	architecture_supported_with_minor_flags	figure3C_native	keep	coding-exon boundary (context)
oreochromis_niloticus	IIIb	IIIb	ENSONIT00000055812	ENSONIP00000060910	865	coding_exon_start	exon 8 (CDS8)	360	Ig3	Ig-like	316	410	start	44	within_domain	architecture_supported_with_minor_flags	figure3C_native	keep	coding-exon boundary (context)
oreochromis_niloticus	IIIb	IIIb	ENSONIT00000055812	ENSONIP00000060910	865	coding_exon_end	exon 8 (CDS8)	424	TM	TM	424	446	start	0	aligned_to_domain_boundary	architecture_supported_with_minor_flags	figure3C_native	keep	coding-exon boundary (context)
oreochromis_niloticus	IIIb	IIIb	ENSONIT00000055812	ENSONIP00000060910	865	coding_exon_start	exon 9 (CDS9)	425	TM	TM	424	446	start	1	aligned_to_domain_boundary	architecture_supported_with_minor_flags	figure3C_native	keep	coding-exon boundary (context)
oreochromis_niloticus	IIIb	IIIb	ENSONIT00000055812	ENSONIP00000060910	865	coding_exon_end	exon 9 (CDS9)	471	kinase	kinase	484	814	start	13	near_domain_boundary	architecture_supported_with_minor_flags	figure3C_native	keep	coding-exon boundary (context)
oreochromis_niloticus	IIIb	IIIb	ENSONIT00000055812	ENSONIP00000060910	865	coding_exon_start	exon 10 (CDS10)	471	kinase	kinase	484	814	start	13	near_domain_boundary	architecture_supported_with_minor_flags	figure3C_native	keep	coding-exon boundary (context)
oreochromis_niloticus	IIIb	IIIb	ENSONIT00000055812	ENSONIP00000060910	865	coding_exon_end	exon 10 (CDS10)	512	kinase	kinase	484	814	start	28	within_domain	architecture_supported_with_minor_flags	figure3C_native	keep	coding-exon boundary (context)
oreochromis_niloticus	IIIb	IIIb	ENSONIT00000055812	ENSONIP00000060910	865	coding_exon_start	exon 11 (CDS11)	512	kinase	kinase	484	814	start	28	within_domain	architecture_supported_with_minor_flags	figure3C_native	keep	coding-exon boundary (context)
oreochromis_niloticus	IIIb	IIIb	ENSONIT00000055812	ENSONIP00000060910	865	coding_exon_end	exon 11 (CDS11)	549	kinase	kinase	484	814	start	65	within_domain	architecture_supported_with_minor_flags	figure3C_native	keep	coding-exon boundary (context)
oreochromis_niloticus	IIIb	IIIb	ENSONIT00000055812	ENSONIP00000060910	865	coding_exon_start	exon 12 (CDS12)	549	kinase	kinase	484	814	start	65	within_domain	architecture_supported_with_minor_flags	figure3C_native	keep	coding-exon boundary (context)
oreochromis_niloticus	IIIb	IIIb	ENSONIT00000055812	ENSONIP00000060910	865	coding_exon_end	exon 12 (CDS12)	612	kinase	kinase	484	814	start	128	within_domain	architecture_supported_with_minor_flags	figure3C_native	keep	coding-exon boundary (context)
oreochromis_niloticus	IIIb	IIIb	ENSONIT00000055812	ENSONIP00000060910	865	coding_exon_start	exon 13 (CDS13)	613	kinase	kinase	484	814	start	129	within_domain	architecture_supported_with_minor_flags	figure3C_native	keep	coding-exon boundary (context)
oreochromis_niloticus	IIIb	IIIb	ENSONIT00000055812	ENSONIP00000060910	865	coding_exon_end	exon 13 (CDS13)	653	kinase	kinase	484	814	end	161	within_domain	architecture_supported_with_minor_flags	figure3C_native	keep	coding-exon boundary (context)
oreochromis_niloticus	IIIb	IIIb	ENSONIT00000055812	ENSONIP00000060910	865	coding_exon_start	exon 14 (CDS14)	654	kinase	kinase	484	814	end	160	within_domain	architecture_supported_with_minor_flags	figure3C_native	keep	coding-exon boundary (context)
oreochromis_niloticus	IIIb	IIIb	ENSONIT00000055812	ENSONIP00000060910	865	coding_exon_end	exon 14 (CDS14)	677	kinase	kinase	484	814	end	137	within_domain	architecture_supported_with_minor_flags	figure3C_native	keep	coding-exon boundary (context)
oreochromis_niloticus	IIIb	IIIb	ENSONIT00000055812	ENSONIP00000060910	865	coding_exon_start	exon 15 (CDS15)	677	kinase	kinase	484	814	end	137	within_domain	architecture_supported_with_minor_flags	figure3C_native	keep	coding-exon boundary (context)
oreochromis_niloticus	IIIb	IIIb	ENSONIT00000055812	ENSONIP00000060910	865	coding_exon_end	exon 15 (CDS15)	723	kinase	kinase	484	814	end	91	within_domain	architecture_supported_with_minor_flags	figure3C_native	keep	coding-exon boundary (context)
oreochromis_niloticus	IIIb	IIIb	ENSONIT00000055812	ENSONIP00000060910	865	coding_exon_start	exon 16 (CDS16)	723	kinase	kinase	484	814	end	91	within_domain	architecture_supported_with_minor_flags	figure3C_native	keep	coding-exon boundary (context)
oreochromis_niloticus	IIIb	IIIb	ENSONIT00000055812	ENSONIP00000060910	865	coding_exon_end	exon 16 (CDS16)	758	kinase	kinase	484	814	end	56	within_domain	architecture_supported_with_minor_flags	figure3C_native	keep	coding-exon boundary (context)
oreochromis_niloticus	IIIb	IIIb	ENSONIT00000055812	ENSONIP00000060910	865	coding_exon_start	exon 17 (CDS17)	759	kinase	kinase	484	814	end	55	within_domain	architecture_supported_with_minor_flags	figure3C_native	keep	coding-exon boundary (context)
oreochromis_niloticus	IIIb	IIIb	ENSONIT00000055812	ENSONIP00000060910	865	coding_exon_end	exon 17 (CDS17)	813	kinase	kinase	484	814	end	1	aligned_to_domain_boundary	architecture_supported_with_minor_flags	figure3C_native	keep	coding-exon boundary (context)
oreochromis_niloticus	IIIc	IIIc	ENSONIT00000047381	ENSONIP00000063320	812	cassette_start	exon 8 (CDS8)	360	Ig3	Ig-like	261	357	end	3	aligned_to_domain_boundary	architecture_supported_with_minor_flags	native_exon_blocks_reconstructed	reconstruct_from_native_cds	cassette boundary (primary thesis metric)
oreochromis_niloticus	IIIc	IIIc	ENSONIT00000047381	ENSONIP00000063320	812	cassette_end	exon 8 (CDS8)	424	kinase	kinase	431	761	start	7	near_domain_boundary	architecture_supported_with_minor_flags	native_exon_blocks_reconstructed	reconstruct_from_native_cds	cassette boundary (primary thesis metric)
oreochromis_niloticus	IIIc	IIIc	ENSONIT00000047381	ENSONIP00000063320	812	coding_exon_start	exon 1 (CDS1)	1	Ig1	Ig-like	49	110	start	48	between_domains	architecture_supported_with_minor_flags	native_exon_blocks_reconstructed	reconstruct_from_native_cds	coding-exon boundary (context)
oreochromis_niloticus	IIIc	IIIc	ENSONIT00000047381	ENSONIP00000063320	812	coding_exon_end	exon 1 (CDS1)	39	Ig1	Ig-like	49	110	start	10	near_domain_boundary	architecture_supported_with_minor_flags	native_exon_blocks_reconstructed	reconstruct_from_native_cds	coding-exon boundary (context)
oreochromis_niloticus	IIIc	IIIc	ENSONIT00000047381	ENSONIP00000063320	812	coding_exon_start	exon 2 (CDS2)	40	Ig1	Ig-like	49	110	start	9	near_domain_boundary	architecture_supported_with_minor_flags	native_exon_blocks_reconstructed	reconstruct_from_native_cds	coding-exon boundary (context)
oreochromis_niloticus	IIIc	IIIc	ENSONIT00000047381	ENSONIP00000063320	812	coding_exon_end	exon 2 (CDS2)	125	Ig1	Ig-like	49	110	end	15	near_domain_boundary	architecture_supported_with_minor_flags	native_exon_blocks_reconstructed	reconstruct_from_native_cds	coding-exon boundary (context)
oreochromis_niloticus	IIIc	IIIc	ENSONIT00000047381	ENSONIP00000063320	812	coding_exon_start	exon 3 (CDS3)	125	Ig1	Ig-like	49	110	end	15	near_domain_boundary	architecture_supported_with_minor_flags	native_exon_blocks_reconstructed	reconstruct_from_native_cds	coding-exon boundary (context)
oreochromis_niloticus	IIIc	IIIc	ENSONIT00000047381	ENSONIP00000063320	812	coding_exon_end	exon 3 (CDS3)	150	Ig2	Ig-like	168	246	start	18	between_domains	architecture_supported_with_minor_flags	native_exon_blocks_reconstructed	reconstruct_from_native_cds	coding-exon boundary (context)
oreochromis_niloticus	IIIc	IIIc	ENSONIT00000047381	ENSONIP00000063320	812	coding_exon_start	exon 4 (CDS4)	150	Ig2	Ig-like	168	246	start	18	between_domains	architecture_supported_with_minor_flags	native_exon_blocks_reconstructed	reconstruct_from_native_cds	coding-exon boundary (context)
oreochromis_niloticus	IIIc	IIIc	ENSONIT00000047381	ENSONIP00000063320	812	coding_exon_end	exon 4 (CDS4)	206	Ig2	Ig-like	168	246	start	38	within_domain	architecture_supported_with_minor_flags	native_exon_blocks_reconstructed	reconstruct_from_native_cds	coding-exon boundary (context)
oreochromis_niloticus	IIIc	IIIc	ENSONIT00000047381	ENSONIP00000063320	812	coding_exon_start	exon 5 (CDS5)	207	Ig2	Ig-like	168	246	start	39	within_domain	architecture_supported_with_minor_flags	native_exon_blocks_reconstructed	reconstruct_from_native_cds	coding-exon boundary (context)
oreochromis_niloticus	IIIc	IIIc	ENSONIT00000047381	ENSONIP00000063320	812	coding_exon_end	exon 5 (CDS5)	248	Ig2	Ig-like	168	246	end	2	aligned_to_domain_boundary	architecture_supported_with_minor_flags	native_exon_blocks_reconstructed	reconstruct_from_native_cds	coding-exon boundary (context)
oreochromis_niloticus	IIIc	IIIc	ENSONIT00000047381	ENSONIP00000063320	812	coding_exon_start	exon 6 (CDS6)	248	Ig2	Ig-like	168	246	end	2	aligned_to_domain_boundary	architecture_supported_with_minor_flags	native_exon_blocks_reconstructed	reconstruct_from_native_cds	coding-exon boundary (context)
oreochromis_niloticus	IIIc	IIIc	ENSONIT00000047381	ENSONIP00000063320	812	coding_exon_end	exon 6 (CDS6)	311	Ig3	Ig-like	261	357	end	46	within_domain	architecture_supported_with_minor_flags	native_exon_blocks_reconstructed	reconstruct_from_native_cds	coding-exon boundary (context)
oreochromis_niloticus	IIIc	IIIc	ENSONIT00000047381	ENSONIP00000063320	812	coding_exon_start	exon 7 (CDS7)	312	Ig3	Ig-like	261	357	end	45	within_domain	architecture_supported_with_minor_flags	native_exon_blocks_reconstructed	reconstruct_from_native_cds	coding-exon boundary (context)
oreochromis_niloticus	IIIc	IIIc	ENSONIT00000047381	ENSONIP00000063320	812	coding_exon_end	exon 7 (CDS7)	360	Ig3	Ig-like	261	357	end	3	aligned_to_domain_boundary	architecture_supported_with_minor_flags	native_exon_blocks_reconstructed	reconstruct_from_native_cds	coding-exon boundary (context)
oreochromis_niloticus	IIIc	IIIc	ENSONIT00000047381	ENSONIP00000063320	812	coding_exon_start	exon 9 (CDS9)	425	kinase	kinase	431	761	start	6	near_domain_boundary	architecture_supported_with_minor_flags	native_exon_blocks_reconstructed	reconstruct_from_native_cds	coding-exon boundary (context)
oreochromis_niloticus	IIIc	IIIc	ENSONIT00000047381	ENSONIP00000063320	812	coding_exon_end	exon 9 (CDS9)	471	kinase	kinase	431	761	start	40	within_domain	architecture_supported_with_minor_flags	native_exon_blocks_reconstructed	reconstruct_from_native_cds	coding-exon boundary (context)
oreochromis_niloticus	IIIc	IIIc	ENSONIT00000047381	ENSONIP00000063320	812	coding_exon_start	exon 10 (CDS10)	471	kinase	kinase	431	761	start	40	within_domain	architecture_supported_with_minor_flags	native_exon_blocks_reconstructed	reconstruct_from_native_cds	coding-exon boundary (context)
oreochromis_niloticus	IIIc	IIIc	ENSONIT00000047381	ENSONIP00000063320	812	coding_exon_end	exon 10 (CDS10)	512	kinase	kinase	431	761	start	81	within_domain	architecture_supported_with_minor_flags	native_exon_blocks_reconstructed	reconstruct_from_native_cds	coding-exon boundary (context)
oreochromis_niloticus	IIIc	IIIc	ENSONIT00000047381	ENSONIP00000063320	812	coding_exon_start	exon 11 (CDS11)	512	kinase	kinase	431	761	start	81	within_domain	architecture_supported_with_minor_flags	native_exon_blocks_reconstructed	reconstruct_from_native_cds	coding-exon boundary (context)
oreochromis_niloticus	IIIc	IIIc	ENSONIT00000047381	ENSONIP00000063320	812	coding_exon_end	exon 11 (CDS11)	549	kinase	kinase	431	761	start	118	within_domain	architecture_supported_with_minor_flags	native_exon_blocks_reconstructed	reconstruct_from_native_cds	coding-exon boundary (context)
oreochromis_niloticus	IIIc	IIIc	ENSONIT00000047381	ENSONIP00000063320	812	coding_exon_start	exon 12 (CDS12)	549	kinase	kinase	431	761	start	118	within_domain	architecture_supported_with_minor_flags	native_exon_blocks_reconstructed	reconstruct_from_native_cds	coding-exon boundary (context)
oreochromis_niloticus	IIIc	IIIc	ENSONIT00000047381	ENSONIP00000063320	812	coding_exon_end	exon 12 (CDS12)	612	kinase	kinase	431	761	end	149	within_domain	architecture_supported_with_minor_flags	native_exon_blocks_reconstructed	reconstruct_from_native_cds	coding-exon boundary (context)
oreochromis_niloticus	IIIc	IIIc	ENSONIT00000047381	ENSONIP00000063320	812	coding_exon_start	exon 13 (CDS13)	613	kinase	kinase	431	761	end	148	within_domain	architecture_supported_with_minor_flags	native_exon_blocks_reconstructed	reconstruct_from_native_cds	coding-exon boundary (context)
oreochromis_niloticus	IIIc	IIIc	ENSONIT00000047381	ENSONIP00000063320	812	coding_exon_end	exon 13 (CDS13)	653	kinase	kinase	431	761	end	108	within_domain	architecture_supported_with_minor_flags	native_exon_blocks_reconstructed	reconstruct_from_native_cds	coding-exon boundary (context)
oreochromis_niloticus	IIIc	IIIc	ENSONIT00000047381	ENSONIP00000063320	812	coding_exon_start	exon 14 (CDS14)	654	kinase	kinase	431	761	end	107	within_domain	architecture_supported_with_minor_flags	native_exon_blocks_reconstructed	reconstruct_from_native_cds	coding-exon boundary (context)
oreochromis_niloticus	IIIc	IIIc	ENSONIT00000047381	ENSONIP00000063320	812	coding_exon_end	exon 14 (CDS14)	677	kinase	kinase	431	761	end	84	within_domain	architecture_supported_with_minor_flags	native_exon_blocks_reconstructed	reconstruct_from_native_cds	coding-exon boundary (context)
oreochromis_niloticus	IIIc	IIIc	ENSONIT00000047381	ENSONIP00000063320	812	coding_exon_start	exon 15 (CDS15)	677	kinase	kinase	431	761	end	84	within_domain	architecture_supported_with_minor_flags	native_exon_blocks_reconstructed	reconstruct_from_native_cds	coding-exon boundary (context)
oreochromis_niloticus	IIIc	IIIc	ENSONIT00000047381	ENSONIP00000063320	812	coding_exon_end	exon 15 (CDS15)	723	kinase	kinase	431	761	end	38	within_domain	architecture_supported_with_minor_flags	native_exon_blocks_reconstructed	reconstruct_from_native_cds	coding-exon boundary (context)
oreochromis_niloticus	IIIc	IIIc	ENSONIT00000047381	ENSONIP00000063320	812	coding_exon_start	exon 16 (CDS16)	723	kinase	kinase	431	761	end	38	within_domain	architecture_supported_with_minor_flags	native_exon_blocks_reconstructed	reconstruct_from_native_cds	coding-exon boundary (context)
oreochromis_niloticus	IIIc	IIIc	ENSONIT00000047381	ENSONIP00000063320	812	coding_exon_end	exon 16 (CDS16)	758	kinase	kinase	431	761	end	3	aligned_to_domain_boundary	architecture_supported_with_minor_flags	native_exon_blocks_reconstructed	reconstruct_from_native_cds	coding-exon boundary (context)
oreochromis_niloticus	IIIc	IIIc	ENSONIT00000047381	ENSONIP00000063320	812	coding_exon_start	exon 17 (CDS17)	759	kinase	kinase	431	761	end	2	aligned_to_domain_boundary	architecture_supported_with_minor_flags	native_exon_blocks_reconstructed	reconstruct_from_native_cds	coding-exon boundary (context)
oreochromis_niloticus	IIIc	IIIc	ENSONIT00000047381	ENSONIP00000063320	812	coding_exon_end	exon 17 (CDS17)	812	kinase	kinase	431	761	end	51	between_domains	architecture_supported_with_minor_flags	native_exon_blocks_reconstructed	reconstruct_from_native_cds	coding-exon boundary (context)
ornithorhynchus_anatinus	IIIb	IIIb	XM_029080810.2	XP_028936643.1	840	cassette_start	exon 7 (IIIb cassette)	332	Ig3	Ig-like	281	375	end	43	within_domain	architecture_supported_with_minor_flags	figure3C_native	keep	cassette boundary (primary thesis metric)
ornithorhynchus_anatinus	IIIb	IIIb	XM_029080810.2	XP_028936643.1	840	cassette_end	exon 7 (IIIb cassette)	380	Ig3	Ig-like	281	375	end	5	near_domain_boundary	architecture_supported_with_minor_flags	figure3C_native	keep	cassette boundary (primary thesis metric)
ornithorhynchus_anatinus	IIIb	IIIb	XM_029080810.2	XP_028936643.1	840	coding_exon_start	exon 1 (CDS1)	1	Ig1	Ig-like	69	137	start	68	between_domains	architecture_supported_with_minor_flags	figure3C_native	keep	coding-exon boundary (context)
ornithorhynchus_anatinus	IIIb	IIIb	XM_029080810.2	XP_028936643.1	840	coding_exon_end	exon 1 (CDS1)	56	Ig1	Ig-like	69	137	start	13	near_domain_boundary	architecture_supported_with_minor_flags	figure3C_native	keep	coding-exon boundary (context)
ornithorhynchus_anatinus	IIIb	IIIb	XM_029080810.2	XP_028936643.1	840	coding_exon_start	exon 2 (CDS2)	56	Ig1	Ig-like	69	137	start	13	near_domain_boundary	architecture_supported_with_minor_flags	figure3C_native	keep	coding-exon boundary (context)
ornithorhynchus_anatinus	IIIb	IIIb	XM_029080810.2	XP_028936643.1	840	coding_exon_end	exon 2 (CDS2)	145	Ig1	Ig-like	69	137	end	8	near_domain_boundary	architecture_supported_with_minor_flags	figure3C_native	keep	coding-exon boundary (context)
ornithorhynchus_anatinus	IIIb	IIIb	XM_029080810.2	XP_028936643.1	840	coding_exon_start	exon 3 (CDS3)	145	Ig1	Ig-like	69	137	end	8	near_domain_boundary	architecture_supported_with_minor_flags	figure3C_native	keep	coding-exon boundary (context)
ornithorhynchus_anatinus	IIIb	IIIb	XM_029080810.2	XP_028936643.1	840	coding_exon_end	exon 3 (CDS3)	170	Ig2	Ig-like	189	266	start	19	between_domains	architecture_supported_with_minor_flags	figure3C_native	keep	coding-exon boundary (context)
ornithorhynchus_anatinus	IIIb	IIIb	XM_029080810.2	XP_028936643.1	840	coding_exon_start	exon 4 (CDS4)	170	Ig2	Ig-like	189	266	start	19	between_domains	architecture_supported_with_minor_flags	figure3C_native	keep	coding-exon boundary (context)
ornithorhynchus_anatinus	IIIb	IIIb	XM_029080810.2	XP_028936643.1	840	coding_exon_end	exon 4 (CDS4)	226	Ig2	Ig-like	189	266	start	37	within_domain	architecture_supported_with_minor_flags	figure3C_native	keep	coding-exon boundary (context)
ornithorhynchus_anatinus	IIIb	IIIb	XM_029080810.2	XP_028936643.1	840	coding_exon_start	exon 5 (CDS5)	227	Ig2	Ig-like	189	266	start	38	within_domain	architecture_supported_with_minor_flags	figure3C_native	keep	coding-exon boundary (context)
ornithorhynchus_anatinus	IIIb	IIIb	XM_029080810.2	XP_028936643.1	840	coding_exon_end	exon 5 (CDS5)	268	Ig2	Ig-like	189	266	end	2	aligned_to_domain_boundary	architecture_supported_with_minor_flags	figure3C_native	keep	coding-exon boundary (context)
ornithorhynchus_anatinus	IIIb	IIIb	XM_029080810.2	XP_028936643.1	840	coding_exon_start	exon 6 (CDS6)	268	Ig2	Ig-like	189	266	end	2	aligned_to_domain_boundary	architecture_supported_with_minor_flags	figure3C_native	keep	coding-exon boundary (context)
ornithorhynchus_anatinus	IIIb	IIIb	XM_029080810.2	XP_028936643.1	840	coding_exon_end	exon 6 (CDS6)	331	Ig3	Ig-like	281	375	end	44	within_domain	architecture_supported_with_minor_flags	figure3C_native	keep	coding-exon boundary (context)
ornithorhynchus_anatinus	IIIb	IIIb	XM_029080810.2	XP_028936643.1	840	coding_exon_start	exon 8 (CDS8)	380	Ig3	Ig-like	281	375	end	5	near_domain_boundary	architecture_supported_with_minor_flags	figure3C_native	keep	coding-exon boundary (context)
ornithorhynchus_anatinus	IIIb	IIIb	XM_029080810.2	XP_028936643.1	840	coding_exon_end	exon 8 (CDS8)	447	kinase	kinase	456	789	start	9	near_domain_boundary	architecture_supported_with_minor_flags	figure3C_native	keep	coding-exon boundary (context)
ornithorhynchus_anatinus	IIIb	IIIb	XM_029080810.2	XP_028936643.1	840	coding_exon_start	exon 9 (CDS9)	448	kinase	kinase	456	789	start	8	near_domain_boundary	architecture_supported_with_minor_flags	figure3C_native	keep	coding-exon boundary (context)
ornithorhynchus_anatinus	IIIb	IIIb	XM_029080810.2	XP_028936643.1	840	coding_exon_end	exon 9 (CDS9)	498	kinase	kinase	456	789	start	42	within_domain	architecture_supported_with_minor_flags	figure3C_native	keep	coding-exon boundary (context)
ornithorhynchus_anatinus	IIIb	IIIb	XM_029080810.2	XP_028936643.1	840	coding_exon_start	exon 10 (CDS10)	498	kinase	kinase	456	789	start	42	within_domain	architecture_supported_with_minor_flags	figure3C_native	keep	coding-exon boundary (context)
ornithorhynchus_anatinus	IIIb	IIIb	XM_029080810.2	XP_028936643.1	840	coding_exon_end	exon 10 (CDS10)	539	kinase	kinase	456	789	start	83	within_domain	architecture_supported_with_minor_flags	figure3C_native	keep	coding-exon boundary (context)
ornithorhynchus_anatinus	IIIb	IIIb	XM_029080810.2	XP_028936643.1	840	coding_exon_start	exon 11 (CDS11)	539	kinase	kinase	456	789	start	83	within_domain	architecture_supported_with_minor_flags	figure3C_native	keep	coding-exon boundary (context)
ornithorhynchus_anatinus	IIIb	IIIb	XM_029080810.2	XP_028936643.1	840	coding_exon_end	exon 11 (CDS11)	576	kinase	kinase	456	789	start	120	within_domain	architecture_supported_with_minor_flags	figure3C_native	keep	coding-exon boundary (context)
ornithorhynchus_anatinus	IIIb	IIIb	XM_029080810.2	XP_028936643.1	840	coding_exon_start	exon 12 (CDS12)	576	kinase	kinase	456	789	start	120	within_domain	architecture_supported_with_minor_flags	figure3C_native	keep	coding-exon boundary (context)
ornithorhynchus_anatinus	IIIb	IIIb	XM_029080810.2	XP_028936643.1	840	coding_exon_end	exon 12 (CDS12)	639	kinase	kinase	456	789	end	150	within_domain	architecture_supported_with_minor_flags	figure3C_native	keep	coding-exon boundary (context)
ornithorhynchus_anatinus	IIIb	IIIb	XM_029080810.2	XP_028936643.1	840	coding_exon_start	exon 13 (CDS13)	640	kinase	kinase	456	789	end	149	within_domain	architecture_supported_with_minor_flags	figure3C_native	keep	coding-exon boundary (context)
ornithorhynchus_anatinus	IIIb	IIIb	XM_029080810.2	XP_028936643.1	840	coding_exon_end	exon 13 (CDS13)	680	kinase	kinase	456	789	end	109	within_domain	architecture_supported_with_minor_flags	figure3C_native	keep	coding-exon boundary (context)
ornithorhynchus_anatinus	IIIb	IIIb	XM_029080810.2	XP_028936643.1	840	coding_exon_start	exon 14 (CDS14)	681	kinase	kinase	456	789	end	108	within_domain	architecture_supported_with_minor_flags	figure3C_native	keep	coding-exon boundary (context)
ornithorhynchus_anatinus	IIIb	IIIb	XM_029080810.2	XP_028936643.1	840	coding_exon_end	exon 14 (CDS14)	704	kinase	kinase	456	789	end	85	within_domain	architecture_supported_with_minor_flags	figure3C_native	keep	coding-exon boundary (context)
ornithorhynchus_anatinus	IIIb	IIIb	XM_029080810.2	XP_028936643.1	840	coding_exon_start	exon 15 (CDS15)	704	kinase	kinase	456	789	end	85	within_domain	architecture_supported_with_minor_flags	figure3C_native	keep	coding-exon boundary (context)
ornithorhynchus_anatinus	IIIb	IIIb	XM_029080810.2	XP_028936643.1	840	coding_exon_end	exon 15 (CDS15)	750	kinase	kinase	456	789	end	39	within_domain	architecture_supported_with_minor_flags	figure3C_native	keep	coding-exon boundary (context)
ornithorhynchus_anatinus	IIIb	IIIb	XM_029080810.2	XP_028936643.1	840	coding_exon_start	exon 16 (CDS16)	750	kinase	kinase	456	789	end	39	within_domain	architecture_supported_with_minor_flags	figure3C_native	keep	coding-exon boundary (context)
ornithorhynchus_anatinus	IIIb	IIIb	XM_029080810.2	XP_028936643.1	840	coding_exon_end	exon 16 (CDS16)	785	kinase	kinase	456	789	end	4	near_domain_boundary	architecture_supported_with_minor_flags	figure3C_native	keep	coding-exon boundary (context)
ornithorhynchus_anatinus	IIIb	IIIb	XM_029080810.2	XP_028936643.1	840	coding_exon_start	exon 17 (CDS17)	786	kinase	kinase	456	789	end	3	aligned_to_domain_boundary	architecture_supported_with_minor_flags	figure3C_native	keep	coding-exon boundary (context)
ornithorhynchus_anatinus	IIIb	IIIb	XM_029080810.2	XP_028936643.1	840	coding_exon_end	exon 17 (CDS17)	840	kinase	kinase	456	789	end	51	between_domains	architecture_supported_with_minor_flags	figure3C_native	keep	coding-exon boundary (context)
ornithorhynchus_anatinus	IIIc	IIIc	XM_029080811.2	XP_028936644.1	839	cassette_start	exon 7 (IIIc cassette)	332	Ig3	Ig-like	284	364	end	32	within_domain	architecture_supported_with_minor_flags	minor_length_clamped	clamp_to_protein_length_with_minor_flag	cassette boundary (primary thesis metric)
ornithorhynchus_anatinus	IIIc	IIIc	XM_029080811.2	XP_028936644.1	839	cassette_end	exon 7 (IIIc cassette)	381	TM	TM	392	414	start	11	near_domain_boundary	architecture_supported_with_minor_flags	minor_length_clamped	clamp_to_protein_length_with_minor_flag	cassette boundary (primary thesis metric)
ornithorhynchus_anatinus	IIIc	IIIc	XM_029080811.2	XP_028936644.1	839	coding_exon_start	exon 1 (CDS1)	1	Ig1	Ig-like	69	137	start	68	between_domains	architecture_supported_with_minor_flags	minor_length_clamped	clamp_to_protein_length_with_minor_flag	coding-exon boundary (context)
ornithorhynchus_anatinus	IIIc	IIIc	XM_029080811.2	XP_028936644.1	839	coding_exon_end	exon 1 (CDS1)	56	Ig1	Ig-like	69	137	start	13	near_domain_boundary	architecture_supported_with_minor_flags	minor_length_clamped	clamp_to_protein_length_with_minor_flag	coding-exon boundary (context)
ornithorhynchus_anatinus	IIIc	IIIc	XM_029080811.2	XP_028936644.1	839	coding_exon_start	exon 2 (CDS2)	56	Ig1	Ig-like	69	137	start	13	near_domain_boundary	architecture_supported_with_minor_flags	minor_length_clamped	clamp_to_protein_length_with_minor_flag	coding-exon boundary (context)
ornithorhynchus_anatinus	IIIc	IIIc	XM_029080811.2	XP_028936644.1	839	coding_exon_end	exon 2 (CDS2)	145	Ig1	Ig-like	69	137	end	8	near_domain_boundary	architecture_supported_with_minor_flags	minor_length_clamped	clamp_to_protein_length_with_minor_flag	coding-exon boundary (context)
ornithorhynchus_anatinus	IIIc	IIIc	XM_029080811.2	XP_028936644.1	839	coding_exon_start	exon 3 (CDS3)	145	Ig1	Ig-like	69	137	end	8	near_domain_boundary	architecture_supported_with_minor_flags	minor_length_clamped	clamp_to_protein_length_with_minor_flag	coding-exon boundary (context)
ornithorhynchus_anatinus	IIIc	IIIc	XM_029080811.2	XP_028936644.1	839	coding_exon_end	exon 3 (CDS3)	170	Ig2	Ig-like	189	266	start	19	between_domains	architecture_supported_with_minor_flags	minor_length_clamped	clamp_to_protein_length_with_minor_flag	coding-exon boundary (context)
ornithorhynchus_anatinus	IIIc	IIIc	XM_029080811.2	XP_028936644.1	839	coding_exon_start	exon 4 (CDS4)	170	Ig2	Ig-like	189	266	start	19	between_domains	architecture_supported_with_minor_flags	minor_length_clamped	clamp_to_protein_length_with_minor_flag	coding-exon boundary (context)
ornithorhynchus_anatinus	IIIc	IIIc	XM_029080811.2	XP_028936644.1	839	coding_exon_end	exon 4 (CDS4)	226	Ig2	Ig-like	189	266	start	37	within_domain	architecture_supported_with_minor_flags	minor_length_clamped	clamp_to_protein_length_with_minor_flag	coding-exon boundary (context)
ornithorhynchus_anatinus	IIIc	IIIc	XM_029080811.2	XP_028936644.1	839	coding_exon_start	exon 5 (CDS5)	227	Ig2	Ig-like	189	266	start	38	within_domain	architecture_supported_with_minor_flags	minor_length_clamped	clamp_to_protein_length_with_minor_flag	coding-exon boundary (context)
ornithorhynchus_anatinus	IIIc	IIIc	XM_029080811.2	XP_028936644.1	839	coding_exon_end	exon 5 (CDS5)	268	Ig2	Ig-like	189	266	end	2	aligned_to_domain_boundary	architecture_supported_with_minor_flags	minor_length_clamped	clamp_to_protein_length_with_minor_flag	coding-exon boundary (context)
ornithorhynchus_anatinus	IIIc	IIIc	XM_029080811.2	XP_028936644.1	839	coding_exon_start	exon 6 (CDS6)	268	Ig2	Ig-like	189	266	end	2	aligned_to_domain_boundary	architecture_supported_with_minor_flags	minor_length_clamped	clamp_to_protein_length_with_minor_flag	coding-exon boundary (context)
ornithorhynchus_anatinus	IIIc	IIIc	XM_029080811.2	XP_028936644.1	839	coding_exon_end	exon 6 (CDS6)	331	Ig3	Ig-like	284	364	end	33	within_domain	architecture_supported_with_minor_flags	minor_length_clamped	clamp_to_protein_length_with_minor_flag	coding-exon boundary (context)
ornithorhynchus_anatinus	IIIc	IIIc	XM_029080811.2	XP_028936644.1	839	coding_exon_start	exon 8 (CDS8)	381	TM	TM	392	414	start	11	near_domain_boundary	architecture_supported_with_minor_flags	minor_length_clamped	clamp_to_protein_length_with_minor_flag	coding-exon boundary (context)
ornithorhynchus_anatinus	IIIc	IIIc	XM_029080811.2	XP_028936644.1	839	coding_exon_end	exon 8 (CDS8)	448	kinase	kinase	455	788	start	7	near_domain_boundary	architecture_supported_with_minor_flags	minor_length_clamped	clamp_to_protein_length_with_minor_flag	coding-exon boundary (context)
ornithorhynchus_anatinus	IIIc	IIIc	XM_029080811.2	XP_028936644.1	839	coding_exon_start	exon 9 (CDS9)	449	kinase	kinase	455	788	start	6	near_domain_boundary	architecture_supported_with_minor_flags	minor_length_clamped	clamp_to_protein_length_with_minor_flag	coding-exon boundary (context)
ornithorhynchus_anatinus	IIIc	IIIc	XM_029080811.2	XP_028936644.1	839	coding_exon_end	exon 9 (CDS9)	499	kinase	kinase	455	788	start	44	within_domain	architecture_supported_with_minor_flags	minor_length_clamped	clamp_to_protein_length_with_minor_flag	coding-exon boundary (context)
ornithorhynchus_anatinus	IIIc	IIIc	XM_029080811.2	XP_028936644.1	839	coding_exon_start	exon 10 (CDS10)	499	kinase	kinase	455	788	start	44	within_domain	architecture_supported_with_minor_flags	minor_length_clamped	clamp_to_protein_length_with_minor_flag	coding-exon boundary (context)
ornithorhynchus_anatinus	IIIc	IIIc	XM_029080811.2	XP_028936644.1	839	coding_exon_end	exon 10 (CDS10)	540	kinase	kinase	455	788	start	85	within_domain	architecture_supported_with_minor_flags	minor_length_clamped	clamp_to_protein_length_with_minor_flag	coding-exon boundary (context)
ornithorhynchus_anatinus	IIIc	IIIc	XM_029080811.2	XP_028936644.1	839	coding_exon_start	exon 11 (CDS11)	540	kinase	kinase	455	788	start	85	within_domain	architecture_supported_with_minor_flags	minor_length_clamped	clamp_to_protein_length_with_minor_flag	coding-exon boundary (context)
ornithorhynchus_anatinus	IIIc	IIIc	XM_029080811.2	XP_028936644.1	839	coding_exon_end	exon 11 (CDS11)	577	kinase	kinase	455	788	start	122	within_domain	architecture_supported_with_minor_flags	minor_length_clamped	clamp_to_protein_length_with_minor_flag	coding-exon boundary (context)
ornithorhynchus_anatinus	IIIc	IIIc	XM_029080811.2	XP_028936644.1	839	coding_exon_start	exon 12 (CDS12)	577	kinase	kinase	455	788	start	122	within_domain	architecture_supported_with_minor_flags	minor_length_clamped	clamp_to_protein_length_with_minor_flag	coding-exon boundary (context)
ornithorhynchus_anatinus	IIIc	IIIc	XM_029080811.2	XP_028936644.1	839	coding_exon_end	exon 12 (CDS12)	640	kinase	kinase	455	788	end	148	within_domain	architecture_supported_with_minor_flags	minor_length_clamped	clamp_to_protein_length_with_minor_flag	coding-exon boundary (context)
ornithorhynchus_anatinus	IIIc	IIIc	XM_029080811.2	XP_028936644.1	839	coding_exon_start	exon 13 (CDS13)	641	kinase	kinase	455	788	end	147	within_domain	architecture_supported_with_minor_flags	minor_length_clamped	clamp_to_protein_length_with_minor_flag	coding-exon boundary (context)
ornithorhynchus_anatinus	IIIc	IIIc	XM_029080811.2	XP_028936644.1	839	coding_exon_end	exon 13 (CDS13)	681	kinase	kinase	455	788	end	107	within_domain	architecture_supported_with_minor_flags	minor_length_clamped	clamp_to_protein_length_with_minor_flag	coding-exon boundary (context)
ornithorhynchus_anatinus	IIIc	IIIc	XM_029080811.2	XP_028936644.1	839	coding_exon_start	exon 14 (CDS14)	682	kinase	kinase	455	788	end	106	within_domain	architecture_supported_with_minor_flags	minor_length_clamped	clamp_to_protein_length_with_minor_flag	coding-exon boundary (context)
ornithorhynchus_anatinus	IIIc	IIIc	XM_029080811.2	XP_028936644.1	839	coding_exon_end	exon 14 (CDS14)	705	kinase	kinase	455	788	end	83	within_domain	architecture_supported_with_minor_flags	minor_length_clamped	clamp_to_protein_length_with_minor_flag	coding-exon boundary (context)
ornithorhynchus_anatinus	IIIc	IIIc	XM_029080811.2	XP_028936644.1	839	coding_exon_start	exon 15 (CDS15)	705	kinase	kinase	455	788	end	83	within_domain	architecture_supported_with_minor_flags	minor_length_clamped	clamp_to_protein_length_with_minor_flag	coding-exon boundary (context)
ornithorhynchus_anatinus	IIIc	IIIc	XM_029080811.2	XP_028936644.1	839	coding_exon_end	exon 15 (CDS15)	751	kinase	kinase	455	788	end	37	within_domain	architecture_supported_with_minor_flags	minor_length_clamped	clamp_to_protein_length_with_minor_flag	coding-exon boundary (context)
ornithorhynchus_anatinus	IIIc	IIIc	XM_029080811.2	XP_028936644.1	839	coding_exon_start	exon 16 (CDS16)	751	kinase	kinase	455	788	end	37	within_domain	architecture_supported_with_minor_flags	minor_length_clamped	clamp_to_protein_length_with_minor_flag	coding-exon boundary (context)
ornithorhynchus_anatinus	IIIc	IIIc	XM_029080811.2	XP_028936644.1	839	coding_exon_end	exon 16 (CDS16)	786	kinase	kinase	455	788	end	2	aligned_to_domain_boundary	architecture_supported_with_minor_flags	minor_length_clamped	clamp_to_protein_length_with_minor_flag	coding-exon boundary (context)
ornithorhynchus_anatinus	IIIc	IIIc	XM_029080811.2	XP_028936644.1	839	coding_exon_start	exon 17 (CDS17)	787	kinase	kinase	455	788	end	1	aligned_to_domain_boundary	architecture_supported_with_minor_flags	minor_length_clamped	clamp_to_protein_length_with_minor_flag	coding-exon boundary (context)
ornithorhynchus_anatinus	IIIc	IIIc	XM_029080811.2	XP_028936644.1	839	coding_exon_end	exon 17 (CDS17)	839	kinase	kinase	455	788	end	51	between_domains	architecture_supported_with_minor_flags	minor_length_clamped	clamp_to_protein_length_with_minor_flag	coding-exon boundary (context)
oryctolagus_cuniculus	IIIb	IIIb	XM_070056999.1	XP_069913100.1	841	cassette_start	exon 7 (IIIb cassette)	333	Ig3	Ig-like	282	376	end	43	within_domain	architecture_supported	figure3C_native	keep	cassette boundary (primary thesis metric)
oryctolagus_cuniculus	IIIb	IIIb	XM_070056999.1	XP_069913100.1	841	cassette_end	exon 7 (IIIb cassette)	381	Ig3	Ig-like	282	376	end	5	near_domain_boundary	architecture_supported	figure3C_native	keep	cassette boundary (primary thesis metric)
oryctolagus_cuniculus	IIIb	IIIb	XM_070056999.1	XP_069913100.1	841	coding_exon_start	exon 1 (CDS1)	1	Ig1	Ig-like	64	128	start	63	between_domains	architecture_supported	figure3C_native	keep	coding-exon boundary (context)
oryctolagus_cuniculus	IIIb	IIIb	XM_070056999.1	XP_069913100.1	841	coding_exon_end	exon 1 (CDS1)	56	Ig1	Ig-like	64	128	start	8	near_domain_boundary	architecture_supported	figure3C_native	keep	coding-exon boundary (context)
oryctolagus_cuniculus	IIIb	IIIb	XM_070056999.1	XP_069913100.1	841	coding_exon_start	exon 2 (CDS2)	56	Ig1	Ig-like	64	128	start	8	near_domain_boundary	architecture_supported	figure3C_native	keep	coding-exon boundary (context)
oryctolagus_cuniculus	IIIb	IIIb	XM_070056999.1	XP_069913100.1	841	coding_exon_end	exon 2 (CDS2)	145	Ig1	Ig-like	64	128	end	17	between_domains	architecture_supported	figure3C_native	keep	coding-exon boundary (context)
oryctolagus_cuniculus	IIIb	IIIb	XM_070056999.1	XP_069913100.1	841	coding_exon_start	exon 3 (CDS3)	145	Ig1	Ig-like	64	128	end	17	between_domains	architecture_supported	figure3C_native	keep	coding-exon boundary (context)
oryctolagus_cuniculus	IIIb	IIIb	XM_070056999.1	XP_069913100.1	841	coding_exon_end	exon 3 (CDS3)	171	Ig2	Ig-like	190	267	start	19	between_domains	architecture_supported	figure3C_native	keep	coding-exon boundary (context)
oryctolagus_cuniculus	IIIb	IIIb	XM_070056999.1	XP_069913100.1	841	coding_exon_start	exon 4 (CDS4)	171	Ig2	Ig-like	190	267	start	19	between_domains	architecture_supported	figure3C_native	keep	coding-exon boundary (context)
oryctolagus_cuniculus	IIIb	IIIb	XM_070056999.1	XP_069913100.1	841	coding_exon_end	exon 4 (CDS4)	227	Ig2	Ig-like	190	267	start	37	within_domain	architecture_supported	figure3C_native	keep	coding-exon boundary (context)
oryctolagus_cuniculus	IIIb	IIIb	XM_070056999.1	XP_069913100.1	841	coding_exon_start	exon 5 (CDS5)	228	Ig2	Ig-like	190	267	start	38	within_domain	architecture_supported	figure3C_native	keep	coding-exon boundary (context)
oryctolagus_cuniculus	IIIb	IIIb	XM_070056999.1	XP_069913100.1	841	coding_exon_end	exon 5 (CDS5)	269	Ig2	Ig-like	190	267	end	2	aligned_to_domain_boundary	architecture_supported	figure3C_native	keep	coding-exon boundary (context)
oryctolagus_cuniculus	IIIb	IIIb	XM_070056999.1	XP_069913100.1	841	coding_exon_start	exon 6 (CDS6)	269	Ig2	Ig-like	190	267	end	2	aligned_to_domain_boundary	architecture_supported	figure3C_native	keep	coding-exon boundary (context)
oryctolagus_cuniculus	IIIb	IIIb	XM_070056999.1	XP_069913100.1	841	coding_exon_end	exon 6 (CDS6)	332	Ig3	Ig-like	282	376	end	44	within_domain	architecture_supported	figure3C_native	keep	coding-exon boundary (context)
oryctolagus_cuniculus	IIIb	IIIb	XM_070056999.1	XP_069913100.1	841	coding_exon_start	exon 8 (CDS8)	381	Ig3	Ig-like	282	376	end	5	near_domain_boundary	architecture_supported	figure3C_native	keep	coding-exon boundary (context)
oryctolagus_cuniculus	IIIb	IIIb	XM_070056999.1	XP_069913100.1	841	coding_exon_end	exon 8 (CDS8)	448	kinase	kinase	457	790	start	9	near_domain_boundary	architecture_supported	figure3C_native	keep	coding-exon boundary (context)
oryctolagus_cuniculus	IIIb	IIIb	XM_070056999.1	XP_069913100.1	841	coding_exon_start	exon 9 (CDS9)	449	kinase	kinase	457	790	start	8	near_domain_boundary	architecture_supported	figure3C_native	keep	coding-exon boundary (context)
oryctolagus_cuniculus	IIIb	IIIb	XM_070056999.1	XP_069913100.1	841	coding_exon_end	exon 9 (CDS9)	499	kinase	kinase	457	790	start	42	within_domain	architecture_supported	figure3C_native	keep	coding-exon boundary (context)
oryctolagus_cuniculus	IIIb	IIIb	XM_070056999.1	XP_069913100.1	841	coding_exon_start	exon 10 (CDS10)	499	kinase	kinase	457	790	start	42	within_domain	architecture_supported	figure3C_native	keep	coding-exon boundary (context)
oryctolagus_cuniculus	IIIb	IIIb	XM_070056999.1	XP_069913100.1	841	coding_exon_end	exon 10 (CDS10)	540	kinase	kinase	457	790	start	83	within_domain	architecture_supported	figure3C_native	keep	coding-exon boundary (context)
oryctolagus_cuniculus	IIIb	IIIb	XM_070056999.1	XP_069913100.1	841	coding_exon_start	exon 11 (CDS11)	540	kinase	kinase	457	790	start	83	within_domain	architecture_supported	figure3C_native	keep	coding-exon boundary (context)
oryctolagus_cuniculus	IIIb	IIIb	XM_070056999.1	XP_069913100.1	841	coding_exon_end	exon 11 (CDS11)	577	kinase	kinase	457	790	start	120	within_domain	architecture_supported	figure3C_native	keep	coding-exon boundary (context)
oryctolagus_cuniculus	IIIb	IIIb	XM_070056999.1	XP_069913100.1	841	coding_exon_start	exon 12 (CDS12)	577	kinase	kinase	457	790	start	120	within_domain	architecture_supported	figure3C_native	keep	coding-exon boundary (context)
oryctolagus_cuniculus	IIIb	IIIb	XM_070056999.1	XP_069913100.1	841	coding_exon_end	exon 12 (CDS12)	640	kinase	kinase	457	790	end	150	within_domain	architecture_supported	figure3C_native	keep	coding-exon boundary (context)
oryctolagus_cuniculus	IIIb	IIIb	XM_070056999.1	XP_069913100.1	841	coding_exon_start	exon 13 (CDS13)	641	kinase	kinase	457	790	end	149	within_domain	architecture_supported	figure3C_native	keep	coding-exon boundary (context)
oryctolagus_cuniculus	IIIb	IIIb	XM_070056999.1	XP_069913100.1	841	coding_exon_end	exon 13 (CDS13)	681	kinase	kinase	457	790	end	109	within_domain	architecture_supported	figure3C_native	keep	coding-exon boundary (context)
oryctolagus_cuniculus	IIIb	IIIb	XM_070056999.1	XP_069913100.1	841	coding_exon_start	exon 14 (CDS14)	682	kinase	kinase	457	790	end	108	within_domain	architecture_supported	figure3C_native	keep	coding-exon boundary (context)
oryctolagus_cuniculus	IIIb	IIIb	XM_070056999.1	XP_069913100.1	841	coding_exon_end	exon 14 (CDS14)	705	kinase	kinase	457	790	end	85	within_domain	architecture_supported	figure3C_native	keep	coding-exon boundary (context)
oryctolagus_cuniculus	IIIb	IIIb	XM_070056999.1	XP_069913100.1	841	coding_exon_start	exon 15 (CDS15)	705	kinase	kinase	457	790	end	85	within_domain	architecture_supported	figure3C_native	keep	coding-exon boundary (context)
oryctolagus_cuniculus	IIIb	IIIb	XM_070056999.1	XP_069913100.1	841	coding_exon_end	exon 15 (CDS15)	751	kinase	kinase	457	790	end	39	within_domain	architecture_supported	figure3C_native	keep	coding-exon boundary (context)
oryctolagus_cuniculus	IIIb	IIIb	XM_070056999.1	XP_069913100.1	841	coding_exon_start	exon 16 (CDS16)	751	kinase	kinase	457	790	end	39	within_domain	architecture_supported	figure3C_native	keep	coding-exon boundary (context)
oryctolagus_cuniculus	IIIb	IIIb	XM_070056999.1	XP_069913100.1	841	coding_exon_end	exon 16 (CDS16)	786	kinase	kinase	457	790	end	4	near_domain_boundary	architecture_supported	figure3C_native	keep	coding-exon boundary (context)
oryctolagus_cuniculus	IIIb	IIIb	XM_070056999.1	XP_069913100.1	841	coding_exon_start	exon 17 (CDS17)	787	kinase	kinase	457	790	end	3	aligned_to_domain_boundary	architecture_supported	figure3C_native	keep	coding-exon boundary (context)
oryctolagus_cuniculus	IIIb	IIIb	XM_070056999.1	XP_069913100.1	841	coding_exon_end	exon 17 (CDS17)	841	kinase	kinase	457	790	end	51	between_domains	architecture_supported	figure3C_native	keep	coding-exon boundary (context)
oryctolagus_cuniculus	IIIc	IIIc	XM_070056995.1	XP_069913096.1	840	cassette_start	exon 7 (IIIc cassette)	333	Ig3	Ig-like	285	365	end	32	within_domain	architecture_supported	minor_length_clamped	clamp_to_protein_length_with_minor_flag	cassette boundary (primary thesis metric)
oryctolagus_cuniculus	IIIc	IIIc	XM_070056995.1	XP_069913096.1	840	cassette_end	exon 7 (IIIc cassette)	382	TM	TM	393	415	start	11	near_domain_boundary	architecture_supported	minor_length_clamped	clamp_to_protein_length_with_minor_flag	cassette boundary (primary thesis metric)
oryctolagus_cuniculus	IIIc	IIIc	XM_070056995.1	XP_069913096.1	840	coding_exon_start	exon 1 (CDS1)	1	Ig1	Ig-like	64	128	start	63	between_domains	architecture_supported	minor_length_clamped	clamp_to_protein_length_with_minor_flag	coding-exon boundary (context)
oryctolagus_cuniculus	IIIc	IIIc	XM_070056995.1	XP_069913096.1	840	coding_exon_end	exon 1 (CDS1)	56	Ig1	Ig-like	64	128	start	8	near_domain_boundary	architecture_supported	minor_length_clamped	clamp_to_protein_length_with_minor_flag	coding-exon boundary (context)
oryctolagus_cuniculus	IIIc	IIIc	XM_070056995.1	XP_069913096.1	840	coding_exon_start	exon 2 (CDS2)	56	Ig1	Ig-like	64	128	start	8	near_domain_boundary	architecture_supported	minor_length_clamped	clamp_to_protein_length_with_minor_flag	coding-exon boundary (context)
oryctolagus_cuniculus	IIIc	IIIc	XM_070056995.1	XP_069913096.1	840	coding_exon_end	exon 2 (CDS2)	145	Ig1	Ig-like	64	128	end	17	between_domains	architecture_supported	minor_length_clamped	clamp_to_protein_length_with_minor_flag	coding-exon boundary (context)
oryctolagus_cuniculus	IIIc	IIIc	XM_070056995.1	XP_069913096.1	840	coding_exon_start	exon 3 (CDS3)	145	Ig1	Ig-like	64	128	end	17	between_domains	architecture_supported	minor_length_clamped	clamp_to_protein_length_with_minor_flag	coding-exon boundary (context)
oryctolagus_cuniculus	IIIc	IIIc	XM_070056995.1	XP_069913096.1	840	coding_exon_end	exon 3 (CDS3)	171	Ig2	Ig-like	190	267	start	19	between_domains	architecture_supported	minor_length_clamped	clamp_to_protein_length_with_minor_flag	coding-exon boundary (context)
oryctolagus_cuniculus	IIIc	IIIc	XM_070056995.1	XP_069913096.1	840	coding_exon_start	exon 4 (CDS4)	171	Ig2	Ig-like	190	267	start	19	between_domains	architecture_supported	minor_length_clamped	clamp_to_protein_length_with_minor_flag	coding-exon boundary (context)
oryctolagus_cuniculus	IIIc	IIIc	XM_070056995.1	XP_069913096.1	840	coding_exon_end	exon 4 (CDS4)	227	Ig2	Ig-like	190	267	start	37	within_domain	architecture_supported	minor_length_clamped	clamp_to_protein_length_with_minor_flag	coding-exon boundary (context)
oryctolagus_cuniculus	IIIc	IIIc	XM_070056995.1	XP_069913096.1	840	coding_exon_start	exon 5 (CDS5)	228	Ig2	Ig-like	190	267	start	38	within_domain	architecture_supported	minor_length_clamped	clamp_to_protein_length_with_minor_flag	coding-exon boundary (context)
oryctolagus_cuniculus	IIIc	IIIc	XM_070056995.1	XP_069913096.1	840	coding_exon_end	exon 5 (CDS5)	269	Ig2	Ig-like	190	267	end	2	aligned_to_domain_boundary	architecture_supported	minor_length_clamped	clamp_to_protein_length_with_minor_flag	coding-exon boundary (context)
oryctolagus_cuniculus	IIIc	IIIc	XM_070056995.1	XP_069913096.1	840	coding_exon_start	exon 6 (CDS6)	269	Ig2	Ig-like	190	267	end	2	aligned_to_domain_boundary	architecture_supported	minor_length_clamped	clamp_to_protein_length_with_minor_flag	coding-exon boundary (context)
oryctolagus_cuniculus	IIIc	IIIc	XM_070056995.1	XP_069913096.1	840	coding_exon_end	exon 6 (CDS6)	332	Ig3	Ig-like	285	365	end	33	within_domain	architecture_supported	minor_length_clamped	clamp_to_protein_length_with_minor_flag	coding-exon boundary (context)
oryctolagus_cuniculus	IIIc	IIIc	XM_070056995.1	XP_069913096.1	840	coding_exon_start	exon 8 (CDS8)	382	TM	TM	393	415	start	11	near_domain_boundary	architecture_supported	minor_length_clamped	clamp_to_protein_length_with_minor_flag	coding-exon boundary (context)
oryctolagus_cuniculus	IIIc	IIIc	XM_070056995.1	XP_069913096.1	840	coding_exon_end	exon 8 (CDS8)	449	kinase	kinase	456	789	start	7	near_domain_boundary	architecture_supported	minor_length_clamped	clamp_to_protein_length_with_minor_flag	coding-exon boundary (context)
oryctolagus_cuniculus	IIIc	IIIc	XM_070056995.1	XP_069913096.1	840	coding_exon_start	exon 9 (CDS9)	450	kinase	kinase	456	789	start	6	near_domain_boundary	architecture_supported	minor_length_clamped	clamp_to_protein_length_with_minor_flag	coding-exon boundary (context)
oryctolagus_cuniculus	IIIc	IIIc	XM_070056995.1	XP_069913096.1	840	coding_exon_end	exon 9 (CDS9)	500	kinase	kinase	456	789	start	44	within_domain	architecture_supported	minor_length_clamped	clamp_to_protein_length_with_minor_flag	coding-exon boundary (context)
oryctolagus_cuniculus	IIIc	IIIc	XM_070056995.1	XP_069913096.1	840	coding_exon_start	exon 10 (CDS10)	500	kinase	kinase	456	789	start	44	within_domain	architecture_supported	minor_length_clamped	clamp_to_protein_length_with_minor_flag	coding-exon boundary (context)
oryctolagus_cuniculus	IIIc	IIIc	XM_070056995.1	XP_069913096.1	840	coding_exon_end	exon 10 (CDS10)	541	kinase	kinase	456	789	start	85	within_domain	architecture_supported	minor_length_clamped	clamp_to_protein_length_with_minor_flag	coding-exon boundary (context)
oryctolagus_cuniculus	IIIc	IIIc	XM_070056995.1	XP_069913096.1	840	coding_exon_start	exon 11 (CDS11)	541	kinase	kinase	456	789	start	85	within_domain	architecture_supported	minor_length_clamped	clamp_to_protein_length_with_minor_flag	coding-exon boundary (context)
oryctolagus_cuniculus	IIIc	IIIc	XM_070056995.1	XP_069913096.1	840	coding_exon_end	exon 11 (CDS11)	578	kinase	kinase	456	789	start	122	within_domain	architecture_supported	minor_length_clamped	clamp_to_protein_length_with_minor_flag	coding-exon boundary (context)
oryctolagus_cuniculus	IIIc	IIIc	XM_070056995.1	XP_069913096.1	840	coding_exon_start	exon 12 (CDS12)	578	kinase	kinase	456	789	start	122	within_domain	architecture_supported	minor_length_clamped	clamp_to_protein_length_with_minor_flag	coding-exon boundary (context)
oryctolagus_cuniculus	IIIc	IIIc	XM_070056995.1	XP_069913096.1	840	coding_exon_end	exon 12 (CDS12)	641	kinase	kinase	456	789	end	148	within_domain	architecture_supported	minor_length_clamped	clamp_to_protein_length_with_minor_flag	coding-exon boundary (context)
oryctolagus_cuniculus	IIIc	IIIc	XM_070056995.1	XP_069913096.1	840	coding_exon_start	exon 13 (CDS13)	642	kinase	kinase	456	789	end	147	within_domain	architecture_supported	minor_length_clamped	clamp_to_protein_length_with_minor_flag	coding-exon boundary (context)
oryctolagus_cuniculus	IIIc	IIIc	XM_070056995.1	XP_069913096.1	840	coding_exon_end	exon 13 (CDS13)	682	kinase	kinase	456	789	end	107	within_domain	architecture_supported	minor_length_clamped	clamp_to_protein_length_with_minor_flag	coding-exon boundary (context)
oryctolagus_cuniculus	IIIc	IIIc	XM_070056995.1	XP_069913096.1	840	coding_exon_start	exon 14 (CDS14)	683	kinase	kinase	456	789	end	106	within_domain	architecture_supported	minor_length_clamped	clamp_to_protein_length_with_minor_flag	coding-exon boundary (context)
oryctolagus_cuniculus	IIIc	IIIc	XM_070056995.1	XP_069913096.1	840	coding_exon_end	exon 14 (CDS14)	706	kinase	kinase	456	789	end	83	within_domain	architecture_supported	minor_length_clamped	clamp_to_protein_length_with_minor_flag	coding-exon boundary (context)
oryctolagus_cuniculus	IIIc	IIIc	XM_070056995.1	XP_069913096.1	840	coding_exon_start	exon 15 (CDS15)	706	kinase	kinase	456	789	end	83	within_domain	architecture_supported	minor_length_clamped	clamp_to_protein_length_with_minor_flag	coding-exon boundary (context)
oryctolagus_cuniculus	IIIc	IIIc	XM_070056995.1	XP_069913096.1	840	coding_exon_end	exon 15 (CDS15)	752	kinase	kinase	456	789	end	37	within_domain	architecture_supported	minor_length_clamped	clamp_to_protein_length_with_minor_flag	coding-exon boundary (context)
oryctolagus_cuniculus	IIIc	IIIc	XM_070056995.1	XP_069913096.1	840	coding_exon_start	exon 16 (CDS16)	752	kinase	kinase	456	789	end	37	within_domain	architecture_supported	minor_length_clamped	clamp_to_protein_length_with_minor_flag	coding-exon boundary (context)
oryctolagus_cuniculus	IIIc	IIIc	XM_070056995.1	XP_069913096.1	840	coding_exon_end	exon 16 (CDS16)	787	kinase	kinase	456	789	end	2	aligned_to_domain_boundary	architecture_supported	minor_length_clamped	clamp_to_protein_length_with_minor_flag	coding-exon boundary (context)
oryctolagus_cuniculus	IIIc	IIIc	XM_070056995.1	XP_069913096.1	840	coding_exon_start	exon 17 (CDS17)	788	kinase	kinase	456	789	end	1	aligned_to_domain_boundary	architecture_supported	minor_length_clamped	clamp_to_protein_length_with_minor_flag	coding-exon boundary (context)
oryctolagus_cuniculus	IIIc	IIIc	XM_070056995.1	XP_069913096.1	840	coding_exon_end	exon 17 (CDS17)	840	kinase	kinase	456	789	end	51	between_domains	architecture_supported	minor_length_clamped	clamp_to_protein_length_with_minor_flag	coding-exon boundary (context)
oryzias_latipes	IIIb	IIIb	XM_011484753.4	XP_011483055.1	830	cassette_start	exon 7 (CDS7)	330	Ig3	Ig-like	279	373	end	43	within_domain	architecture_supported	native_exon_blocks_reconstructed	reconstruct_from_native_cds	cassette boundary (primary thesis metric)
oryzias_latipes	IIIb	IIIb	XM_011484753.4	XP_011483055.1	830	cassette_end	exon 7 (CDS7)	376	Ig3	Ig-like	279	373	end	3	aligned_to_domain_boundary	architecture_supported	native_exon_blocks_reconstructed	reconstruct_from_native_cds	cassette boundary (primary thesis metric)
oryzias_latipes	IIIb	IIIb	XM_011484753.4	XP_011483055.1	830	coding_exon_start	exon 1 (CDS1)	1	Ig1	Ig-like	67	128	start	66	between_domains	architecture_supported	native_exon_blocks_reconstructed	reconstruct_from_native_cds	coding-exon boundary (context)
oryzias_latipes	IIIb	IIIb	XM_011484753.4	XP_011483055.1	830	coding_exon_end	exon 1 (CDS1)	57	Ig1	Ig-like	67	128	start	10	near_domain_boundary	architecture_supported	native_exon_blocks_reconstructed	reconstruct_from_native_cds	coding-exon boundary (context)
oryzias_latipes	IIIb	IIIb	XM_011484753.4	XP_011483055.1	830	coding_exon_start	exon 2 (CDS2)	57	Ig1	Ig-like	67	128	start	10	near_domain_boundary	architecture_supported	native_exon_blocks_reconstructed	reconstruct_from_native_cds	coding-exon boundary (context)
oryzias_latipes	IIIb	IIIb	XM_011484753.4	XP_011483055.1	830	coding_exon_end	exon 2 (CDS2)	143	Ig1	Ig-like	67	128	end	15	near_domain_boundary	architecture_supported	native_exon_blocks_reconstructed	reconstruct_from_native_cds	coding-exon boundary (context)
oryzias_latipes	IIIb	IIIb	XM_011484753.4	XP_011483055.1	830	coding_exon_start	exon 3 (CDS3)	143	Ig1	Ig-like	67	128	end	15	near_domain_boundary	architecture_supported	native_exon_blocks_reconstructed	reconstruct_from_native_cds	coding-exon boundary (context)
oryzias_latipes	IIIb	IIIb	XM_011484753.4	XP_011483055.1	830	coding_exon_end	exon 3 (CDS3)	168	Ig2	Ig-like	187	264	start	19	between_domains	architecture_supported	native_exon_blocks_reconstructed	reconstruct_from_native_cds	coding-exon boundary (context)
oryzias_latipes	IIIb	IIIb	XM_011484753.4	XP_011483055.1	830	coding_exon_start	exon 4 (CDS4)	168	Ig2	Ig-like	187	264	start	19	between_domains	architecture_supported	native_exon_blocks_reconstructed	reconstruct_from_native_cds	coding-exon boundary (context)
oryzias_latipes	IIIb	IIIb	XM_011484753.4	XP_011483055.1	830	coding_exon_end	exon 4 (CDS4)	224	Ig2	Ig-like	187	264	start	37	within_domain	architecture_supported	native_exon_blocks_reconstructed	reconstruct_from_native_cds	coding-exon boundary (context)
oryzias_latipes	IIIb	IIIb	XM_011484753.4	XP_011483055.1	830	coding_exon_start	exon 5 (CDS5)	225	Ig2	Ig-like	187	264	start	38	within_domain	architecture_supported	native_exon_blocks_reconstructed	reconstruct_from_native_cds	coding-exon boundary (context)
oryzias_latipes	IIIb	IIIb	XM_011484753.4	XP_011483055.1	830	coding_exon_end	exon 5 (CDS5)	266	Ig2	Ig-like	187	264	end	2	aligned_to_domain_boundary	architecture_supported	native_exon_blocks_reconstructed	reconstruct_from_native_cds	coding-exon boundary (context)
oryzias_latipes	IIIb	IIIb	XM_011484753.4	XP_011483055.1	830	coding_exon_start	exon 6 (CDS6)	266	Ig2	Ig-like	187	264	end	2	aligned_to_domain_boundary	architecture_supported	native_exon_blocks_reconstructed	reconstruct_from_native_cds	coding-exon boundary (context)
oryzias_latipes	IIIb	IIIb	XM_011484753.4	XP_011483055.1	830	coding_exon_end	exon 6 (CDS6)	329	Ig3	Ig-like	279	373	end	44	within_domain	architecture_supported	native_exon_blocks_reconstructed	reconstruct_from_native_cds	coding-exon boundary (context)
oryzias_latipes	IIIb	IIIb	XM_011484753.4	XP_011483055.1	830	coding_exon_start	exon 8 (CDS8)	376	Ig3	Ig-like	279	373	end	3	aligned_to_domain_boundary	architecture_supported	native_exon_blocks_reconstructed	reconstruct_from_native_cds	coding-exon boundary (context)
oryzias_latipes	IIIb	IIIb	XM_011484753.4	XP_011483055.1	830	coding_exon_end	exon 8 (CDS8)	442	kinase	kinase	448	779	start	6	near_domain_boundary	architecture_supported	native_exon_blocks_reconstructed	reconstruct_from_native_cds	coding-exon boundary (context)
oryzias_latipes	IIIb	IIIb	XM_011484753.4	XP_011483055.1	830	coding_exon_start	exon 9 (CDS9)	443	kinase	kinase	448	779	start	5	near_domain_boundary	architecture_supported	native_exon_blocks_reconstructed	reconstruct_from_native_cds	coding-exon boundary (context)
oryzias_latipes	IIIb	IIIb	XM_011484753.4	XP_011483055.1	830	coding_exon_end	exon 9 (CDS9)	489	kinase	kinase	448	779	start	41	within_domain	architecture_supported	native_exon_blocks_reconstructed	reconstruct_from_native_cds	coding-exon boundary (context)
oryzias_latipes	IIIb	IIIb	XM_011484753.4	XP_011483055.1	830	coding_exon_start	exon 10 (CDS10)	489	kinase	kinase	448	779	start	41	within_domain	architecture_supported	native_exon_blocks_reconstructed	reconstruct_from_native_cds	coding-exon boundary (context)
oryzias_latipes	IIIb	IIIb	XM_011484753.4	XP_011483055.1	830	coding_exon_end	exon 10 (CDS10)	530	kinase	kinase	448	779	start	82	within_domain	architecture_supported	native_exon_blocks_reconstructed	reconstruct_from_native_cds	coding-exon boundary (context)
oryzias_latipes	IIIb	IIIb	XM_011484753.4	XP_011483055.1	830	coding_exon_start	exon 11 (CDS11)	530	kinase	kinase	448	779	start	82	within_domain	architecture_supported	native_exon_blocks_reconstructed	reconstruct_from_native_cds	coding-exon boundary (context)
oryzias_latipes	IIIb	IIIb	XM_011484753.4	XP_011483055.1	830	coding_exon_end	exon 11 (CDS11)	567	kinase	kinase	448	779	start	119	within_domain	architecture_supported	native_exon_blocks_reconstructed	reconstruct_from_native_cds	coding-exon boundary (context)
oryzias_latipes	IIIb	IIIb	XM_011484753.4	XP_011483055.1	830	coding_exon_start	exon 12 (CDS12)	567	kinase	kinase	448	779	start	119	within_domain	architecture_supported	native_exon_blocks_reconstructed	reconstruct_from_native_cds	coding-exon boundary (context)
oryzias_latipes	IIIb	IIIb	XM_011484753.4	XP_011483055.1	830	coding_exon_end	exon 12 (CDS12)	630	kinase	kinase	448	779	end	149	within_domain	architecture_supported	native_exon_blocks_reconstructed	reconstruct_from_native_cds	coding-exon boundary (context)
oryzias_latipes	IIIb	IIIb	XM_011484753.4	XP_011483055.1	830	coding_exon_start	exon 13 (CDS13)	631	kinase	kinase	448	779	end	148	within_domain	architecture_supported	native_exon_blocks_reconstructed	reconstruct_from_native_cds	coding-exon boundary (context)
oryzias_latipes	IIIb	IIIb	XM_011484753.4	XP_011483055.1	830	coding_exon_end	exon 13 (CDS13)	671	kinase	kinase	448	779	end	108	within_domain	architecture_supported	native_exon_blocks_reconstructed	reconstruct_from_native_cds	coding-exon boundary (context)
oryzias_latipes	IIIb	IIIb	XM_011484753.4	XP_011483055.1	830	coding_exon_start	exon 14 (CDS14)	672	kinase	kinase	448	779	end	107	within_domain	architecture_supported	native_exon_blocks_reconstructed	reconstruct_from_native_cds	coding-exon boundary (context)
oryzias_latipes	IIIb	IIIb	XM_011484753.4	XP_011483055.1	830	coding_exon_end	exon 14 (CDS14)	695	kinase	kinase	448	779	end	84	within_domain	architecture_supported	native_exon_blocks_reconstructed	reconstruct_from_native_cds	coding-exon boundary (context)
oryzias_latipes	IIIb	IIIb	XM_011484753.4	XP_011483055.1	830	coding_exon_start	exon 15 (CDS15)	695	kinase	kinase	448	779	end	84	within_domain	architecture_supported	native_exon_blocks_reconstructed	reconstruct_from_native_cds	coding-exon boundary (context)
oryzias_latipes	IIIb	IIIb	XM_011484753.4	XP_011483055.1	830	coding_exon_end	exon 15 (CDS15)	741	kinase	kinase	448	779	end	38	within_domain	architecture_supported	native_exon_blocks_reconstructed	reconstruct_from_native_cds	coding-exon boundary (context)
oryzias_latipes	IIIb	IIIb	XM_011484753.4	XP_011483055.1	830	coding_exon_start	exon 16 (CDS16)	741	kinase	kinase	448	779	end	38	within_domain	architecture_supported	native_exon_blocks_reconstructed	reconstruct_from_native_cds	coding-exon boundary (context)
oryzias_latipes	IIIb	IIIb	XM_011484753.4	XP_011483055.1	830	coding_exon_end	exon 16 (CDS16)	776	kinase	kinase	448	779	end	3	aligned_to_domain_boundary	architecture_supported	native_exon_blocks_reconstructed	reconstruct_from_native_cds	coding-exon boundary (context)
oryzias_latipes	IIIb	IIIb	XM_011484753.4	XP_011483055.1	830	coding_exon_start	exon 17 (CDS17)	777	kinase	kinase	448	779	end	2	aligned_to_domain_boundary	architecture_supported	native_exon_blocks_reconstructed	reconstruct_from_native_cds	coding-exon boundary (context)
oryzias_latipes	IIIb	IIIb	XM_011484753.4	XP_011483055.1	830	coding_exon_end	exon 17 (CDS17)	830	kinase	kinase	448	779	end	51	between_domains	architecture_supported	native_exon_blocks_reconstructed	reconstruct_from_native_cds	coding-exon boundary (context)
oryzias_latipes	IIIc	IIIc	XM_078931618.1	XP_078787744.1	832	cassette_start	exon 7 (IIIc cassette)	330	Ig3	Ig-like	279	375	end	45	within_domain	architecture_supported	figure3C_native	keep	cassette boundary (primary thesis metric)
oryzias_latipes	IIIc	IIIc	XM_078931618.1	XP_078787744.1	832	cassette_end	exon 7 (IIIc cassette)	376	Ig3	Ig-like	279	375	end	1	aligned_to_domain_boundary	architecture_supported	figure3C_native	keep	cassette boundary (primary thesis metric)
oryzias_latipes	IIIc	IIIc	XM_078931618.1	XP_078787744.1	832	coding_exon_start	exon 1 (CDS1)	1	Ig1	Ig-like	67	128	start	66	between_domains	architecture_supported	figure3C_native	keep	coding-exon boundary (context)
oryzias_latipes	IIIc	IIIc	XM_078931618.1	XP_078787744.1	832	coding_exon_end	exon 1 (CDS1)	57	Ig1	Ig-like	67	128	start	10	near_domain_boundary	architecture_supported	figure3C_native	keep	coding-exon boundary (context)
oryzias_latipes	IIIc	IIIc	XM_078931618.1	XP_078787744.1	832	coding_exon_start	exon 2 (CDS2)	57	Ig1	Ig-like	67	128	start	10	near_domain_boundary	architecture_supported	figure3C_native	keep	coding-exon boundary (context)
oryzias_latipes	IIIc	IIIc	XM_078931618.1	XP_078787744.1	832	coding_exon_end	exon 2 (CDS2)	143	Ig1	Ig-like	67	128	end	15	near_domain_boundary	architecture_supported	figure3C_native	keep	coding-exon boundary (context)
oryzias_latipes	IIIc	IIIc	XM_078931618.1	XP_078787744.1	832	coding_exon_start	exon 3 (CDS3)	143	Ig1	Ig-like	67	128	end	15	near_domain_boundary	architecture_supported	figure3C_native	keep	coding-exon boundary (context)
oryzias_latipes	IIIc	IIIc	XM_078931618.1	XP_078787744.1	832	coding_exon_end	exon 3 (CDS3)	168	Ig2	Ig-like	187	264	start	19	between_domains	architecture_supported	figure3C_native	keep	coding-exon boundary (context)
oryzias_latipes	IIIc	IIIc	XM_078931618.1	XP_078787744.1	832	coding_exon_start	exon 4 (CDS4)	168	Ig2	Ig-like	187	264	start	19	between_domains	architecture_supported	figure3C_native	keep	coding-exon boundary (context)
oryzias_latipes	IIIc	IIIc	XM_078931618.1	XP_078787744.1	832	coding_exon_end	exon 4 (CDS4)	224	Ig2	Ig-like	187	264	start	37	within_domain	architecture_supported	figure3C_native	keep	coding-exon boundary (context)
oryzias_latipes	IIIc	IIIc	XM_078931618.1	XP_078787744.1	832	coding_exon_start	exon 5 (CDS5)	225	Ig2	Ig-like	187	264	start	38	within_domain	architecture_supported	figure3C_native	keep	coding-exon boundary (context)
oryzias_latipes	IIIc	IIIc	XM_078931618.1	XP_078787744.1	832	coding_exon_end	exon 5 (CDS5)	266	Ig2	Ig-like	187	264	end	2	aligned_to_domain_boundary	architecture_supported	figure3C_native	keep	coding-exon boundary (context)
oryzias_latipes	IIIc	IIIc	XM_078931618.1	XP_078787744.1	832	coding_exon_start	exon 6 (CDS6)	266	Ig2	Ig-like	187	264	end	2	aligned_to_domain_boundary	architecture_supported	figure3C_native	keep	coding-exon boundary (context)
oryzias_latipes	IIIc	IIIc	XM_078931618.1	XP_078787744.1	832	coding_exon_end	exon 6 (CDS6)	329	Ig3	Ig-like	279	375	end	46	within_domain	architecture_supported	figure3C_native	keep	coding-exon boundary (context)
oryzias_latipes	IIIc	IIIc	XM_078931618.1	XP_078787744.1	832	coding_exon_start	exon 8 (CDS8)	376	Ig3	Ig-like	279	375	end	1	aligned_to_domain_boundary	architecture_supported	figure3C_native	keep	coding-exon boundary (context)
oryzias_latipes	IIIc	IIIc	XM_078931618.1	XP_078787744.1	832	coding_exon_end	exon 8 (CDS8)	442	kinase	kinase	450	781	start	8	near_domain_boundary	architecture_supported	figure3C_native	keep	coding-exon boundary (context)
oryzias_latipes	IIIc	IIIc	XM_078931618.1	XP_078787744.1	832	coding_exon_start	exon 9 (CDS9)	443	kinase	kinase	450	781	start	7	near_domain_boundary	architecture_supported	figure3C_native	keep	coding-exon boundary (context)
oryzias_latipes	IIIc	IIIc	XM_078931618.1	XP_078787744.1	832	coding_exon_end	exon 9 (CDS9)	489	kinase	kinase	450	781	start	39	within_domain	architecture_supported	figure3C_native	keep	coding-exon boundary (context)
oryzias_latipes	IIIc	IIIc	XM_078931618.1	XP_078787744.1	832	coding_exon_start	exon 10 (CDS10)	489	kinase	kinase	450	781	start	39	within_domain	architecture_supported	figure3C_native	keep	coding-exon boundary (context)
oryzias_latipes	IIIc	IIIc	XM_078931618.1	XP_078787744.1	832	coding_exon_end	exon 10 (CDS10)	530	kinase	kinase	450	781	start	80	within_domain	architecture_supported	figure3C_native	keep	coding-exon boundary (context)
oryzias_latipes	IIIc	IIIc	XM_078931618.1	XP_078787744.1	832	coding_exon_start	exon 11 (CDS11)	530	kinase	kinase	450	781	start	80	within_domain	architecture_supported	figure3C_native	keep	coding-exon boundary (context)
oryzias_latipes	IIIc	IIIc	XM_078931618.1	XP_078787744.1	832	coding_exon_end	exon 11 (CDS11)	567	kinase	kinase	450	781	start	117	within_domain	architecture_supported	figure3C_native	keep	coding-exon boundary (context)
oryzias_latipes	IIIc	IIIc	XM_078931618.1	XP_078787744.1	832	coding_exon_start	exon 12 (CDS12)	567	kinase	kinase	450	781	start	117	within_domain	architecture_supported	figure3C_native	keep	coding-exon boundary (context)
oryzias_latipes	IIIc	IIIc	XM_078931618.1	XP_078787744.1	832	coding_exon_end	exon 12 (CDS12)	630	kinase	kinase	450	781	end	151	within_domain	architecture_supported	figure3C_native	keep	coding-exon boundary (context)
oryzias_latipes	IIIc	IIIc	XM_078931618.1	XP_078787744.1	832	coding_exon_start	exon 13 (CDS13)	631	kinase	kinase	450	781	end	150	within_domain	architecture_supported	figure3C_native	keep	coding-exon boundary (context)
oryzias_latipes	IIIc	IIIc	XM_078931618.1	XP_078787744.1	832	coding_exon_end	exon 13 (CDS13)	671	kinase	kinase	450	781	end	110	within_domain	architecture_supported	figure3C_native	keep	coding-exon boundary (context)
oryzias_latipes	IIIc	IIIc	XM_078931618.1	XP_078787744.1	832	coding_exon_start	exon 14 (CDS14)	672	kinase	kinase	450	781	end	109	within_domain	architecture_supported	figure3C_native	keep	coding-exon boundary (context)
oryzias_latipes	IIIc	IIIc	XM_078931618.1	XP_078787744.1	832	coding_exon_end	exon 14 (CDS14)	695	kinase	kinase	450	781	end	86	within_domain	architecture_supported	figure3C_native	keep	coding-exon boundary (context)
oryzias_latipes	IIIc	IIIc	XM_078931618.1	XP_078787744.1	832	coding_exon_start	exon 15 (CDS15)	695	kinase	kinase	450	781	end	86	within_domain	architecture_supported	figure3C_native	keep	coding-exon boundary (context)
oryzias_latipes	IIIc	IIIc	XM_078931618.1	XP_078787744.1	832	coding_exon_end	exon 15 (CDS15)	741	kinase	kinase	450	781	end	40	within_domain	architecture_supported	figure3C_native	keep	coding-exon boundary (context)
oryzias_latipes	IIIc	IIIc	XM_078931618.1	XP_078787744.1	832	coding_exon_start	exon 16 (CDS16)	741	kinase	kinase	450	781	end	40	within_domain	architecture_supported	figure3C_native	keep	coding-exon boundary (context)
oryzias_latipes	IIIc	IIIc	XM_078931618.1	XP_078787744.1	832	coding_exon_end	exon 16 (CDS16)	776	kinase	kinase	450	781	end	5	near_domain_boundary	architecture_supported	figure3C_native	keep	coding-exon boundary (context)
oryzias_latipes	IIIc	IIIc	XM_078931618.1	XP_078787744.1	832	coding_exon_start	exon 17 (CDS17)	777	kinase	kinase	450	781	end	4	near_domain_boundary	architecture_supported	figure3C_native	keep	coding-exon boundary (context)
oryzias_latipes	IIIc	IIIc	XM_078931618.1	XP_078787744.1	832	coding_exon_end	exon 17 (CDS17)	831	kinase	kinase	450	781	end	50	between_domains	architecture_supported	figure3C_native	keep	coding-exon boundary (context)
ovis_aries	IIIb	IIIb	XM_060404505.1	XP_060260488.1	841	cassette_start	exon 7 (IIIb cassette)	333	Ig3	Ig-like	282	376	end	43	within_domain	architecture_supported	figure3C_native	keep	cassette boundary (primary thesis metric)
ovis_aries	IIIb	IIIb	XM_060404505.1	XP_060260488.1	841	cassette_end	exon 7 (IIIb cassette)	381	Ig3	Ig-like	282	376	end	5	near_domain_boundary	architecture_supported	figure3C_native	keep	cassette boundary (primary thesis metric)
ovis_aries	IIIb	IIIb	XM_060404505.1	XP_060260488.1	841	coding_exon_start	exon 1 (CDS1)	1	Ig1	Ig-like	64	128	start	63	between_domains	architecture_supported	figure3C_native	keep	coding-exon boundary (context)
ovis_aries	IIIb	IIIb	XM_060404505.1	XP_060260488.1	841	coding_exon_end	exon 1 (CDS1)	56	Ig1	Ig-like	64	128	start	8	near_domain_boundary	architecture_supported	figure3C_native	keep	coding-exon boundary (context)
ovis_aries	IIIb	IIIb	XM_060404505.1	XP_060260488.1	841	coding_exon_start	exon 2 (CDS2)	56	Ig1	Ig-like	64	128	start	8	near_domain_boundary	architecture_supported	figure3C_native	keep	coding-exon boundary (context)
ovis_aries	IIIb	IIIb	XM_060404505.1	XP_060260488.1	841	coding_exon_end	exon 2 (CDS2)	145	Ig1	Ig-like	64	128	end	17	between_domains	architecture_supported	figure3C_native	keep	coding-exon boundary (context)
ovis_aries	IIIb	IIIb	XM_060404505.1	XP_060260488.1	841	coding_exon_start	exon 3 (CDS3)	145	Ig1	Ig-like	64	128	end	17	between_domains	architecture_supported	figure3C_native	keep	coding-exon boundary (context)
ovis_aries	IIIb	IIIb	XM_060404505.1	XP_060260488.1	841	coding_exon_end	exon 3 (CDS3)	171	Ig2	Ig-like	190	267	start	19	between_domains	architecture_supported	figure3C_native	keep	coding-exon boundary (context)
ovis_aries	IIIb	IIIb	XM_060404505.1	XP_060260488.1	841	coding_exon_start	exon 4 (CDS4)	171	Ig2	Ig-like	190	267	start	19	between_domains	architecture_supported	figure3C_native	keep	coding-exon boundary (context)
ovis_aries	IIIb	IIIb	XM_060404505.1	XP_060260488.1	841	coding_exon_end	exon 4 (CDS4)	227	Ig2	Ig-like	190	267	start	37	within_domain	architecture_supported	figure3C_native	keep	coding-exon boundary (context)
ovis_aries	IIIb	IIIb	XM_060404505.1	XP_060260488.1	841	coding_exon_start	exon 5 (CDS5)	228	Ig2	Ig-like	190	267	start	38	within_domain	architecture_supported	figure3C_native	keep	coding-exon boundary (context)
ovis_aries	IIIb	IIIb	XM_060404505.1	XP_060260488.1	841	coding_exon_end	exon 5 (CDS5)	269	Ig2	Ig-like	190	267	end	2	aligned_to_domain_boundary	architecture_supported	figure3C_native	keep	coding-exon boundary (context)
ovis_aries	IIIb	IIIb	XM_060404505.1	XP_060260488.1	841	coding_exon_start	exon 6 (CDS6)	269	Ig2	Ig-like	190	267	end	2	aligned_to_domain_boundary	architecture_supported	figure3C_native	keep	coding-exon boundary (context)
ovis_aries	IIIb	IIIb	XM_060404505.1	XP_060260488.1	841	coding_exon_end	exon 6 (CDS6)	332	Ig3	Ig-like	282	376	end	44	within_domain	architecture_supported	figure3C_native	keep	coding-exon boundary (context)
ovis_aries	IIIb	IIIb	XM_060404505.1	XP_060260488.1	841	coding_exon_start	exon 8 (CDS8)	381	Ig3	Ig-like	282	376	end	5	near_domain_boundary	architecture_supported	figure3C_native	keep	coding-exon boundary (context)
ovis_aries	IIIb	IIIb	XM_060404505.1	XP_060260488.1	841	coding_exon_end	exon 8 (CDS8)	449	kinase	kinase	457	790	start	8	near_domain_boundary	architecture_supported	figure3C_native	keep	coding-exon boundary (context)
ovis_aries	IIIb	IIIb	XM_060404505.1	XP_060260488.1	841	coding_exon_start	exon 9 (CDS9)	449	kinase	kinase	457	790	start	8	near_domain_boundary	architecture_supported	figure3C_native	keep	coding-exon boundary (context)
ovis_aries	IIIb	IIIb	XM_060404505.1	XP_060260488.1	841	coding_exon_end	exon 9 (CDS9)	499	kinase	kinase	457	790	start	42	within_domain	architecture_supported	figure3C_native	keep	coding-exon boundary (context)
ovis_aries	IIIb	IIIb	XM_060404505.1	XP_060260488.1	841	coding_exon_start	exon 10 (CDS10)	499	kinase	kinase	457	790	start	42	within_domain	architecture_supported	figure3C_native	keep	coding-exon boundary (context)
ovis_aries	IIIb	IIIb	XM_060404505.1	XP_060260488.1	841	coding_exon_end	exon 10 (CDS10)	540	kinase	kinase	457	790	start	83	within_domain	architecture_supported	figure3C_native	keep	coding-exon boundary (context)
ovis_aries	IIIb	IIIb	XM_060404505.1	XP_060260488.1	841	coding_exon_start	exon 11 (CDS11)	540	kinase	kinase	457	790	start	83	within_domain	architecture_supported	figure3C_native	keep	coding-exon boundary (context)
ovis_aries	IIIb	IIIb	XM_060404505.1	XP_060260488.1	841	coding_exon_end	exon 11 (CDS11)	577	kinase	kinase	457	790	start	120	within_domain	architecture_supported	figure3C_native	keep	coding-exon boundary (context)
ovis_aries	IIIb	IIIb	XM_060404505.1	XP_060260488.1	841	coding_exon_start	exon 12 (CDS12)	577	kinase	kinase	457	790	start	120	within_domain	architecture_supported	figure3C_native	keep	coding-exon boundary (context)
ovis_aries	IIIb	IIIb	XM_060404505.1	XP_060260488.1	841	coding_exon_end	exon 12 (CDS12)	640	kinase	kinase	457	790	end	150	within_domain	architecture_supported	figure3C_native	keep	coding-exon boundary (context)
ovis_aries	IIIb	IIIb	XM_060404505.1	XP_060260488.1	841	coding_exon_start	exon 13 (CDS13)	641	kinase	kinase	457	790	end	149	within_domain	architecture_supported	figure3C_native	keep	coding-exon boundary (context)
ovis_aries	IIIb	IIIb	XM_060404505.1	XP_060260488.1	841	coding_exon_end	exon 13 (CDS13)	681	kinase	kinase	457	790	end	109	within_domain	architecture_supported	figure3C_native	keep	coding-exon boundary (context)
ovis_aries	IIIb	IIIb	XM_060404505.1	XP_060260488.1	841	coding_exon_start	exon 14 (CDS14)	682	kinase	kinase	457	790	end	108	within_domain	architecture_supported	figure3C_native	keep	coding-exon boundary (context)
ovis_aries	IIIb	IIIb	XM_060404505.1	XP_060260488.1	841	coding_exon_end	exon 14 (CDS14)	705	kinase	kinase	457	790	end	85	within_domain	architecture_supported	figure3C_native	keep	coding-exon boundary (context)
ovis_aries	IIIb	IIIb	XM_060404505.1	XP_060260488.1	841	coding_exon_start	exon 15 (CDS15)	705	kinase	kinase	457	790	end	85	within_domain	architecture_supported	figure3C_native	keep	coding-exon boundary (context)
ovis_aries	IIIb	IIIb	XM_060404505.1	XP_060260488.1	841	coding_exon_end	exon 15 (CDS15)	751	kinase	kinase	457	790	end	39	within_domain	architecture_supported	figure3C_native	keep	coding-exon boundary (context)
ovis_aries	IIIb	IIIb	XM_060404505.1	XP_060260488.1	841	coding_exon_start	exon 16 (CDS16)	751	kinase	kinase	457	790	end	39	within_domain	architecture_supported	figure3C_native	keep	coding-exon boundary (context)
ovis_aries	IIIb	IIIb	XM_060404505.1	XP_060260488.1	841	coding_exon_end	exon 16 (CDS16)	786	kinase	kinase	457	790	end	4	near_domain_boundary	architecture_supported	figure3C_native	keep	coding-exon boundary (context)
ovis_aries	IIIb	IIIb	XM_060404505.1	XP_060260488.1	841	coding_exon_start	exon 17 (CDS17)	787	kinase	kinase	457	790	end	3	aligned_to_domain_boundary	architecture_supported	figure3C_native	keep	coding-exon boundary (context)
ovis_aries	IIIb	IIIb	XM_060404505.1	XP_060260488.1	841	coding_exon_end	exon 17 (CDS17)	841	kinase	kinase	457	790	end	51	between_domains	architecture_supported	figure3C_native	keep	coding-exon boundary (context)
ovis_aries	IIIc	IIIc	XM_060404507.1	XP_060260490.1	840	cassette_start	exon 7 (IIIc cassette)	333	Ig3	Ig-like	285	365	end	32	within_domain	architecture_supported	minor_length_clamped	clamp_to_protein_length_with_minor_flag	cassette boundary (primary thesis metric)
ovis_aries	IIIc	IIIc	XM_060404507.1	XP_060260490.1	840	cassette_end	exon 7 (IIIc cassette)	382	TM	TM	393	415	start	11	near_domain_boundary	architecture_supported	minor_length_clamped	clamp_to_protein_length_with_minor_flag	cassette boundary (primary thesis metric)
ovis_aries	IIIc	IIIc	XM_060404507.1	XP_060260490.1	840	coding_exon_start	exon 1 (CDS1)	1	Ig1	Ig-like	64	128	start	63	between_domains	architecture_supported	minor_length_clamped	clamp_to_protein_length_with_minor_flag	coding-exon boundary (context)
ovis_aries	IIIc	IIIc	XM_060404507.1	XP_060260490.1	840	coding_exon_end	exon 1 (CDS1)	56	Ig1	Ig-like	64	128	start	8	near_domain_boundary	architecture_supported	minor_length_clamped	clamp_to_protein_length_with_minor_flag	coding-exon boundary (context)
ovis_aries	IIIc	IIIc	XM_060404507.1	XP_060260490.1	840	coding_exon_start	exon 2 (CDS2)	56	Ig1	Ig-like	64	128	start	8	near_domain_boundary	architecture_supported	minor_length_clamped	clamp_to_protein_length_with_minor_flag	coding-exon boundary (context)
ovis_aries	IIIc	IIIc	XM_060404507.1	XP_060260490.1	840	coding_exon_end	exon 2 (CDS2)	145	Ig1	Ig-like	64	128	end	17	between_domains	architecture_supported	minor_length_clamped	clamp_to_protein_length_with_minor_flag	coding-exon boundary (context)
ovis_aries	IIIc	IIIc	XM_060404507.1	XP_060260490.1	840	coding_exon_start	exon 3 (CDS3)	145	Ig1	Ig-like	64	128	end	17	between_domains	architecture_supported	minor_length_clamped	clamp_to_protein_length_with_minor_flag	coding-exon boundary (context)
ovis_aries	IIIc	IIIc	XM_060404507.1	XP_060260490.1	840	coding_exon_end	exon 3 (CDS3)	171	Ig2	Ig-like	190	267	start	19	between_domains	architecture_supported	minor_length_clamped	clamp_to_protein_length_with_minor_flag	coding-exon boundary (context)
ovis_aries	IIIc	IIIc	XM_060404507.1	XP_060260490.1	840	coding_exon_start	exon 4 (CDS4)	171	Ig2	Ig-like	190	267	start	19	between_domains	architecture_supported	minor_length_clamped	clamp_to_protein_length_with_minor_flag	coding-exon boundary (context)
ovis_aries	IIIc	IIIc	XM_060404507.1	XP_060260490.1	840	coding_exon_end	exon 4 (CDS4)	227	Ig2	Ig-like	190	267	start	37	within_domain	architecture_supported	minor_length_clamped	clamp_to_protein_length_with_minor_flag	coding-exon boundary (context)
ovis_aries	IIIc	IIIc	XM_060404507.1	XP_060260490.1	840	coding_exon_start	exon 5 (CDS5)	228	Ig2	Ig-like	190	267	start	38	within_domain	architecture_supported	minor_length_clamped	clamp_to_protein_length_with_minor_flag	coding-exon boundary (context)
ovis_aries	IIIc	IIIc	XM_060404507.1	XP_060260490.1	840	coding_exon_end	exon 5 (CDS5)	269	Ig2	Ig-like	190	267	end	2	aligned_to_domain_boundary	architecture_supported	minor_length_clamped	clamp_to_protein_length_with_minor_flag	coding-exon boundary (context)
ovis_aries	IIIc	IIIc	XM_060404507.1	XP_060260490.1	840	coding_exon_start	exon 6 (CDS6)	269	Ig2	Ig-like	190	267	end	2	aligned_to_domain_boundary	architecture_supported	minor_length_clamped	clamp_to_protein_length_with_minor_flag	coding-exon boundary (context)
ovis_aries	IIIc	IIIc	XM_060404507.1	XP_060260490.1	840	coding_exon_end	exon 6 (CDS6)	332	Ig3	Ig-like	285	365	end	33	within_domain	architecture_supported	minor_length_clamped	clamp_to_protein_length_with_minor_flag	coding-exon boundary (context)
ovis_aries	IIIc	IIIc	XM_060404507.1	XP_060260490.1	840	coding_exon_start	exon 8 (CDS8)	382	TM	TM	393	415	start	11	near_domain_boundary	architecture_supported	minor_length_clamped	clamp_to_protein_length_with_minor_flag	coding-exon boundary (context)
ovis_aries	IIIc	IIIc	XM_060404507.1	XP_060260490.1	840	coding_exon_end	exon 8 (CDS8)	450	kinase	kinase	456	789	start	6	near_domain_boundary	architecture_supported	minor_length_clamped	clamp_to_protein_length_with_minor_flag	coding-exon boundary (context)
ovis_aries	IIIc	IIIc	XM_060404507.1	XP_060260490.1	840	coding_exon_start	exon 9 (CDS9)	450	kinase	kinase	456	789	start	6	near_domain_boundary	architecture_supported	minor_length_clamped	clamp_to_protein_length_with_minor_flag	coding-exon boundary (context)
ovis_aries	IIIc	IIIc	XM_060404507.1	XP_060260490.1	840	coding_exon_end	exon 9 (CDS9)	500	kinase	kinase	456	789	start	44	within_domain	architecture_supported	minor_length_clamped	clamp_to_protein_length_with_minor_flag	coding-exon boundary (context)
ovis_aries	IIIc	IIIc	XM_060404507.1	XP_060260490.1	840	coding_exon_start	exon 10 (CDS10)	500	kinase	kinase	456	789	start	44	within_domain	architecture_supported	minor_length_clamped	clamp_to_protein_length_with_minor_flag	coding-exon boundary (context)
ovis_aries	IIIc	IIIc	XM_060404507.1	XP_060260490.1	840	coding_exon_end	exon 10 (CDS10)	541	kinase	kinase	456	789	start	85	within_domain	architecture_supported	minor_length_clamped	clamp_to_protein_length_with_minor_flag	coding-exon boundary (context)
ovis_aries	IIIc	IIIc	XM_060404507.1	XP_060260490.1	840	coding_exon_start	exon 11 (CDS11)	541	kinase	kinase	456	789	start	85	within_domain	architecture_supported	minor_length_clamped	clamp_to_protein_length_with_minor_flag	coding-exon boundary (context)
ovis_aries	IIIc	IIIc	XM_060404507.1	XP_060260490.1	840	coding_exon_end	exon 11 (CDS11)	578	kinase	kinase	456	789	start	122	within_domain	architecture_supported	minor_length_clamped	clamp_to_protein_length_with_minor_flag	coding-exon boundary (context)
ovis_aries	IIIc	IIIc	XM_060404507.1	XP_060260490.1	840	coding_exon_start	exon 12 (CDS12)	578	kinase	kinase	456	789	start	122	within_domain	architecture_supported	minor_length_clamped	clamp_to_protein_length_with_minor_flag	coding-exon boundary (context)
ovis_aries	IIIc	IIIc	XM_060404507.1	XP_060260490.1	840	coding_exon_end	exon 12 (CDS12)	641	kinase	kinase	456	789	end	148	within_domain	architecture_supported	minor_length_clamped	clamp_to_protein_length_with_minor_flag	coding-exon boundary (context)
ovis_aries	IIIc	IIIc	XM_060404507.1	XP_060260490.1	840	coding_exon_start	exon 13 (CDS13)	642	kinase	kinase	456	789	end	147	within_domain	architecture_supported	minor_length_clamped	clamp_to_protein_length_with_minor_flag	coding-exon boundary (context)
ovis_aries	IIIc	IIIc	XM_060404507.1	XP_060260490.1	840	coding_exon_end	exon 13 (CDS13)	682	kinase	kinase	456	789	end	107	within_domain	architecture_supported	minor_length_clamped	clamp_to_protein_length_with_minor_flag	coding-exon boundary (context)
ovis_aries	IIIc	IIIc	XM_060404507.1	XP_060260490.1	840	coding_exon_start	exon 14 (CDS14)	683	kinase	kinase	456	789	end	106	within_domain	architecture_supported	minor_length_clamped	clamp_to_protein_length_with_minor_flag	coding-exon boundary (context)
ovis_aries	IIIc	IIIc	XM_060404507.1	XP_060260490.1	840	coding_exon_end	exon 14 (CDS14)	706	kinase	kinase	456	789	end	83	within_domain	architecture_supported	minor_length_clamped	clamp_to_protein_length_with_minor_flag	coding-exon boundary (context)
ovis_aries	IIIc	IIIc	XM_060404507.1	XP_060260490.1	840	coding_exon_start	exon 15 (CDS15)	706	kinase	kinase	456	789	end	83	within_domain	architecture_supported	minor_length_clamped	clamp_to_protein_length_with_minor_flag	coding-exon boundary (context)
ovis_aries	IIIc	IIIc	XM_060404507.1	XP_060260490.1	840	coding_exon_end	exon 15 (CDS15)	752	kinase	kinase	456	789	end	37	within_domain	architecture_supported	minor_length_clamped	clamp_to_protein_length_with_minor_flag	coding-exon boundary (context)
ovis_aries	IIIc	IIIc	XM_060404507.1	XP_060260490.1	840	coding_exon_start	exon 16 (CDS16)	752	kinase	kinase	456	789	end	37	within_domain	architecture_supported	minor_length_clamped	clamp_to_protein_length_with_minor_flag	coding-exon boundary (context)
ovis_aries	IIIc	IIIc	XM_060404507.1	XP_060260490.1	840	coding_exon_end	exon 16 (CDS16)	787	kinase	kinase	456	789	end	2	aligned_to_domain_boundary	architecture_supported	minor_length_clamped	clamp_to_protein_length_with_minor_flag	coding-exon boundary (context)
ovis_aries	IIIc	IIIc	XM_060404507.1	XP_060260490.1	840	coding_exon_start	exon 17 (CDS17)	788	kinase	kinase	456	789	end	1	aligned_to_domain_boundary	architecture_supported	minor_length_clamped	clamp_to_protein_length_with_minor_flag	coding-exon boundary (context)
ovis_aries	IIIc	IIIc	XM_060404507.1	XP_060260490.1	840	coding_exon_end	exon 17 (CDS17)	840	kinase	kinase	456	789	end	51	between_domains	architecture_supported	minor_length_clamped	clamp_to_protein_length_with_minor_flag	coding-exon boundary (context)
pan_troglodytes	IIIb	IIIb	XM_054660538.2	XP_054516513.1	841	cassette_start	exon 7 (IIIb cassette)	333	Ig3	Ig-like	282	376	end	43	within_domain	architecture_supported	figure3C_native	keep	cassette boundary (primary thesis metric)
pan_troglodytes	IIIb	IIIb	XM_054660538.2	XP_054516513.1	841	cassette_end	exon 7 (IIIb cassette)	381	Ig3	Ig-like	282	376	end	5	near_domain_boundary	architecture_supported	figure3C_native	keep	cassette boundary (primary thesis metric)
pan_troglodytes	IIIb	IIIb	XM_054660538.2	XP_054516513.1	841	coding_exon_start	exon 1 (CDS1)	1	Ig1	Ig-like	64	129	start	63	between_domains	architecture_supported	figure3C_native	keep	coding-exon boundary (context)
pan_troglodytes	IIIb	IIIb	XM_054660538.2	XP_054516513.1	841	coding_exon_end	exon 1 (CDS1)	56	Ig1	Ig-like	64	129	start	8	near_domain_boundary	architecture_supported	figure3C_native	keep	coding-exon boundary (context)
pan_troglodytes	IIIb	IIIb	XM_054660538.2	XP_054516513.1	841	coding_exon_start	exon 2 (CDS2)	56	Ig1	Ig-like	64	129	start	8	near_domain_boundary	architecture_supported	figure3C_native	keep	coding-exon boundary (context)
pan_troglodytes	IIIb	IIIb	XM_054660538.2	XP_054516513.1	841	coding_exon_end	exon 2 (CDS2)	145	Ig1	Ig-like	64	129	end	16	between_domains	architecture_supported	figure3C_native	keep	coding-exon boundary (context)
pan_troglodytes	IIIb	IIIb	XM_054660538.2	XP_054516513.1	841	coding_exon_start	exon 3 (CDS3)	145	Ig1	Ig-like	64	129	end	16	between_domains	architecture_supported	figure3C_native	keep	coding-exon boundary (context)
pan_troglodytes	IIIb	IIIb	XM_054660538.2	XP_054516513.1	841	coding_exon_end	exon 3 (CDS3)	171	Ig2	Ig-like	190	267	start	19	between_domains	architecture_supported	figure3C_native	keep	coding-exon boundary (context)
pan_troglodytes	IIIb	IIIb	XM_054660538.2	XP_054516513.1	841	coding_exon_start	exon 4 (CDS4)	171	Ig2	Ig-like	190	267	start	19	between_domains	architecture_supported	figure3C_native	keep	coding-exon boundary (context)
pan_troglodytes	IIIb	IIIb	XM_054660538.2	XP_054516513.1	841	coding_exon_end	exon 4 (CDS4)	227	Ig2	Ig-like	190	267	start	37	within_domain	architecture_supported	figure3C_native	keep	coding-exon boundary (context)
pan_troglodytes	IIIb	IIIb	XM_054660538.2	XP_054516513.1	841	coding_exon_start	exon 5 (CDS5)	228	Ig2	Ig-like	190	267	start	38	within_domain	architecture_supported	figure3C_native	keep	coding-exon boundary (context)
pan_troglodytes	IIIb	IIIb	XM_054660538.2	XP_054516513.1	841	coding_exon_end	exon 5 (CDS5)	269	Ig2	Ig-like	190	267	end	2	aligned_to_domain_boundary	architecture_supported	figure3C_native	keep	coding-exon boundary (context)
pan_troglodytes	IIIb	IIIb	XM_054660538.2	XP_054516513.1	841	coding_exon_start	exon 6 (CDS6)	269	Ig2	Ig-like	190	267	end	2	aligned_to_domain_boundary	architecture_supported	figure3C_native	keep	coding-exon boundary (context)
pan_troglodytes	IIIb	IIIb	XM_054660538.2	XP_054516513.1	841	coding_exon_end	exon 6 (CDS6)	332	Ig3	Ig-like	282	376	end	44	within_domain	architecture_supported	figure3C_native	keep	coding-exon boundary (context)
pan_troglodytes	IIIb	IIIb	XM_054660538.2	XP_054516513.1	841	coding_exon_start	exon 8 (CDS8)	381	Ig3	Ig-like	282	376	end	5	near_domain_boundary	architecture_supported	figure3C_native	keep	coding-exon boundary (context)
pan_troglodytes	IIIb	IIIb	XM_054660538.2	XP_054516513.1	841	coding_exon_end	exon 8 (CDS8)	449	kinase	kinase	457	790	start	8	near_domain_boundary	architecture_supported	figure3C_native	keep	coding-exon boundary (context)
pan_troglodytes	IIIb	IIIb	XM_054660538.2	XP_054516513.1	841	coding_exon_start	exon 9 (CDS9)	449	kinase	kinase	457	790	start	8	near_domain_boundary	architecture_supported	figure3C_native	keep	coding-exon boundary (context)
pan_troglodytes	IIIb	IIIb	XM_054660538.2	XP_054516513.1	841	coding_exon_end	exon 9 (CDS9)	499	kinase	kinase	457	790	start	42	within_domain	architecture_supported	figure3C_native	keep	coding-exon boundary (context)
pan_troglodytes	IIIb	IIIb	XM_054660538.2	XP_054516513.1	841	coding_exon_start	exon 10 (CDS10)	499	kinase	kinase	457	790	start	42	within_domain	architecture_supported	figure3C_native	keep	coding-exon boundary (context)
pan_troglodytes	IIIb	IIIb	XM_054660538.2	XP_054516513.1	841	coding_exon_end	exon 10 (CDS10)	540	kinase	kinase	457	790	start	83	within_domain	architecture_supported	figure3C_native	keep	coding-exon boundary (context)
pan_troglodytes	IIIb	IIIb	XM_054660538.2	XP_054516513.1	841	coding_exon_start	exon 11 (CDS11)	540	kinase	kinase	457	790	start	83	within_domain	architecture_supported	figure3C_native	keep	coding-exon boundary (context)
pan_troglodytes	IIIb	IIIb	XM_054660538.2	XP_054516513.1	841	coding_exon_end	exon 11 (CDS11)	577	kinase	kinase	457	790	start	120	within_domain	architecture_supported	figure3C_native	keep	coding-exon boundary (context)
pan_troglodytes	IIIb	IIIb	XM_054660538.2	XP_054516513.1	841	coding_exon_start	exon 12 (CDS12)	577	kinase	kinase	457	790	start	120	within_domain	architecture_supported	figure3C_native	keep	coding-exon boundary (context)
pan_troglodytes	IIIb	IIIb	XM_054660538.2	XP_054516513.1	841	coding_exon_end	exon 12 (CDS12)	640	kinase	kinase	457	790	end	150	within_domain	architecture_supported	figure3C_native	keep	coding-exon boundary (context)
pan_troglodytes	IIIb	IIIb	XM_054660538.2	XP_054516513.1	841	coding_exon_start	exon 13 (CDS13)	641	kinase	kinase	457	790	end	149	within_domain	architecture_supported	figure3C_native	keep	coding-exon boundary (context)
pan_troglodytes	IIIb	IIIb	XM_054660538.2	XP_054516513.1	841	coding_exon_end	exon 13 (CDS13)	681	kinase	kinase	457	790	end	109	within_domain	architecture_supported	figure3C_native	keep	coding-exon boundary (context)
pan_troglodytes	IIIb	IIIb	XM_054660538.2	XP_054516513.1	841	coding_exon_start	exon 14 (CDS14)	682	kinase	kinase	457	790	end	108	within_domain	architecture_supported	figure3C_native	keep	coding-exon boundary (context)
pan_troglodytes	IIIb	IIIb	XM_054660538.2	XP_054516513.1	841	coding_exon_end	exon 14 (CDS14)	705	kinase	kinase	457	790	end	85	within_domain	architecture_supported	figure3C_native	keep	coding-exon boundary (context)
pan_troglodytes	IIIb	IIIb	XM_054660538.2	XP_054516513.1	841	coding_exon_start	exon 15 (CDS15)	705	kinase	kinase	457	790	end	85	within_domain	architecture_supported	figure3C_native	keep	coding-exon boundary (context)
pan_troglodytes	IIIb	IIIb	XM_054660538.2	XP_054516513.1	841	coding_exon_end	exon 15 (CDS15)	751	kinase	kinase	457	790	end	39	within_domain	architecture_supported	figure3C_native	keep	coding-exon boundary (context)
pan_troglodytes	IIIb	IIIb	XM_054660538.2	XP_054516513.1	841	coding_exon_start	exon 16 (CDS16)	751	kinase	kinase	457	790	end	39	within_domain	architecture_supported	figure3C_native	keep	coding-exon boundary (context)
pan_troglodytes	IIIb	IIIb	XM_054660538.2	XP_054516513.1	841	coding_exon_end	exon 16 (CDS16)	786	kinase	kinase	457	790	end	4	near_domain_boundary	architecture_supported	figure3C_native	keep	coding-exon boundary (context)
pan_troglodytes	IIIb	IIIb	XM_054660538.2	XP_054516513.1	841	coding_exon_start	exon 17 (CDS17)	787	kinase	kinase	457	790	end	3	aligned_to_domain_boundary	architecture_supported	figure3C_native	keep	coding-exon boundary (context)
pan_troglodytes	IIIb	IIIb	XM_054660538.2	XP_054516513.1	841	coding_exon_end	exon 17 (CDS17)	841	kinase	kinase	457	790	end	51	between_domains	architecture_supported	figure3C_native	keep	coding-exon boundary (context)
pan_troglodytes	IIIc	IIIc	XM_054660539.2	XP_054516514.1	840	cassette_start	exon 7 (IIIc cassette)	333	Ig3	Ig-like	285	365	end	32	within_domain	architecture_supported	minor_length_clamped	clamp_to_protein_length_with_minor_flag	cassette boundary (primary thesis metric)
pan_troglodytes	IIIc	IIIc	XM_054660539.2	XP_054516514.1	840	cassette_end	exon 7 (IIIc cassette)	382	TM	TM	393	415	start	11	near_domain_boundary	architecture_supported	minor_length_clamped	clamp_to_protein_length_with_minor_flag	cassette boundary (primary thesis metric)
pan_troglodytes	IIIc	IIIc	XM_054660539.2	XP_054516514.1	840	coding_exon_start	exon 1 (CDS1)	1	Ig1	Ig-like	64	129	start	63	between_domains	architecture_supported	minor_length_clamped	clamp_to_protein_length_with_minor_flag	coding-exon boundary (context)
pan_troglodytes	IIIc	IIIc	XM_054660539.2	XP_054516514.1	840	coding_exon_end	exon 1 (CDS1)	56	Ig1	Ig-like	64	129	start	8	near_domain_boundary	architecture_supported	minor_length_clamped	clamp_to_protein_length_with_minor_flag	coding-exon boundary (context)
pan_troglodytes	IIIc	IIIc	XM_054660539.2	XP_054516514.1	840	coding_exon_start	exon 2 (CDS2)	56	Ig1	Ig-like	64	129	start	8	near_domain_boundary	architecture_supported	minor_length_clamped	clamp_to_protein_length_with_minor_flag	coding-exon boundary (context)
pan_troglodytes	IIIc	IIIc	XM_054660539.2	XP_054516514.1	840	coding_exon_end	exon 2 (CDS2)	145	Ig1	Ig-like	64	129	end	16	between_domains	architecture_supported	minor_length_clamped	clamp_to_protein_length_with_minor_flag	coding-exon boundary (context)
pan_troglodytes	IIIc	IIIc	XM_054660539.2	XP_054516514.1	840	coding_exon_start	exon 3 (CDS3)	145	Ig1	Ig-like	64	129	end	16	between_domains	architecture_supported	minor_length_clamped	clamp_to_protein_length_with_minor_flag	coding-exon boundary (context)
pan_troglodytes	IIIc	IIIc	XM_054660539.2	XP_054516514.1	840	coding_exon_end	exon 3 (CDS3)	171	Ig2	Ig-like	190	267	start	19	between_domains	architecture_supported	minor_length_clamped	clamp_to_protein_length_with_minor_flag	coding-exon boundary (context)
pan_troglodytes	IIIc	IIIc	XM_054660539.2	XP_054516514.1	840	coding_exon_start	exon 4 (CDS4)	171	Ig2	Ig-like	190	267	start	19	between_domains	architecture_supported	minor_length_clamped	clamp_to_protein_length_with_minor_flag	coding-exon boundary (context)
pan_troglodytes	IIIc	IIIc	XM_054660539.2	XP_054516514.1	840	coding_exon_end	exon 4 (CDS4)	227	Ig2	Ig-like	190	267	start	37	within_domain	architecture_supported	minor_length_clamped	clamp_to_protein_length_with_minor_flag	coding-exon boundary (context)
pan_troglodytes	IIIc	IIIc	XM_054660539.2	XP_054516514.1	840	coding_exon_start	exon 5 (CDS5)	228	Ig2	Ig-like	190	267	start	38	within_domain	architecture_supported	minor_length_clamped	clamp_to_protein_length_with_minor_flag	coding-exon boundary (context)
pan_troglodytes	IIIc	IIIc	XM_054660539.2	XP_054516514.1	840	coding_exon_end	exon 5 (CDS5)	269	Ig2	Ig-like	190	267	end	2	aligned_to_domain_boundary	architecture_supported	minor_length_clamped	clamp_to_protein_length_with_minor_flag	coding-exon boundary (context)
pan_troglodytes	IIIc	IIIc	XM_054660539.2	XP_054516514.1	840	coding_exon_start	exon 6 (CDS6)	269	Ig2	Ig-like	190	267	end	2	aligned_to_domain_boundary	architecture_supported	minor_length_clamped	clamp_to_protein_length_with_minor_flag	coding-exon boundary (context)
pan_troglodytes	IIIc	IIIc	XM_054660539.2	XP_054516514.1	840	coding_exon_end	exon 6 (CDS6)	332	Ig3	Ig-like	285	365	end	33	within_domain	architecture_supported	minor_length_clamped	clamp_to_protein_length_with_minor_flag	coding-exon boundary (context)
pan_troglodytes	IIIc	IIIc	XM_054660539.2	XP_054516514.1	840	coding_exon_start	exon 8 (CDS8)	382	TM	TM	393	415	start	11	near_domain_boundary	architecture_supported	minor_length_clamped	clamp_to_protein_length_with_minor_flag	coding-exon boundary (context)
pan_troglodytes	IIIc	IIIc	XM_054660539.2	XP_054516514.1	840	coding_exon_end	exon 8 (CDS8)	450	kinase	kinase	456	789	start	6	near_domain_boundary	architecture_supported	minor_length_clamped	clamp_to_protein_length_with_minor_flag	coding-exon boundary (context)
pan_troglodytes	IIIc	IIIc	XM_054660539.2	XP_054516514.1	840	coding_exon_start	exon 9 (CDS9)	450	kinase	kinase	456	789	start	6	near_domain_boundary	architecture_supported	minor_length_clamped	clamp_to_protein_length_with_minor_flag	coding-exon boundary (context)
pan_troglodytes	IIIc	IIIc	XM_054660539.2	XP_054516514.1	840	coding_exon_end	exon 9 (CDS9)	500	kinase	kinase	456	789	start	44	within_domain	architecture_supported	minor_length_clamped	clamp_to_protein_length_with_minor_flag	coding-exon boundary (context)
pan_troglodytes	IIIc	IIIc	XM_054660539.2	XP_054516514.1	840	coding_exon_start	exon 10 (CDS10)	500	kinase	kinase	456	789	start	44	within_domain	architecture_supported	minor_length_clamped	clamp_to_protein_length_with_minor_flag	coding-exon boundary (context)
pan_troglodytes	IIIc	IIIc	XM_054660539.2	XP_054516514.1	840	coding_exon_end	exon 10 (CDS10)	541	kinase	kinase	456	789	start	85	within_domain	architecture_supported	minor_length_clamped	clamp_to_protein_length_with_minor_flag	coding-exon boundary (context)
pan_troglodytes	IIIc	IIIc	XM_054660539.2	XP_054516514.1	840	coding_exon_start	exon 11 (CDS11)	541	kinase	kinase	456	789	start	85	within_domain	architecture_supported	minor_length_clamped	clamp_to_protein_length_with_minor_flag	coding-exon boundary (context)
pan_troglodytes	IIIc	IIIc	XM_054660539.2	XP_054516514.1	840	coding_exon_end	exon 11 (CDS11)	578	kinase	kinase	456	789	start	122	within_domain	architecture_supported	minor_length_clamped	clamp_to_protein_length_with_minor_flag	coding-exon boundary (context)
pan_troglodytes	IIIc	IIIc	XM_054660539.2	XP_054516514.1	840	coding_exon_start	exon 12 (CDS12)	578	kinase	kinase	456	789	start	122	within_domain	architecture_supported	minor_length_clamped	clamp_to_protein_length_with_minor_flag	coding-exon boundary (context)
pan_troglodytes	IIIc	IIIc	XM_054660539.2	XP_054516514.1	840	coding_exon_end	exon 12 (CDS12)	641	kinase	kinase	456	789	end	148	within_domain	architecture_supported	minor_length_clamped	clamp_to_protein_length_with_minor_flag	coding-exon boundary (context)
pan_troglodytes	IIIc	IIIc	XM_054660539.2	XP_054516514.1	840	coding_exon_start	exon 13 (CDS13)	642	kinase	kinase	456	789	end	147	within_domain	architecture_supported	minor_length_clamped	clamp_to_protein_length_with_minor_flag	coding-exon boundary (context)
pan_troglodytes	IIIc	IIIc	XM_054660539.2	XP_054516514.1	840	coding_exon_end	exon 13 (CDS13)	682	kinase	kinase	456	789	end	107	within_domain	architecture_supported	minor_length_clamped	clamp_to_protein_length_with_minor_flag	coding-exon boundary (context)
pan_troglodytes	IIIc	IIIc	XM_054660539.2	XP_054516514.1	840	coding_exon_start	exon 14 (CDS14)	683	kinase	kinase	456	789	end	106	within_domain	architecture_supported	minor_length_clamped	clamp_to_protein_length_with_minor_flag	coding-exon boundary (context)
pan_troglodytes	IIIc	IIIc	XM_054660539.2	XP_054516514.1	840	coding_exon_end	exon 14 (CDS14)	706	kinase	kinase	456	789	end	83	within_domain	architecture_supported	minor_length_clamped	clamp_to_protein_length_with_minor_flag	coding-exon boundary (context)
pan_troglodytes	IIIc	IIIc	XM_054660539.2	XP_054516514.1	840	coding_exon_start	exon 15 (CDS15)	706	kinase	kinase	456	789	end	83	within_domain	architecture_supported	minor_length_clamped	clamp_to_protein_length_with_minor_flag	coding-exon boundary (context)
pan_troglodytes	IIIc	IIIc	XM_054660539.2	XP_054516514.1	840	coding_exon_end	exon 15 (CDS15)	752	kinase	kinase	456	789	end	37	within_domain	architecture_supported	minor_length_clamped	clamp_to_protein_length_with_minor_flag	coding-exon boundary (context)
pan_troglodytes	IIIc	IIIc	XM_054660539.2	XP_054516514.1	840	coding_exon_start	exon 16 (CDS16)	752	kinase	kinase	456	789	end	37	within_domain	architecture_supported	minor_length_clamped	clamp_to_protein_length_with_minor_flag	coding-exon boundary (context)
pan_troglodytes	IIIc	IIIc	XM_054660539.2	XP_054516514.1	840	coding_exon_end	exon 16 (CDS16)	787	kinase	kinase	456	789	end	2	aligned_to_domain_boundary	architecture_supported	minor_length_clamped	clamp_to_protein_length_with_minor_flag	coding-exon boundary (context)
pan_troglodytes	IIIc	IIIc	XM_054660539.2	XP_054516514.1	840	coding_exon_start	exon 17 (CDS17)	788	kinase	kinase	456	789	end	1	aligned_to_domain_boundary	architecture_supported	minor_length_clamped	clamp_to_protein_length_with_minor_flag	coding-exon boundary (context)
pan_troglodytes	IIIc	IIIc	XM_054660539.2	XP_054516514.1	840	coding_exon_end	exon 17 (CDS17)	840	kinase	kinase	456	789	end	51	between_domains	architecture_supported	minor_length_clamped	clamp_to_protein_length_with_minor_flag	coding-exon boundary (context)
pongo_abelii	IIIc	IIIc	XM_024252936	XP_024108704.1	838	cassette_start	exon 8 (CDS8)	381	TM	TM	393	415	start	12	near_domain_boundary	architecture_supported	native_exon_blocks_reconstructed	reconstruct_from_native_cds	cassette boundary (primary thesis metric)
pongo_abelii	IIIc	IIIc	XM_024252936	XP_024108704.1	838	cassette_end	exon 8 (CDS8)	446	kinase	kinase	454	787	start	8	near_domain_boundary	architecture_supported	native_exon_blocks_reconstructed	reconstruct_from_native_cds	cassette boundary (primary thesis metric)
pongo_abelii	IIIc	IIIc	XM_024252936	XP_024108704.1	838	coding_exon_start	exon 1 (CDS1)	1	Ig1	Ig-like	64	129	start	63	between_domains	architecture_supported	native_exon_blocks_reconstructed	reconstruct_from_native_cds	coding-exon boundary (context)
pongo_abelii	IIIc	IIIc	XM_024252936	XP_024108704.1	838	coding_exon_end	exon 1 (CDS1)	56	Ig1	Ig-like	64	129	start	8	near_domain_boundary	architecture_supported	native_exon_blocks_reconstructed	reconstruct_from_native_cds	coding-exon boundary (context)
pongo_abelii	IIIc	IIIc	XM_024252936	XP_024108704.1	838	coding_exon_start	exon 2 (CDS2)	56	Ig1	Ig-like	64	129	start	8	near_domain_boundary	architecture_supported	native_exon_blocks_reconstructed	reconstruct_from_native_cds	coding-exon boundary (context)
pongo_abelii	IIIc	IIIc	XM_024252936	XP_024108704.1	838	coding_exon_end	exon 2 (CDS2)	145	Ig1	Ig-like	64	129	end	16	between_domains	architecture_supported	native_exon_blocks_reconstructed	reconstruct_from_native_cds	coding-exon boundary (context)
pongo_abelii	IIIc	IIIc	XM_024252936	XP_024108704.1	838	coding_exon_start	exon 3 (CDS3)	145	Ig1	Ig-like	64	129	end	16	between_domains	architecture_supported	native_exon_blocks_reconstructed	reconstruct_from_native_cds	coding-exon boundary (context)
pongo_abelii	IIIc	IIIc	XM_024252936	XP_024108704.1	838	coding_exon_end	exon 3 (CDS3)	171	Ig2	Ig-like	190	267	start	19	between_domains	architecture_supported	native_exon_blocks_reconstructed	reconstruct_from_native_cds	coding-exon boundary (context)
pongo_abelii	IIIc	IIIc	XM_024252936	XP_024108704.1	838	coding_exon_start	exon 4 (CDS4)	171	Ig2	Ig-like	190	267	start	19	between_domains	architecture_supported	native_exon_blocks_reconstructed	reconstruct_from_native_cds	coding-exon boundary (context)
pongo_abelii	IIIc	IIIc	XM_024252936	XP_024108704.1	838	coding_exon_end	exon 4 (CDS4)	227	Ig2	Ig-like	190	267	start	37	within_domain	architecture_supported	native_exon_blocks_reconstructed	reconstruct_from_native_cds	coding-exon boundary (context)
pongo_abelii	IIIc	IIIc	XM_024252936	XP_024108704.1	838	coding_exon_start	exon 5 (CDS5)	228	Ig2	Ig-like	190	267	start	38	within_domain	architecture_supported	native_exon_blocks_reconstructed	reconstruct_from_native_cds	coding-exon boundary (context)
pongo_abelii	IIIc	IIIc	XM_024252936	XP_024108704.1	838	coding_exon_end	exon 5 (CDS5)	269	Ig2	Ig-like	190	267	end	2	aligned_to_domain_boundary	architecture_supported	native_exon_blocks_reconstructed	reconstruct_from_native_cds	coding-exon boundary (context)
pongo_abelii	IIIc	IIIc	XM_024252936	XP_024108704.1	838	coding_exon_start	exon 6 (CDS6)	269	Ig2	Ig-like	190	267	end	2	aligned_to_domain_boundary	architecture_supported	native_exon_blocks_reconstructed	reconstruct_from_native_cds	coding-exon boundary (context)
pongo_abelii	IIIc	IIIc	XM_024252936	XP_024108704.1	838	coding_exon_end	exon 6 (CDS6)	332	Ig3	Ig-like	285	365	end	33	within_domain	architecture_supported	native_exon_blocks_reconstructed	reconstruct_from_native_cds	coding-exon boundary (context)
pongo_abelii	IIIc	IIIc	XM_024252936	XP_024108704.1	838	coding_exon_start	exon 7 (CDS7)	333	Ig3	Ig-like	285	365	end	32	within_domain	architecture_supported	native_exon_blocks_reconstructed	reconstruct_from_native_cds	coding-exon boundary (context)
pongo_abelii	IIIc	IIIc	XM_024252936	XP_024108704.1	838	coding_exon_end	exon 7 (CDS7)	381	TM	TM	393	415	start	12	near_domain_boundary	architecture_supported	native_exon_blocks_reconstructed	reconstruct_from_native_cds	coding-exon boundary (context)
pongo_abelii	IIIc	IIIc	XM_024252936	XP_024108704.1	838	coding_exon_start	exon 9 (CDS9)	447	kinase	kinase	454	787	start	7	near_domain_boundary	architecture_supported	native_exon_blocks_reconstructed	reconstruct_from_native_cds	coding-exon boundary (context)
pongo_abelii	IIIc	IIIc	XM_024252936	XP_024108704.1	838	coding_exon_end	exon 9 (CDS9)	497	kinase	kinase	454	787	start	43	within_domain	architecture_supported	native_exon_blocks_reconstructed	reconstruct_from_native_cds	coding-exon boundary (context)
pongo_abelii	IIIc	IIIc	XM_024252936	XP_024108704.1	838	coding_exon_start	exon 10 (CDS10)	497	kinase	kinase	454	787	start	43	within_domain	architecture_supported	native_exon_blocks_reconstructed	reconstruct_from_native_cds	coding-exon boundary (context)
pongo_abelii	IIIc	IIIc	XM_024252936	XP_024108704.1	838	coding_exon_end	exon 10 (CDS10)	538	kinase	kinase	454	787	start	84	within_domain	architecture_supported	native_exon_blocks_reconstructed	reconstruct_from_native_cds	coding-exon boundary (context)
pongo_abelii	IIIc	IIIc	XM_024252936	XP_024108704.1	838	coding_exon_start	exon 11 (CDS11)	538	kinase	kinase	454	787	start	84	within_domain	architecture_supported	native_exon_blocks_reconstructed	reconstruct_from_native_cds	coding-exon boundary (context)
pongo_abelii	IIIc	IIIc	XM_024252936	XP_024108704.1	838	coding_exon_end	exon 11 (CDS11)	575	kinase	kinase	454	787	start	121	within_domain	architecture_supported	native_exon_blocks_reconstructed	reconstruct_from_native_cds	coding-exon boundary (context)
pongo_abelii	IIIc	IIIc	XM_024252936	XP_024108704.1	838	coding_exon_start	exon 12 (CDS12)	575	kinase	kinase	454	787	start	121	within_domain	architecture_supported	native_exon_blocks_reconstructed	reconstruct_from_native_cds	coding-exon boundary (context)
pongo_abelii	IIIc	IIIc	XM_024252936	XP_024108704.1	838	coding_exon_end	exon 12 (CDS12)	638	kinase	kinase	454	787	end	149	within_domain	architecture_supported	native_exon_blocks_reconstructed	reconstruct_from_native_cds	coding-exon boundary (context)
pongo_abelii	IIIc	IIIc	XM_024252936	XP_024108704.1	838	coding_exon_start	exon 13 (CDS13)	639	kinase	kinase	454	787	end	148	within_domain	architecture_supported	native_exon_blocks_reconstructed	reconstruct_from_native_cds	coding-exon boundary (context)
pongo_abelii	IIIc	IIIc	XM_024252936	XP_024108704.1	838	coding_exon_end	exon 13 (CDS13)	679	kinase	kinase	454	787	end	108	within_domain	architecture_supported	native_exon_blocks_reconstructed	reconstruct_from_native_cds	coding-exon boundary (context)
pongo_abelii	IIIc	IIIc	XM_024252936	XP_024108704.1	838	coding_exon_start	exon 14 (CDS14)	680	kinase	kinase	454	787	end	107	within_domain	architecture_supported	native_exon_blocks_reconstructed	reconstruct_from_native_cds	coding-exon boundary (context)
pongo_abelii	IIIc	IIIc	XM_024252936	XP_024108704.1	838	coding_exon_end	exon 14 (CDS14)	703	kinase	kinase	454	787	end	84	within_domain	architecture_supported	native_exon_blocks_reconstructed	reconstruct_from_native_cds	coding-exon boundary (context)
pongo_abelii	IIIc	IIIc	XM_024252936	XP_024108704.1	838	coding_exon_start	exon 15 (CDS15)	703	kinase	kinase	454	787	end	84	within_domain	architecture_supported	native_exon_blocks_reconstructed	reconstruct_from_native_cds	coding-exon boundary (context)
pongo_abelii	IIIc	IIIc	XM_024252936	XP_024108704.1	838	coding_exon_end	exon 15 (CDS15)	749	kinase	kinase	454	787	end	38	within_domain	architecture_supported	native_exon_blocks_reconstructed	reconstruct_from_native_cds	coding-exon boundary (context)
pongo_abelii	IIIc	IIIc	XM_024252936	XP_024108704.1	838	coding_exon_start	exon 16 (CDS16)	749	kinase	kinase	454	787	end	38	within_domain	architecture_supported	native_exon_blocks_reconstructed	reconstruct_from_native_cds	coding-exon boundary (context)
pongo_abelii	IIIc	IIIc	XM_024252936	XP_024108704.1	838	coding_exon_end	exon 16 (CDS16)	784	kinase	kinase	454	787	end	3	aligned_to_domain_boundary	architecture_supported	native_exon_blocks_reconstructed	reconstruct_from_native_cds	coding-exon boundary (context)
pongo_abelii	IIIc	IIIc	XM_024252936	XP_024108704.1	838	coding_exon_start	exon 17 (CDS17)	785	kinase	kinase	454	787	end	2	aligned_to_domain_boundary	architecture_supported	native_exon_blocks_reconstructed	reconstruct_from_native_cds	coding-exon boundary (context)
pongo_abelii	IIIc	IIIc	XM_024252936	XP_024108704.1	838	coding_exon_end	exon 17 (CDS17)	838	kinase	kinase	454	787	end	51	between_domains	architecture_supported	native_exon_blocks_reconstructed	reconstruct_from_native_cds	coding-exon boundary (context)
rattus_norvegicus	IIIb	IIIb	XM_063281078.1	XP_063137148.1	841	cassette_start	exon 7 (IIIb cassette)	333	Ig3	Ig-like	282	376	end	43	within_domain	architecture_supported	figure3C_native	keep	cassette boundary (primary thesis metric)
rattus_norvegicus	IIIb	IIIb	XM_063281078.1	XP_063137148.1	841	cassette_end	exon 7 (IIIb cassette)	381	Ig3	Ig-like	282	376	end	5	near_domain_boundary	architecture_supported	figure3C_native	keep	cassette boundary (primary thesis metric)
rattus_norvegicus	IIIb	IIIb	XM_063281078.1	XP_063137148.1	841	coding_exon_start	exon 1 (CDS1)	1	Ig1	Ig-like	64	128	start	63	between_domains	architecture_supported	figure3C_native	keep	coding-exon boundary (context)
rattus_norvegicus	IIIb	IIIb	XM_063281078.1	XP_063137148.1	841	coding_exon_end	exon 1 (CDS1)	56	Ig1	Ig-like	64	128	start	8	near_domain_boundary	architecture_supported	figure3C_native	keep	coding-exon boundary (context)
rattus_norvegicus	IIIb	IIIb	XM_063281078.1	XP_063137148.1	841	coding_exon_start	exon 2 (CDS2)	56	Ig1	Ig-like	64	128	start	8	near_domain_boundary	architecture_supported	figure3C_native	keep	coding-exon boundary (context)
rattus_norvegicus	IIIb	IIIb	XM_063281078.1	XP_063137148.1	841	coding_exon_end	exon 2 (CDS2)	145	Ig1	Ig-like	64	128	end	17	between_domains	architecture_supported	figure3C_native	keep	coding-exon boundary (context)
rattus_norvegicus	IIIb	IIIb	XM_063281078.1	XP_063137148.1	841	coding_exon_start	exon 3 (CDS3)	145	Ig1	Ig-like	64	128	end	17	between_domains	architecture_supported	figure3C_native	keep	coding-exon boundary (context)
rattus_norvegicus	IIIb	IIIb	XM_063281078.1	XP_063137148.1	841	coding_exon_end	exon 3 (CDS3)	171	Ig2	Ig-like	190	267	start	19	between_domains	architecture_supported	figure3C_native	keep	coding-exon boundary (context)
rattus_norvegicus	IIIb	IIIb	XM_063281078.1	XP_063137148.1	841	coding_exon_start	exon 4 (CDS4)	171	Ig2	Ig-like	190	267	start	19	between_domains	architecture_supported	figure3C_native	keep	coding-exon boundary (context)
rattus_norvegicus	IIIb	IIIb	XM_063281078.1	XP_063137148.1	841	coding_exon_end	exon 4 (CDS4)	227	Ig2	Ig-like	190	267	start	37	within_domain	architecture_supported	figure3C_native	keep	coding-exon boundary (context)
rattus_norvegicus	IIIb	IIIb	XM_063281078.1	XP_063137148.1	841	coding_exon_start	exon 5 (CDS5)	228	Ig2	Ig-like	190	267	start	38	within_domain	architecture_supported	figure3C_native	keep	coding-exon boundary (context)
rattus_norvegicus	IIIb	IIIb	XM_063281078.1	XP_063137148.1	841	coding_exon_end	exon 5 (CDS5)	269	Ig2	Ig-like	190	267	end	2	aligned_to_domain_boundary	architecture_supported	figure3C_native	keep	coding-exon boundary (context)
rattus_norvegicus	IIIb	IIIb	XM_063281078.1	XP_063137148.1	841	coding_exon_start	exon 6 (CDS6)	269	Ig2	Ig-like	190	267	end	2	aligned_to_domain_boundary	architecture_supported	figure3C_native	keep	coding-exon boundary (context)
rattus_norvegicus	IIIb	IIIb	XM_063281078.1	XP_063137148.1	841	coding_exon_end	exon 6 (CDS6)	332	Ig3	Ig-like	282	376	end	44	within_domain	architecture_supported	figure3C_native	keep	coding-exon boundary (context)
rattus_norvegicus	IIIb	IIIb	XM_063281078.1	XP_063137148.1	841	coding_exon_start	exon 8 (CDS8)	381	Ig3	Ig-like	282	376	end	5	near_domain_boundary	architecture_supported	figure3C_native	keep	coding-exon boundary (context)
rattus_norvegicus	IIIb	IIIb	XM_063281078.1	XP_063137148.1	841	coding_exon_end	exon 8 (CDS8)	449	kinase	kinase	457	790	start	8	near_domain_boundary	architecture_supported	figure3C_native	keep	coding-exon boundary (context)
rattus_norvegicus	IIIb	IIIb	XM_063281078.1	XP_063137148.1	841	coding_exon_start	exon 9 (CDS9)	449	kinase	kinase	457	790	start	8	near_domain_boundary	architecture_supported	figure3C_native	keep	coding-exon boundary (context)
rattus_norvegicus	IIIb	IIIb	XM_063281078.1	XP_063137148.1	841	coding_exon_end	exon 9 (CDS9)	499	kinase	kinase	457	790	start	42	within_domain	architecture_supported	figure3C_native	keep	coding-exon boundary (context)
rattus_norvegicus	IIIb	IIIb	XM_063281078.1	XP_063137148.1	841	coding_exon_start	exon 10 (CDS10)	499	kinase	kinase	457	790	start	42	within_domain	architecture_supported	figure3C_native	keep	coding-exon boundary (context)
rattus_norvegicus	IIIb	IIIb	XM_063281078.1	XP_063137148.1	841	coding_exon_end	exon 10 (CDS10)	540	kinase	kinase	457	790	start	83	within_domain	architecture_supported	figure3C_native	keep	coding-exon boundary (context)
rattus_norvegicus	IIIb	IIIb	XM_063281078.1	XP_063137148.1	841	coding_exon_start	exon 11 (CDS11)	540	kinase	kinase	457	790	start	83	within_domain	architecture_supported	figure3C_native	keep	coding-exon boundary (context)
rattus_norvegicus	IIIb	IIIb	XM_063281078.1	XP_063137148.1	841	coding_exon_end	exon 11 (CDS11)	577	kinase	kinase	457	790	start	120	within_domain	architecture_supported	figure3C_native	keep	coding-exon boundary (context)
rattus_norvegicus	IIIb	IIIb	XM_063281078.1	XP_063137148.1	841	coding_exon_start	exon 12 (CDS12)	577	kinase	kinase	457	790	start	120	within_domain	architecture_supported	figure3C_native	keep	coding-exon boundary (context)
rattus_norvegicus	IIIb	IIIb	XM_063281078.1	XP_063137148.1	841	coding_exon_end	exon 12 (CDS12)	640	kinase	kinase	457	790	end	150	within_domain	architecture_supported	figure3C_native	keep	coding-exon boundary (context)
rattus_norvegicus	IIIb	IIIb	XM_063281078.1	XP_063137148.1	841	coding_exon_start	exon 13 (CDS13)	641	kinase	kinase	457	790	end	149	within_domain	architecture_supported	figure3C_native	keep	coding-exon boundary (context)
rattus_norvegicus	IIIb	IIIb	XM_063281078.1	XP_063137148.1	841	coding_exon_end	exon 13 (CDS13)	681	kinase	kinase	457	790	end	109	within_domain	architecture_supported	figure3C_native	keep	coding-exon boundary (context)
rattus_norvegicus	IIIb	IIIb	XM_063281078.1	XP_063137148.1	841	coding_exon_start	exon 14 (CDS14)	682	kinase	kinase	457	790	end	108	within_domain	architecture_supported	figure3C_native	keep	coding-exon boundary (context)
rattus_norvegicus	IIIb	IIIb	XM_063281078.1	XP_063137148.1	841	coding_exon_end	exon 14 (CDS14)	705	kinase	kinase	457	790	end	85	within_domain	architecture_supported	figure3C_native	keep	coding-exon boundary (context)
rattus_norvegicus	IIIb	IIIb	XM_063281078.1	XP_063137148.1	841	coding_exon_start	exon 15 (CDS15)	705	kinase	kinase	457	790	end	85	within_domain	architecture_supported	figure3C_native	keep	coding-exon boundary (context)
rattus_norvegicus	IIIb	IIIb	XM_063281078.1	XP_063137148.1	841	coding_exon_end	exon 15 (CDS15)	751	kinase	kinase	457	790	end	39	within_domain	architecture_supported	figure3C_native	keep	coding-exon boundary (context)
rattus_norvegicus	IIIb	IIIb	XM_063281078.1	XP_063137148.1	841	coding_exon_start	exon 16 (CDS16)	751	kinase	kinase	457	790	end	39	within_domain	architecture_supported	figure3C_native	keep	coding-exon boundary (context)
rattus_norvegicus	IIIb	IIIb	XM_063281078.1	XP_063137148.1	841	coding_exon_end	exon 16 (CDS16)	786	kinase	kinase	457	790	end	4	near_domain_boundary	architecture_supported	figure3C_native	keep	coding-exon boundary (context)
rattus_norvegicus	IIIb	IIIb	XM_063281078.1	XP_063137148.1	841	coding_exon_start	exon 17 (CDS17)	787	kinase	kinase	457	790	end	3	aligned_to_domain_boundary	architecture_supported	figure3C_native	keep	coding-exon boundary (context)
rattus_norvegicus	IIIb	IIIb	XM_063281078.1	XP_063137148.1	841	coding_exon_end	exon 17 (CDS17)	841	kinase	kinase	457	790	end	51	between_domains	architecture_supported	figure3C_native	keep	coding-exon boundary (context)
rattus_norvegicus	IIIc	IIIc	XM_063281079.1	XP_063137149.1	840	cassette_start	exon 7 (IIIc cassette)	333	Ig3	Ig-like	285	365	end	32	within_domain	architecture_supported	minor_length_clamped	clamp_to_protein_length_with_minor_flag	cassette boundary (primary thesis metric)
rattus_norvegicus	IIIc	IIIc	XM_063281079.1	XP_063137149.1	840	cassette_end	exon 7 (IIIc cassette)	382	TM	TM	393	415	start	11	near_domain_boundary	architecture_supported	minor_length_clamped	clamp_to_protein_length_with_minor_flag	cassette boundary (primary thesis metric)
rattus_norvegicus	IIIc	IIIc	XM_063281079.1	XP_063137149.1	840	coding_exon_start	exon 1 (CDS1)	1	Ig1	Ig-like	64	128	start	63	between_domains	architecture_supported	minor_length_clamped	clamp_to_protein_length_with_minor_flag	coding-exon boundary (context)
rattus_norvegicus	IIIc	IIIc	XM_063281079.1	XP_063137149.1	840	coding_exon_end	exon 1 (CDS1)	56	Ig1	Ig-like	64	128	start	8	near_domain_boundary	architecture_supported	minor_length_clamped	clamp_to_protein_length_with_minor_flag	coding-exon boundary (context)
rattus_norvegicus	IIIc	IIIc	XM_063281079.1	XP_063137149.1	840	coding_exon_start	exon 2 (CDS2)	56	Ig1	Ig-like	64	128	start	8	near_domain_boundary	architecture_supported	minor_length_clamped	clamp_to_protein_length_with_minor_flag	coding-exon boundary (context)
rattus_norvegicus	IIIc	IIIc	XM_063281079.1	XP_063137149.1	840	coding_exon_end	exon 2 (CDS2)	145	Ig1	Ig-like	64	128	end	17	between_domains	architecture_supported	minor_length_clamped	clamp_to_protein_length_with_minor_flag	coding-exon boundary (context)
rattus_norvegicus	IIIc	IIIc	XM_063281079.1	XP_063137149.1	840	coding_exon_start	exon 3 (CDS3)	145	Ig1	Ig-like	64	128	end	17	between_domains	architecture_supported	minor_length_clamped	clamp_to_protein_length_with_minor_flag	coding-exon boundary (context)
rattus_norvegicus	IIIc	IIIc	XM_063281079.1	XP_063137149.1	840	coding_exon_end	exon 3 (CDS3)	171	Ig2	Ig-like	190	267	start	19	between_domains	architecture_supported	minor_length_clamped	clamp_to_protein_length_with_minor_flag	coding-exon boundary (context)
rattus_norvegicus	IIIc	IIIc	XM_063281079.1	XP_063137149.1	840	coding_exon_start	exon 4 (CDS4)	171	Ig2	Ig-like	190	267	start	19	between_domains	architecture_supported	minor_length_clamped	clamp_to_protein_length_with_minor_flag	coding-exon boundary (context)
rattus_norvegicus	IIIc	IIIc	XM_063281079.1	XP_063137149.1	840	coding_exon_end	exon 4 (CDS4)	227	Ig2	Ig-like	190	267	start	37	within_domain	architecture_supported	minor_length_clamped	clamp_to_protein_length_with_minor_flag	coding-exon boundary (context)
rattus_norvegicus	IIIc	IIIc	XM_063281079.1	XP_063137149.1	840	coding_exon_start	exon 5 (CDS5)	228	Ig2	Ig-like	190	267	start	38	within_domain	architecture_supported	minor_length_clamped	clamp_to_protein_length_with_minor_flag	coding-exon boundary (context)
rattus_norvegicus	IIIc	IIIc	XM_063281079.1	XP_063137149.1	840	coding_exon_end	exon 5 (CDS5)	269	Ig2	Ig-like	190	267	end	2	aligned_to_domain_boundary	architecture_supported	minor_length_clamped	clamp_to_protein_length_with_minor_flag	coding-exon boundary (context)
rattus_norvegicus	IIIc	IIIc	XM_063281079.1	XP_063137149.1	840	coding_exon_start	exon 6 (CDS6)	269	Ig2	Ig-like	190	267	end	2	aligned_to_domain_boundary	architecture_supported	minor_length_clamped	clamp_to_protein_length_with_minor_flag	coding-exon boundary (context)
rattus_norvegicus	IIIc	IIIc	XM_063281079.1	XP_063137149.1	840	coding_exon_end	exon 6 (CDS6)	332	Ig3	Ig-like	285	365	end	33	within_domain	architecture_supported	minor_length_clamped	clamp_to_protein_length_with_minor_flag	coding-exon boundary (context)
rattus_norvegicus	IIIc	IIIc	XM_063281079.1	XP_063137149.1	840	coding_exon_start	exon 8 (CDS8)	382	TM	TM	393	415	start	11	near_domain_boundary	architecture_supported	minor_length_clamped	clamp_to_protein_length_with_minor_flag	coding-exon boundary (context)
rattus_norvegicus	IIIc	IIIc	XM_063281079.1	XP_063137149.1	840	coding_exon_end	exon 8 (CDS8)	450	kinase	kinase	456	789	start	6	near_domain_boundary	architecture_supported	minor_length_clamped	clamp_to_protein_length_with_minor_flag	coding-exon boundary (context)
rattus_norvegicus	IIIc	IIIc	XM_063281079.1	XP_063137149.1	840	coding_exon_start	exon 9 (CDS9)	450	kinase	kinase	456	789	start	6	near_domain_boundary	architecture_supported	minor_length_clamped	clamp_to_protein_length_with_minor_flag	coding-exon boundary (context)
rattus_norvegicus	IIIc	IIIc	XM_063281079.1	XP_063137149.1	840	coding_exon_end	exon 9 (CDS9)	500	kinase	kinase	456	789	start	44	within_domain	architecture_supported	minor_length_clamped	clamp_to_protein_length_with_minor_flag	coding-exon boundary (context)
rattus_norvegicus	IIIc	IIIc	XM_063281079.1	XP_063137149.1	840	coding_exon_start	exon 10 (CDS10)	500	kinase	kinase	456	789	start	44	within_domain	architecture_supported	minor_length_clamped	clamp_to_protein_length_with_minor_flag	coding-exon boundary (context)
rattus_norvegicus	IIIc	IIIc	XM_063281079.1	XP_063137149.1	840	coding_exon_end	exon 10 (CDS10)	541	kinase	kinase	456	789	start	85	within_domain	architecture_supported	minor_length_clamped	clamp_to_protein_length_with_minor_flag	coding-exon boundary (context)
rattus_norvegicus	IIIc	IIIc	XM_063281079.1	XP_063137149.1	840	coding_exon_start	exon 11 (CDS11)	541	kinase	kinase	456	789	start	85	within_domain	architecture_supported	minor_length_clamped	clamp_to_protein_length_with_minor_flag	coding-exon boundary (context)
rattus_norvegicus	IIIc	IIIc	XM_063281079.1	XP_063137149.1	840	coding_exon_end	exon 11 (CDS11)	578	kinase	kinase	456	789	start	122	within_domain	architecture_supported	minor_length_clamped	clamp_to_protein_length_with_minor_flag	coding-exon boundary (context)
rattus_norvegicus	IIIc	IIIc	XM_063281079.1	XP_063137149.1	840	coding_exon_start	exon 12 (CDS12)	578	kinase	kinase	456	789	start	122	within_domain	architecture_supported	minor_length_clamped	clamp_to_protein_length_with_minor_flag	coding-exon boundary (context)
rattus_norvegicus	IIIc	IIIc	XM_063281079.1	XP_063137149.1	840	coding_exon_end	exon 12 (CDS12)	641	kinase	kinase	456	789	end	148	within_domain	architecture_supported	minor_length_clamped	clamp_to_protein_length_with_minor_flag	coding-exon boundary (context)
rattus_norvegicus	IIIc	IIIc	XM_063281079.1	XP_063137149.1	840	coding_exon_start	exon 13 (CDS13)	642	kinase	kinase	456	789	end	147	within_domain	architecture_supported	minor_length_clamped	clamp_to_protein_length_with_minor_flag	coding-exon boundary (context)
rattus_norvegicus	IIIc	IIIc	XM_063281079.1	XP_063137149.1	840	coding_exon_end	exon 13 (CDS13)	682	kinase	kinase	456	789	end	107	within_domain	architecture_supported	minor_length_clamped	clamp_to_protein_length_with_minor_flag	coding-exon boundary (context)
rattus_norvegicus	IIIc	IIIc	XM_063281079.1	XP_063137149.1	840	coding_exon_start	exon 14 (CDS14)	683	kinase	kinase	456	789	end	106	within_domain	architecture_supported	minor_length_clamped	clamp_to_protein_length_with_minor_flag	coding-exon boundary (context)
rattus_norvegicus	IIIc	IIIc	XM_063281079.1	XP_063137149.1	840	coding_exon_end	exon 14 (CDS14)	706	kinase	kinase	456	789	end	83	within_domain	architecture_supported	minor_length_clamped	clamp_to_protein_length_with_minor_flag	coding-exon boundary (context)
rattus_norvegicus	IIIc	IIIc	XM_063281079.1	XP_063137149.1	840	coding_exon_start	exon 15 (CDS15)	706	kinase	kinase	456	789	end	83	within_domain	architecture_supported	minor_length_clamped	clamp_to_protein_length_with_minor_flag	coding-exon boundary (context)
rattus_norvegicus	IIIc	IIIc	XM_063281079.1	XP_063137149.1	840	coding_exon_end	exon 15 (CDS15)	752	kinase	kinase	456	789	end	37	within_domain	architecture_supported	minor_length_clamped	clamp_to_protein_length_with_minor_flag	coding-exon boundary (context)
rattus_norvegicus	IIIc	IIIc	XM_063281079.1	XP_063137149.1	840	coding_exon_start	exon 16 (CDS16)	752	kinase	kinase	456	789	end	37	within_domain	architecture_supported	minor_length_clamped	clamp_to_protein_length_with_minor_flag	coding-exon boundary (context)
rattus_norvegicus	IIIc	IIIc	XM_063281079.1	XP_063137149.1	840	coding_exon_end	exon 16 (CDS16)	787	kinase	kinase	456	789	end	2	aligned_to_domain_boundary	architecture_supported	minor_length_clamped	clamp_to_protein_length_with_minor_flag	coding-exon boundary (context)
rattus_norvegicus	IIIc	IIIc	XM_063281079.1	XP_063137149.1	840	coding_exon_start	exon 17 (CDS17)	788	kinase	kinase	456	789	end	1	aligned_to_domain_boundary	architecture_supported	minor_length_clamped	clamp_to_protein_length_with_minor_flag	coding-exon boundary (context)
rattus_norvegicus	IIIc	IIIc	XM_063281079.1	XP_063137149.1	840	coding_exon_end	exon 17 (CDS17)	840	kinase	kinase	456	789	end	51	between_domains	architecture_supported	minor_length_clamped	clamp_to_protein_length_with_minor_flag	coding-exon boundary (context)
sus_scrofa	IIIb	IIIb	XM_084993068.1	XP_084849194.1	841	cassette_start	exon 7 (IIIb cassette)	333	Ig3	Ig-like	282	376	end	43	within_domain	architecture_supported	figure3C_native	keep	cassette boundary (primary thesis metric)
sus_scrofa	IIIb	IIIb	XM_084993068.1	XP_084849194.1	841	cassette_end	exon 7 (IIIb cassette)	381	Ig3	Ig-like	282	376	end	5	near_domain_boundary	architecture_supported	figure3C_native	keep	cassette boundary (primary thesis metric)
sus_scrofa	IIIb	IIIb	XM_084993068.1	XP_084849194.1	841	coding_exon_start	exon 1 (CDS1)	1	Ig1	Ig-like	64	128	start	63	between_domains	architecture_supported	figure3C_native	keep	coding-exon boundary (context)
sus_scrofa	IIIb	IIIb	XM_084993068.1	XP_084849194.1	841	coding_exon_end	exon 1 (CDS1)	56	Ig1	Ig-like	64	128	start	8	near_domain_boundary	architecture_supported	figure3C_native	keep	coding-exon boundary (context)
sus_scrofa	IIIb	IIIb	XM_084993068.1	XP_084849194.1	841	coding_exon_start	exon 2 (CDS2)	56	Ig1	Ig-like	64	128	start	8	near_domain_boundary	architecture_supported	figure3C_native	keep	coding-exon boundary (context)
sus_scrofa	IIIb	IIIb	XM_084993068.1	XP_084849194.1	841	coding_exon_end	exon 2 (CDS2)	145	Ig1	Ig-like	64	128	end	17	between_domains	architecture_supported	figure3C_native	keep	coding-exon boundary (context)
sus_scrofa	IIIb	IIIb	XM_084993068.1	XP_084849194.1	841	coding_exon_start	exon 3 (CDS3)	145	Ig1	Ig-like	64	128	end	17	between_domains	architecture_supported	figure3C_native	keep	coding-exon boundary (context)
sus_scrofa	IIIb	IIIb	XM_084993068.1	XP_084849194.1	841	coding_exon_end	exon 3 (CDS3)	171	Ig2	Ig-like	190	267	start	19	between_domains	architecture_supported	figure3C_native	keep	coding-exon boundary (context)
sus_scrofa	IIIb	IIIb	XM_084993068.1	XP_084849194.1	841	coding_exon_start	exon 4 (CDS4)	171	Ig2	Ig-like	190	267	start	19	between_domains	architecture_supported	figure3C_native	keep	coding-exon boundary (context)
sus_scrofa	IIIb	IIIb	XM_084993068.1	XP_084849194.1	841	coding_exon_end	exon 4 (CDS4)	227	Ig2	Ig-like	190	267	start	37	within_domain	architecture_supported	figure3C_native	keep	coding-exon boundary (context)
sus_scrofa	IIIb	IIIb	XM_084993068.1	XP_084849194.1	841	coding_exon_start	exon 5 (CDS5)	228	Ig2	Ig-like	190	267	start	38	within_domain	architecture_supported	figure3C_native	keep	coding-exon boundary (context)
sus_scrofa	IIIb	IIIb	XM_084993068.1	XP_084849194.1	841	coding_exon_end	exon 5 (CDS5)	269	Ig2	Ig-like	190	267	end	2	aligned_to_domain_boundary	architecture_supported	figure3C_native	keep	coding-exon boundary (context)
sus_scrofa	IIIb	IIIb	XM_084993068.1	XP_084849194.1	841	coding_exon_start	exon 6 (CDS6)	269	Ig2	Ig-like	190	267	end	2	aligned_to_domain_boundary	architecture_supported	figure3C_native	keep	coding-exon boundary (context)
sus_scrofa	IIIb	IIIb	XM_084993068.1	XP_084849194.1	841	coding_exon_end	exon 6 (CDS6)	332	Ig3	Ig-like	282	376	end	44	within_domain	architecture_supported	figure3C_native	keep	coding-exon boundary (context)
sus_scrofa	IIIb	IIIb	XM_084993068.1	XP_084849194.1	841	coding_exon_start	exon 8 (CDS8)	381	Ig3	Ig-like	282	376	end	5	near_domain_boundary	architecture_supported	figure3C_native	keep	coding-exon boundary (context)
sus_scrofa	IIIb	IIIb	XM_084993068.1	XP_084849194.1	841	coding_exon_end	exon 8 (CDS8)	449	kinase	kinase	457	781	start	8	near_domain_boundary	architecture_supported	figure3C_native	keep	coding-exon boundary (context)
sus_scrofa	IIIb	IIIb	XM_084993068.1	XP_084849194.1	841	coding_exon_start	exon 9 (CDS9)	449	kinase	kinase	457	781	start	8	near_domain_boundary	architecture_supported	figure3C_native	keep	coding-exon boundary (context)
sus_scrofa	IIIb	IIIb	XM_084993068.1	XP_084849194.1	841	coding_exon_end	exon 9 (CDS9)	499	kinase	kinase	457	781	start	42	within_domain	architecture_supported	figure3C_native	keep	coding-exon boundary (context)
sus_scrofa	IIIb	IIIb	XM_084993068.1	XP_084849194.1	841	coding_exon_start	exon 10 (CDS10)	499	kinase	kinase	457	781	start	42	within_domain	architecture_supported	figure3C_native	keep	coding-exon boundary (context)
sus_scrofa	IIIb	IIIb	XM_084993068.1	XP_084849194.1	841	coding_exon_end	exon 10 (CDS10)	540	kinase	kinase	457	781	start	83	within_domain	architecture_supported	figure3C_native	keep	coding-exon boundary (context)
sus_scrofa	IIIb	IIIb	XM_084993068.1	XP_084849194.1	841	coding_exon_start	exon 11 (CDS11)	540	kinase	kinase	457	781	start	83	within_domain	architecture_supported	figure3C_native	keep	coding-exon boundary (context)
sus_scrofa	IIIb	IIIb	XM_084993068.1	XP_084849194.1	841	coding_exon_end	exon 11 (CDS11)	577	kinase	kinase	457	781	start	120	within_domain	architecture_supported	figure3C_native	keep	coding-exon boundary (context)
sus_scrofa	IIIb	IIIb	XM_084993068.1	XP_084849194.1	841	coding_exon_start	exon 12 (CDS12)	577	kinase	kinase	457	781	start	120	within_domain	architecture_supported	figure3C_native	keep	coding-exon boundary (context)
sus_scrofa	IIIb	IIIb	XM_084993068.1	XP_084849194.1	841	coding_exon_end	exon 12 (CDS12)	640	kinase	kinase	457	781	end	141	within_domain	architecture_supported	figure3C_native	keep	coding-exon boundary (context)
sus_scrofa	IIIb	IIIb	XM_084993068.1	XP_084849194.1	841	coding_exon_start	exon 13 (CDS13)	641	kinase	kinase	457	781	end	140	within_domain	architecture_supported	figure3C_native	keep	coding-exon boundary (context)
sus_scrofa	IIIb	IIIb	XM_084993068.1	XP_084849194.1	841	coding_exon_end	exon 13 (CDS13)	681	kinase	kinase	457	781	end	100	within_domain	architecture_supported	figure3C_native	keep	coding-exon boundary (context)
sus_scrofa	IIIb	IIIb	XM_084993068.1	XP_084849194.1	841	coding_exon_start	exon 14 (CDS14)	682	kinase	kinase	457	781	end	99	within_domain	architecture_supported	figure3C_native	keep	coding-exon boundary (context)
sus_scrofa	IIIb	IIIb	XM_084993068.1	XP_084849194.1	841	coding_exon_end	exon 14 (CDS14)	705	kinase	kinase	457	781	end	76	within_domain	architecture_supported	figure3C_native	keep	coding-exon boundary (context)
sus_scrofa	IIIb	IIIb	XM_084993068.1	XP_084849194.1	841	coding_exon_start	exon 15 (CDS15)	705	kinase	kinase	457	781	end	76	within_domain	architecture_supported	figure3C_native	keep	coding-exon boundary (context)
sus_scrofa	IIIb	IIIb	XM_084993068.1	XP_084849194.1	841	coding_exon_end	exon 15 (CDS15)	751	kinase	kinase	457	781	end	30	within_domain	architecture_supported	figure3C_native	keep	coding-exon boundary (context)
sus_scrofa	IIIb	IIIb	XM_084993068.1	XP_084849194.1	841	coding_exon_start	exon 16 (CDS16)	751	kinase	kinase	457	781	end	30	within_domain	architecture_supported	figure3C_native	keep	coding-exon boundary (context)
sus_scrofa	IIIb	IIIb	XM_084993068.1	XP_084849194.1	841	coding_exon_end	exon 16 (CDS16)	786	kinase	kinase	457	781	end	5	near_domain_boundary	architecture_supported	figure3C_native	keep	coding-exon boundary (context)
sus_scrofa	IIIb	IIIb	XM_084993068.1	XP_084849194.1	841	coding_exon_start	exon 17 (CDS17)	787	kinase	kinase	457	781	end	6	near_domain_boundary	architecture_supported	figure3C_native	keep	coding-exon boundary (context)
sus_scrofa	IIIb	IIIb	XM_084993068.1	XP_084849194.1	841	coding_exon_end	exon 17 (CDS17)	841	kinase	kinase	457	781	end	60	between_domains	architecture_supported	figure3C_native	keep	coding-exon boundary (context)
sus_scrofa	IIIc	IIIc	XM_084993071.1	XP_084849197.1	840	cassette_start	exon 7 (IIIc cassette)	333	Ig3	Ig-like	285	365	end	32	within_domain	architecture_supported	minor_length_clamped	clamp_to_protein_length_with_minor_flag	cassette boundary (primary thesis metric)
sus_scrofa	IIIc	IIIc	XM_084993071.1	XP_084849197.1	840	cassette_end	exon 7 (IIIc cassette)	382	TM	TM	393	415	start	11	near_domain_boundary	architecture_supported	minor_length_clamped	clamp_to_protein_length_with_minor_flag	cassette boundary (primary thesis metric)
sus_scrofa	IIIc	IIIc	XM_084993071.1	XP_084849197.1	840	coding_exon_start	exon 1 (CDS1)	1	Ig1	Ig-like	64	128	start	63	between_domains	architecture_supported	minor_length_clamped	clamp_to_protein_length_with_minor_flag	coding-exon boundary (context)
sus_scrofa	IIIc	IIIc	XM_084993071.1	XP_084849197.1	840	coding_exon_end	exon 1 (CDS1)	56	Ig1	Ig-like	64	128	start	8	near_domain_boundary	architecture_supported	minor_length_clamped	clamp_to_protein_length_with_minor_flag	coding-exon boundary (context)
sus_scrofa	IIIc	IIIc	XM_084993071.1	XP_084849197.1	840	coding_exon_start	exon 2 (CDS2)	56	Ig1	Ig-like	64	128	start	8	near_domain_boundary	architecture_supported	minor_length_clamped	clamp_to_protein_length_with_minor_flag	coding-exon boundary (context)
sus_scrofa	IIIc	IIIc	XM_084993071.1	XP_084849197.1	840	coding_exon_end	exon 2 (CDS2)	145	Ig1	Ig-like	64	128	end	17	between_domains	architecture_supported	minor_length_clamped	clamp_to_protein_length_with_minor_flag	coding-exon boundary (context)
sus_scrofa	IIIc	IIIc	XM_084993071.1	XP_084849197.1	840	coding_exon_start	exon 3 (CDS3)	145	Ig1	Ig-like	64	128	end	17	between_domains	architecture_supported	minor_length_clamped	clamp_to_protein_length_with_minor_flag	coding-exon boundary (context)
sus_scrofa	IIIc	IIIc	XM_084993071.1	XP_084849197.1	840	coding_exon_end	exon 3 (CDS3)	171	Ig2	Ig-like	190	267	start	19	between_domains	architecture_supported	minor_length_clamped	clamp_to_protein_length_with_minor_flag	coding-exon boundary (context)
sus_scrofa	IIIc	IIIc	XM_084993071.1	XP_084849197.1	840	coding_exon_start	exon 4 (CDS4)	171	Ig2	Ig-like	190	267	start	19	between_domains	architecture_supported	minor_length_clamped	clamp_to_protein_length_with_minor_flag	coding-exon boundary (context)
sus_scrofa	IIIc	IIIc	XM_084993071.1	XP_084849197.1	840	coding_exon_end	exon 4 (CDS4)	227	Ig2	Ig-like	190	267	start	37	within_domain	architecture_supported	minor_length_clamped	clamp_to_protein_length_with_minor_flag	coding-exon boundary (context)
sus_scrofa	IIIc	IIIc	XM_084993071.1	XP_084849197.1	840	coding_exon_start	exon 5 (CDS5)	228	Ig2	Ig-like	190	267	start	38	within_domain	architecture_supported	minor_length_clamped	clamp_to_protein_length_with_minor_flag	coding-exon boundary (context)
sus_scrofa	IIIc	IIIc	XM_084993071.1	XP_084849197.1	840	coding_exon_end	exon 5 (CDS5)	269	Ig2	Ig-like	190	267	end	2	aligned_to_domain_boundary	architecture_supported	minor_length_clamped	clamp_to_protein_length_with_minor_flag	coding-exon boundary (context)
sus_scrofa	IIIc	IIIc	XM_084993071.1	XP_084849197.1	840	coding_exon_start	exon 6 (CDS6)	269	Ig2	Ig-like	190	267	end	2	aligned_to_domain_boundary	architecture_supported	minor_length_clamped	clamp_to_protein_length_with_minor_flag	coding-exon boundary (context)
sus_scrofa	IIIc	IIIc	XM_084993071.1	XP_084849197.1	840	coding_exon_end	exon 6 (CDS6)	332	Ig3	Ig-like	285	365	end	33	within_domain	architecture_supported	minor_length_clamped	clamp_to_protein_length_with_minor_flag	coding-exon boundary (context)
sus_scrofa	IIIc	IIIc	XM_084993071.1	XP_084849197.1	840	coding_exon_start	exon 8 (CDS8)	382	TM	TM	393	415	start	11	near_domain_boundary	architecture_supported	minor_length_clamped	clamp_to_protein_length_with_minor_flag	coding-exon boundary (context)
sus_scrofa	IIIc	IIIc	XM_084993071.1	XP_084849197.1	840	coding_exon_end	exon 8 (CDS8)	450	kinase	kinase	456	780	start	6	near_domain_boundary	architecture_supported	minor_length_clamped	clamp_to_protein_length_with_minor_flag	coding-exon boundary (context)
sus_scrofa	IIIc	IIIc	XM_084993071.1	XP_084849197.1	840	coding_exon_start	exon 9 (CDS9)	450	kinase	kinase	456	780	start	6	near_domain_boundary	architecture_supported	minor_length_clamped	clamp_to_protein_length_with_minor_flag	coding-exon boundary (context)
sus_scrofa	IIIc	IIIc	XM_084993071.1	XP_084849197.1	840	coding_exon_end	exon 9 (CDS9)	500	kinase	kinase	456	780	start	44	within_domain	architecture_supported	minor_length_clamped	clamp_to_protein_length_with_minor_flag	coding-exon boundary (context)
sus_scrofa	IIIc	IIIc	XM_084993071.1	XP_084849197.1	840	coding_exon_start	exon 10 (CDS10)	500	kinase	kinase	456	780	start	44	within_domain	architecture_supported	minor_length_clamped	clamp_to_protein_length_with_minor_flag	coding-exon boundary (context)
sus_scrofa	IIIc	IIIc	XM_084993071.1	XP_084849197.1	840	coding_exon_end	exon 10 (CDS10)	541	kinase	kinase	456	780	start	85	within_domain	architecture_supported	minor_length_clamped	clamp_to_protein_length_with_minor_flag	coding-exon boundary (context)
sus_scrofa	IIIc	IIIc	XM_084993071.1	XP_084849197.1	840	coding_exon_start	exon 11 (CDS11)	541	kinase	kinase	456	780	start	85	within_domain	architecture_supported	minor_length_clamped	clamp_to_protein_length_with_minor_flag	coding-exon boundary (context)
sus_scrofa	IIIc	IIIc	XM_084993071.1	XP_084849197.1	840	coding_exon_end	exon 11 (CDS11)	578	kinase	kinase	456	780	start	122	within_domain	architecture_supported	minor_length_clamped	clamp_to_protein_length_with_minor_flag	coding-exon boundary (context)
sus_scrofa	IIIc	IIIc	XM_084993071.1	XP_084849197.1	840	coding_exon_start	exon 12 (CDS12)	578	kinase	kinase	456	780	start	122	within_domain	architecture_supported	minor_length_clamped	clamp_to_protein_length_with_minor_flag	coding-exon boundary (context)
sus_scrofa	IIIc	IIIc	XM_084993071.1	XP_084849197.1	840	coding_exon_end	exon 12 (CDS12)	641	kinase	kinase	456	780	end	139	within_domain	architecture_supported	minor_length_clamped	clamp_to_protein_length_with_minor_flag	coding-exon boundary (context)
sus_scrofa	IIIc	IIIc	XM_084993071.1	XP_084849197.1	840	coding_exon_start	exon 13 (CDS13)	642	kinase	kinase	456	780	end	138	within_domain	architecture_supported	minor_length_clamped	clamp_to_protein_length_with_minor_flag	coding-exon boundary (context)
sus_scrofa	IIIc	IIIc	XM_084993071.1	XP_084849197.1	840	coding_exon_end	exon 13 (CDS13)	682	kinase	kinase	456	780	end	98	within_domain	architecture_supported	minor_length_clamped	clamp_to_protein_length_with_minor_flag	coding-exon boundary (context)
sus_scrofa	IIIc	IIIc	XM_084993071.1	XP_084849197.1	840	coding_exon_start	exon 14 (CDS14)	683	kinase	kinase	456	780	end	97	within_domain	architecture_supported	minor_length_clamped	clamp_to_protein_length_with_minor_flag	coding-exon boundary (context)
sus_scrofa	IIIc	IIIc	XM_084993071.1	XP_084849197.1	840	coding_exon_end	exon 14 (CDS14)	706	kinase	kinase	456	780	end	74	within_domain	architecture_supported	minor_length_clamped	clamp_to_protein_length_with_minor_flag	coding-exon boundary (context)
sus_scrofa	IIIc	IIIc	XM_084993071.1	XP_084849197.1	840	coding_exon_start	exon 15 (CDS15)	706	kinase	kinase	456	780	end	74	within_domain	architecture_supported	minor_length_clamped	clamp_to_protein_length_with_minor_flag	coding-exon boundary (context)
sus_scrofa	IIIc	IIIc	XM_084993071.1	XP_084849197.1	840	coding_exon_end	exon 15 (CDS15)	752	kinase	kinase	456	780	end	28	within_domain	architecture_supported	minor_length_clamped	clamp_to_protein_length_with_minor_flag	coding-exon boundary (context)
sus_scrofa	IIIc	IIIc	XM_084993071.1	XP_084849197.1	840	coding_exon_start	exon 16 (CDS16)	752	kinase	kinase	456	780	end	28	within_domain	architecture_supported	minor_length_clamped	clamp_to_protein_length_with_minor_flag	coding-exon boundary (context)
sus_scrofa	IIIc	IIIc	XM_084993071.1	XP_084849197.1	840	coding_exon_end	exon 16 (CDS16)	787	kinase	kinase	456	780	end	7	near_domain_boundary	architecture_supported	minor_length_clamped	clamp_to_protein_length_with_minor_flag	coding-exon boundary (context)
sus_scrofa	IIIc	IIIc	XM_084993071.1	XP_084849197.1	840	coding_exon_start	exon 17 (CDS17)	788	kinase	kinase	456	780	end	8	near_domain_boundary	architecture_supported	minor_length_clamped	clamp_to_protein_length_with_minor_flag	coding-exon boundary (context)
sus_scrofa	IIIc	IIIc	XM_084993071.1	XP_084849197.1	840	coding_exon_end	exon 17 (CDS17)	840	kinase	kinase	456	780	end	60	between_domains	architecture_supported	minor_length_clamped	clamp_to_protein_length_with_minor_flag	coding-exon boundary (context)
taeniopygia_guttata	IIIb	IIIb	XM_072931307.1	XP_072787408.1	891	cassette_start	exon 8 (IIIb cassette)	383	Ig3	Ig-like	332	426	end	43	within_domain	architecture_supported_with_minor_flags	figure3C_native	keep	cassette boundary (primary thesis metric)
taeniopygia_guttata	IIIb	IIIb	XM_072931307.1	XP_072787408.1	891	cassette_end	exon 8 (IIIb cassette)	431	Ig3	Ig-like	332	426	end	5	near_domain_boundary	architecture_supported_with_minor_flags	figure3C_native	keep	cassette boundary (primary thesis metric)
taeniopygia_guttata	IIIb	IIIb	XM_072931307.1	XP_072787408.1	891	coding_exon_start	exon 1 (CDS1)	1	Ig1	Ig-like	115	179	start	114	between_domains	architecture_supported_with_minor_flags	figure3C_native	keep	coding-exon boundary (context)
taeniopygia_guttata	IIIb	IIIb	XM_072931307.1	XP_072787408.1	891	coding_exon_end	exon 1 (CDS1)	21	Ig1	Ig-like	115	179	start	94	between_domains	architecture_supported_with_minor_flags	figure3C_native	keep	coding-exon boundary (context)
taeniopygia_guttata	IIIb	IIIb	XM_072931307.1	XP_072787408.1	891	coding_exon_start	exon 2 (CDS2)	21	Ig1	Ig-like	115	179	start	94	between_domains	architecture_supported_with_minor_flags	figure3C_native	keep	coding-exon boundary (context)
taeniopygia_guttata	IIIb	IIIb	XM_072931307.1	XP_072787408.1	891	coding_exon_end	exon 2 (CDS2)	107	Ig1	Ig-like	115	179	start	8	near_domain_boundary	architecture_supported_with_minor_flags	figure3C_native	keep	coding-exon boundary (context)
taeniopygia_guttata	IIIb	IIIb	XM_072931307.1	XP_072787408.1	891	coding_exon_start	exon 3 (CDS3)	107	Ig1	Ig-like	115	179	start	8	near_domain_boundary	architecture_supported_with_minor_flags	figure3C_native	keep	coding-exon boundary (context)
taeniopygia_guttata	IIIb	IIIb	XM_072931307.1	XP_072787408.1	891	coding_exon_end	exon 3 (CDS3)	196	Ig1	Ig-like	115	179	end	17	between_domains	architecture_supported_with_minor_flags	figure3C_native	keep	coding-exon boundary (context)
taeniopygia_guttata	IIIb	IIIb	XM_072931307.1	XP_072787408.1	891	coding_exon_start	exon 4 (CDS4)	196	Ig1	Ig-like	115	179	end	17	between_domains	architecture_supported_with_minor_flags	figure3C_native	keep	coding-exon boundary (context)
taeniopygia_guttata	IIIb	IIIb	XM_072931307.1	XP_072787408.1	891	coding_exon_end	exon 4 (CDS4)	221	Ig2	Ig-like	240	317	start	19	between_domains	architecture_supported_with_minor_flags	figure3C_native	keep	coding-exon boundary (context)
taeniopygia_guttata	IIIb	IIIb	XM_072931307.1	XP_072787408.1	891	coding_exon_start	exon 5 (CDS5)	221	Ig2	Ig-like	240	317	start	19	between_domains	architecture_supported_with_minor_flags	figure3C_native	keep	coding-exon boundary (context)
taeniopygia_guttata	IIIb	IIIb	XM_072931307.1	XP_072787408.1	891	coding_exon_end	exon 5 (CDS5)	277	Ig2	Ig-like	240	317	start	37	within_domain	architecture_supported_with_minor_flags	figure3C_native	keep	coding-exon boundary (context)
taeniopygia_guttata	IIIb	IIIb	XM_072931307.1	XP_072787408.1	891	coding_exon_start	exon 6 (CDS6)	278	Ig2	Ig-like	240	317	start	38	within_domain	architecture_supported_with_minor_flags	figure3C_native	keep	coding-exon boundary (context)
taeniopygia_guttata	IIIb	IIIb	XM_072931307.1	XP_072787408.1	891	coding_exon_end	exon 6 (CDS6)	319	Ig2	Ig-like	240	317	end	2	aligned_to_domain_boundary	architecture_supported_with_minor_flags	figure3C_native	keep	coding-exon boundary (context)
taeniopygia_guttata	IIIb	IIIb	XM_072931307.1	XP_072787408.1	891	coding_exon_start	exon 7 (CDS7)	319	Ig2	Ig-like	240	317	end	2	aligned_to_domain_boundary	architecture_supported_with_minor_flags	figure3C_native	keep	coding-exon boundary (context)
taeniopygia_guttata	IIIb	IIIb	XM_072931307.1	XP_072787408.1	891	coding_exon_end	exon 7 (CDS7)	382	Ig3	Ig-like	332	426	end	44	within_domain	architecture_supported_with_minor_flags	figure3C_native	keep	coding-exon boundary (context)
taeniopygia_guttata	IIIb	IIIb	XM_072931307.1	XP_072787408.1	891	coding_exon_start	exon 9 (CDS9)	431	Ig3	Ig-like	332	426	end	5	near_domain_boundary	architecture_supported_with_minor_flags	figure3C_native	keep	coding-exon boundary (context)
taeniopygia_guttata	IIIb	IIIb	XM_072931307.1	XP_072787408.1	891	coding_exon_end	exon 9 (CDS9)	499	kinase	kinase	507	840	start	8	near_domain_boundary	architecture_supported_with_minor_flags	figure3C_native	keep	coding-exon boundary (context)
taeniopygia_guttata	IIIb	IIIb	XM_072931307.1	XP_072787408.1	891	coding_exon_start	exon 10 (CDS10)	499	kinase	kinase	507	840	start	8	near_domain_boundary	architecture_supported_with_minor_flags	figure3C_native	keep	coding-exon boundary (context)
taeniopygia_guttata	IIIb	IIIb	XM_072931307.1	XP_072787408.1	891	coding_exon_end	exon 10 (CDS10)	549	kinase	kinase	507	840	start	42	within_domain	architecture_supported_with_minor_flags	figure3C_native	keep	coding-exon boundary (context)
taeniopygia_guttata	IIIb	IIIb	XM_072931307.1	XP_072787408.1	891	coding_exon_start	exon 11 (CDS11)	549	kinase	kinase	507	840	start	42	within_domain	architecture_supported_with_minor_flags	figure3C_native	keep	coding-exon boundary (context)
taeniopygia_guttata	IIIb	IIIb	XM_072931307.1	XP_072787408.1	891	coding_exon_end	exon 11 (CDS11)	590	kinase	kinase	507	840	start	83	within_domain	architecture_supported_with_minor_flags	figure3C_native	keep	coding-exon boundary (context)
taeniopygia_guttata	IIIb	IIIb	XM_072931307.1	XP_072787408.1	891	coding_exon_start	exon 12 (CDS12)	590	kinase	kinase	507	840	start	83	within_domain	architecture_supported_with_minor_flags	figure3C_native	keep	coding-exon boundary (context)
taeniopygia_guttata	IIIb	IIIb	XM_072931307.1	XP_072787408.1	891	coding_exon_end	exon 12 (CDS12)	627	kinase	kinase	507	840	start	120	within_domain	architecture_supported_with_minor_flags	figure3C_native	keep	coding-exon boundary (context)
taeniopygia_guttata	IIIb	IIIb	XM_072931307.1	XP_072787408.1	891	coding_exon_start	exon 13 (CDS13)	627	kinase	kinase	507	840	start	120	within_domain	architecture_supported_with_minor_flags	figure3C_native	keep	coding-exon boundary (context)
taeniopygia_guttata	IIIb	IIIb	XM_072931307.1	XP_072787408.1	891	coding_exon_end	exon 13 (CDS13)	690	kinase	kinase	507	840	end	150	within_domain	architecture_supported_with_minor_flags	figure3C_native	keep	coding-exon boundary (context)
taeniopygia_guttata	IIIb	IIIb	XM_072931307.1	XP_072787408.1	891	coding_exon_start	exon 14 (CDS14)	691	kinase	kinase	507	840	end	149	within_domain	architecture_supported_with_minor_flags	figure3C_native	keep	coding-exon boundary (context)
taeniopygia_guttata	IIIb	IIIb	XM_072931307.1	XP_072787408.1	891	coding_exon_end	exon 14 (CDS14)	731	kinase	kinase	507	840	end	109	within_domain	architecture_supported_with_minor_flags	figure3C_native	keep	coding-exon boundary (context)
taeniopygia_guttata	IIIb	IIIb	XM_072931307.1	XP_072787408.1	891	coding_exon_start	exon 15 (CDS15)	732	kinase	kinase	507	840	end	108	within_domain	architecture_supported_with_minor_flags	figure3C_native	keep	coding-exon boundary (context)
taeniopygia_guttata	IIIb	IIIb	XM_072931307.1	XP_072787408.1	891	coding_exon_end	exon 15 (CDS15)	755	kinase	kinase	507	840	end	85	within_domain	architecture_supported_with_minor_flags	figure3C_native	keep	coding-exon boundary (context)
taeniopygia_guttata	IIIb	IIIb	XM_072931307.1	XP_072787408.1	891	coding_exon_start	exon 16 (CDS16)	755	kinase	kinase	507	840	end	85	within_domain	architecture_supported_with_minor_flags	figure3C_native	keep	coding-exon boundary (context)
taeniopygia_guttata	IIIb	IIIb	XM_072931307.1	XP_072787408.1	891	coding_exon_end	exon 16 (CDS16)	801	kinase	kinase	507	840	end	39	within_domain	architecture_supported_with_minor_flags	figure3C_native	keep	coding-exon boundary (context)
taeniopygia_guttata	IIIb	IIIb	XM_072931307.1	XP_072787408.1	891	coding_exon_start	exon 17 (CDS17)	801	kinase	kinase	507	840	end	39	within_domain	architecture_supported_with_minor_flags	figure3C_native	keep	coding-exon boundary (context)
taeniopygia_guttata	IIIb	IIIb	XM_072931307.1	XP_072787408.1	891	coding_exon_end	exon 17 (CDS17)	836	kinase	kinase	507	840	end	4	near_domain_boundary	architecture_supported_with_minor_flags	figure3C_native	keep	coding-exon boundary (context)
taeniopygia_guttata	IIIb	IIIb	XM_072931307.1	XP_072787408.1	891	coding_exon_start	exon 18 (CDS18)	837	kinase	kinase	507	840	end	3	aligned_to_domain_boundary	architecture_supported_with_minor_flags	figure3C_native	keep	coding-exon boundary (context)
taeniopygia_guttata	IIIb	IIIb	XM_072931307.1	XP_072787408.1	891	coding_exon_end	exon 18 (CDS18)	891	kinase	kinase	507	840	end	51	between_domains	architecture_supported_with_minor_flags	figure3C_native	keep	coding-exon boundary (context)
taeniopygia_guttata	IIIc	IIIc	XM_072931308.1	XP_072787409.1	890	cassette_start	exon 8 (IIIc cassette)	383	Ig3	Ig-like	334	415	end	32	within_domain	architecture_supported_with_minor_flags	minor_length_clamped	clamp_to_protein_length_with_minor_flag	cassette boundary (primary thesis metric)
taeniopygia_guttata	IIIc	IIIc	XM_072931308.1	XP_072787409.1	890	cassette_end	exon 8 (IIIc cassette)	432	TM	TM	443	465	start	11	near_domain_boundary	architecture_supported_with_minor_flags	minor_length_clamped	clamp_to_protein_length_with_minor_flag	cassette boundary (primary thesis metric)
taeniopygia_guttata	IIIc	IIIc	XM_072931308.1	XP_072787409.1	890	coding_exon_start	exon 1 (CDS1)	1	Ig1	Ig-like	115	179	start	114	between_domains	architecture_supported_with_minor_flags	minor_length_clamped	clamp_to_protein_length_with_minor_flag	coding-exon boundary (context)
taeniopygia_guttata	IIIc	IIIc	XM_072931308.1	XP_072787409.1	890	coding_exon_end	exon 1 (CDS1)	21	Ig1	Ig-like	115	179	start	94	between_domains	architecture_supported_with_minor_flags	minor_length_clamped	clamp_to_protein_length_with_minor_flag	coding-exon boundary (context)
taeniopygia_guttata	IIIc	IIIc	XM_072931308.1	XP_072787409.1	890	coding_exon_start	exon 2 (CDS2)	21	Ig1	Ig-like	115	179	start	94	between_domains	architecture_supported_with_minor_flags	minor_length_clamped	clamp_to_protein_length_with_minor_flag	coding-exon boundary (context)
taeniopygia_guttata	IIIc	IIIc	XM_072931308.1	XP_072787409.1	890	coding_exon_end	exon 2 (CDS2)	107	Ig1	Ig-like	115	179	start	8	near_domain_boundary	architecture_supported_with_minor_flags	minor_length_clamped	clamp_to_protein_length_with_minor_flag	coding-exon boundary (context)
taeniopygia_guttata	IIIc	IIIc	XM_072931308.1	XP_072787409.1	890	coding_exon_start	exon 3 (CDS3)	107	Ig1	Ig-like	115	179	start	8	near_domain_boundary	architecture_supported_with_minor_flags	minor_length_clamped	clamp_to_protein_length_with_minor_flag	coding-exon boundary (context)
taeniopygia_guttata	IIIc	IIIc	XM_072931308.1	XP_072787409.1	890	coding_exon_end	exon 3 (CDS3)	196	Ig1	Ig-like	115	179	end	17	between_domains	architecture_supported_with_minor_flags	minor_length_clamped	clamp_to_protein_length_with_minor_flag	coding-exon boundary (context)
taeniopygia_guttata	IIIc	IIIc	XM_072931308.1	XP_072787409.1	890	coding_exon_start	exon 4 (CDS4)	196	Ig1	Ig-like	115	179	end	17	between_domains	architecture_supported_with_minor_flags	minor_length_clamped	clamp_to_protein_length_with_minor_flag	coding-exon boundary (context)
taeniopygia_guttata	IIIc	IIIc	XM_072931308.1	XP_072787409.1	890	coding_exon_end	exon 4 (CDS4)	221	Ig2	Ig-like	240	317	start	19	between_domains	architecture_supported_with_minor_flags	minor_length_clamped	clamp_to_protein_length_with_minor_flag	coding-exon boundary (context)
taeniopygia_guttata	IIIc	IIIc	XM_072931308.1	XP_072787409.1	890	coding_exon_start	exon 5 (CDS5)	221	Ig2	Ig-like	240	317	start	19	between_domains	architecture_supported_with_minor_flags	minor_length_clamped	clamp_to_protein_length_with_minor_flag	coding-exon boundary (context)
taeniopygia_guttata	IIIc	IIIc	XM_072931308.1	XP_072787409.1	890	coding_exon_end	exon 5 (CDS5)	277	Ig2	Ig-like	240	317	start	37	within_domain	architecture_supported_with_minor_flags	minor_length_clamped	clamp_to_protein_length_with_minor_flag	coding-exon boundary (context)
taeniopygia_guttata	IIIc	IIIc	XM_072931308.1	XP_072787409.1	890	coding_exon_start	exon 6 (CDS6)	278	Ig2	Ig-like	240	317	start	38	within_domain	architecture_supported_with_minor_flags	minor_length_clamped	clamp_to_protein_length_with_minor_flag	coding-exon boundary (context)
taeniopygia_guttata	IIIc	IIIc	XM_072931308.1	XP_072787409.1	890	coding_exon_end	exon 6 (CDS6)	319	Ig2	Ig-like	240	317	end	2	aligned_to_domain_boundary	architecture_supported_with_minor_flags	minor_length_clamped	clamp_to_protein_length_with_minor_flag	coding-exon boundary (context)
taeniopygia_guttata	IIIc	IIIc	XM_072931308.1	XP_072787409.1	890	coding_exon_start	exon 7 (CDS7)	319	Ig2	Ig-like	240	317	end	2	aligned_to_domain_boundary	architecture_supported_with_minor_flags	minor_length_clamped	clamp_to_protein_length_with_minor_flag	coding-exon boundary (context)
taeniopygia_guttata	IIIc	IIIc	XM_072931308.1	XP_072787409.1	890	coding_exon_end	exon 7 (CDS7)	382	Ig3	Ig-like	334	415	end	33	within_domain	architecture_supported_with_minor_flags	minor_length_clamped	clamp_to_protein_length_with_minor_flag	coding-exon boundary (context)
taeniopygia_guttata	IIIc	IIIc	XM_072931308.1	XP_072787409.1	890	coding_exon_start	exon 9 (CDS9)	432	TM	TM	443	465	start	11	near_domain_boundary	architecture_supported_with_minor_flags	minor_length_clamped	clamp_to_protein_length_with_minor_flag	coding-exon boundary (context)
taeniopygia_guttata	IIIc	IIIc	XM_072931308.1	XP_072787409.1	890	coding_exon_end	exon 9 (CDS9)	500	kinase	kinase	506	839	start	6	near_domain_boundary	architecture_supported_with_minor_flags	minor_length_clamped	clamp_to_protein_length_with_minor_flag	coding-exon boundary (context)
taeniopygia_guttata	IIIc	IIIc	XM_072931308.1	XP_072787409.1	890	coding_exon_start	exon 10 (CDS10)	500	kinase	kinase	506	839	start	6	near_domain_boundary	architecture_supported_with_minor_flags	minor_length_clamped	clamp_to_protein_length_with_minor_flag	coding-exon boundary (context)
taeniopygia_guttata	IIIc	IIIc	XM_072931308.1	XP_072787409.1	890	coding_exon_end	exon 10 (CDS10)	550	kinase	kinase	506	839	start	44	within_domain	architecture_supported_with_minor_flags	minor_length_clamped	clamp_to_protein_length_with_minor_flag	coding-exon boundary (context)
taeniopygia_guttata	IIIc	IIIc	XM_072931308.1	XP_072787409.1	890	coding_exon_start	exon 11 (CDS11)	550	kinase	kinase	506	839	start	44	within_domain	architecture_supported_with_minor_flags	minor_length_clamped	clamp_to_protein_length_with_minor_flag	coding-exon boundary (context)
taeniopygia_guttata	IIIc	IIIc	XM_072931308.1	XP_072787409.1	890	coding_exon_end	exon 11 (CDS11)	591	kinase	kinase	506	839	start	85	within_domain	architecture_supported_with_minor_flags	minor_length_clamped	clamp_to_protein_length_with_minor_flag	coding-exon boundary (context)
taeniopygia_guttata	IIIc	IIIc	XM_072931308.1	XP_072787409.1	890	coding_exon_start	exon 12 (CDS12)	591	kinase	kinase	506	839	start	85	within_domain	architecture_supported_with_minor_flags	minor_length_clamped	clamp_to_protein_length_with_minor_flag	coding-exon boundary (context)
taeniopygia_guttata	IIIc	IIIc	XM_072931308.1	XP_072787409.1	890	coding_exon_end	exon 12 (CDS12)	628	kinase	kinase	506	839	start	122	within_domain	architecture_supported_with_minor_flags	minor_length_clamped	clamp_to_protein_length_with_minor_flag	coding-exon boundary (context)
taeniopygia_guttata	IIIc	IIIc	XM_072931308.1	XP_072787409.1	890	coding_exon_start	exon 13 (CDS13)	628	kinase	kinase	506	839	start	122	within_domain	architecture_supported_with_minor_flags	minor_length_clamped	clamp_to_protein_length_with_minor_flag	coding-exon boundary (context)
taeniopygia_guttata	IIIc	IIIc	XM_072931308.1	XP_072787409.1	890	coding_exon_end	exon 13 (CDS13)	691	kinase	kinase	506	839	end	148	within_domain	architecture_supported_with_minor_flags	minor_length_clamped	clamp_to_protein_length_with_minor_flag	coding-exon boundary (context)
taeniopygia_guttata	IIIc	IIIc	XM_072931308.1	XP_072787409.1	890	coding_exon_start	exon 14 (CDS14)	692	kinase	kinase	506	839	end	147	within_domain	architecture_supported_with_minor_flags	minor_length_clamped	clamp_to_protein_length_with_minor_flag	coding-exon boundary (context)
taeniopygia_guttata	IIIc	IIIc	XM_072931308.1	XP_072787409.1	890	coding_exon_end	exon 14 (CDS14)	732	kinase	kinase	506	839	end	107	within_domain	architecture_supported_with_minor_flags	minor_length_clamped	clamp_to_protein_length_with_minor_flag	coding-exon boundary (context)
taeniopygia_guttata	IIIc	IIIc	XM_072931308.1	XP_072787409.1	890	coding_exon_start	exon 15 (CDS15)	733	kinase	kinase	506	839	end	106	within_domain	architecture_supported_with_minor_flags	minor_length_clamped	clamp_to_protein_length_with_minor_flag	coding-exon boundary (context)
taeniopygia_guttata	IIIc	IIIc	XM_072931308.1	XP_072787409.1	890	coding_exon_end	exon 15 (CDS15)	756	kinase	kinase	506	839	end	83	within_domain	architecture_supported_with_minor_flags	minor_length_clamped	clamp_to_protein_length_with_minor_flag	coding-exon boundary (context)
taeniopygia_guttata	IIIc	IIIc	XM_072931308.1	XP_072787409.1	890	coding_exon_start	exon 16 (CDS16)	756	kinase	kinase	506	839	end	83	within_domain	architecture_supported_with_minor_flags	minor_length_clamped	clamp_to_protein_length_with_minor_flag	coding-exon boundary (context)
taeniopygia_guttata	IIIc	IIIc	XM_072931308.1	XP_072787409.1	890	coding_exon_end	exon 16 (CDS16)	802	kinase	kinase	506	839	end	37	within_domain	architecture_supported_with_minor_flags	minor_length_clamped	clamp_to_protein_length_with_minor_flag	coding-exon boundary (context)
taeniopygia_guttata	IIIc	IIIc	XM_072931308.1	XP_072787409.1	890	coding_exon_start	exon 17 (CDS17)	802	kinase	kinase	506	839	end	37	within_domain	architecture_supported_with_minor_flags	minor_length_clamped	clamp_to_protein_length_with_minor_flag	coding-exon boundary (context)
taeniopygia_guttata	IIIc	IIIc	XM_072931308.1	XP_072787409.1	890	coding_exon_end	exon 17 (CDS17)	837	kinase	kinase	506	839	end	2	aligned_to_domain_boundary	architecture_supported_with_minor_flags	minor_length_clamped	clamp_to_protein_length_with_minor_flag	coding-exon boundary (context)
taeniopygia_guttata	IIIc	IIIc	XM_072931308.1	XP_072787409.1	890	coding_exon_start	exon 18 (CDS18)	838	kinase	kinase	506	839	end	1	aligned_to_domain_boundary	architecture_supported_with_minor_flags	minor_length_clamped	clamp_to_protein_length_with_minor_flag	coding-exon boundary (context)
taeniopygia_guttata	IIIc	IIIc	XM_072931308.1	XP_072787409.1	890	coding_exon_end	exon 18 (CDS18)	890	kinase	kinase	506	839	end	51	between_domains	architecture_supported_with_minor_flags	minor_length_clamped	clamp_to_protein_length_with_minor_flag	coding-exon boundary (context)
takifugu_rubripes	IIIb	IIIb	ENSTRUT00000045298	ENSTRUP00000045146	836	cassette_start	exon 8 (CDS8)	302	Ig3	Ig-like	285	379	start	17	within_domain	architecture_supported_with_minor_flags	native_exon_blocks_reconstructed	reconstruct_from_native_cds	cassette boundary (primary thesis metric)
takifugu_rubripes	IIIb	IIIb	ENSTRUT00000045298	ENSTRUP00000045146	836	cassette_end	exon 8 (CDS8)	343	Ig3	Ig-like	285	379	end	36	within_domain	architecture_supported_with_minor_flags	native_exon_blocks_reconstructed	reconstruct_from_native_cds	cassette boundary (primary thesis metric)
takifugu_rubripes	IIIb	IIIb	ENSTRUT00000045298	ENSTRUP00000045146	836	coding_exon_start	exon 1 (CDS1)	1	Ig1	Ig-like	71	132	start	70	between_domains	architecture_supported_with_minor_flags	native_exon_blocks_reconstructed	reconstruct_from_native_cds	coding-exon boundary (context)
takifugu_rubripes	IIIb	IIIb	ENSTRUT00000045298	ENSTRUP00000045146	836	coding_exon_end	exon 1 (CDS1)	55	Ig1	Ig-like	71	132	start	16	between_domains	architecture_supported_with_minor_flags	native_exon_blocks_reconstructed	reconstruct_from_native_cds	coding-exon boundary (context)
takifugu_rubripes	IIIb	IIIb	ENSTRUT00000045298	ENSTRUP00000045146	836	coding_exon_start	exon 2 (CDS2)	56	Ig1	Ig-like	71	132	start	15	near_domain_boundary	architecture_supported_with_minor_flags	native_exon_blocks_reconstructed	reconstruct_from_native_cds	coding-exon boundary (context)
takifugu_rubripes	IIIb	IIIb	ENSTRUT00000045298	ENSTRUP00000045146	836	coding_exon_end	exon 2 (CDS2)	91	Ig1	Ig-like	71	132	start	20	within_domain	architecture_supported_with_minor_flags	native_exon_blocks_reconstructed	reconstruct_from_native_cds	coding-exon boundary (context)
takifugu_rubripes	IIIb	IIIb	ENSTRUT00000045298	ENSTRUP00000045146	836	coding_exon_start	exon 3 (CDS3)	91	Ig1	Ig-like	71	132	start	20	within_domain	architecture_supported_with_minor_flags	native_exon_blocks_reconstructed	reconstruct_from_native_cds	coding-exon boundary (context)
takifugu_rubripes	IIIb	IIIb	ENSTRUT00000045298	ENSTRUP00000045146	836	coding_exon_end	exon 3 (CDS3)	137	Ig1	Ig-like	71	132	end	5	near_domain_boundary	architecture_supported_with_minor_flags	native_exon_blocks_reconstructed	reconstruct_from_native_cds	coding-exon boundary (context)
takifugu_rubripes	IIIb	IIIb	ENSTRUT00000045298	ENSTRUP00000045146	836	coding_exon_start	exon 4 (CDS4)	137	Ig1	Ig-like	71	132	end	5	near_domain_boundary	architecture_supported_with_minor_flags	native_exon_blocks_reconstructed	reconstruct_from_native_cds	coding-exon boundary (context)
takifugu_rubripes	IIIb	IIIb	ENSTRUT00000045298	ENSTRUP00000045146	836	coding_exon_end	exon 4 (CDS4)	160	Ig1	Ig-like	71	132	end	28	between_domains	architecture_supported_with_minor_flags	native_exon_blocks_reconstructed	reconstruct_from_native_cds	coding-exon boundary (context)
takifugu_rubripes	IIIb	IIIb	ENSTRUT00000045298	ENSTRUP00000045146	836	coding_exon_start	exon 5 (CDS5)	161	Ig1	Ig-like	71	132	end	29	between_domains	architecture_supported_with_minor_flags	native_exon_blocks_reconstructed	reconstruct_from_native_cds	coding-exon boundary (context)
takifugu_rubripes	IIIb	IIIb	ENSTRUT00000045298	ENSTRUP00000045146	836	coding_exon_end	exon 5 (CDS5)	201	Ig2	Ig-like	192	270	start	9	near_domain_boundary	architecture_supported_with_minor_flags	native_exon_blocks_reconstructed	reconstruct_from_native_cds	coding-exon boundary (context)
takifugu_rubripes	IIIb	IIIb	ENSTRUT00000045298	ENSTRUP00000045146	836	coding_exon_start	exon 6 (CDS6)	202	Ig2	Ig-like	192	270	start	10	near_domain_boundary	architecture_supported_with_minor_flags	native_exon_blocks_reconstructed	reconstruct_from_native_cds	coding-exon boundary (context)
takifugu_rubripes	IIIb	IIIb	ENSTRUT00000045298	ENSTRUP00000045146	836	coding_exon_end	exon 6 (CDS6)	265	Ig2	Ig-like	192	270	end	5	near_domain_boundary	architecture_supported_with_minor_flags	native_exon_blocks_reconstructed	reconstruct_from_native_cds	coding-exon boundary (context)
takifugu_rubripes	IIIb	IIIb	ENSTRUT00000045298	ENSTRUP00000045146	836	coding_exon_start	exon 7 (CDS7)	265	Ig2	Ig-like	192	270	end	5	near_domain_boundary	architecture_supported_with_minor_flags	native_exon_blocks_reconstructed	reconstruct_from_native_cds	coding-exon boundary (context)
takifugu_rubripes	IIIb	IIIb	ENSTRUT00000045298	ENSTRUP00000045146	836	coding_exon_end	exon 7 (CDS7)	302	Ig3	Ig-like	285	379	start	17	within_domain	architecture_supported_with_minor_flags	native_exon_blocks_reconstructed	reconstruct_from_native_cds	coding-exon boundary (context)
takifugu_rubripes	IIIb	IIIb	ENSTRUT00000045298	ENSTRUP00000045146	836	coding_exon_start	exon 9 (CDS9)	343	Ig3	Ig-like	285	379	end	36	within_domain	architecture_supported_with_minor_flags	native_exon_blocks_reconstructed	reconstruct_from_native_cds	coding-exon boundary (context)
takifugu_rubripes	IIIb	IIIb	ENSTRUT00000045298	ENSTRUP00000045146	836	coding_exon_end	exon 9 (CDS9)	389	TM	TM	393	415	start	4	near_domain_boundary	architecture_supported_with_minor_flags	native_exon_blocks_reconstructed	reconstruct_from_native_cds	coding-exon boundary (context)
takifugu_rubripes	IIIb	IIIb	ENSTRUT00000045298	ENSTRUP00000045146	836	coding_exon_start	exon 10 (CDS10)	390	TM	TM	393	415	start	3	aligned_to_domain_boundary	architecture_supported_with_minor_flags	native_exon_blocks_reconstructed	reconstruct_from_native_cds	coding-exon boundary (context)
takifugu_rubripes	IIIb	IIIb	ENSTRUT00000045298	ENSTRUP00000045146	836	coding_exon_end	exon 10 (CDS10)	456	kinase	kinase	454	785	start	2	aligned_to_domain_boundary	architecture_supported_with_minor_flags	native_exon_blocks_reconstructed	reconstruct_from_native_cds	coding-exon boundary (context)
takifugu_rubripes	IIIb	IIIb	ENSTRUT00000045298	ENSTRUP00000045146	836	coding_exon_start	exon 11 (CDS11)	456	kinase	kinase	454	785	start	2	aligned_to_domain_boundary	architecture_supported_with_minor_flags	native_exon_blocks_reconstructed	reconstruct_from_native_cds	coding-exon boundary (context)
takifugu_rubripes	IIIb	IIIb	ENSTRUT00000045298	ENSTRUP00000045146	836	coding_exon_end	exon 11 (CDS11)	502	kinase	kinase	454	785	start	48	within_domain	architecture_supported_with_minor_flags	native_exon_blocks_reconstructed	reconstruct_from_native_cds	coding-exon boundary (context)
takifugu_rubripes	IIIb	IIIb	ENSTRUT00000045298	ENSTRUP00000045146	836	coding_exon_start	exon 12 (CDS12)	503	kinase	kinase	454	785	start	49	within_domain	architecture_supported_with_minor_flags	native_exon_blocks_reconstructed	reconstruct_from_native_cds	coding-exon boundary (context)
takifugu_rubripes	IIIb	IIIb	ENSTRUT00000045298	ENSTRUP00000045146	836	coding_exon_end	exon 12 (CDS12)	566	kinase	kinase	454	785	start	112	within_domain	architecture_supported_with_minor_flags	native_exon_blocks_reconstructed	reconstruct_from_native_cds	coding-exon boundary (context)
takifugu_rubripes	IIIb	IIIb	ENSTRUT00000045298	ENSTRUP00000045146	836	coding_exon_start	exon 13 (CDS13)	566	kinase	kinase	454	785	start	112	within_domain	architecture_supported_with_minor_flags	native_exon_blocks_reconstructed	reconstruct_from_native_cds	coding-exon boundary (context)
takifugu_rubripes	IIIb	IIIb	ENSTRUT00000045298	ENSTRUP00000045146	836	coding_exon_end	exon 13 (CDS13)	607	kinase	kinase	454	785	start	153	within_domain	architecture_supported_with_minor_flags	native_exon_blocks_reconstructed	reconstruct_from_native_cds	coding-exon boundary (context)
takifugu_rubripes	IIIb	IIIb	ENSTRUT00000045298	ENSTRUP00000045146	836	coding_exon_start	exon 14 (CDS14)	608	kinase	kinase	454	785	start	154	within_domain	architecture_supported_with_minor_flags	native_exon_blocks_reconstructed	reconstruct_from_native_cds	coding-exon boundary (context)
takifugu_rubripes	IIIb	IIIb	ENSTRUT00000045298	ENSTRUP00000045146	836	coding_exon_end	exon 14 (CDS14)	666	kinase	kinase	454	785	end	119	within_domain	architecture_supported_with_minor_flags	native_exon_blocks_reconstructed	reconstruct_from_native_cds	coding-exon boundary (context)
takifugu_rubripes	IIIb	IIIb	ENSTRUT00000045298	ENSTRUP00000045146	836	coding_exon_start	exon 15 (CDS15)	666	kinase	kinase	454	785	end	119	within_domain	architecture_supported_with_minor_flags	native_exon_blocks_reconstructed	reconstruct_from_native_cds	coding-exon boundary (context)
takifugu_rubripes	IIIb	IIIb	ENSTRUT00000045298	ENSTRUP00000045146	836	coding_exon_end	exon 15 (CDS15)	691	kinase	kinase	454	785	end	94	within_domain	architecture_supported_with_minor_flags	native_exon_blocks_reconstructed	reconstruct_from_native_cds	coding-exon boundary (context)
takifugu_rubripes	IIIb	IIIb	ENSTRUT00000045298	ENSTRUP00000045146	836	coding_exon_start	exon 16 (CDS16)	691	kinase	kinase	454	785	end	94	within_domain	architecture_supported_with_minor_flags	native_exon_blocks_reconstructed	reconstruct_from_native_cds	coding-exon boundary (context)
takifugu_rubripes	IIIb	IIIb	ENSTRUT00000045298	ENSTRUP00000045146	836	coding_exon_end	exon 16 (CDS16)	777	kinase	kinase	454	785	end	8	near_domain_boundary	architecture_supported_with_minor_flags	native_exon_blocks_reconstructed	reconstruct_from_native_cds	coding-exon boundary (context)
takifugu_rubripes	IIIb	IIIb	ENSTRUT00000045298	ENSTRUP00000045146	836	coding_exon_start	exon 17 (CDS17)	777	kinase	kinase	454	785	end	8	near_domain_boundary	architecture_supported_with_minor_flags	native_exon_blocks_reconstructed	reconstruct_from_native_cds	coding-exon boundary (context)
takifugu_rubripes	IIIb	IIIb	ENSTRUT00000045298	ENSTRUP00000045146	836	coding_exon_end	exon 17 (CDS17)	836	kinase	kinase	454	785	end	51	between_domains	architecture_supported_with_minor_flags	native_exon_blocks_reconstructed	reconstruct_from_native_cds	coding-exon boundary (context)
takifugu_rubripes	IIIc	IIIc	ENSTRUT00000045297	ENSTRUP00000045145	838	cassette_start	exon 9 (IIIc cassette)	343	Ig3	Ig-like	285	381	end	38	within_domain	architecture_supported_with_minor_flags	figure3C_native	keep	cassette boundary (primary thesis metric)
takifugu_rubripes	IIIc	IIIc	ENSTRUT00000045297	ENSTRUP00000045145	838	cassette_end	exon 9 (IIIc cassette)	389	TM	TM	395	417	start	6	near_domain_boundary	architecture_supported_with_minor_flags	figure3C_native	keep	cassette boundary (primary thesis metric)
takifugu_rubripes	IIIc	IIIc	ENSTRUT00000045297	ENSTRUP00000045145	838	coding_exon_start	exon 1 (CDS1)	1	Ig1	Ig-like	71	132	start	70	between_domains	architecture_supported_with_minor_flags	figure3C_native	keep	coding-exon boundary (context)
takifugu_rubripes	IIIc	IIIc	ENSTRUT00000045297	ENSTRUP00000045145	838	coding_exon_end	exon 1 (CDS1)	55	Ig1	Ig-like	71	132	start	16	between_domains	architecture_supported_with_minor_flags	figure3C_native	keep	coding-exon boundary (context)
takifugu_rubripes	IIIc	IIIc	ENSTRUT00000045297	ENSTRUP00000045145	838	coding_exon_start	exon 2 (CDS2)	56	Ig1	Ig-like	71	132	start	15	near_domain_boundary	architecture_supported_with_minor_flags	figure3C_native	keep	coding-exon boundary (context)
takifugu_rubripes	IIIc	IIIc	ENSTRUT00000045297	ENSTRUP00000045145	838	coding_exon_end	exon 2 (CDS2)	91	Ig1	Ig-like	71	132	start	20	within_domain	architecture_supported_with_minor_flags	figure3C_native	keep	coding-exon boundary (context)
takifugu_rubripes	IIIc	IIIc	ENSTRUT00000045297	ENSTRUP00000045145	838	coding_exon_start	exon 3 (CDS3)	91	Ig1	Ig-like	71	132	start	20	within_domain	architecture_supported_with_minor_flags	figure3C_native	keep	coding-exon boundary (context)
takifugu_rubripes	IIIc	IIIc	ENSTRUT00000045297	ENSTRUP00000045145	838	coding_exon_end	exon 3 (CDS3)	137	Ig1	Ig-like	71	132	end	5	near_domain_boundary	architecture_supported_with_minor_flags	figure3C_native	keep	coding-exon boundary (context)
takifugu_rubripes	IIIc	IIIc	ENSTRUT00000045297	ENSTRUP00000045145	838	coding_exon_start	exon 4 (CDS4)	137	Ig1	Ig-like	71	132	end	5	near_domain_boundary	architecture_supported_with_minor_flags	figure3C_native	keep	coding-exon boundary (context)
takifugu_rubripes	IIIc	IIIc	ENSTRUT00000045297	ENSTRUP00000045145	838	coding_exon_end	exon 4 (CDS4)	160	Ig1	Ig-like	71	132	end	28	between_domains	architecture_supported_with_minor_flags	figure3C_native	keep	coding-exon boundary (context)
takifugu_rubripes	IIIc	IIIc	ENSTRUT00000045297	ENSTRUP00000045145	838	coding_exon_start	exon 5 (CDS5)	161	Ig1	Ig-like	71	132	end	29	between_domains	architecture_supported_with_minor_flags	figure3C_native	keep	coding-exon boundary (context)
takifugu_rubripes	IIIc	IIIc	ENSTRUT00000045297	ENSTRUP00000045145	838	coding_exon_end	exon 5 (CDS5)	201	Ig2	Ig-like	192	270	start	9	near_domain_boundary	architecture_supported_with_minor_flags	figure3C_native	keep	coding-exon boundary (context)
takifugu_rubripes	IIIc	IIIc	ENSTRUT00000045297	ENSTRUP00000045145	838	coding_exon_start	exon 6 (CDS6)	202	Ig2	Ig-like	192	270	start	10	near_domain_boundary	architecture_supported_with_minor_flags	figure3C_native	keep	coding-exon boundary (context)
takifugu_rubripes	IIIc	IIIc	ENSTRUT00000045297	ENSTRUP00000045145	838	coding_exon_end	exon 6 (CDS6)	265	Ig2	Ig-like	192	270	end	5	near_domain_boundary	architecture_supported_with_minor_flags	figure3C_native	keep	coding-exon boundary (context)
takifugu_rubripes	IIIc	IIIc	ENSTRUT00000045297	ENSTRUP00000045145	838	coding_exon_start	exon 7 (CDS7)	265	Ig2	Ig-like	192	270	end	5	near_domain_boundary	architecture_supported_with_minor_flags	figure3C_native	keep	coding-exon boundary (context)
takifugu_rubripes	IIIc	IIIc	ENSTRUT00000045297	ENSTRUP00000045145	838	coding_exon_end	exon 7 (CDS7)	302	Ig3	Ig-like	285	381	start	17	within_domain	architecture_supported_with_minor_flags	figure3C_native	keep	coding-exon boundary (context)
takifugu_rubripes	IIIc	IIIc	ENSTRUT00000045297	ENSTRUP00000045145	838	coding_exon_start	exon 8 (CDS8)	302	Ig3	Ig-like	285	381	start	17	within_domain	architecture_supported_with_minor_flags	figure3C_native	keep	coding-exon boundary (context)
takifugu_rubripes	IIIc	IIIc	ENSTRUT00000045297	ENSTRUP00000045145	838	coding_exon_end	exon 8 (CDS8)	343	Ig3	Ig-like	285	381	end	38	within_domain	architecture_supported_with_minor_flags	figure3C_native	keep	coding-exon boundary (context)
takifugu_rubripes	IIIc	IIIc	ENSTRUT00000045297	ENSTRUP00000045145	838	coding_exon_start	exon 10 (CDS10)	390	TM	TM	395	417	start	5	near_domain_boundary	architecture_supported_with_minor_flags	figure3C_native	keep	coding-exon boundary (context)
takifugu_rubripes	IIIc	IIIc	ENSTRUT00000045297	ENSTRUP00000045145	838	coding_exon_end	exon 10 (CDS10)	456	kinase	kinase	456	787	start	0	aligned_to_domain_boundary	architecture_supported_with_minor_flags	figure3C_native	keep	coding-exon boundary (context)
takifugu_rubripes	IIIc	IIIc	ENSTRUT00000045297	ENSTRUP00000045145	838	coding_exon_start	exon 11 (CDS11)	456	kinase	kinase	456	787	start	0	aligned_to_domain_boundary	architecture_supported_with_minor_flags	figure3C_native	keep	coding-exon boundary (context)
takifugu_rubripes	IIIc	IIIc	ENSTRUT00000045297	ENSTRUP00000045145	838	coding_exon_end	exon 11 (CDS11)	502	kinase	kinase	456	787	start	46	within_domain	architecture_supported_with_minor_flags	figure3C_native	keep	coding-exon boundary (context)
takifugu_rubripes	IIIc	IIIc	ENSTRUT00000045297	ENSTRUP00000045145	838	coding_exon_start	exon 12 (CDS12)	503	kinase	kinase	456	787	start	47	within_domain	architecture_supported_with_minor_flags	figure3C_native	keep	coding-exon boundary (context)
takifugu_rubripes	IIIc	IIIc	ENSTRUT00000045297	ENSTRUP00000045145	838	coding_exon_end	exon 12 (CDS12)	566	kinase	kinase	456	787	start	110	within_domain	architecture_supported_with_minor_flags	figure3C_native	keep	coding-exon boundary (context)
takifugu_rubripes	IIIc	IIIc	ENSTRUT00000045297	ENSTRUP00000045145	838	coding_exon_start	exon 13 (CDS13)	566	kinase	kinase	456	787	start	110	within_domain	architecture_supported_with_minor_flags	figure3C_native	keep	coding-exon boundary (context)
takifugu_rubripes	IIIc	IIIc	ENSTRUT00000045297	ENSTRUP00000045145	838	coding_exon_end	exon 13 (CDS13)	607	kinase	kinase	456	787	start	151	within_domain	architecture_supported_with_minor_flags	figure3C_native	keep	coding-exon boundary (context)
takifugu_rubripes	IIIc	IIIc	ENSTRUT00000045297	ENSTRUP00000045145	838	coding_exon_start	exon 14 (CDS14)	608	kinase	kinase	456	787	start	152	within_domain	architecture_supported_with_minor_flags	figure3C_native	keep	coding-exon boundary (context)
takifugu_rubripes	IIIc	IIIc	ENSTRUT00000045297	ENSTRUP00000045145	838	coding_exon_end	exon 14 (CDS14)	666	kinase	kinase	456	787	end	121	within_domain	architecture_supported_with_minor_flags	figure3C_native	keep	coding-exon boundary (context)
takifugu_rubripes	IIIc	IIIc	ENSTRUT00000045297	ENSTRUP00000045145	838	coding_exon_start	exon 15 (CDS15)	666	kinase	kinase	456	787	end	121	within_domain	architecture_supported_with_minor_flags	figure3C_native	keep	coding-exon boundary (context)
takifugu_rubripes	IIIc	IIIc	ENSTRUT00000045297	ENSTRUP00000045145	838	coding_exon_end	exon 15 (CDS15)	691	kinase	kinase	456	787	end	96	within_domain	architecture_supported_with_minor_flags	figure3C_native	keep	coding-exon boundary (context)
takifugu_rubripes	IIIc	IIIc	ENSTRUT00000045297	ENSTRUP00000045145	838	coding_exon_start	exon 16 (CDS16)	691	kinase	kinase	456	787	end	96	within_domain	architecture_supported_with_minor_flags	figure3C_native	keep	coding-exon boundary (context)
takifugu_rubripes	IIIc	IIIc	ENSTRUT00000045297	ENSTRUP00000045145	838	coding_exon_end	exon 16 (CDS16)	777	kinase	kinase	456	787	end	10	near_domain_boundary	architecture_supported_with_minor_flags	figure3C_native	keep	coding-exon boundary (context)
takifugu_rubripes	IIIc	IIIc	ENSTRUT00000045297	ENSTRUP00000045145	838	coding_exon_start	exon 17 (CDS17)	777	kinase	kinase	456	787	end	10	near_domain_boundary	architecture_supported_with_minor_flags	figure3C_native	keep	coding-exon boundary (context)
takifugu_rubripes	IIIc	IIIc	ENSTRUT00000045297	ENSTRUP00000045145	838	coding_exon_end	exon 17 (CDS17)	837	kinase	kinase	456	787	end	50	between_domains	architecture_supported_with_minor_flags	figure3C_native	keep	coding-exon boundary (context)
xenopus_tropicalis	IIIb	IIIb	ENSXETT00000078335	ENSXETP00000087394	832	cassette_start	IIIb cassette (validated reference)	326	Ig3	Ig-like	274	368	end	42	within_domain	architecture_supported_with_minor_flags	native_exon_blocks_reconstructed	keep	cassette boundary (primary thesis metric)
xenopus_tropicalis	IIIb	IIIb	ENSXETT00000078335	ENSXETP00000087394	832	cassette_end	IIIb cassette (validated reference)	368	Ig3	Ig-like	274	368	end	0	aligned_to_domain_boundary	architecture_supported_with_minor_flags	native_exon_blocks_reconstructed	keep	cassette boundary (primary thesis metric)
xenopus_tropicalis	IIIb	IIIb	ENSXETT00000078335	ENSXETP00000087394	832	coding_exon_start	exon 1 (CDS1)	1	Ig1	Ig-like	68	129	start	67	between_domains	architecture_supported_with_minor_flags	native_exon_blocks_reconstructed	keep	coding-exon boundary (context)
xenopus_tropicalis	IIIb	IIIb	ENSXETT00000078335	ENSXETP00000087394	832	coding_exon_end	exon 1 (CDS1)	53	Ig1	Ig-like	68	129	start	15	near_domain_boundary	architecture_supported_with_minor_flags	native_exon_blocks_reconstructed	keep	coding-exon boundary (context)
xenopus_tropicalis	IIIb	IIIb	ENSXETT00000078335	ENSXETP00000087394	832	coding_exon_start	exon 2 (CDS2)	53	Ig1	Ig-like	68	129	start	15	near_domain_boundary	architecture_supported_with_minor_flags	native_exon_blocks_reconstructed	keep	coding-exon boundary (context)
xenopus_tropicalis	IIIb	IIIb	ENSXETT00000078335	ENSXETP00000087394	832	coding_exon_end	exon 2 (CDS2)	138	Ig1	Ig-like	68	129	end	9	near_domain_boundary	architecture_supported_with_minor_flags	native_exon_blocks_reconstructed	keep	coding-exon boundary (context)
xenopus_tropicalis	IIIb	IIIb	ENSXETT00000078335	ENSXETP00000087394	832	coding_exon_start	exon 3 (CDS3)	138	Ig1	Ig-like	68	129	end	9	near_domain_boundary	architecture_supported_with_minor_flags	native_exon_blocks_reconstructed	keep	coding-exon boundary (context)
xenopus_tropicalis	IIIb	IIIb	ENSXETT00000078335	ENSXETP00000087394	832	coding_exon_end	exon 3 (CDS3)	163	Ig2	Ig-like	181	259	start	18	between_domains	architecture_supported_with_minor_flags	native_exon_blocks_reconstructed	keep	coding-exon boundary (context)
xenopus_tropicalis	IIIb	IIIb	ENSXETT00000078335	ENSXETP00000087394	832	coding_exon_start	exon 4 (CDS4)	163	Ig2	Ig-like	181	259	start	18	between_domains	architecture_supported_with_minor_flags	native_exon_blocks_reconstructed	keep	coding-exon boundary (context)
xenopus_tropicalis	IIIb	IIIb	ENSXETT00000078335	ENSXETP00000087394	832	coding_exon_end	exon 4 (CDS4)	219	Ig2	Ig-like	181	259	start	38	within_domain	architecture_supported_with_minor_flags	native_exon_blocks_reconstructed	keep	coding-exon boundary (context)
xenopus_tropicalis	IIIb	IIIb	ENSXETT00000078335	ENSXETP00000087394	832	coding_exon_start	exon 5 (CDS5)	220	Ig2	Ig-like	181	259	start	39	within_domain	architecture_supported_with_minor_flags	native_exon_blocks_reconstructed	keep	coding-exon boundary (context)
xenopus_tropicalis	IIIb	IIIb	ENSXETT00000078335	ENSXETP00000087394	832	coding_exon_end	exon 5 (CDS5)	261	Ig2	Ig-like	181	259	end	2	aligned_to_domain_boundary	architecture_supported_with_minor_flags	native_exon_blocks_reconstructed	keep	coding-exon boundary (context)
xenopus_tropicalis	IIIb	IIIb	ENSXETT00000078335	ENSXETP00000087394	832	coding_exon_start	exon 6 (CDS6)	261	Ig2	Ig-like	181	259	end	2	aligned_to_domain_boundary	architecture_supported_with_minor_flags	native_exon_blocks_reconstructed	keep	coding-exon boundary (context)
xenopus_tropicalis	IIIb	IIIb	ENSXETT00000078335	ENSXETP00000087394	832	coding_exon_end	exon 6 (CDS6)	324	Ig3	Ig-like	274	368	end	44	within_domain	architecture_supported_with_minor_flags	native_exon_blocks_reconstructed	keep	coding-exon boundary (context)
xenopus_tropicalis	IIIb	IIIb	ENSXETT00000078335	ENSXETP00000087394	832	coding_exon_start	exon 7 (CDS7)	325	Ig3	Ig-like	274	368	end	43	within_domain	architecture_supported_with_minor_flags	native_exon_blocks_reconstructed	keep	coding-exon boundary (context)
xenopus_tropicalis	IIIb	IIIb	ENSXETT00000078335	ENSXETP00000087394	832	coding_exon_end	exon 7 (CDS7)	373	Ig3	Ig-like	274	368	end	5	near_domain_boundary	architecture_supported_with_minor_flags	native_exon_blocks_reconstructed	keep	coding-exon boundary (context)
xenopus_tropicalis	IIIb	IIIb	ENSXETT00000078335	ENSXETP00000087394	832	coding_exon_start	exon 8 (CDS8)	373	Ig3	Ig-like	274	368	end	5	near_domain_boundary	architecture_supported_with_minor_flags	native_exon_blocks_reconstructed	keep	coding-exon boundary (context)
xenopus_tropicalis	IIIb	IIIb	ENSXETT00000078335	ENSXETP00000087394	832	coding_exon_end	exon 8 (CDS8)	438	kinase	kinase	446	779	start	8	near_domain_boundary	architecture_supported_with_minor_flags	native_exon_blocks_reconstructed	keep	coding-exon boundary (context)
xenopus_tropicalis	IIIb	IIIb	ENSXETT00000078335	ENSXETP00000087394	832	coding_exon_start	exon 9 (CDS9)	439	kinase	kinase	446	779	start	7	near_domain_boundary	architecture_supported_with_minor_flags	native_exon_blocks_reconstructed	keep	coding-exon boundary (context)
xenopus_tropicalis	IIIb	IIIb	ENSXETT00000078335	ENSXETP00000087394	832	coding_exon_end	exon 9 (CDS9)	489	kinase	kinase	446	779	start	43	within_domain	architecture_supported_with_minor_flags	native_exon_blocks_reconstructed	keep	coding-exon boundary (context)
xenopus_tropicalis	IIIb	IIIb	ENSXETT00000078335	ENSXETP00000087394	832	coding_exon_start	exon 10 (CDS10)	489	kinase	kinase	446	779	start	43	within_domain	architecture_supported_with_minor_flags	native_exon_blocks_reconstructed	keep	coding-exon boundary (context)
xenopus_tropicalis	IIIb	IIIb	ENSXETT00000078335	ENSXETP00000087394	832	coding_exon_end	exon 10 (CDS10)	530	kinase	kinase	446	779	start	84	within_domain	architecture_supported_with_minor_flags	native_exon_blocks_reconstructed	keep	coding-exon boundary (context)
xenopus_tropicalis	IIIb	IIIb	ENSXETT00000078335	ENSXETP00000087394	832	coding_exon_start	exon 11 (CDS11)	530	kinase	kinase	446	779	start	84	within_domain	architecture_supported_with_minor_flags	native_exon_blocks_reconstructed	keep	coding-exon boundary (context)
xenopus_tropicalis	IIIb	IIIb	ENSXETT00000078335	ENSXETP00000087394	832	coding_exon_end	exon 11 (CDS11)	567	kinase	kinase	446	779	start	121	within_domain	architecture_supported_with_minor_flags	native_exon_blocks_reconstructed	keep	coding-exon boundary (context)
xenopus_tropicalis	IIIb	IIIb	ENSXETT00000078335	ENSXETP00000087394	832	coding_exon_start	exon 12 (CDS12)	567	kinase	kinase	446	779	start	121	within_domain	architecture_supported_with_minor_flags	native_exon_blocks_reconstructed	keep	coding-exon boundary (context)
xenopus_tropicalis	IIIb	IIIb	ENSXETT00000078335	ENSXETP00000087394	832	coding_exon_end	exon 12 (CDS12)	630	kinase	kinase	446	779	end	149	within_domain	architecture_supported_with_minor_flags	native_exon_blocks_reconstructed	keep	coding-exon boundary (context)
xenopus_tropicalis	IIIb	IIIb	ENSXETT00000078335	ENSXETP00000087394	832	coding_exon_start	exon 13 (CDS13)	631	kinase	kinase	446	779	end	148	within_domain	architecture_supported_with_minor_flags	native_exon_blocks_reconstructed	keep	coding-exon boundary (context)
xenopus_tropicalis	IIIb	IIIb	ENSXETT00000078335	ENSXETP00000087394	832	coding_exon_end	exon 13 (CDS13)	671	kinase	kinase	446	779	end	108	within_domain	architecture_supported_with_minor_flags	native_exon_blocks_reconstructed	keep	coding-exon boundary (context)
xenopus_tropicalis	IIIb	IIIb	ENSXETT00000078335	ENSXETP00000087394	832	coding_exon_start	exon 14 (CDS14)	672	kinase	kinase	446	779	end	107	within_domain	architecture_supported_with_minor_flags	native_exon_blocks_reconstructed	keep	coding-exon boundary (context)
xenopus_tropicalis	IIIb	IIIb	ENSXETT00000078335	ENSXETP00000087394	832	coding_exon_end	exon 14 (CDS14)	695	kinase	kinase	446	779	end	84	within_domain	architecture_supported_with_minor_flags	native_exon_blocks_reconstructed	keep	coding-exon boundary (context)
xenopus_tropicalis	IIIb	IIIb	ENSXETT00000078335	ENSXETP00000087394	832	coding_exon_start	exon 15 (CDS15)	695	kinase	kinase	446	779	end	84	within_domain	architecture_supported_with_minor_flags	native_exon_blocks_reconstructed	keep	coding-exon boundary (context)
xenopus_tropicalis	IIIb	IIIb	ENSXETT00000078335	ENSXETP00000087394	832	coding_exon_end	exon 15 (CDS15)	741	kinase	kinase	446	779	end	38	within_domain	architecture_supported_with_minor_flags	native_exon_blocks_reconstructed	keep	coding-exon boundary (context)
xenopus_tropicalis	IIIb	IIIb	ENSXETT00000078335	ENSXETP00000087394	832	coding_exon_start	exon 16 (CDS16)	741	kinase	kinase	446	779	end	38	within_domain	architecture_supported_with_minor_flags	native_exon_blocks_reconstructed	keep	coding-exon boundary (context)
xenopus_tropicalis	IIIb	IIIb	ENSXETT00000078335	ENSXETP00000087394	832	coding_exon_end	exon 16 (CDS16)	776	kinase	kinase	446	779	end	3	aligned_to_domain_boundary	architecture_supported_with_minor_flags	native_exon_blocks_reconstructed	keep	coding-exon boundary (context)
xenopus_tropicalis	IIIb	IIIb	ENSXETT00000078335	ENSXETP00000087394	832	coding_exon_start	exon 17 (CDS17)	777	kinase	kinase	446	779	end	2	aligned_to_domain_boundary	architecture_supported_with_minor_flags	native_exon_blocks_reconstructed	keep	coding-exon boundary (context)
xenopus_tropicalis	IIIb	IIIb	ENSXETT00000078335	ENSXETP00000087394	832	coding_exon_end	exon 17 (CDS17)	832	kinase	kinase	446	779	end	53	between_domains	architecture_supported_with_minor_flags	native_exon_blocks_reconstructed	keep	coding-exon boundary (context)
xenopus_tropicalis	IIIc	IIIc	ENSXETT00000071733	ENSXETP00000069725	910	cassette_start	exon 7 (IIIc cassette)	325	Ig2	Ig-like	257	335	end	10	near_domain_boundary	architecture_supported_with_minor_flags	figure3C_native	keep	cassette boundary (primary thesis metric)
xenopus_tropicalis	IIIc	IIIc	ENSXETT00000071733	ENSXETP00000069725	910	cassette_end	exon 7 (IIIc cassette)	373	Ig3	Ig-like	350	446	start	23	within_domain	architecture_supported_with_minor_flags	figure3C_native	keep	cassette boundary (primary thesis metric)
xenopus_tropicalis	IIIc	IIIc	ENSXETT00000071733	ENSXETP00000069725	910	coding_exon_start	exon 1 (CDS1)	1	Ig1	Ig-like	144	205	start	143	between_domains	architecture_supported_with_minor_flags	figure3C_native	keep	coding-exon boundary (context)
xenopus_tropicalis	IIIc	IIIc	ENSXETT00000071733	ENSXETP00000069725	910	coding_exon_end	exon 1 (CDS1)	53	Ig1	Ig-like	144	205	start	91	between_domains	architecture_supported_with_minor_flags	figure3C_native	keep	coding-exon boundary (context)
xenopus_tropicalis	IIIc	IIIc	ENSXETT00000071733	ENSXETP00000069725	910	coding_exon_start	exon 2 (CDS2)	53	Ig1	Ig-like	144	205	start	91	between_domains	architecture_supported_with_minor_flags	figure3C_native	keep	coding-exon boundary (context)
xenopus_tropicalis	IIIc	IIIc	ENSXETT00000071733	ENSXETP00000069725	910	coding_exon_end	exon 2 (CDS2)	138	Ig1	Ig-like	144	205	start	6	near_domain_boundary	architecture_supported_with_minor_flags	figure3C_native	keep	coding-exon boundary (context)
xenopus_tropicalis	IIIc	IIIc	ENSXETT00000071733	ENSXETP00000069725	910	coding_exon_start	exon 3 (CDS3)	138	Ig1	Ig-like	144	205	start	6	near_domain_boundary	architecture_supported_with_minor_flags	figure3C_native	keep	coding-exon boundary (context)
xenopus_tropicalis	IIIc	IIIc	ENSXETT00000071733	ENSXETP00000069725	910	coding_exon_end	exon 3 (CDS3)	163	Ig1	Ig-like	144	205	start	19	within_domain	architecture_supported_with_minor_flags	figure3C_native	keep	coding-exon boundary (context)
xenopus_tropicalis	IIIc	IIIc	ENSXETT00000071733	ENSXETP00000069725	910	coding_exon_start	exon 4 (CDS4)	163	Ig1	Ig-like	144	205	start	19	within_domain	architecture_supported_with_minor_flags	figure3C_native	keep	coding-exon boundary (context)
xenopus_tropicalis	IIIc	IIIc	ENSXETT00000071733	ENSXETP00000069725	910	coding_exon_end	exon 4 (CDS4)	219	Ig1	Ig-like	144	205	end	14	near_domain_boundary	architecture_supported_with_minor_flags	figure3C_native	keep	coding-exon boundary (context)
xenopus_tropicalis	IIIc	IIIc	ENSXETT00000071733	ENSXETP00000069725	910	coding_exon_start	exon 5 (CDS5)	220	Ig1	Ig-like	144	205	end	15	near_domain_boundary	architecture_supported_with_minor_flags	figure3C_native	keep	coding-exon boundary (context)
xenopus_tropicalis	IIIc	IIIc	ENSXETT00000071733	ENSXETP00000069725	910	coding_exon_end	exon 5 (CDS5)	261	Ig2	Ig-like	257	335	start	4	near_domain_boundary	architecture_supported_with_minor_flags	figure3C_native	keep	coding-exon boundary (context)
xenopus_tropicalis	IIIc	IIIc	ENSXETT00000071733	ENSXETP00000069725	910	coding_exon_start	exon 6 (CDS6)	261	Ig2	Ig-like	257	335	start	4	near_domain_boundary	architecture_supported_with_minor_flags	figure3C_native	keep	coding-exon boundary (context)
xenopus_tropicalis	IIIc	IIIc	ENSXETT00000071733	ENSXETP00000069725	910	coding_exon_end	exon 6 (CDS6)	324	Ig2	Ig-like	257	335	end	11	near_domain_boundary	architecture_supported_with_minor_flags	figure3C_native	keep	coding-exon boundary (context)
xenopus_tropicalis	IIIc	IIIc	ENSXETT00000071733	ENSXETP00000069725	910	coding_exon_start	exon 8 (CDS8)	373	Ig3	Ig-like	350	446	start	23	within_domain	architecture_supported_with_minor_flags	figure3C_native	keep	coding-exon boundary (context)
xenopus_tropicalis	IIIc	IIIc	ENSXETT00000071733	ENSXETP00000069725	910	coding_exon_end	exon 8 (CDS8)	438	Ig3	Ig-like	350	446	end	8	near_domain_boundary	architecture_supported_with_minor_flags	figure3C_native	keep	coding-exon boundary (context)
xenopus_tropicalis	IIIc	IIIc	ENSXETT00000071733	ENSXETP00000069725	910	coding_exon_start	exon 9 (CDS9)	439	Ig3	Ig-like	350	446	end	7	near_domain_boundary	architecture_supported_with_minor_flags	figure3C_native	keep	coding-exon boundary (context)
xenopus_tropicalis	IIIc	IIIc	ENSXETT00000071733	ENSXETP00000069725	910	coding_exon_end	exon 9 (CDS9)	489	TM	TM	464	486	end	3	aligned_to_domain_boundary	architecture_supported_with_minor_flags	figure3C_native	keep	coding-exon boundary (context)
xenopus_tropicalis	IIIc	IIIc	ENSXETT00000071733	ENSXETP00000069725	910	coding_exon_start	exon 10 (CDS10)	489	TM	TM	464	486	end	3	aligned_to_domain_boundary	architecture_supported_with_minor_flags	figure3C_native	keep	coding-exon boundary (context)
xenopus_tropicalis	IIIc	IIIc	ENSXETT00000071733	ENSXETP00000069725	910	coding_exon_end	exon 10 (CDS10)	530	kinase	kinase	524	857	start	6	near_domain_boundary	architecture_supported_with_minor_flags	figure3C_native	keep	coding-exon boundary (context)
xenopus_tropicalis	IIIc	IIIc	ENSXETT00000071733	ENSXETP00000069725	910	coding_exon_start	exon 11 (CDS11)	530	kinase	kinase	524	857	start	6	near_domain_boundary	architecture_supported_with_minor_flags	figure3C_native	keep	coding-exon boundary (context)
xenopus_tropicalis	IIIc	IIIc	ENSXETT00000071733	ENSXETP00000069725	910	coding_exon_end	exon 11 (CDS11)	567	kinase	kinase	524	857	start	43	within_domain	architecture_supported_with_minor_flags	figure3C_native	keep	coding-exon boundary (context)
xenopus_tropicalis	IIIc	IIIc	ENSXETT00000071733	ENSXETP00000069725	910	coding_exon_start	exon 12 (CDS12)	567	kinase	kinase	524	857	start	43	within_domain	architecture_supported_with_minor_flags	figure3C_native	keep	coding-exon boundary (context)
xenopus_tropicalis	IIIc	IIIc	ENSXETT00000071733	ENSXETP00000069725	910	coding_exon_end	exon 12 (CDS12)	630	kinase	kinase	524	857	start	106	within_domain	architecture_supported_with_minor_flags	figure3C_native	keep	coding-exon boundary (context)
xenopus_tropicalis	IIIc	IIIc	ENSXETT00000071733	ENSXETP00000069725	910	coding_exon_start	exon 13 (CDS13)	631	kinase	kinase	524	857	start	107	within_domain	architecture_supported_with_minor_flags	figure3C_native	keep	coding-exon boundary (context)
xenopus_tropicalis	IIIc	IIIc	ENSXETT00000071733	ENSXETP00000069725	910	coding_exon_end	exon 13 (CDS13)	671	kinase	kinase	524	857	start	147	within_domain	architecture_supported_with_minor_flags	figure3C_native	keep	coding-exon boundary (context)
xenopus_tropicalis	IIIc	IIIc	ENSXETT00000071733	ENSXETP00000069725	910	coding_exon_start	exon 14 (CDS14)	672	kinase	kinase	524	857	start	148	within_domain	architecture_supported_with_minor_flags	figure3C_native	keep	coding-exon boundary (context)
xenopus_tropicalis	IIIc	IIIc	ENSXETT00000071733	ENSXETP00000069725	910	coding_exon_end	exon 14 (CDS14)	695	kinase	kinase	524	857	end	162	within_domain	architecture_supported_with_minor_flags	figure3C_native	keep	coding-exon boundary (context)
xenopus_tropicalis	IIIc	IIIc	ENSXETT00000071733	ENSXETP00000069725	910	coding_exon_start	exon 15 (CDS15)	695	kinase	kinase	524	857	end	162	within_domain	architecture_supported_with_minor_flags	figure3C_native	keep	coding-exon boundary (context)
xenopus_tropicalis	IIIc	IIIc	ENSXETT00000071733	ENSXETP00000069725	910	coding_exon_end	exon 15 (CDS15)	741	kinase	kinase	524	857	end	116	within_domain	architecture_supported_with_minor_flags	figure3C_native	keep	coding-exon boundary (context)
xenopus_tropicalis	IIIc	IIIc	ENSXETT00000071733	ENSXETP00000069725	910	coding_exon_start	exon 16 (CDS16)	741	kinase	kinase	524	857	end	116	within_domain	architecture_supported_with_minor_flags	figure3C_native	keep	coding-exon boundary (context)
xenopus_tropicalis	IIIc	IIIc	ENSXETT00000071733	ENSXETP00000069725	910	coding_exon_end	exon 16 (CDS16)	776	kinase	kinase	524	857	end	81	within_domain	architecture_supported_with_minor_flags	figure3C_native	keep	coding-exon boundary (context)
xenopus_tropicalis	IIIc	IIIc	ENSXETT00000071733	ENSXETP00000069725	910	coding_exon_start	exon 17 (CDS17)	777	kinase	kinase	524	857	end	80	within_domain	architecture_supported_with_minor_flags	figure3C_native	keep	coding-exon boundary (context)
xenopus_tropicalis	IIIc	IIIc	ENSXETT00000071733	ENSXETP00000069725	910	coding_exon_end	exon 17 (CDS17)	833	kinase	kinase	524	857	end	24	within_domain	architecture_supported_with_minor_flags	figure3C_native	keep	coding-exon boundary (context)
