path	bytes	sha256
12_msa_boundary_robustness_pre_interpro/synteny/fgfr2_local_gene_neighborhood_10neighbors_supplement.tsv	207307	44c11ad07eb21249edd4dfb828144d2d5fd23646b1db95046ac95cf74b668bab
12_msa_boundary_robustness_pre_interpro/tables/figure9A_fgfr2_local_gene_neighborhood_5neighbors.tsv	19628	743cc875c9ef6ebeb0fa30eba2abafc14238119aded82606d7a9d8a94e8a284d
13_final_pre_interpro_closure/MSA/final_cassette_msa_boundary_projection.tsv	27751	eb3d23486f310ef43670b740932bbdb36cdac15a113d9c2a911c8f820703287f
13_final_pre_interpro_closure/MSA/final_fgfr2_IIIb_IIIc_combined_cassette_msa.aln.faa	7441	60faedde39e6fc462bd5c61e7370c2f3df61f73249c3a6f31d239d6c9dcf3cc2
13_final_pre_interpro_closure/MSA/final_fgfr2_IIIb_cassette_msa.aln.faa	3062	b219eb35169ab90f5029bf7982efc389f4225bffc5c080c54bd0f0b70ccfa879
13_final_pre_interpro_closure/MSA/final_fgfr2_IIIc_cassette_msa.aln.faa	3629	8e41334f12305769dd580376d63e7595e1b7fb17985ce0a2cc63a3c334edb800
13_final_pre_interpro_closure/MSA/final_fgfr2_full_length_protein_msa.aln.faa	69781	841dd15f21a08b7f1dc0c5bb8205ca01957d60ebecb45956e0e03384b0b63ba6
13_final_pre_interpro_closure/MSA/final_full_length_msa_conservation_summary.tsv	25176	35530cf110301ea5179341fb0eecb7ffc7fc4791e266401b8b767d5d246866ad
13_final_pre_interpro_closure/MSA/final_full_length_msa_integrity_qc.tsv	14446	7656f4271edbc6fb63a8a0c0770219ae6156ec0aa7213487f0aa6b49b2baae9d
13_final_pre_interpro_closure/MSA/final_human_referenced_residue_agreement.tsv	414016	5e6eb4e086fd2aa4873a5b063e4f928ca87364280e71b5b1cecb5bd8fa34b66f
13_final_pre_interpro_closure/MSA/final_isoform_discriminating_residues.tsv	5571	87b23045783903d441c3f864a67d897c08c0547e745dbe9b0dc37d5b418021b3
13_final_pre_interpro_closure/MSA/final_msa_strategy_comparison.tsv	680	7e35283ba0f158b7eba15815302fc2e131cbcfed6dc4022187bbb5dfe1fa80c6
13_final_pre_interpro_closure/figures/Figure_1_framework_overview.pdf	31768	88e595477dd20105f2c793eb0d5b561197d6a10fff35b74917ed10ac633a9d80
13_final_pre_interpro_closure/figures/Figure_1_framework_overview.png	454448	277b159f1cd36f5cdf546c980403caf1f3ab4f82964808c20af2bc62927a0ab4
13_final_pre_interpro_closure/figures/Figure_1_framework_overview.svg	19557	90b55b49f52226135f6a93e52b0ccbfbba5ad7726cc2ed4d79148ea342eb58a6
13_final_pre_interpro_closure/figures/Figure_2_final_exon_to_protein_architecture_pre_interpro.pdf	21036	4c43b1f3460cabdf227bfc73c0288e24c7c4eddf4ce32be809008bfcdaf3d22f
13_final_pre_interpro_closure/figures/Figure_2_final_exon_to_protein_architecture_pre_interpro.png	239324	a5e08c6c36d7ce470f3f1174e023e85c801ebac6bfb80926b9ee197a9de1b131
13_final_pre_interpro_closure/figures/Figure_2_final_exon_to_protein_architecture_pre_interpro.svg	55814	29e8fadeb07f22965af7ea4e545e6a23b0b2d0a629f8d31bb5585593e6139c21
13_final_pre_interpro_closure/figures/Figure_3B_IIIb_IIIc_cassette_amino_acid_motif_map.pdf	22051	a5612053aa124ad206bc559c9e57838fbe3548d44357d9d0b7fcac2262913c94
13_final_pre_interpro_closure/figures/Figure_3B_IIIb_IIIc_cassette_amino_acid_motif_map.png	148329	1f6e3ec0081b83a51600580d974edd6987138df2c607e4b56fb7b207d7e71699
13_final_pre_interpro_closure/figures/Figure_3B_IIIb_IIIc_cassette_amino_acid_motif_map.svg	89327	ce72de7a4a90a4de2cacd29403be3c5c5e2cb9318916d91281564fcb2605265a
13_final_pre_interpro_closure/figures/Figure_3C_exon_to_protein_cassette_coordinate_map.pdf	38147	2dfb00ea0d0863646cb3bdbde263e1906d1e7096508bc851440365e8a87309b0
13_final_pre_interpro_closure/figures/Figure_3C_exon_to_protein_cassette_coordinate_map.png	260641	6e9e09b2c74a9b491cc76da84b293736ac205d1114c56f3f0289dc0ea8ab7465
13_final_pre_interpro_closure/figures/Figure_3C_exon_to_protein_cassette_coordinate_map.svg	312944	d1fd96cb5361feff9a43f0608d4e11ecfe00d0e08420cc62f7176fd9bbdd75ca
13_final_pre_interpro_closure/figures/Figure_3_final_IIIb_IIIc_cassette_zoom_pre_interpro.pdf	20444	4cca1c6a1aa063b2b5fad780a03eac8105c23b93520c41dc02f3c6d5f53216a7
13_final_pre_interpro_closure/figures/Figure_3_final_IIIb_IIIc_cassette_zoom_pre_interpro.png	294888	ef42aac85c85c6679bcda53af71c6d484b074f16965ec6ec8890fdf8842a4a90
13_final_pre_interpro_closure/figures/Figure_3_final_IIIb_IIIc_cassette_zoom_pre_interpro.svg	55886	30599df160240defe2f44add58d5a826aaa7e2559d21cc024da87d20050898a2
13_final_pre_interpro_closure/figures/Figure_4_label_reconciliation_and_rescue_summary.pdf	17901	5d276e29eea44b9bccf20a8b5b647403edde63d5db98abc788479cfa2f5143be
13_final_pre_interpro_closure/figures/Figure_4_label_reconciliation_and_rescue_summary.png	108425	968599c9efcc36ef62a1bcab84fd9e22ab0baba57185e409ad4317f7fd0fce56
13_final_pre_interpro_closure/figures/Figure_4_label_reconciliation_and_rescue_summary.svg	19439	61bdd018661efae92fd8856f27d71b0aacf060974a238a2ecf08e7bfc23021ba
13_final_pre_interpro_closure/figures/Figure_5_full_length_FGFR2_MSA_integrity_paper.pdf	37317	88615a7def99f1d71a852fd63173c731f413d411fe0519c53a98d5c8dc74afd6
13_final_pre_interpro_closure/figures/Figure_5_full_length_FGFR2_MSA_integrity_paper.png	196434	854e9283ee977ec16e2ff6f5fa4aafbc989c00cb9e4a38f63fb5e2dae285f799
13_final_pre_interpro_closure/figures/Figure_5_full_length_FGFR2_MSA_integrity_paper.svg	123963	fcc4d5437f616de5c7cf9e7ccdd52aecbe141c3969b819d1f15f2bbd00d7e3bb
13_final_pre_interpro_closure/figures/Figure_6B_species_resolved_IIIb_IIIc_cassette_residue_map.pdf	65684	976c1cd7d61dd2b90c3e6a7c01df84447eed8325885653b68064eca2296f9a3b
13_final_pre_interpro_closure/figures/Figure_6B_species_resolved_IIIb_IIIc_cassette_residue_map.png	268644	08130acf780336220875229f8b165384ff8c91386759c3d5eb2e311d46f21e8b
13_final_pre_interpro_closure/figures/Figure_6B_species_resolved_IIIb_IIIc_cassette_residue_map.svg	1100995	92211d983c5ec83fdbe75922ae5748366de47c66ea814d6b026b52b4b3f405ab
13_final_pre_interpro_closure/figures/Figure_6_human_referenced_IIIb_IIIc_residue_agreement.pdf	49791	2efd93e5bd0c365ee9d84800b77db32f79dcc6517e0d84b978f9a0230ad393c9
13_final_pre_interpro_closure/figures/Figure_6_human_referenced_IIIb_IIIc_residue_agreement.png	211069	960ab6c5a0a00e58f5263b4ec6235ddf4081110a2c1e112ffbdf311ae526cd18
13_final_pre_interpro_closure/figures/Figure_6_human_referenced_IIIb_IIIc_residue_agreement.svg	709550	06c98ad44e8dc593f3f62bb87f1831def016baa60699b4408f676865c7b07b73
13_final_pre_interpro_closure/figures/Figure_7_isoform_discriminating_residues.pdf	35746	145a4e8add197650c28c6a2d716adfe8e24ffe2f2d71e4f54a79d6f000b7aa78
13_final_pre_interpro_closure/figures/Figure_7_isoform_discriminating_residues.png	158343	4c1a6ff27e7d2266e93b56b0f173cc1b65222f611c5f2b0c140de6b326b96820
13_final_pre_interpro_closure/figures/Figure_7_isoform_discriminating_residues.svg	138771	1769c9c55e93085a89ee2ac336f941031a070745346ff5668d56f287fbaa7dd4
13_final_pre_interpro_closure/figures/Figure_8_final_framework_evidence_stack.pdf	25662	f9cfcba6012a346644cfbd846baa63f3f317f1df62e4e43d5accac574269f753
13_final_pre_interpro_closure/figures/Figure_8_final_framework_evidence_stack.png	383027	7428348bbb920d8802f2bf7d945d303a191d07e0beb8ee966fdeb46498f72e89
13_final_pre_interpro_closure/figures/Figure_8_final_framework_evidence_stack.svg	181284	5ce5249ef64aa17de9b21ef548355a6b92bb8e6a9c6d8bde4e596c3e8f62aef4
13_final_pre_interpro_closure/figures/Figure_9A_FGFR2_local_synteny_5neighbor_paper.pdf	22940	6cfc93a96d50a9f7dbd0cee158a8767af4e07ea95f54372ac52ae9e0b51890fb
13_final_pre_interpro_closure/figures/Figure_9A_FGFR2_local_synteny_5neighbor_paper.png	361635	f54bebf719c02bd835b1455f8b232c257ce87e84321b1c261d3143ebbbad26c2
13_final_pre_interpro_closure/figures/Figure_9A_FGFR2_local_synteny_5neighbor_paper.svg	75301	2cff8b8ce2d0f8efab0e18d099b537dd8cf814bb5a31d34f9406fd51b0801255
13_final_pre_interpro_closure/figures/Figure_9B_FGFR2_5neighbor_conservation_matrix_paper.pdf	29274	be2094a7936bc0364fbc93a8a08ad0112b92a1d6e5ed9beca846f5b71c68891b
13_final_pre_interpro_closure/figures/Figure_9B_FGFR2_5neighbor_conservation_matrix_paper.png	239632	909e95688954858597828ce56a44e60c1df2ff8a2a284e17453a2a0132c0b897
13_final_pre_interpro_closure/figures/Figure_9B_FGFR2_5neighbor_conservation_matrix_paper.svg	161906	6c58eee1ca22fa1ddd03a3d68b27ca57a4779db79844b4d6ce92182e53a3810d
13_final_pre_interpro_closure/figures/Figure_9C_FGFR2_synteny_review_cases_paper.pdf	19676	a5dbfac61865013d1e423503177f67018e8bb4d9c0f2ef008a887ee24a9f928f
13_final_pre_interpro_closure/figures/Figure_9C_FGFR2_synteny_review_cases_paper.png	221633	c748a27bdd597d9baf2b077be188ed599658dcb79c265e815f6669ceed514e8c
13_final_pre_interpro_closure/figures/Figure_9C_FGFR2_synteny_review_cases_paper.svg	27180	3cf41c31529b598fe285915de46a36c3007117d97502d57831dee196868ba117
13_final_pre_interpro_closure/figures/Figure_9_FGFR2_local_synteny_neighborhood.pdf	22940	6cfc93a96d50a9f7dbd0cee158a8767af4e07ea95f54372ac52ae9e0b51890fb
13_final_pre_interpro_closure/figures/Figure_9_FGFR2_local_synteny_neighborhood.png	361635	f54bebf719c02bd835b1455f8b232c257ce87e84321b1c261d3143ebbbad26c2
13_final_pre_interpro_closure/figures/Figure_9_FGFR2_local_synteny_neighborhood.svg	75301	2cff8b8ce2d0f8efab0e18d099b537dd8cf814bb5a31d34f9406fd51b0801255
13_final_pre_interpro_closure/figures/Figure_Final_Framework_Evidence_Stack.pdf	25662	f9cfcba6012a346644cfbd846baa63f3f317f1df62e4e43d5accac574269f753
13_final_pre_interpro_closure/figures/Figure_Final_Framework_Evidence_Stack.png	383027	7428348bbb920d8802f2bf7d945d303a191d07e0beb8ee966fdeb46498f72e89
13_final_pre_interpro_closure/figures/Figure_Final_Framework_Evidence_Stack.svg	181284	5ce5249ef64aa17de9b21ef548355a6b92bb8e6a9c6d8bde4e596c3e8f62aef4
13_final_pre_interpro_closure/figures/Supplement_Figure_6B_review_rows_cassette_residue_map.pdf	16642	d04712d2da364dc4c1143c4d9e60a88ca04873e8b5e6a15801d2ec3cce00af30
13_final_pre_interpro_closure/figures/Supplement_Figure_6B_review_rows_cassette_residue_map.png	41793	5b1119feb5b954516e00f737f8aa7631ef2054f8682bb5a983c2849d776de372
13_final_pre_interpro_closure/figures/Supplement_Figure_6B_review_rows_cassette_residue_map.svg	42271	bea98ca8b583c93933ae29dd23014bc14de1d95fddb2df7631755d2ee84d82e4
13_final_pre_interpro_closure/figures/Supplement_Figure_6_residue_agreement_review_cases.pdf	13771	3a7b41f98da3fd5ac42c4c8c108b20dcc638c05880ad7572477f453e36c72b3e
13_final_pre_interpro_closure/figures/Supplement_Figure_6_residue_agreement_review_cases.png	29382	6e95fcb23c4ee0a480a3918a225fc1b4942aef1df9ee26c2a799a6042dc45a4d
13_final_pre_interpro_closure/figures/Supplement_Figure_6_residue_agreement_review_cases.svg	29340	869c0e0ab64992e7e6c0a1083fc051c4295615e0f94694ca32ce5b8ea39fdd87
13_final_pre_interpro_closure/figures/Supplement_Figure_FGFR2_local_synteny_10neighbor_all_species.pdf	44907	475617a95f134744cfa90310d3e8c909547de20ba39829b5199e116aeffe74e5
13_final_pre_interpro_closure/figures/Supplement_Figure_FGFR2_local_synteny_10neighbor_all_species.png	823297	24be7dc995685accdb1235d9875df73009912706741e94d5187e2f19551ccfd8
13_final_pre_interpro_closure/figures/Supplement_Figure_FGFR2_local_synteny_10neighbor_all_species.svg	287524	993c5e30718284d34d07f58e6b998f1a2263da81d8b6b25abe4e10deb6fe3a69
13_final_pre_interpro_closure/figures/Supplement_all_species_cassette_zoom.pdf	41731	db486a41ef59b6a76666ac52b1ac8b70fdd9f46d122102928b5e5817f649d715
13_final_pre_interpro_closure/figures/Supplement_all_species_cassette_zoom.png	276147	92f7786f4bc7a2065d4ea367fd7f57e033bac6f24cd15825421fbd72b99a9476
13_final_pre_interpro_closure/figures/Supplement_all_species_cassette_zoom.svg	550089	14427245faa5da1e7d7ee069fe71ea403db4cc17ce569225e4004e28342c64c0
13_final_pre_interpro_closure/figures/Supplement_all_species_exon_protein_architecture.pdf	66700	e324e4604de1e528740afcb497cc685c98d5c2db3f340873157b94b1131d1596
13_final_pre_interpro_closure/figures/Supplement_all_species_exon_protein_architecture.png	777185	1d3a7df30fb98d922eac3fd6c799bc8fd16a36aca5082ed58b655b71276c0178
13_final_pre_interpro_closure/figures/Supplement_all_species_exon_protein_architecture.svg	341148	4e456e6b0705b8d08ef16e6fc7c37a4becbb300bc769128a9ca3e074a26cd6e2
13_final_pre_interpro_closure/figures/Supplement_full_length_MSA_QC_histograms.pdf	18964	5648270e6ff71fbc032e498537c8fcc3dd0a75ae276e1ceae785576b18802ca2
13_final_pre_interpro_closure/figures/Supplement_full_length_MSA_QC_histograms.png	93823	377b72bce75a9fd487ec0d24d835be5255df7458b0abb194e51669ccf99fc96c
13_final_pre_interpro_closure/figures/Supplement_full_length_MSA_QC_histograms.svg	69742	a14e45c7f9fcd9425f12d4074c9ac768b4b99ce1a32af5e4a6b38768696a0335
13_final_pre_interpro_closure/figures/Supplement_full_length_MSA_outliers.pdf	18964	5648270e6ff71fbc032e498537c8fcc3dd0a75ae276e1ceae785576b18802ca2
13_final_pre_interpro_closure/figures/Supplement_full_length_MSA_outliers.png	93823	377b72bce75a9fd487ec0d24d835be5255df7458b0abb194e51669ccf99fc96c
13_final_pre_interpro_closure/figures/Supplement_full_length_MSA_outliers.svg	69742	a14e45c7f9fcd9425f12d4074c9ac768b4b99ce1a32af5e4a6b38768696a0335
13_final_pre_interpro_closure/figures/Supplement_review_cases_pre_interpro.pdf	38009	83139d0c5c18254d5d6ef63852ad199511d3af9b94e7fb367c752aee687371df
13_final_pre_interpro_closure/figures/Supplement_review_cases_pre_interpro.png	509180	d2bd56a6ecc22fae979a343eb79a28491500cc95abc3b962e8768484309e4f9f
13_final_pre_interpro_closure/figures/Supplement_review_cases_pre_interpro.svg	39309	d204a3418d0888cab59daf1a8a76976c72d02670960bc9d95017fa390ee914b3
13_final_pre_interpro_closure/figures/Supplement_review_unresolved_case_panels.pdf	40291	25fbfc93816a817cc30dd3fe39b46ebcaafa3530c11a778d2a10b040a802d380
13_final_pre_interpro_closure/figures/Supplement_review_unresolved_case_panels.png	603373	7ee8b1f070b81ebc199da0ecce66c533021f8a2cdccc0283ba96a89bd3534947
13_final_pre_interpro_closure/figures/Supplement_review_unresolved_case_panels.svg	809327	02bf7d71f35a447e2a62587e7ed685e3969389679f72f2ebb7538ba96da1cf40
13_final_pre_interpro_closure/final_pre_interpro_run_mode.json	245	87860c7780267405cdbdedd4640fea7eca14bdd77549f5e49f4f7b00ec952de3
13_final_pre_interpro_closure/final_pre_interpro_step_status.tsv	2188	bf10fead7796f3dd1fc4f571e55ac3805bda83a501c0f2bb738df9b2c4653751
13_final_pre_interpro_closure/final_pre_interpro_truth_table.json	116054	60e760399958a43cf763134aca3034298f55712775bf8b3b35120e7f93575875
13_final_pre_interpro_closure/final_pre_interpro_truth_table.tsv	42875	0ea8c39f3852bf26f4e618e8eef807f8c96840c9e8a810f10b4d54834854f7db
13_final_pre_interpro_closure/freeze/final_pre_interpro_file_checksums.tsv	14093	7fb6543b672f7391bf25695008691c0819c564a7510cb1aa7ba0f5a98fae83c7
13_final_pre_interpro_closure/freeze/final_pre_interpro_proteins_all_review_included.faa	60692	fd5bc2748d51d7555dea099b5ce3cfb01a35d5f75493bfe74f2eca1e9c5eeb7b
13_final_pre_interpro_closure/freeze/final_pre_interpro_proteins_primary.faa	58817	fc515a40ba1e2d3944283b94563fdb2aa18366d7cbc337837ac79099384267b5
13_final_pre_interpro_closure/freeze/final_pre_interpro_sequence_manifest.json	39167	db9f50298c6130f15c9c3429438dd57eb9d994fe5a10a165cfc7c073e0380d3a
13_final_pre_interpro_closure/freeze/final_pre_interpro_sequence_manifest.tsv	15826	e563e69bd5667a532ab021bc16ac5339b6a7bfeba50a6a605786d19a412347b3
13_final_pre_interpro_closure/gates/final_pre_interpro_cross_table_consistency_gate.json	4921	3921c15adb5db52840cefb8773e415cb022448bf7d12c5ab6201c6ff3f11a91b
13_final_pre_interpro_closure/gates/final_pre_interpro_cross_table_consistency_gate.tsv	2061	0be967bc6d2051024af6ae6f6e73988a63455b24ecdd1e9f7886bfc57450c9c6
13_final_pre_interpro_closure/metadata/final_pre_interpro_closure_manifest.json	724	9c49421677e6f19f78a5ee964cbd7f2b99f43cafae460fd28adc21905326559a
13_final_pre_interpro_closure/reports/final_pre_interpro_QC_report.md	1327	40013738b948a79468b98201aa2d946fe56f4aac79c4ce189245f44778a1faef
13_final_pre_interpro_closure/reports/final_pre_interpro_figure_captions.md	1594	96707d8d6c05ce22f046834ffc585eefc66c58dc2256a992330355e215d38a91
13_final_pre_interpro_closure/reports/final_pre_interpro_limitations.md	536	1ce357566cebff8ed46c6e860f7b8c9bd495dc04d5d8643aac8c523eafa2a121
13_final_pre_interpro_closure/reports/final_pre_interpro_methods_summary.md	728	2033869fdb1b3ea17867ceb0320932b00ae0548d20708aa69c29dfcdc7f954fc
13_final_pre_interpro_closure/reports/final_pre_interpro_results_summary.md	1920	6c663efea533b242e0682883927b233a706cc3fe4b6213969f8df00fc988a8bb
13_final_pre_interpro_closure/tables/figure2_final_exon_to_protein_architecture_pre_interpro.tsv	14691	f628cf446e2eb1d6d62c3e93f74b002fb106f59a192fec7d8b2585b4a7247c5c
13_final_pre_interpro_closure/tables/figure3B_IIIb_IIIc_cassette_amino_acid_motif_map.tsv	7203	2f3e0f317302f39776ad465c574d81340ab600855f78fe5d833d72e180cd401a
13_final_pre_interpro_closure/tables/figure3C_exon_to_protein_cassette_coordinate_map.tsv	258777	9e7cdcef11ddfe920c035ba8cf651d0eda4dd2e80807031c085b5951d90f88dc
13_final_pre_interpro_closure/tables/figure3_final_IIIb_IIIc_cassette_zoom_pre_interpro.tsv	14451	0066be061d78871729c6294a8f93254769fb558d2f27bbbf0801b5c6c010ad7b
13_final_pre_interpro_closure/tables/figure4_label_reconciliation_and_rescue_summary.tsv	840	3f7653394606d27e5fd71e9f2fbb7bf65acd356996b85e6a020e3fc8772934a4
13_final_pre_interpro_closure/tables/figure5_full_length_FGFR2_MSA_integrity_paper.tsv	17594	b3261dce601f0855511dc28c5889b375bba9f89889ab4080f35045a28aebeb87
13_final_pre_interpro_closure/tables/figure6B_species_resolved_IIIb_IIIc_cassette_residue_map.tsv	469757	816d569986d5c09ef450196d7b2117678c09306cbc56fcb9cd5f394358c2ebd6
13_final_pre_interpro_closure/tables/figure6_human_referenced_IIIb_IIIc_residue_agreement.tsv	17578	a3a58723a6260f1f73271b93c1090377ca19e5f2eafd6d4691621003436b6b48
13_final_pre_interpro_closure/tables/figure_final_framework_evidence_stack.tsv	24752	d2b990871aa951e43104e9d9b19fcbf8d50436742afd55f345deeed5e68b7abe
13_final_pre_interpro_closure/tables/final_review_case_explanation.tsv	2461	8183167c7baf487de63dd731ea562e852262fd22a6046d01e12d6882eaa4d2eb
13_final_pre_interpro_closure/website_indices/boundary_consistency_index.json	3683	d1085ce59b57f2a0a65f744feaebaa4e730dc9b7ff818385518c58c468bcb8e9
13_final_pre_interpro_closure/website_indices/boundary_consistency_matrix.json	87765	e98e0933417545c61fd3d1737d979318f895265826d8a22139a0e500f528d02d
13_final_pre_interpro_closure/website_indices/boundary_consistency_outliers.json	12240	49c89feb7aa3eb32e09dcab4bf28bb4e3804e0de7b53420142135e5dd03fcbe7
13_final_pre_interpro_closure/website_indices/boundary_consistency_summary.json	4930	80fef36e9cab35920c563c15ab39fddb6c8cb4940c8fb25a4d4a5a8b3b7dea36
13_final_pre_interpro_closure/website_indices/cassette_residue_index.json	1039525	7cae4b1f7c19100582218d20f812cd6f532fb832ef0a19f9c90a300a9298eeaf
13_final_pre_interpro_closure/website_indices/coordinate_track_index.json	369730	85a47e635507fdc6f6fa2e74d14807b1b0bbd59a890aba224713185e3c8df20b
13_final_pre_interpro_closure/website_indices/domain_architecture_index.json	38999	ec47f4c941c14a1b1e0ea043473e3d3188cc0118735171513c2d723344a53502
13_final_pre_interpro_closure/website_indices/domain_architecture_qc.json	85581	0159acfda4e17a1bcd2f02089226d72ca8f0d5674454294ded9c12d3128f794e
13_final_pre_interpro_closure/website_indices/domain_architecture_summary.json	4325	5723e58f715036d8e555101afda2af1ffa93a121d02f9a6d88280fce14b04577
13_final_pre_interpro_closure/website_indices/download_index.json	3944	401ede07d471fff53765605ccc0b8555420cb908809121d55cc95d29a87a1f49
13_final_pre_interpro_closure/website_indices/evidence_stack.json	249947	ad2a82633c486f773a4475a1b616bc16a4695f6dde01bcedf79ea3f60e6f07ee
13_final_pre_interpro_closure/website_indices/figure_index.json	106983	5d76bc7751c39a9de994801e380a977461465ace958c9c57c43f6f9b48b70f0d
13_final_pre_interpro_closure/website_indices/freeze_index.json	2834	fcba6d8ec7140404437478f51e705f24137416c795f21529cb35153133c2413f
13_final_pre_interpro_closure/website_indices/msa_index.json	211208	359e818c0ff982c4736c0bc91879045a44588519f702d40c1b9e94c3e54438a3
13_final_pre_interpro_closure/website_indices/run_index.json	4599	8387ca73b3e7090640d25423285bb8c2259d28a5b20ce60de0265243de3fdf45
13_final_pre_interpro_closure/website_indices/species_domain_architecture.json	440139	36f5ffcee5705d1a32237578dc84affcaae30fc5042e87897989084bddc01570
13_final_pre_interpro_closure/website_indices/species_index.json	327112	32b3d0cef73f4ed507c4a4a94682568ee977971303a994c0cb03fc60cdc73026
13_final_pre_interpro_closure/website_indices/species_story_index.json	294332	c79bfc5b61d918cc9e80661f0cd3ab0a31b0a0808efff639b5e3b26391946aa3
13_final_pre_interpro_closure/website_indices/synteny_locus_index.json	410762	79614251de5996d03a61bdf22c54bce2bb298d4ac37e4214e6b965a9438e2198
15_exon_domain_boundary_post_interpro/figures/overview/Figure_10A_IIIb_exon_domain_architecture_primary.pdf	69586	4f510b4805a2e9506984d2d943de5ee8611621b6d1dc495a7ffd56a6c3b61cf4
15_exon_domain_boundary_post_interpro/figures/overview/Figure_10A_IIIb_exon_domain_architecture_primary.png	287380	995d2f143e8ad53b1c6af5308245fb87f0f26700db260ee22ed2b5c5b1fe9c83
15_exon_domain_boundary_post_interpro/figures/overview/Figure_10A_IIIb_exon_domain_architecture_primary.svg	387050	23910f3af6f5e9d829cfa707d35638ff1159833bba6224de64f6614489d3c10c
15_exon_domain_boundary_post_interpro/figures/overview/Figure_10B_IIIc_exon_domain_architecture_primary.pdf	71093	579aa0f4b966e2dddc0b6323cbd64fd2a28c9c2eba564e6555dac40aecc3d8fa
15_exon_domain_boundary_post_interpro/figures/overview/Figure_10B_IIIc_exon_domain_architecture_primary.png	289739	23bf935ff6b38d91c3c35f1c0061a13f81322b4e63e6ab68c3edbdc0a18b7471
15_exon_domain_boundary_post_interpro/figures/overview/Figure_10B_IIIc_exon_domain_architecture_primary.svg	396764	ee52f7da2e4a8e01d05050fd1b42ace4631375090c539a301544f8ce1a3e0d2f
15_exon_domain_boundary_post_interpro/figures/overview/Figure_10C_mammals_exon_domain_architecture_primary.pdf	72680	939fe2b20e8e0bb5049902e18d556b4be34636e274403ea23ab0ab5e25ac33f7
15_exon_domain_boundary_post_interpro/figures/overview/Figure_10C_mammals_exon_domain_architecture_primary.png	249230	4078506f075cf7d66b74d3df83801392adbd4d8f798a6f8a73ba5fff940b6b50
15_exon_domain_boundary_post_interpro/figures/overview/Figure_10C_mammals_exon_domain_architecture_primary.svg	428734	be133e23a0d062f3e4f668da83584bfe9e53b65da724926d52bcc4390787f139
15_exon_domain_boundary_post_interpro/figures/overview/Figure_10D_nonmammals_exon_domain_architecture_primary.pdf	68955	79ac196cfb10b46b5d2e0a02981e6435f2c6ddcf156f0c19854e5c4a6b4df789
15_exon_domain_boundary_post_interpro/figures/overview/Figure_10D_nonmammals_exon_domain_architecture_primary.png	219834	8008c2c984667c9464a4bc2a56c6d08f3bb450d439407a5289d2a3526396796a
15_exon_domain_boundary_post_interpro/figures/overview/Figure_10D_nonmammals_exon_domain_architecture_primary.svg	361253	e1804381c27a393ecdaa1405418de1afceb68e935c5630dcf2069046642e0111
15_exon_domain_boundary_post_interpro/figures/overview/Figure_10_all_species_FGFR2_exon_domain_architecture_primary.pdf	123944	5d496b10417b748326e76b9c738047b7d579eabd23395298f092600953c06900
15_exon_domain_boundary_post_interpro/figures/overview/Figure_10_all_species_FGFR2_exon_domain_architecture_primary.png	426336	3b9b519f4526f41a610f64f6a22528eaf167c747c9f2de5be09d2bd87660361c
15_exon_domain_boundary_post_interpro/figures/overview/Figure_10_all_species_FGFR2_exon_domain_architecture_primary.svg	779950	593a4276e6d7a26bfbeac4d695389d102a9ee6f51fde4f027536727e190baace
15_exon_domain_boundary_post_interpro/figures/per_species/alligator_mississippiensis_IIIb_exon_domain_architecture.pdf	19871	f69f0d1f8d60ab4a0e8d85065bca355e54557d1d8910b57e2b1df5574eade44a
15_exon_domain_boundary_post_interpro/figures/per_species/alligator_mississippiensis_IIIb_exon_domain_architecture.png	80754	053ab8d50ef3440407eeee86f1e53fcb81bd473933b85327782eb2f2c19eaf7d
15_exon_domain_boundary_post_interpro/figures/per_species/alligator_mississippiensis_IIIb_exon_domain_architecture.svg	30454	0ba0bb63e52fb4ed44e55dfce0434b771098e5fccfce11f145b8b7ca5ae3e621
15_exon_domain_boundary_post_interpro/figures/per_species/alligator_mississippiensis_IIIc_exon_domain_architecture.pdf	19869	2e0f44f84c14ad9bd6e0569d1d824efbf7bf48dd98eb4c4bab7bb873573ac980
15_exon_domain_boundary_post_interpro/figures/per_species/alligator_mississippiensis_IIIc_exon_domain_architecture.png	80328	31b31ec180bb97f7004737f12fc62ce35c3b484b65b8d3d7190413159143a4f0
15_exon_domain_boundary_post_interpro/figures/per_species/alligator_mississippiensis_IIIc_exon_domain_architecture.svg	30447	bfd74f88cc802f406d682101878a12de7d92ea18a518b8b35f1e000ced17101d
15_exon_domain_boundary_post_interpro/figures/per_species/ambystoma_mexicanum_IIIb_exon_domain_architecture.pdf	19765	a8519f63a09b59e01971dd2ce90f9b00d95655632243a61d345ac24c7d464d6f
15_exon_domain_boundary_post_interpro/figures/per_species/ambystoma_mexicanum_IIIb_exon_domain_architecture.png	79468	71e9889a7450cad868355d1f501512223203f7d7c9ffb15309c938b05caea931
15_exon_domain_boundary_post_interpro/figures/per_species/ambystoma_mexicanum_IIIb_exon_domain_architecture.svg	29705	c15dd10429a4f97750f4e0d883bcac7636510ed1bf3f793cd722a2b4eaa51659
15_exon_domain_boundary_post_interpro/figures/per_species/ambystoma_mexicanum_IIIc_exon_domain_architecture.pdf	19776	7cc67ca87643e439443754b6a8d4c74d5f2bc4ad4e1ab152ad9500d85fa3cb82
15_exon_domain_boundary_post_interpro/figures/per_species/ambystoma_mexicanum_IIIc_exon_domain_architecture.png	79995	11173f84980623690fc7b33fd46cf4410d6c6921720c716b694fa860186a2ec9
15_exon_domain_boundary_post_interpro/figures/per_species/ambystoma_mexicanum_IIIc_exon_domain_architecture.svg	29735	4420521df91fa75ad2965cc66d3d3ef1831badec14046a55a2c747785fb2bbc6
15_exon_domain_boundary_post_interpro/figures/per_species/anolis_carolinensis_IIIb_exon_domain_architecture.pdf	20134	523daa99453653519072bcfa26662622884e50f79e0a81554f4cfacee9edb23d
15_exon_domain_boundary_post_interpro/figures/per_species/anolis_carolinensis_IIIb_exon_domain_architecture.png	76631	21caaa547e551ea95f0a8170eb78535665c00077c08e3ee7bd9b1ec9c46b9964
15_exon_domain_boundary_post_interpro/figures/per_species/anolis_carolinensis_IIIb_exon_domain_architecture.svg	28920	fd09920595b9993c2a317ec380f4e208cfb74c381431808d5ee45a8e90115e1b
15_exon_domain_boundary_post_interpro/figures/per_species/anolis_carolinensis_IIIc_exon_domain_architecture.pdf	20133	ba45c40f00f652bfad17f78e200b3f2e0aa14565844ffdb2da025ea729a85b79
15_exon_domain_boundary_post_interpro/figures/per_species/anolis_carolinensis_IIIc_exon_domain_architecture.png	76190	161ead4e3d0d44a6d1b45633d6836da54af9628e9b1739d791cd3d67110bb395
15_exon_domain_boundary_post_interpro/figures/per_species/anolis_carolinensis_IIIc_exon_domain_architecture.svg	28932	2b273900b8f00d2ce1a622c8e553207620b379eb61c0586a007d0fb6bb0588f9
15_exon_domain_boundary_post_interpro/figures/per_species/bos_taurus_IIIb_exon_domain_architecture.pdf	19816	ff995e50376864a26033225bfc99ede73aff6d5df79652d5aa4161506455d7e0
15_exon_domain_boundary_post_interpro/figures/per_species/bos_taurus_IIIb_exon_domain_architecture.png	75353	d95bf83f6c23eff8f30f54aa8d3be85a0bd0ce0587a5ce3c238ae5cedd666e1b
15_exon_domain_boundary_post_interpro/figures/per_species/bos_taurus_IIIb_exon_domain_architecture.svg	29680	137d1f57adbeb3ea54177e52e41e65817234159d130b717fab8e5b49734cf2a7
15_exon_domain_boundary_post_interpro/figures/per_species/bos_taurus_IIIc_exon_domain_architecture.pdf	19821	3840cd32be6e6204247345eeb992775449d83e8b40b4e2ee165acafd92f7f8a3
15_exon_domain_boundary_post_interpro/figures/per_species/bos_taurus_IIIc_exon_domain_architecture.png	75205	b015f85b6e742978420ec4dda16cee6f4bf35776f0842925383994baac16696f
15_exon_domain_boundary_post_interpro/figures/per_species/bos_taurus_IIIc_exon_domain_architecture.svg	29710	d50e9ddd16be3d97eff77a1211985e51f4a768985a32ffc237087bc592ac9913
15_exon_domain_boundary_post_interpro/figures/per_species/callithrix_jacchus_IIIb_exon_domain_architecture.pdf	19712	271ad32790ad1a46d38ca95940ca8f75fc944576095afbf8ed3cc943e1e578e4
15_exon_domain_boundary_post_interpro/figures/per_species/callithrix_jacchus_IIIb_exon_domain_architecture.png	77599	af0137ce078d5a84759c9b8d7aaa5adfe4f72c92999290e556fbbc1f66be3402
15_exon_domain_boundary_post_interpro/figures/per_species/callithrix_jacchus_IIIb_exon_domain_architecture.svg	29699	39da0c25e1451e74163563b73aa3d1de2376a92b9516f6729bc734c48c2b9739
15_exon_domain_boundary_post_interpro/figures/per_species/callithrix_jacchus_IIIc_exon_domain_architecture.pdf	19721	6948fffcebb33a78dbb794ae1a0768b8b45039a8e8c4bf5265affa01828fd1f9
15_exon_domain_boundary_post_interpro/figures/per_species/callithrix_jacchus_IIIc_exon_domain_architecture.png	78234	d130cc19dbe1db6369a26f1b252737caa31f9581966e098040d894e2d4440630
15_exon_domain_boundary_post_interpro/figures/per_species/callithrix_jacchus_IIIc_exon_domain_architecture.svg	29731	1441697f9cf6ab9df69589ffcdea9a7b8820dcfb056052db8e5a162c0a09de61
15_exon_domain_boundary_post_interpro/figures/per_species/canis_lupus_familiaris_IIIb_exon_domain_architecture.pdf	17678	8e8ac1094fe1a18fd895ffc38a0ea8615bffa10271a3103cad548ec688e2a61c
15_exon_domain_boundary_post_interpro/figures/per_species/canis_lupus_familiaris_IIIb_exon_domain_architecture.png	73743	44ea4c597690ba2483a8631c201090161eadac58add7a81c1a16ed2071afdd1d
15_exon_domain_boundary_post_interpro/figures/per_species/canis_lupus_familiaris_IIIb_exon_domain_architecture.svg	15279	5787012ac43932606f5045ef92f3ce8f706d6f716e36becce6b44e0aae8ab531
15_exon_domain_boundary_post_interpro/figures/per_species/chrysemys_picta_bellii_IIIb_exon_domain_architecture.pdf	19625	870e8db5198d091689e89f05f4d1f361a520a7f9361bf945c7ed666e6e62a9c2
15_exon_domain_boundary_post_interpro/figures/per_species/chrysemys_picta_bellii_IIIb_exon_domain_architecture.png	80073	e95dd9f61ed9021575521dbb7d34260ea5f2020b23e624d85952650e0f143877
15_exon_domain_boundary_post_interpro/figures/per_species/chrysemys_picta_bellii_IIIb_exon_domain_architecture.svg	29737	c0235e0fe8e40da556134d318b67c662d7bcf54f2fe024cba2579abd855c5503
15_exon_domain_boundary_post_interpro/figures/per_species/chrysemys_picta_bellii_IIIc_exon_domain_architecture.pdf	19621	d1b60130031f82e4b069ce2af1a53a9498bc2e4a0aa445db6e581d6e184470da
15_exon_domain_boundary_post_interpro/figures/per_species/chrysemys_picta_bellii_IIIc_exon_domain_architecture.png	78713	110085ad5980ba75bb4880e644809552ca37d20cfa69a88115fe354a660de913
15_exon_domain_boundary_post_interpro/figures/per_species/chrysemys_picta_bellii_IIIc_exon_domain_architecture.svg	29718	b680b0908c984aa68e1fd81cd1a536e711b71444a83161ab859f6db9fdd76b9b
15_exon_domain_boundary_post_interpro/figures/per_species/danio_rerio_IIIb_exon_domain_architecture.pdf	19856	a2986206e23032363a3fb32c0fec55072e5f922aab596ede385826459e493553
15_exon_domain_boundary_post_interpro/figures/per_species/danio_rerio_IIIb_exon_domain_architecture.png	74887	0472ba481d5b63c5d5681780464ed5ea9213c0856b7d8d1c8fecfda2ec3d1bf7
15_exon_domain_boundary_post_interpro/figures/per_species/danio_rerio_IIIb_exon_domain_architecture.svg	28193	05e8c5d0579ed85725925dc9d9f5f481c76690935d8375bfe0a85b9084494ca9
15_exon_domain_boundary_post_interpro/figures/per_species/danio_rerio_IIIc_exon_domain_architecture.pdf	19852	a42e33369139cad0bd9bda54b4398bd58dece09ac7d7d8feeb3bcdbe38e2b352
15_exon_domain_boundary_post_interpro/figures/per_species/danio_rerio_IIIc_exon_domain_architecture.png	73616	642e77ffc58f8df3a31d0fbaacdd60581da08cd969d7656f782040f50948254e
15_exon_domain_boundary_post_interpro/figures/per_species/danio_rerio_IIIc_exon_domain_architecture.svg	28208	8ea5d10e0dd8d304874145c1edafa4ac698f3380ccc235308269e87d4ec7ecdd
15_exon_domain_boundary_post_interpro/figures/per_species/equus_caballus_IIIb_exon_domain_architecture.pdf	20213	9db8d410cc017a5f92ce5682bacb31e341be90ab67b32f8896ff76b2112a9a65
15_exon_domain_boundary_post_interpro/figures/per_species/equus_caballus_IIIb_exon_domain_architecture.png	75319	0ffb4501e551e5f5675db2c6b9de7b4645d57d76f9c92170fe7f04eb046d45db
15_exon_domain_boundary_post_interpro/figures/per_species/equus_caballus_IIIb_exon_domain_architecture.svg	28918	9a93cd0c70788b804f0792774bc17b8eddf1179de946af713b81dd7b6be4342a
15_exon_domain_boundary_post_interpro/figures/per_species/equus_caballus_IIIc_exon_domain_architecture.pdf	20196	93308421405e2c5c70501242b8f00568184ec2374bc73e5aafef9e41e7c52ce3
15_exon_domain_boundary_post_interpro/figures/per_species/equus_caballus_IIIc_exon_domain_architecture.png	75262	c243e814f1aced9fb189d9a0b6013ff15112b89e186d61eee3f769c9def2a637
15_exon_domain_boundary_post_interpro/figures/per_species/equus_caballus_IIIc_exon_domain_architecture.svg	28903	2992a44f8fa655237dc25cd77ee6a4ccf39ecd870815f0764f8e9afe74167d39
15_exon_domain_boundary_post_interpro/figures/per_species/felis_catus_IIIb_exon_domain_architecture.pdf	19606	0ed0370e43f5443c9b8049fb7cb33318014a9938e451542a5380162967838270
15_exon_domain_boundary_post_interpro/figures/per_species/felis_catus_IIIb_exon_domain_architecture.png	76657	23e6d56bc8cd135625d08e248d5b68737985768ed9982b87d2662ebe95a9d62f
15_exon_domain_boundary_post_interpro/figures/per_species/felis_catus_IIIb_exon_domain_architecture.svg	29683	b404e3d662c8e0c5564b6f2c06445b25fe3500fb3c6a77cf801b6b2e94b7f8c9
15_exon_domain_boundary_post_interpro/figures/per_species/felis_catus_IIIc_exon_domain_architecture.pdf	19610	950079f8823177e8c3c08e98004b7286ab9830b96f2f4de47df53f2cc2dd16cc
15_exon_domain_boundary_post_interpro/figures/per_species/felis_catus_IIIc_exon_domain_architecture.png	75650	97773faab1ef5cec5d921edf6c1f631adb6f20e3ea7e5b2ba717d6978285c06c
15_exon_domain_boundary_post_interpro/figures/per_species/felis_catus_IIIc_exon_domain_architecture.svg	29716	f0fa9ac69f37ae4317a1b38b9dadef1de6baed2ca0c8c727e8bcdbaaaf13c25a
15_exon_domain_boundary_post_interpro/figures/per_species/gallus_gallus_IIIb_exon_domain_architecture.pdf	19600	909d22ec01e6ad4f7bb8ff1e0097d5fa32dfbed8fa2826148cfd4189101afbb2
15_exon_domain_boundary_post_interpro/figures/per_species/gallus_gallus_IIIb_exon_domain_architecture.png	76480	e87faf1996b419169385e87a1fe1fce76630118ecb80633962140d0458730075
15_exon_domain_boundary_post_interpro/figures/per_species/gallus_gallus_IIIb_exon_domain_architecture.svg	29702	e200a9e73610c616c50ef02e3a41a941a9a1020993dd5600fd6ceabac69cb081
15_exon_domain_boundary_post_interpro/figures/per_species/gallus_gallus_IIIc_exon_domain_architecture.pdf	19374	3535813fbc85ee3afdd2663206d76f9bac9336eaca9e47cc02060b6add14b722
15_exon_domain_boundary_post_interpro/figures/per_species/gallus_gallus_IIIc_exon_domain_architecture.png	75848	96c2b4cf7d7a428571fe45b94423f0318abcafc59707ebcbd31c703301fb9bb4
15_exon_domain_boundary_post_interpro/figures/per_species/gallus_gallus_IIIc_exon_domain_architecture.svg	29694	ec494406d813f121e91b45ef6cb3a92e63e90f6cd44c7b3d08812cab4d4516df
15_exon_domain_boundary_post_interpro/figures/per_species/gasterosteus_aculeatus_IIIb_exon_domain_architecture.pdf	20047	0b1adc2508133e447befe26111de27e6ef8d795ccd11b45ed786ac92393f1cfe
15_exon_domain_boundary_post_interpro/figures/per_species/gasterosteus_aculeatus_IIIb_exon_domain_architecture.png	85590	8615eb971ed3546193b64a85aeaa25c7fd8adeeae10158978a5765b13d33610d
15_exon_domain_boundary_post_interpro/figures/per_species/gasterosteus_aculeatus_IIIb_exon_domain_architecture.svg	28672	4785e477d38a09931a32bdeeb5d196c24ef39ac8f55cfa7e2e1e030dc24b90ea
15_exon_domain_boundary_post_interpro/figures/per_species/gasterosteus_aculeatus_IIIc_exon_domain_architecture.pdf	20054	cc8412f49bb1cbb56540792735f5b896a3dcab8ab522cbd2b5ec7b1939e74c8b
15_exon_domain_boundary_post_interpro/figures/per_species/gasterosteus_aculeatus_IIIc_exon_domain_architecture.png	85485	461a3c1ce3a6cf61befe853d3228bdc3a6bb2cffcd61e5bc4e62831356c0d67a
15_exon_domain_boundary_post_interpro/figures/per_species/gasterosteus_aculeatus_IIIc_exon_domain_architecture.svg	28664	fba1613584f99b8005959b60abc8b38fa23c24c5e4ea2085e24aa32915687746
15_exon_domain_boundary_post_interpro/figures/per_species/gorilla_gorilla_gorilla_IIIb_exon_domain_architecture.pdf	19510	560f1c226acc0a2a90d91e53d89d322df4ecb8e163b884a2ba9a17f61b5190f5
15_exon_domain_boundary_post_interpro/figures/per_species/gorilla_gorilla_gorilla_IIIb_exon_domain_architecture.png	74177	859b83c6cfd1c2dd7545e80f8d06074c576664113a8ed97e0801be67e9af3acc
15_exon_domain_boundary_post_interpro/figures/per_species/gorilla_gorilla_gorilla_IIIb_exon_domain_architecture.svg	25195	bf9e28c23bdcf38a8d4bdfabc4f0a1e20d76f9b66c44596f2e48e3e8284b65fa
15_exon_domain_boundary_post_interpro/figures/per_species/gorilla_gorilla_gorilla_IIIc_exon_domain_architecture.pdf	19718	35262597a09767a3b48809c684a5fb3cd1852ca0a62c62a3b05c2a3901a097f9
15_exon_domain_boundary_post_interpro/figures/per_species/gorilla_gorilla_gorilla_IIIc_exon_domain_architecture.png	76840	73f72f88519ed54326c8669b9c9eb24cb18fb4ffbf2af6acb91b635f79a65093
15_exon_domain_boundary_post_interpro/figures/per_species/gorilla_gorilla_gorilla_IIIc_exon_domain_architecture.svg	26712	15ad50c81524c7bf457bb6ca7b081c50566f4b74a288b6f7bf447e62b43b7ddd
15_exon_domain_boundary_post_interpro/figures/per_species/homo_sapiens_IIIb_exon_domain_architecture.pdf	19612	9f5ea5165b8791e8ab8a6e97ab606192969dabec9c594940962bcc60204e35e4
15_exon_domain_boundary_post_interpro/figures/per_species/homo_sapiens_IIIb_exon_domain_architecture.png	74203	eb16c44b20725d6c9378e5dfd8ba2e01d31814b817e18db6be447d6a965ee8e4
15_exon_domain_boundary_post_interpro/figures/per_species/homo_sapiens_IIIb_exon_domain_architecture.svg	28151	96b780897c74491768a0b75c9ef063d4249a8cb2dae02080a474797346824f5f
15_exon_domain_boundary_post_interpro/figures/per_species/homo_sapiens_IIIc_exon_domain_architecture.pdf	19622	11ed08394a9cfc05a6158846daaa6e74c41cb9b13850735593180f00a762fc7d
15_exon_domain_boundary_post_interpro/figures/per_species/homo_sapiens_IIIc_exon_domain_architecture.png	73601	7d859f389ead0e0c2732e1452d1e342a4d7af28cb80b35078c1596cc6b50de94
15_exon_domain_boundary_post_interpro/figures/per_species/homo_sapiens_IIIc_exon_domain_architecture.svg	28164	06c3cbfe691cc78d9c3f77f6bbbce1570f5b5cf4847385bf5adb06ca4fa22b46
15_exon_domain_boundary_post_interpro/figures/per_species/macaca_mulatta_IIIb_exon_domain_architecture.pdf	19610	0923652304dff840ce4bd32a086b95ebf68b628a27525d5307cad3cf4b13c29b
15_exon_domain_boundary_post_interpro/figures/per_species/macaca_mulatta_IIIb_exon_domain_architecture.png	78048	7964019380a01b2c93a8a7b6c2b92c3b4f671b7cec86c09edc733139d6f205de
15_exon_domain_boundary_post_interpro/figures/per_species/macaca_mulatta_IIIb_exon_domain_architecture.svg	29684	b3e7898d61303faffa248574f439d1949e38dd53a9179a1cefb5e5f3ad48a8ce
15_exon_domain_boundary_post_interpro/figures/per_species/macaca_mulatta_IIIc_exon_domain_architecture.pdf	19592	118df102007ac730d6d93f0edf4f5e21f21d974ef3dc968170cf5f158ec2e023
15_exon_domain_boundary_post_interpro/figures/per_species/macaca_mulatta_IIIc_exon_domain_architecture.png	76895	8736911834ca80ffd2604a2e5c96ac987cc4e22c43f29325b9c69792dca58ff3
15_exon_domain_boundary_post_interpro/figures/per_species/macaca_mulatta_IIIc_exon_domain_architecture.svg	29720	2a4947f1028f59793f2fff1fdab38446c9c5aba992596ceee12360569a2d8cc8
15_exon_domain_boundary_post_interpro/figures/per_species/meleagris_gallopavo_IIIb_exon_domain_architecture.pdf	19261	bd27a1df154873c68a3757396a3dff8637fc7d83c32e663eed37293fc058a39d
15_exon_domain_boundary_post_interpro/figures/per_species/meleagris_gallopavo_IIIb_exon_domain_architecture.png	72349	001d326a9288be96755dd9b39a27795b62301c365bfe108a23e8ec617fbbfd6b
15_exon_domain_boundary_post_interpro/figures/per_species/meleagris_gallopavo_IIIb_exon_domain_architecture.svg	21887	467565ec1106a0ac61067812f4e611f51a748c8e124078f5d2fe96374f7402d0
15_exon_domain_boundary_post_interpro/figures/per_species/meleagris_gallopavo_IIIc_exon_domain_architecture.pdf	19262	a2024620faa47e66c2931093f6e7d1a6c4f576a1ab0d5310bc96ae3cfa54a916
15_exon_domain_boundary_post_interpro/figures/per_species/meleagris_gallopavo_IIIc_exon_domain_architecture.png	72193	3dc0ad9490c7bd6700be7c66ab39fb49daab9caf0e5d67d470d20c82cb102b6f
15_exon_domain_boundary_post_interpro/figures/per_species/meleagris_gallopavo_IIIc_exon_domain_architecture.svg	21894	f9938295bad08cebb726df9f991689a29ec5034cc47af56f8ef692e50bd7c10e
15_exon_domain_boundary_post_interpro/figures/per_species/monodelphis_domestica_IIIb_exon_domain_architecture.pdf	19615	57fe6d8af11c0d15fc5f9866a17ad9abbdc53b59fe078d8fcb935817f0bb7f7c
15_exon_domain_boundary_post_interpro/figures/per_species/monodelphis_domestica_IIIb_exon_domain_architecture.png	80408	d5faf4098ec8163d7ce08ffcc32283e330bd43193d6ec291634b234e63c7a9c0
15_exon_domain_boundary_post_interpro/figures/per_species/monodelphis_domestica_IIIb_exon_domain_architecture.svg	29708	5abf538a9a4ffc4c1f6c005c05b9f33084eb27ae702a7c8af8a28952b923356a
15_exon_domain_boundary_post_interpro/figures/per_species/monodelphis_domestica_IIIc_exon_domain_architecture.pdf	19624	1a12600a9a81ce7f717ae5d73a089e89b4ed709b20fd2c7c549b68360b102dee
15_exon_domain_boundary_post_interpro/figures/per_species/monodelphis_domestica_IIIc_exon_domain_architecture.png	80809	8b3425e7c59576a8d5bc11cd5a321a3fa8cffa1b981ec0a45bc37586a64a2792
15_exon_domain_boundary_post_interpro/figures/per_species/monodelphis_domestica_IIIc_exon_domain_architecture.svg	29668	5c211fdbe042914af46ea9ce86444e3b4ccac02ab1d387c2668546e80744b1e0
15_exon_domain_boundary_post_interpro/figures/per_species/mus_musculus_IIIb_exon_domain_architecture.pdf	19747	f7725c7c09edf16226ad5187724d8376e55e83de92e14d97f74a21d42ceea256
15_exon_domain_boundary_post_interpro/figures/per_species/mus_musculus_IIIb_exon_domain_architecture.png	73554	5712ad39756ab6d6203a9411e3ea49932587324d3359ed34a11527be6195fcf2
15_exon_domain_boundary_post_interpro/figures/per_species/mus_musculus_IIIb_exon_domain_architecture.svg	28180	9688dea2b58be74f08ff8edd69118b9e48e40eb4369e9355af64a7cb27c37a08
15_exon_domain_boundary_post_interpro/figures/per_species/mus_musculus_IIIc_exon_domain_architecture.pdf	20028	b145ab9450297234afb12f2911bfd362d98d1cfa20b9a44e02b3ce655ffbb11a
15_exon_domain_boundary_post_interpro/figures/per_species/mus_musculus_IIIc_exon_domain_architecture.png	78332	89751b1d587228c6ea33b8a6099005bb9cad37065940e9b79e708b671fdb9a53
15_exon_domain_boundary_post_interpro/figures/per_species/mus_musculus_IIIc_exon_domain_architecture.svg	29727	f3b74652ae527387085906cc6b26d7adf69f8e648ea094c5296fa5afdc657549
15_exon_domain_boundary_post_interpro/figures/per_species/oreochromis_niloticus_IIIb_exon_domain_architecture.pdf	19805	ae7a39bcd3b79b9d8c1a60c3335ab1963ec534dbc3c6683fabe938bec9e92b8c
15_exon_domain_boundary_post_interpro/figures/per_species/oreochromis_niloticus_IIIb_exon_domain_architecture.png	77992	e0084d3c61ece87208cdeb742c0ca6add09e4512608ec97a43f5d84cee0f55a9
15_exon_domain_boundary_post_interpro/figures/per_species/oreochromis_niloticus_IIIb_exon_domain_architecture.svg	28179	64771913ad9aa6fd96fa7f004ea915ad684cd2361c731ea9a819780a43129b87
15_exon_domain_boundary_post_interpro/figures/per_species/oreochromis_niloticus_IIIc_exon_domain_architecture.pdf	19827	788685bfe8f6c16f1ba96f161ea95be3359f15126d82d66cf95c2b793bc35af5
15_exon_domain_boundary_post_interpro/figures/per_species/oreochromis_niloticus_IIIc_exon_domain_architecture.png	76049	4156f8d9f4262555667cb389c403858e4a61384e37cd3837b47bbae9ff4536c2
15_exon_domain_boundary_post_interpro/figures/per_species/oreochromis_niloticus_IIIc_exon_domain_architecture.svg	28182	46855a245ac7056f63077527acc7c469bf6429ce0425aad899d8708e3cf44506
15_exon_domain_boundary_post_interpro/figures/per_species/ornithorhynchus_anatinus_IIIb_exon_domain_architecture.pdf	20022	92522eb610412de32bd425fdc5f509b9ca8920d96ee89340b219a352b4c0af83
15_exon_domain_boundary_post_interpro/figures/per_species/ornithorhynchus_anatinus_IIIb_exon_domain_architecture.png	77621	9aa87662541f8cdf105b9e25f79ecb2a030079baed140d36a7e75efc87ec79fd
15_exon_domain_boundary_post_interpro/figures/per_species/ornithorhynchus_anatinus_IIIb_exon_domain_architecture.svg	28189	265d1c4c7f42ad1fcf3eee450bb5ebf1545700871e9392d4bf5c38e552c3ef0e
15_exon_domain_boundary_post_interpro/figures/per_species/ornithorhynchus_anatinus_IIIc_exon_domain_architecture.pdf	20036	ada6d15198f0090426ae98dce2575157e74c76d0a8a14252a0fc2bc58af06432
15_exon_domain_boundary_post_interpro/figures/per_species/ornithorhynchus_anatinus_IIIc_exon_domain_architecture.png	77527	41d81a4ddf40c13f6465f367b28c770520de3e8125ea60d7d778bf86a10f99ae
15_exon_domain_boundary_post_interpro/figures/per_species/ornithorhynchus_anatinus_IIIc_exon_domain_architecture.svg	28155	a8f5128f4c2cfde6b1d20c64bb367d6c9a9d5e95630fd6901c2dd2d1ef6f40e5
15_exon_domain_boundary_post_interpro/figures/per_species/oryctolagus_cuniculus_IIIb_exon_domain_architecture.pdf	19794	762679a6397a3316dd073e261447a6a582aac064b8af4a57a1e042fd348f2e7f
15_exon_domain_boundary_post_interpro/figures/per_species/oryctolagus_cuniculus_IIIb_exon_domain_architecture.png	78391	e2ce32778ac67d2d7e6124e1f2c9671264f19a67dc0bc8301269d077bb9d860c
15_exon_domain_boundary_post_interpro/figures/per_species/oryctolagus_cuniculus_IIIb_exon_domain_architecture.svg	29711	4f2fbaec6fc0100406e5d895a1d67a3fde493d6f5beda4dcb1d3de2440b896bd
15_exon_domain_boundary_post_interpro/figures/per_species/oryctolagus_cuniculus_IIIc_exon_domain_architecture.pdf	19800	f90fafee5ebc51d5f9fff0ea89ec054bc86b19645bb50b3e17dad626b9750b6d
15_exon_domain_boundary_post_interpro/figures/per_species/oryctolagus_cuniculus_IIIc_exon_domain_architecture.png	80011	214537e90ba8559b55953a2ddbbe31460a2f52edce80791935b97890716e4bef
15_exon_domain_boundary_post_interpro/figures/per_species/oryctolagus_cuniculus_IIIc_exon_domain_architecture.svg	29718	a3972afebbd8a13b34334e0d542920fb72c96e5775f37819a5f7f08d067fc3fd
15_exon_domain_boundary_post_interpro/figures/per_species/oryzias_latipes_IIIb_exon_domain_architecture.pdf	19922	cc113c21250fec19a58d835c78a1702af1dbaffa49e2614db669bcfc8b7c6f77
15_exon_domain_boundary_post_interpro/figures/per_species/oryzias_latipes_IIIb_exon_domain_architecture.png	77103	c2a5d4e79b4b6b3601874d70e42f05b0fb8554c329595d4787b73d59ff762a8b
15_exon_domain_boundary_post_interpro/figures/per_species/oryzias_latipes_IIIb_exon_domain_architecture.svg	29723	220555552b1e461d54a54010c18b8dc4e8417caa7ed859ba90475e0b2a305ca9
15_exon_domain_boundary_post_interpro/figures/per_species/oryzias_latipes_IIIc_exon_domain_architecture.pdf	19927	28a3ea93be144e6b45266f876a6e1728434131263bb6b657fc4d95051fbbdc6b
15_exon_domain_boundary_post_interpro/figures/per_species/oryzias_latipes_IIIc_exon_domain_architecture.png	76652	d18a1a3c1b30ec3599bc03cd612312caa7e44e0aad315659df97d7fc67830462
15_exon_domain_boundary_post_interpro/figures/per_species/oryzias_latipes_IIIc_exon_domain_architecture.svg	29700	f4e8d282f0ccfe670503338672f9035e4a5afde34a15700f31163c603aed99da
15_exon_domain_boundary_post_interpro/figures/per_species/ovis_aries_IIIb_exon_domain_architecture.pdf	20006	2796fc9d20cf5626d7e82f6164be2dacdd2b798b4fe3a6663318413118050d45
15_exon_domain_boundary_post_interpro/figures/per_species/ovis_aries_IIIb_exon_domain_architecture.png	76215	c0ff55e059580167964578792aeb3d7e4c722c2e24a73de64a0316adfea3447c
15_exon_domain_boundary_post_interpro/figures/per_species/ovis_aries_IIIb_exon_domain_architecture.svg	29680	ac200f02562ca427ae88a9245ac876ae297a10eaa9e72cae64b288e13d1cd4be
15_exon_domain_boundary_post_interpro/figures/per_species/ovis_aries_IIIc_exon_domain_architecture.pdf	20010	3901f6485c4ecb5b1ab9258c7e51a2096e860b461d639cfe200862371b322127
15_exon_domain_boundary_post_interpro/figures/per_species/ovis_aries_IIIc_exon_domain_architecture.png	75241	5ddc66e4c00143f458dca0d44b0a84d6bfd1145cb84558d252527242cfb18d44
15_exon_domain_boundary_post_interpro/figures/per_species/ovis_aries_IIIc_exon_domain_architecture.svg	29710	6303f7cb7bd12567308f42c9c25fa5fbf1b0e78fb345f0003062a48ebadeac93
15_exon_domain_boundary_post_interpro/figures/per_species/pan_troglodytes_IIIb_exon_domain_architecture.pdf	19613	ebba2789537489c27f37e0308f5f90fc9bf0b6502e824c1c4ed014337c41baca
15_exon_domain_boundary_post_interpro/figures/per_species/pan_troglodytes_IIIb_exon_domain_architecture.png	77264	4833fcedbbf444036a3190e2cda6c852df802055dc567644183de102cd8c1b15
15_exon_domain_boundary_post_interpro/figures/per_species/pan_troglodytes_IIIb_exon_domain_architecture.svg	29696	10b7be9416d8b47e7872d76db8d86a455537efe6baff9286f858e544a38ad0f4
15_exon_domain_boundary_post_interpro/figures/per_species/pan_troglodytes_IIIc_exon_domain_architecture.pdf	19620	4d8f86cf90acce3f8f3001a2ec3c6e51ed07ef8b259d00f044807f059f7d269c
15_exon_domain_boundary_post_interpro/figures/per_species/pan_troglodytes_IIIc_exon_domain_architecture.png	76605	dcc97534a3c922136675ad28b15874f9ce80e442a728b373e5641974eb11a079
15_exon_domain_boundary_post_interpro/figures/per_species/pan_troglodytes_IIIc_exon_domain_architecture.svg	29728	2846141445722f9685ad2671cf2897f079edb4d41d6b12e8d526ae8228574a41
15_exon_domain_boundary_post_interpro/figures/per_species/pongo_abelii_IIIc_exon_domain_architecture.pdf	19604	33b3d889d6e755d61338a0c73600e710b7765475d06c43e1df4fa9b557289ce0
15_exon_domain_boundary_post_interpro/figures/per_species/pongo_abelii_IIIc_exon_domain_architecture.png	76292	0f7f0f15b6e064b9df5e414c96d8280e5b9a13c458f1ec45760ffa480408ce46
15_exon_domain_boundary_post_interpro/figures/per_species/pongo_abelii_IIIc_exon_domain_architecture.svg	29718	575fa83bc5116a224bfa658e772e9619c5bf9d869f2d2e4ffea068a9595fc385
15_exon_domain_boundary_post_interpro/figures/per_species/rattus_norvegicus_IIIb_exon_domain_architecture.pdf	19828	0912dd7f2fe03c8e8276b59bafbccac47bb73f76e1d56e3905cf1cba1e596470
15_exon_domain_boundary_post_interpro/figures/per_species/rattus_norvegicus_IIIb_exon_domain_architecture.png	78138	92faf032050e9eca4d9e56db20fea5b5fb00f263b7341d59cc666a499214abe5
15_exon_domain_boundary_post_interpro/figures/per_species/rattus_norvegicus_IIIb_exon_domain_architecture.svg	29703	f8e96b462702a5f7fe8950db2e0dadf50b178b6f70e07a0a9573c2379bca00de
15_exon_domain_boundary_post_interpro/figures/per_species/rattus_norvegicus_IIIc_exon_domain_architecture.pdf	19827	dace7204f1f5ffb37105adc029d295f476ea247ebefac0a5d781c72cc1e05c6d
15_exon_domain_boundary_post_interpro/figures/per_species/rattus_norvegicus_IIIc_exon_domain_architecture.png	78109	19f6dcae8fec6141863c4e1012dfaf3ee98b8f7e045d557fc9481ff101e540cd
15_exon_domain_boundary_post_interpro/figures/per_species/rattus_norvegicus_IIIc_exon_domain_architecture.svg	29722	9ca38b471a8a111caf28572328b9829bb8522b0ae52e202852d316211a2225d4
15_exon_domain_boundary_post_interpro/figures/per_species/sus_scrofa_IIIb_exon_domain_architecture.pdf	19719	a4e8b29f8980306faf13ab0d8bf17bb90a3f7c0d44fc522b07ec01b2f38fa365
15_exon_domain_boundary_post_interpro/figures/per_species/sus_scrofa_IIIb_exon_domain_architecture.png	77324	d33ba4512efe40e77943641a1816ae54d7bac6ca2c09235dbec146920d420be6
15_exon_domain_boundary_post_interpro/figures/per_species/sus_scrofa_IIIb_exon_domain_architecture.svg	29680	bdd32f2b4ed395eac5d95a8258cf508186e9e208fbea9955679ae631021b111f
15_exon_domain_boundary_post_interpro/figures/per_species/sus_scrofa_IIIc_exon_domain_architecture.pdf	19723	a8715766cff29abcdebdcbeb561de65c2e467518a8fd5a4ff83a5add67458e77
15_exon_domain_boundary_post_interpro/figures/per_species/sus_scrofa_IIIc_exon_domain_architecture.png	75853	e2786e8896dd153e5e438ece9a32b35e5699f12863f169f9599e5658fc38251a
15_exon_domain_boundary_post_interpro/figures/per_species/sus_scrofa_IIIc_exon_domain_architecture.svg	29712	c9996b7286ec245efa43855033a96aac0429033b1da4086f7cc0dafe35a73fe4
15_exon_domain_boundary_post_interpro/figures/per_species/taeniopygia_guttata_IIIb_exon_domain_architecture.pdf	19952	4ab887a1a03f984dd482aeb9e11de27d54419ac69ee03a30b37567be73bdc677
15_exon_domain_boundary_post_interpro/figures/per_species/taeniopygia_guttata_IIIb_exon_domain_architecture.png	76909	64f1663b640931841c29af6bb06a3f2cf59fe5a10a8c6fa228a315978212523f
15_exon_domain_boundary_post_interpro/figures/per_species/taeniopygia_guttata_IIIb_exon_domain_architecture.svg	28924	387efdecb823ccf674e40a71305d9312369f3e34419c7937eec7fd7102a90a7c
15_exon_domain_boundary_post_interpro/figures/per_species/taeniopygia_guttata_IIIc_exon_domain_architecture.pdf	19920	fe71f3fea249a041d8ad1e0e856ab9a6ef18195b605b247385b9abe9c16dc8f4
15_exon_domain_boundary_post_interpro/figures/per_species/taeniopygia_guttata_IIIc_exon_domain_architecture.png	76764	d31edc692df47398f97cab4c97e3bd0b00550673a9b1d476fe3f862deaab680d
15_exon_domain_boundary_post_interpro/figures/per_species/taeniopygia_guttata_IIIc_exon_domain_architecture.svg	28881	0ab38ed69deea508637bcca974c4fe7f8dc2fcb8c5763de55b5908017f8c73e1
15_exon_domain_boundary_post_interpro/figures/per_species/takifugu_rubripes_IIIb_exon_domain_architecture.pdf	19752	32ff1efbed7086eff1e42fe06d6b6b9ad4d8fe0f93e342122138676376c45e17
15_exon_domain_boundary_post_interpro/figures/per_species/takifugu_rubripes_IIIb_exon_domain_architecture.png	77025	30d073ed5ee3847575e502fa1ead9dccebe0354cd251770708b2dfdce3ae3fe5
15_exon_domain_boundary_post_interpro/figures/per_species/takifugu_rubripes_IIIb_exon_domain_architecture.svg	28199	7e0bc78b23d6fe45917419f249965b56021788b2adf31ca62825334d3577623f
15_exon_domain_boundary_post_interpro/figures/per_species/takifugu_rubripes_IIIc_exon_domain_architecture.pdf	19749	baba525d112269e1dd83d289a2b3b4105ec749eb937c7cb43499a6e73faac2aa
15_exon_domain_boundary_post_interpro/figures/per_species/takifugu_rubripes_IIIc_exon_domain_architecture.png	75433	fb6e82001719c78f914f7ce55466e216834ce6bd03bb54e53db1f1e3dbb1928d
15_exon_domain_boundary_post_interpro/figures/per_species/takifugu_rubripes_IIIc_exon_domain_architecture.svg	28193	2afa25ae415c936515ca11cbe22d3f64eaaf724ef0caa7f0bf7ad2ee03249bea
15_exon_domain_boundary_post_interpro/figures/per_species/xenopus_tropicalis_IIIb_exon_domain_architecture.pdf	19921	36584f71c1c97deda4531025ca1a74fb89269b7a2211fe3a794d45ab4bf2c3cb
15_exon_domain_boundary_post_interpro/figures/per_species/xenopus_tropicalis_IIIb_exon_domain_architecture.png	75347	14392720284bfe781282fd240418b54840c3e2adb554d62f177c0f1f8308587d
15_exon_domain_boundary_post_interpro/figures/per_species/xenopus_tropicalis_IIIb_exon_domain_architecture.svg	28651	25d0cae7bb8ec933901869db29fcfb62b058b19e4ae0c3e88e583397b5ea5203
15_exon_domain_boundary_post_interpro/figures/per_species/xenopus_tropicalis_IIIc_exon_domain_architecture.pdf	19750	990fc88c1633d34b0aed3386920be9edde092e7923a3adf0a350c99e37e899e7
15_exon_domain_boundary_post_interpro/figures/per_species/xenopus_tropicalis_IIIc_exon_domain_architecture.png	75545	bd5b70e543d8ad312d47de97fd1256ca7702643632abce73cb6ddd5971293ba5
15_exon_domain_boundary_post_interpro/figures/per_species/xenopus_tropicalis_IIIc_exon_domain_architecture.svg	26388	566be87b923f9b5d2b8d1de3e705797454cd2956881f4f1091b4e979c2591830
15_exon_domain_boundary_post_interpro/reports/post_interpro_exon_domain_architecture_summary.md	3675	953a5d40ac3588f541523b274516f640422bde4a498461c9474483c5f34f0852
15_exon_domain_boundary_post_interpro/tables/exon_block_coordinate_reconstruction_audit.tsv	2151	3d8fa8f1db173ea4a67214e6d59f2a99f34187bd135fab385ba8f48d8b76d190
15_exon_domain_boundary_post_interpro/tables/exon_domain_architecture_features.tsv	212350	ee8cf75ba33da84f8fb6f205112c43362cd914dea24df1a1b1baf358f47a293d
15_exon_domain_boundary_post_interpro/tables/fgfr2_domain_architecture_qc.tsv	24589	36063764f3f0f292b9eca08113cebb1328f7a8c26075d8ea5afa7ff9148870a0
15_exon_domain_boundary_post_interpro/tables/interpro_domain_features_normalized.tsv	598464	184caa9c24a43e78539e78c15297529b011782895ede4db0be9fd1c07cf8a242
15_exon_domain_boundary_post_interpro/tables/post_interpro_qc_review_case_audit.tsv	3563	8a0aeb2edd1104fc4c3d029be300d7ae3cb0a588318dd9e44d24c1991a1a5447
15_exon_domain_boundary_post_interpro/tables/pytmhmm_tm_features_normalized.tsv	18949	162a2253470d84b7e27c1b482f7081e53d6ff37f5d532fc52b4fd7a9e3cb3596
16_final_thesis_analyses/exon_domain_boundary_consistency/figures/Figure_11_exon_domain_boundary_consistency_heatmap.pdf	22181	9ae4204f181c98165f15dcaea67c61bfaa0981ce2191ca12091885ea8923ed2e
16_final_thesis_analyses/exon_domain_boundary_consistency/figures/Figure_11_exon_domain_boundary_consistency_heatmap.png	168309	e59914396d9df305411b60d6c4df3a24325f7a7deb6b604ac2e276d8d5ba9434
16_final_thesis_analyses/exon_domain_boundary_consistency/figures/Figure_11_exon_domain_boundary_consistency_heatmap.svg	104798	ad8c1df6d0441ef0c87ab5574421aa45815d580b72c509a978cbea07306d5830
16_final_thesis_analyses/exon_domain_boundary_consistency/figures/Figure_12_boundary_distance_distribution.pdf	15822	4ba6ac8309d8777eb2c3755ec5aad98810bcaf96dfee50820c1cde494df196e2
16_final_thesis_analyses/exon_domain_boundary_consistency/figures/Figure_12_boundary_distance_distribution.png	88553	e6b3f689678acbe5ff08ffea6d5ec148cbc4308e6990b8f89cedd992397052c5
16_final_thesis_analyses/exon_domain_boundary_consistency/figures/Figure_12_boundary_distance_distribution.svg	33763	675586f4c4727e588a17014b839e54502b9084a4345e3b1384c9d1a93ed4c8d2
16_final_thesis_analyses/exon_domain_boundary_consistency/reports/exon_domain_boundary_consistency_report.md	5960	aee8862b23f3740ae610cf324a3678df45408b49f0e6fa59bfceb40258aa79a1
16_final_thesis_analyses/exon_domain_boundary_consistency/tables/exon_domain_boundary_consistency_summary.tsv	823	c31b070382d9fb71721d7bfa2c44206ffa2cfbdaa38395b7e8f660f083160a1b
16_final_thesis_analyses/exon_domain_boundary_consistency/tables/exon_domain_boundary_distances.tsv	483491	947c5ca0c2475c3d6f2899bca26933a02924416458ccc059c41ab280f5d4d6df
16_final_thesis_analyses/exon_domain_boundary_consistency/tables/exon_domain_boundary_outliers.tsv	3182	6e5f12e91677807f1712a9d7bf645c8a8c374bbfc7c4b866e1c196ae32c20385
DATASET.md	454	29563fed7ccb396bcc37a050be7fdcbef3d09bf26c960067ca260f2257d1117c
dataset.json	535	77dc44c46b80e66a0eff0ad15f85922e98e7528ef7068a79c2b5edd5c0e944bc
derived/figures/comparative/cmp_boundary_matrix.pdf	121808	610987fa57edc7f2f8cc4e5d1355126b0900df6b5af1fdbea0ea53c873582edf
derived/figures/comparative/cmp_boundary_matrix.png	691609	cce4233732d2f56ef041e655a4ce3157d6aaf823ba3b37aa42073d44cab61466
derived/figures/comparative/cmp_boundary_matrix.svg	258038	71dabac8f7ffd9d45137d9c143e070d333b8c1e83bf84dc6f48e751df1be35c4
derived/figures/comparative/cmp_boundary_matrix.tsv	35587	cd32688aaadb81d501c11574fa582cbf6796392151571cb0f8748e9c5ddf71bd
derived/figures/comparative/cmp_boundary_position_consistency.pdf	115327	8dac5a62605945329d7b8172d51f6650d46cd4c86af6fdd488b738a5a392ac40
derived/figures/comparative/cmp_boundary_position_consistency.png	604705	8fc4f49994aea21d60ea910ca5cd5b3529276553e5875ad95de1b1ac2cb47f6b
derived/figures/comparative/cmp_boundary_position_consistency.svg	98928	317c5517b0582bd3615249493310d84fa4e94844ab77cfde9c91fe7363c8fbb9
derived/figures/comparative/cmp_boundary_position_consistency.tsv	12895	c74a59c03b381ed22dbcc9e5cbcaa6f196c29e263fe5c43132bd5bcc42830309
derived/figures/comparative/cmp_exon_domain_architecture_msa.pdf	191786	ab49beabf9a4051f1a2d9947bb0f3bb01b869473009f57831852659048370055
derived/figures/comparative/cmp_exon_domain_architecture_msa.png	568377	41d698398fc27da792e757fe40a3ca93d2d287c09f6cf4ba6d3aa070dcf97852
derived/figures/comparative/cmp_exon_domain_architecture_msa.svg	196120	695487420de6088b776cecd0d7ff8e1dcf5005cf13767a3dfc0e4bffc9768d66
derived/figures/comparative/cmp_exon_domain_architecture_msa.tsv	14866	fb644b4271d06b63a98a8d032b0419a1c7d3d2ebad1a52c578d5514fa0d96f1c
derived/figures/comparative/cmp_exon_domain_architecture_native.pdf	196490	d2220bdf772be03c8dac060ad1f77dcb3275f7e23eda413aca71552cbb61cfc1
derived/figures/comparative/cmp_exon_domain_architecture_native.png	572628	ce4c44f2e8de2353375dc1114da5fc5b403dbef0588aa5140dc94adca9691ee6
derived/figures/comparative/cmp_exon_domain_architecture_native.svg	205112	aefa55c316c046a95cb68e108d4b7ff5f96351ba15b7a2751f56e56f1155080a
derived/figures/comparative/cmp_exon_domain_architecture_native.tsv	14866	fb644b4271d06b63a98a8d032b0419a1c7d3d2ebad1a52c578d5514fa0d96f1c
derived/figures/comparative/cmp_paired_signed_distance.pdf	114642	d9b08ce2afc4231eb343754ceaadc3c5ff3d4962e24b781cc81a8197a15d3ed5
derived/figures/comparative/cmp_paired_signed_distance.png	228590	74134bda0513e688a5c32b3441cfaaa545d14578e5fc2a402e1500cbe0098f6b
derived/figures/comparative/cmp_paired_signed_distance.svg	75060	d67d982cc7bc8df4c6fdac9d6e8c83537f52c86e67f8be5c41fce15dc2acf135
derived/figures/comparative/cmp_paired_signed_distance.tsv	97562	1dc6fd0fa8d91c68fdcbe11c035ffb313c0a960a63d173f76c528a3f6a074b11
derived/figures/main/main_alligator_mississippiensis_IIIb_boundary_class_summary.pdf	3172	ae19cb273ead979b5bef62673be77ec9ca9e9640725f671d3954a6d8675da833
derived/figures/main/main_alligator_mississippiensis_IIIb_boundary_class_summary.png	90978	d3fbcfbe908d4b7e34e60323e127a25ed8eb3ff93e4e7b4f2ba87a1b1376a417
derived/figures/main/main_alligator_mississippiensis_IIIb_boundary_class_summary.svg	5067	2a240d009fe7751cae63ce3c70640a6537c9749214701ac057c23aab2a180a17
derived/figures/main/main_alligator_mississippiensis_IIIb_boundary_class_summary.tsv	1898	8e8d14a936c1be299e19179fe61313a947f51ea65eeea361f0c5b5670c1c076e
derived/figures/main/main_alligator_mississippiensis_IIIb_boundary_on_architecture.pdf	9227	15191584466a31524173e54fbe8f2c2b6600f1bd9da46177d68c1da61723e8b7
derived/figures/main/main_alligator_mississippiensis_IIIb_boundary_on_architecture.png	224245	7224e30601f037563049b0bc0c06c142e3400d02cb54aab22e9a51c6d3e6e058
derived/figures/main/main_alligator_mississippiensis_IIIb_boundary_on_architecture.svg	16942	d391c5be9ef644b95942b08833b1ed423bdafdf4d2540b0b8ca713136642a95f
derived/figures/main/main_alligator_mississippiensis_IIIb_boundary_on_architecture.tsv	1898	8e8d14a936c1be299e19179fe61313a947f51ea65eeea361f0c5b5670c1c076e
derived/figures/main/main_alligator_mississippiensis_IIIb_integrated_domain_architecture.pdf	9119	5148e4b48fdc06cd23cb908f7b29322b87060929303f1a413961e81d606f2865
derived/figures/main/main_alligator_mississippiensis_IIIb_integrated_domain_architecture.png	275462	d6642b09475bcb7d9dea4078002f39a0a8ccc7e625300b170f6a7df846e13b04
derived/figures/main/main_alligator_mississippiensis_IIIb_integrated_domain_architecture.svg	17311	35b27c93f9b93140a56ca96c0c1a6d10e5c25127ffba0d24134a4b417206ece3
derived/figures/main/main_alligator_mississippiensis_IIIb_integrated_domain_architecture.tsv	665	0f89f4520c4239a86384e7868d0be9c653dc0d2109888d03b46559385d1184f6
derived/figures/main/main_alligator_mississippiensis_IIIb_primary_exon_projection.pdf	7427	e8acbfcaae54e93d61cadf8744d4ae35fcd22188133c02e9a1c5a26629d1c48e
derived/figures/main/main_alligator_mississippiensis_IIIb_primary_exon_projection.png	179519	4683cd687d7a4d2a3e16348ceca21eac7ff43fe80ff36536219d5b047982fe74
derived/figures/main/main_alligator_mississippiensis_IIIb_primary_exon_projection.svg	13649	320a6103e1265c7daf861db73b5f9c4778758acefcdb5c2f23e9f6f6f77a7c75
derived/figures/main/main_alligator_mississippiensis_IIIb_primary_exon_projection.tsv	713	854a3dfb2bb87449c85cabe9c371289ad1342acc68fd8b4d0ae5d5c45abc8d04
derived/figures/main/main_alligator_mississippiensis_IIIb_signed_boundary_distances.pdf	10287	91570792e09072967edd930ca836fbfdacdd02ac7820e9ba6b47833ef0a88119
derived/figures/main/main_alligator_mississippiensis_IIIb_signed_boundary_distances.png	330569	b09bd6ddbc208095924c613a587cd87304667c0c957895de096eac5e7014937d
derived/figures/main/main_alligator_mississippiensis_IIIb_signed_boundary_distances.svg	14893	69b1604a33bf6ea07aa737205de16b47e86c802a817ab3ff574f211bed4501f2
derived/figures/main/main_alligator_mississippiensis_IIIb_signed_boundary_distances.tsv	1898	8e8d14a936c1be299e19179fe61313a947f51ea65eeea361f0c5b5670c1c076e
derived/figures/main/main_alligator_mississippiensis_boundary_class_summary.pdf	3172	7ecc51a3154026dac6f6734be9c67090c70a72a2c1fe10e9fcf94437fe3f2e7e
derived/figures/main/main_alligator_mississippiensis_boundary_class_summary.png	90898	fac1e19604aaebdfdb673435e9339145477863a6ea03dd617cfd94e0bef79e66
derived/figures/main/main_alligator_mississippiensis_boundary_class_summary.svg	5067	673a930234f4e2b10abd2a1f08ee715371340d842e435c64daa9d1dbf3b91613
derived/figures/main/main_alligator_mississippiensis_boundary_class_summary.tsv	1898	45d0e9d0070ca69a2dd20cb0f088307c008a0272cb5cbefbb92a4a3a5c603255
derived/figures/main/main_alligator_mississippiensis_boundary_on_architecture.pdf	9232	ada11aa589b7deb0a4dc57d74c5e9c26e36ddfcf43910bc6016008b1d31eadb4
derived/figures/main/main_alligator_mississippiensis_boundary_on_architecture.png	223000	170402cc962f8a9bba8db11084a58d82f8120737e035138d9474b67035dc09d1
derived/figures/main/main_alligator_mississippiensis_boundary_on_architecture.svg	16939	16d762ba8c09db98c4a614913d799602bb521aa82f1503c55d823318fafb0ea5
derived/figures/main/main_alligator_mississippiensis_boundary_on_architecture.tsv	1898	45d0e9d0070ca69a2dd20cb0f088307c008a0272cb5cbefbb92a4a3a5c603255
derived/figures/main/main_alligator_mississippiensis_integrated_domain_architecture.pdf	9119	6a9437931719eb8d6d3ac50c32e75f4ef4112b6ae7556dda1b50f879c528c947
derived/figures/main/main_alligator_mississippiensis_integrated_domain_architecture.png	274681	e58e3118ba8a764705f12979ba8bb75464fdd9664828e1fb9894481b593b69af
derived/figures/main/main_alligator_mississippiensis_integrated_domain_architecture.svg	17308	de417db516a7a5bbb6723c233548e23a2430ce2a40ff529b7e8c3d20b75c4147
derived/figures/main/main_alligator_mississippiensis_integrated_domain_architecture.tsv	665	2a3e27692759b4e6bd898b006f0adcbeb2a341c85c741f650f5e4e894c89af3b
derived/figures/main/main_alligator_mississippiensis_primary_exon_projection.pdf	7435	2559cf83fdcf772d7d50b3171b9a2168973f7efce53273ce6eb6fbc59dcbe310
derived/figures/main/main_alligator_mississippiensis_primary_exon_projection.png	179173	f3924b873b6c24231217f73d632802817c6c2c77828711aec488d842f3765a54
derived/figures/main/main_alligator_mississippiensis_primary_exon_projection.svg	13657	52984804cf0e74ada142cf4b4cc49c5e1cd7c3dd5dc0e424436abf6d168bb5f8
derived/figures/main/main_alligator_mississippiensis_primary_exon_projection.tsv	713	5e94df5a18dca3689643df0c5bd10ac6914d13238742e11b2bed1f624f32e1d5
derived/figures/main/main_alligator_mississippiensis_signed_boundary_distances.pdf	10287	94f6cfa4255e31ee36e947043a5f72f07642145852b57579bc6902ad5b894c62
derived/figures/main/main_alligator_mississippiensis_signed_boundary_distances.png	326666	793ea05d8ef9ad545753bb8893d6b04b3f5adb2e9c12c98e3ace3e4086122f90
derived/figures/main/main_alligator_mississippiensis_signed_boundary_distances.svg	14893	4164db39b335f68bd200125b2548f3d39a4e1e242e45bc9e892960d0f97b15ea
derived/figures/main/main_alligator_mississippiensis_signed_boundary_distances.tsv	1898	45d0e9d0070ca69a2dd20cb0f088307c008a0272cb5cbefbb92a4a3a5c603255
derived/figures/main/main_ambystoma_mexicanum_IIIb_boundary_class_summary.pdf	3164	10ab9a88caad786af99d028635075b9957b92108155ff9dcb16ed0873a15e69a
derived/figures/main/main_ambystoma_mexicanum_IIIb_boundary_class_summary.png	89583	e7771540e9736603e0300b2168564b1e6da7edf7bf6c4d81face0387bffa61be
derived/figures/main/main_ambystoma_mexicanum_IIIb_boundary_class_summary.svg	5059	49fe5475ed86ae0893751a7ad06f5fe607b195bb8e86beb46f387f5fc6de10bd
derived/figures/main/main_ambystoma_mexicanum_IIIb_boundary_class_summary.tsv	1771	93815e6d2ed6233ec81da5a28442c15d431f9cad84bcb14c4b358c2b568e9bfc
derived/figures/main/main_ambystoma_mexicanum_IIIb_boundary_on_architecture.pdf	8913	967b9a1b8a492e50fbeb8e247210dda2b5698803ffab014ede4687480767c2ec
derived/figures/main/main_ambystoma_mexicanum_IIIb_boundary_on_architecture.png	220712	34680984721d2f2f01cd83bbd938b20796eda906dc35a5bc044d5cb5b3bc855d
derived/figures/main/main_ambystoma_mexicanum_IIIb_boundary_on_architecture.svg	16354	c2dd55e3e1f29b6739057696d108690bb259d1fbc4875df7446945e63a421318
derived/figures/main/main_ambystoma_mexicanum_IIIb_boundary_on_architecture.tsv	1771	93815e6d2ed6233ec81da5a28442c15d431f9cad84bcb14c4b358c2b568e9bfc
derived/figures/main/main_ambystoma_mexicanum_IIIb_integrated_domain_architecture.pdf	8862	d3e0bb76b67b770e0071e65f832b87ff9df6ba09146c59acb207b6acf93f4339
derived/figures/main/main_ambystoma_mexicanum_IIIb_integrated_domain_architecture.png	272721	28cadf4e7f83b6194caff0882585216ddc3ee71502186ff7c67f12df48da368e
derived/figures/main/main_ambystoma_mexicanum_IIIb_integrated_domain_architecture.svg	16795	5163a7a2fb5869d24d56abcd779dc4b68758b9fcf64df64653d3da32f342dd65
derived/figures/main/main_ambystoma_mexicanum_IIIb_integrated_domain_architecture.tsv	665	71730d49c7faa06a6f37849337169390b39d07865639cbdb9fdd95d2707e30eb
derived/figures/main/main_ambystoma_mexicanum_IIIb_primary_exon_projection.pdf	7158	682ffeb2f94686c4cef77339dac51f1a7a896323547deaa14346bbf7ca98984c
derived/figures/main/main_ambystoma_mexicanum_IIIb_primary_exon_projection.png	175330	7c24a0d5eb8a797399fffe7f30c9692a08a53f992862bcf5e0f27c38efd4da2b
derived/figures/main/main_ambystoma_mexicanum_IIIb_primary_exon_projection.svg	13146	a0244cf1a4e4afa6f7dd688161b40afdbf560c5cff6800376042db6dfd0ec9ff
derived/figures/main/main_ambystoma_mexicanum_IIIb_primary_exon_projection.tsv	678	8e170afa8e7c8e4a05b3356c76bcc8df5d7c594206e6d95b54657e0c020859b7
derived/figures/main/main_ambystoma_mexicanum_IIIb_signed_boundary_distances.pdf	9843	93e7ad6efb52daef1165767b823ac6c9bbd590e96eede3e8d3cc0c7efd96e981
derived/figures/main/main_ambystoma_mexicanum_IIIb_signed_boundary_distances.png	312985	80f9657bf744e5ef3e469a29153385dec1e60df9ec6a8cf7ba57c706a55e3be9
derived/figures/main/main_ambystoma_mexicanum_IIIb_signed_boundary_distances.svg	14310	ab51e488beeebcc7b7419906f16343a197448f17e770d7de263a6e9a887e66d5
derived/figures/main/main_ambystoma_mexicanum_IIIb_signed_boundary_distances.tsv	1771	93815e6d2ed6233ec81da5a28442c15d431f9cad84bcb14c4b358c2b568e9bfc
derived/figures/main/main_ambystoma_mexicanum_boundary_class_summary.pdf	3164	4861a4be154f43d966dfc6b3c9f6137c4cfa18d9e13d8908499da6b7d1133bb8
derived/figures/main/main_ambystoma_mexicanum_boundary_class_summary.png	89760	9fdfb88400eb64124b15d5c01ffd769530477e6e48e2f467495debb59945fcbe
derived/figures/main/main_ambystoma_mexicanum_boundary_class_summary.svg	5059	927a659f79a300520bb374d61330df3ba6055518f2a56ceb6714921b069f88f7
derived/figures/main/main_ambystoma_mexicanum_boundary_class_summary.tsv	1771	a9f159e76644051c36f3c05563f899e66c90e4f8484cb96382fda5f77032643f
derived/figures/main/main_ambystoma_mexicanum_boundary_on_architecture.pdf	8912	4fa3ac2ec68f636e61a561a2e8b1145d656cbe19d3361ccf331d516ad44e7368
derived/figures/main/main_ambystoma_mexicanum_boundary_on_architecture.png	221211	f50d9aa3277e7c74132084097a516144ae39e66f6645676305a23fb1ff256ab4
derived/figures/main/main_ambystoma_mexicanum_boundary_on_architecture.svg	16359	ea8efab6ea1786d561f4d6926f6507958bfcdf4df36c8042b457b011f84a5e24
derived/figures/main/main_ambystoma_mexicanum_boundary_on_architecture.tsv	1771	a9f159e76644051c36f3c05563f899e66c90e4f8484cb96382fda5f77032643f
derived/figures/main/main_ambystoma_mexicanum_integrated_domain_architecture.pdf	8860	b360de20919744a801973a58106660eb3d5bc4b009a550d555a054861c91619a
derived/figures/main/main_ambystoma_mexicanum_integrated_domain_architecture.png	273097	ba6944c29888d07b259977471a142e1ddb9e6cce5a25748b0f4d5d5bb294296d
derived/figures/main/main_ambystoma_mexicanum_integrated_domain_architecture.svg	16799	44acc824a0be6762bd991ec35ccab9294f3e47a3c2712a9f06df9ef3bdceede0
derived/figures/main/main_ambystoma_mexicanum_integrated_domain_architecture.tsv	665	c4efa918ad8cb071a4fd1ff070d1636b9f58255ba0b446e2f966fa17b9e1132c
derived/figures/main/main_ambystoma_mexicanum_primary_exon_projection.pdf	7171	6957d93d2f640b0eb2dea345549ba21227b084b09444b563aca2c86094dfd0b6
derived/figures/main/main_ambystoma_mexicanum_primary_exon_projection.png	176330	4da69f6d3b93a8fd4d36a5c4acfa94f558d6a0a0159d0bdce9252522b114d00e
derived/figures/main/main_ambystoma_mexicanum_primary_exon_projection.svg	13161	4fa425854c13c0f446e8f3da43f87986526601eb219ceb0ac6bf7b2f367d3680
derived/figures/main/main_ambystoma_mexicanum_primary_exon_projection.tsv	678	47ee127adebffaa4121d3f6169eb75ea0d5e5e8349c5fd5cf7b08345eb8a5c87
derived/figures/main/main_ambystoma_mexicanum_signed_boundary_distances.pdf	9861	d35d5e519e16e7ffdaee3cb88a0043041dc5569978efcac290da43b465b5565f
derived/figures/main/main_ambystoma_mexicanum_signed_boundary_distances.png	318379	6600902599dbd2d62be71a38fbf32ad36ccce62338f2a3c4dc9cce810ea32ded
derived/figures/main/main_ambystoma_mexicanum_signed_boundary_distances.svg	14318	c2453bf2e9d6ea9b539d4cbab9cee328b4d3cd357bd97c2669b1acc793a81516
derived/figures/main/main_ambystoma_mexicanum_signed_boundary_distances.tsv	1771	a9f159e76644051c36f3c05563f899e66c90e4f8484cb96382fda5f77032643f
derived/figures/main/main_anolis_carolinensis_IIIb_boundary_class_summary.pdf	3164	a91af592f6b027900eb2a11352debffafd4881fcb871d7372788203667fd12ef
derived/figures/main/main_anolis_carolinensis_IIIb_boundary_class_summary.png	88297	4778a6d961cb4c6a4aaae2695f74965804a2661ae19cdad412119bc131b37153
derived/figures/main/main_anolis_carolinensis_IIIb_boundary_class_summary.svg	5059	f0a479e61ab9d9c5aa8fcc16ad35dd2c1764aaf9a58688783a5fbe005fbf18d1
derived/figures/main/main_anolis_carolinensis_IIIb_boundary_class_summary.tsv	1912	5e39ba7bd4088c5f8218e31e9f3de62af42454016d2d1b09c32b673f3f1cd053
derived/figures/main/main_anolis_carolinensis_IIIb_boundary_on_architecture.pdf	9294	04b3c0c587b638e5a7df01316491db9cf5901f6808a940cf1d287d9c878f339e
derived/figures/main/main_anolis_carolinensis_IIIb_boundary_on_architecture.png	220078	2d42652bb5f9a3eaf86b92853e6e5585e0e53ce7e438594b78f661db662aa0ee
derived/figures/main/main_anolis_carolinensis_IIIb_boundary_on_architecture.svg	17044	1b46d449602c121a2a65c79568d1ba86d903e770a0e06ff468e0ccec81c146d9
derived/figures/main/main_anolis_carolinensis_IIIb_boundary_on_architecture.tsv	1912	5e39ba7bd4088c5f8218e31e9f3de62af42454016d2d1b09c32b673f3f1cd053
derived/figures/main/main_anolis_carolinensis_IIIb_integrated_domain_architecture.pdf	9025	86ddb17a2dc5ae3ba0074fc18113c3f55efaccc356306a9af843cc4a12cafb42
derived/figures/main/main_anolis_carolinensis_IIIb_integrated_domain_architecture.png	268393	81beed919c3423abc18db40af335640870284fad16475f6fb9f0802ff513c1e5
derived/figures/main/main_anolis_carolinensis_IIIb_integrated_domain_architecture.svg	17131	a1aaaf5da5a1cfeeec562dd96ed5146f4cecc855f67d834f9e17eacae78d0f5c
derived/figures/main/main_anolis_carolinensis_IIIb_integrated_domain_architecture.tsv	629	3f7c05bc8444b1abc6238b9fe13f1821116794a40cf2fb8262813ba623040682
derived/figures/main/main_anolis_carolinensis_IIIb_primary_exon_projection.pdf	7525	c516665bbcdbd17dde7cff06dfa0205efe8cd387b08e52aabb97a10769c5b6d9
derived/figures/main/main_anolis_carolinensis_IIIb_primary_exon_projection.png	175562	cfa57ee5f299d7f3497272154e18f5b97e49a2008fc3ac5e0dbc83a17df782a3
derived/figures/main/main_anolis_carolinensis_IIIb_primary_exon_projection.svg	13770	5a685a8d69c1c30dc13bba1caa9650a1a11dbeab5799734645d3afe45a34e98e
derived/figures/main/main_anolis_carolinensis_IIIb_primary_exon_projection.tsv	708	fc3fb4f5255b262976fb767beb5df3f5dd5403ab0e9253866c6211f995334ec1
derived/figures/main/main_anolis_carolinensis_IIIb_signed_boundary_distances.pdf	10273	1d71a883dfaacc1b6cc997d65743a6be7c8162c820994f6015bbffd71031b2f4
derived/figures/main/main_anolis_carolinensis_IIIb_signed_boundary_distances.png	326672	752010eaae5dac097140f43244f525fb37b071c40100687f4e2b1d0d8bf6dea3
derived/figures/main/main_anolis_carolinensis_IIIb_signed_boundary_distances.svg	14888	20444e0d5d54d17df9ca546704f8df78173547a02fcacd9189af629c2ee01e21
derived/figures/main/main_anolis_carolinensis_IIIb_signed_boundary_distances.tsv	1912	5e39ba7bd4088c5f8218e31e9f3de62af42454016d2d1b09c32b673f3f1cd053
derived/figures/main/main_anolis_carolinensis_boundary_class_summary.pdf	3165	a2c9c08a9c8db3c0744d5d7986419918a49d2e45e359a2d26cb3baaf2897ca95
derived/figures/main/main_anolis_carolinensis_boundary_class_summary.png	88032	9b6eca4180667c85d45e7b2d6b92759c31c7a808990529824fe067320e503c84
derived/figures/main/main_anolis_carolinensis_boundary_class_summary.svg	5060	1ba40b62ef83a9ca50b5235a1b8d7696bc28b212087c7117c780b7552a663986
derived/figures/main/main_anolis_carolinensis_boundary_class_summary.tsv	1901	e5fc75b4d3a9a2baa2241019a82d6906ddbc66d10f0065a189a8114b328ce2f8
derived/figures/main/main_anolis_carolinensis_boundary_on_architecture.pdf	9294	4e7208ff6f389c1fb0366d912473278e09118466bb47fcebd6c63cb149fb2248
derived/figures/main/main_anolis_carolinensis_boundary_on_architecture.png	219671	05cb4f302132693f9a0f41fc156d469fac36544d0531cebb7366c4e1b5250ef5
derived/figures/main/main_anolis_carolinensis_boundary_on_architecture.svg	17045	5671c0dc1c05bdd4e473ab2a40bee47fe533370bff17888e93d9fa890176ae1b
derived/figures/main/main_anolis_carolinensis_boundary_on_architecture.tsv	1901	e5fc75b4d3a9a2baa2241019a82d6906ddbc66d10f0065a189a8114b328ce2f8
derived/figures/main/main_anolis_carolinensis_integrated_domain_architecture.pdf	9025	fb0ddb735674adfdf46a27e6726f9f4ea6ee2a0310fb63efa852a8cba7aa21c9
derived/figures/main/main_anolis_carolinensis_integrated_domain_architecture.png	266755	93c7888e6db439a62c8566957fe1aa03c22f60d756670253f25cf1edc3035a32
derived/figures/main/main_anolis_carolinensis_integrated_domain_architecture.svg	17131	b869c519dbcc75b4d20ef3b4a3a6cafd500564ff73ac08ae98ed78d220c64cd3
derived/figures/main/main_anolis_carolinensis_integrated_domain_architecture.tsv	629	12c059cfe718fa07abe49423b5d7a26b80f137b6b01eaa3ee04735ab93bb11eb
derived/figures/main/main_anolis_carolinensis_primary_exon_projection.pdf	7525	b4a8bb585a4a8053398ae1489a6d10554fac410cac754b4acfeaac001400e307
derived/figures/main/main_anolis_carolinensis_primary_exon_projection.png	174204	f8f9cea8d2a2e26d7b9ad851a1fdaee467543bba30bff229c9846ccb821de66e
derived/figures/main/main_anolis_carolinensis_primary_exon_projection.svg	13770	d8e8b49f06058e61a09ff7e1ab6ff71e1cde12b928545883e062c7c23b6b678c
derived/figures/main/main_anolis_carolinensis_primary_exon_projection.tsv	708	0ec2650cf8e5115e515385cab73c512dd291a5bbb9d06c7490c46664422ca1c0
derived/figures/main/main_anolis_carolinensis_signed_boundary_distances.pdf	10272	16aa8063a6fcbe8c9e070dc98f25c5179050a90f76888c6f1e9dcef8bac257e5
derived/figures/main/main_anolis_carolinensis_signed_boundary_distances.png	321029	73e8d1f6d77350dfdad488fc38828dff227eda5f9e9dceac3246df3c46d7e34c
derived/figures/main/main_anolis_carolinensis_signed_boundary_distances.svg	14887	e3593055174b6217f86a57119a99659b07b963be66edd2593a54978013f49152
derived/figures/main/main_anolis_carolinensis_signed_boundary_distances.tsv	1901	e5fc75b4d3a9a2baa2241019a82d6906ddbc66d10f0065a189a8114b328ce2f8
derived/figures/main/main_bos_taurus_IIIb_boundary_class_summary.pdf	3156	c76029bad1bc389f2d224472af8b8363c9967919c6ba02177d0acc88ccc3756e
derived/figures/main/main_bos_taurus_IIIb_boundary_class_summary.png	84929	02ffb269e1e2df8a43928e8d590de9da2970cd532e0bcaa14c18bb9d76b4bf23
derived/figures/main/main_bos_taurus_IIIb_boundary_class_summary.svg	5051	b42a073fc6ae1cd2c879ad648bc34621994adc88d92fe681dcd3c7875c75fa8c
derived/figures/main/main_bos_taurus_IIIb_boundary_class_summary.tsv	1791	45d22c4393f44e541636a1f0fdb0b41c1b3f59d33781dc94e4dbe157d6de2fb3
derived/figures/main/main_bos_taurus_IIIb_boundary_on_architecture.pdf	8908	aecff060b33498ab3c634dd23a831fe3547aab5a7f2013dc518822e1bd963aa6
derived/figures/main/main_bos_taurus_IIIb_boundary_on_architecture.png	214069	948bd2317a1fc1656b32350eb46adfd1ae58cb478a69b6522c8a4da555a24158
derived/figures/main/main_bos_taurus_IIIb_boundary_on_architecture.svg	16343	0a70342462b7bd43627471a540567b35bf3917865d49672ab266297eb167cf8f
derived/figures/main/main_bos_taurus_IIIb_boundary_on_architecture.tsv	1791	45d22c4393f44e541636a1f0fdb0b41c1b3f59d33781dc94e4dbe157d6de2fb3
derived/figures/main/main_bos_taurus_IIIb_integrated_domain_architecture.pdf	8851	ce8f89fdcb55d411c481983ae983202394a9a7d2e33c4aebefde83c865055a32
derived/figures/main/main_bos_taurus_IIIb_integrated_domain_architecture.png	264294	5187cc5b8b8a2c6a66870c191b1bb102b9175e34919228a0fcb5e34ba6510036
derived/figures/main/main_bos_taurus_IIIb_integrated_domain_architecture.svg	16791	9574cc7c45b723f97061700dbfd68832b7b70a1c110d0893b6a737efa4598706
derived/figures/main/main_bos_taurus_IIIb_integrated_domain_architecture.tsv	665	743757b05a3e4d5a2f6355c239d95a7cd185755750c37f2f91de713cb87f8bd5
derived/figures/main/main_bos_taurus_IIIb_primary_exon_projection.pdf	7154	4c9170ebacc81331a356f188f7d4e24177deb3f85baa571f6536d9ae4f17052b
derived/figures/main/main_bos_taurus_IIIb_primary_exon_projection.png	166183	f0da39bb32db50fd534f1e1157f37ad5b2c9c89c09cb0282396dd8624779fe05
derived/figures/main/main_bos_taurus_IIIb_primary_exon_projection.svg	13147	f9c86031e42bc2a142c8ae711684349a710162ff4f4abb924f2e490f4aacf6ee
derived/figures/main/main_bos_taurus_IIIb_primary_exon_projection.tsv	678	1fe81210b26f492a372741e61100ac2430273fccec7cc7ae2099ee2a9a82fe15
derived/figures/main/main_bos_taurus_IIIb_signed_boundary_distances.pdf	9851	3a586056480d2aac3ec012827761b455eec9b62cf4531d4653011c9e5e57590a
derived/figures/main/main_bos_taurus_IIIb_signed_boundary_distances.png	299682	bc30513824354636e81a39b16eeea68c3c161fd06e151b7fb21a8e6555069e76
derived/figures/main/main_bos_taurus_IIIb_signed_boundary_distances.svg	14310	9aed2c75cb2fb66c66b8d842842703ac779018521989acce18e244ad862f72f9
derived/figures/main/main_bos_taurus_IIIb_signed_boundary_distances.tsv	1791	45d22c4393f44e541636a1f0fdb0b41c1b3f59d33781dc94e4dbe157d6de2fb3
derived/figures/main/main_bos_taurus_boundary_class_summary.pdf	3155	725e308d7a4935f07b022c332f55a3689ec68ffebe14975f7ba48554e5209b1a
derived/figures/main/main_bos_taurus_boundary_class_summary.png	84706	5fbd053c3b7b7c2bb7065ef0c42f934d39027b4db27c1a21b2afd2689f59b222
derived/figures/main/main_bos_taurus_boundary_class_summary.svg	5050	0a1012a60dd50279f3053ace52d86b4d7ae041696a2c69f8c02c1529f507a651
derived/figures/main/main_bos_taurus_boundary_class_summary.tsv	1802	364925c152b05fefd9de75c84d702e09b6b807e323b2f57e0a9275c0beaf610d
derived/figures/main/main_bos_taurus_boundary_on_architecture.pdf	8891	ea6c02e3b5fd854786b6ade02c5fb10f655fe1c67740a85c2bab085cde7cbfc9
derived/figures/main/main_bos_taurus_boundary_on_architecture.png	213850	52967a0457bfa4f381a165da26307a627fb45c9f3a7684cde9b1d659d6d8cee9
derived/figures/main/main_bos_taurus_boundary_on_architecture.svg	16331	727725917e0b06fcd2c413d8efca908d86ad72c240200c1933dad649b2c51817
derived/figures/main/main_bos_taurus_boundary_on_architecture.tsv	1802	364925c152b05fefd9de75c84d702e09b6b807e323b2f57e0a9275c0beaf610d
derived/figures/main/main_bos_taurus_integrated_domain_architecture.pdf	8837	976b4742d01bfb3b13ddb2e323ee703bd194f61053aec4ad8d950afeed5c74a9
derived/figures/main/main_bos_taurus_integrated_domain_architecture.png	265289	d2ae8e9f0fd74115de6cc05a5fd2fadcf82d5b31a2dc02bc5a16fbb6a805948b
derived/figures/main/main_bos_taurus_integrated_domain_architecture.svg	16777	85cd1037117d072aca256e0d831ef41b4d303c6691e303fb65309d3619d48b19
derived/figures/main/main_bos_taurus_integrated_domain_architecture.tsv	665	3eefc86de01a5f54bb48bb466389c282ccaf036e97b2efd82a6b604a9d1191cb
derived/figures/main/main_bos_taurus_primary_exon_projection.pdf	7157	875cd6989ef58e8e6309e8acd3b3cb7d8fde0e19cef2c967168aa589f177a9f0
derived/figures/main/main_bos_taurus_primary_exon_projection.png	168244	6b440ed46ce5c85ffc083b472e3ec533662e52f103adc573ba1ea5b7554611b3
derived/figures/main/main_bos_taurus_primary_exon_projection.svg	13138	a21699b3b9e3f92800edfce2683fa69e508344e8fc5d71fc564d6b0b80ee22c1
derived/figures/main/main_bos_taurus_primary_exon_projection.tsv	678	de20f9da953d8e8ee17de4da2aced91d2a426751211658c167f039932efb58e2
derived/figures/main/main_bos_taurus_signed_boundary_distances.pdf	9854	28b99608a982171080a9387ac0f2687d9d44ed24c63b2db4e8738a1592858a49
derived/figures/main/main_bos_taurus_signed_boundary_distances.png	295466	2231fd03e921088d9a88dab8411fcc98addba78e7b9995432e84080482cf1989
derived/figures/main/main_bos_taurus_signed_boundary_distances.svg	14311	568b2e0e457205f560d6a731e66ab46cde0da5585936380b90b89149509b8744
derived/figures/main/main_bos_taurus_signed_boundary_distances.tsv	1802	364925c152b05fefd9de75c84d702e09b6b807e323b2f57e0a9275c0beaf610d
derived/figures/main/main_callithrix_jacchus_IIIb_boundary_class_summary.pdf	3164	61227ab6f2cc56d3c8970734d36ce9361a11db496508211189bf52eb5517b287
derived/figures/main/main_callithrix_jacchus_IIIb_boundary_class_summary.png	87472	44ea3b5bceb6cb4226b6c326f5f20735b8e5b0852ceccfcc63f50bbc1e53898d
derived/figures/main/main_callithrix_jacchus_IIIb_boundary_class_summary.svg	5059	84be0e056d1f1a9c566539fdaafc5ad7e37336156065cd42105491a032c3710f
derived/figures/main/main_callithrix_jacchus_IIIb_boundary_class_summary.tsv	1791	df94048ed3d58ddb4aae533a7ca20e95fbda31e549cee29db472bf4ce2654ec5
derived/figures/main/main_callithrix_jacchus_IIIb_boundary_on_architecture.pdf	8916	67879d7a6a3a6eaa3976d66f64a3cf1ac30d25c09f72acdf235a11a8c4c454a2
derived/figures/main/main_callithrix_jacchus_IIIb_boundary_on_architecture.png	217636	f22afbd4e34aeba4882d2ac8ed681a6c33c4b93fc931febfcd529ed4474de689
derived/figures/main/main_callithrix_jacchus_IIIb_boundary_on_architecture.svg	16351	e6a23f929dde5c46a386199a7bfebaebdea4b53f775b7dd362f379efdee1a923
derived/figures/main/main_callithrix_jacchus_IIIb_boundary_on_architecture.tsv	1791	df94048ed3d58ddb4aae533a7ca20e95fbda31e549cee29db472bf4ce2654ec5
derived/figures/main/main_callithrix_jacchus_IIIb_integrated_domain_architecture.pdf	8859	56262b8d6f0e85cf4e86ed5898e59939c2d1eaf949b679edd2e116db693e4d05
derived/figures/main/main_callithrix_jacchus_IIIb_integrated_domain_architecture.png	268290	a7c957d8609e842a5731a564db2302d8c697ff7dcff71a407cce4f626e2c578d
derived/figures/main/main_callithrix_jacchus_IIIb_integrated_domain_architecture.svg	16799	5dbc6a8a2d4392b1e91a608de9447bfe6af4ba808d9352af522186d420808348
derived/figures/main/main_callithrix_jacchus_IIIb_integrated_domain_architecture.tsv	665	d5377c38522b4c7e1568114b66f801076c5a1fb9f5238feef3b57e1af0d529e6
derived/figures/main/main_callithrix_jacchus_IIIb_primary_exon_projection.pdf	7162	feda6034f4933b35b3832e3ef3bc9318cf3bc7d0ef1a5b26e8fe263e4f4cd3f6
derived/figures/main/main_callithrix_jacchus_IIIb_primary_exon_projection.png	170102	f53ed28881460ffaecc5469500270a08825f366ac0120abe7aba42f9a05e5089
derived/figures/main/main_callithrix_jacchus_IIIb_primary_exon_projection.svg	13155	809204350cdc5ef05db46677b1ef70078e67c6c5a6b980290ae587595e932271
derived/figures/main/main_callithrix_jacchus_IIIb_primary_exon_projection.tsv	678	9ab20e848a14e5212c4d2a9718ac00cb015de3126a6c886f8959042df31188b5
derived/figures/main/main_callithrix_jacchus_IIIb_signed_boundary_distances.pdf	9859	6de09b703b9f87ed8bba8b9eaaa096cfb8f9e76b63e77b7838ecc58da50c6841
derived/figures/main/main_callithrix_jacchus_IIIb_signed_boundary_distances.png	306813	4b6e7699d90bdd8cdeec4880cf9cdf9712eee427f2239a866e7ea01e4b2b57af
derived/figures/main/main_callithrix_jacchus_IIIb_signed_boundary_distances.svg	14318	31da0a94d6edbc3a61ebb282f12db37742aaa383c7b22cc1aeb4b7c1d3a94c7a
derived/figures/main/main_callithrix_jacchus_IIIb_signed_boundary_distances.tsv	1791	df94048ed3d58ddb4aae533a7ca20e95fbda31e549cee29db472bf4ce2654ec5
derived/figures/main/main_callithrix_jacchus_boundary_class_summary.pdf	3163	d6d2644889620a3678ecbef3c722b12621a88841b11dbc9c47a5510306361ee7
derived/figures/main/main_callithrix_jacchus_boundary_class_summary.png	87349	bee813842e41b87ae301218102ead644240eb637f4595381fe965a2d4a8847c6
derived/figures/main/main_callithrix_jacchus_boundary_class_summary.svg	5058	1b450ea2535b85b07f5f4304eeb0e11055fabd4e38f9ed457cf4c83a2d21a261
derived/figures/main/main_callithrix_jacchus_boundary_class_summary.tsv	1802	d453e478b0da2a10753eb0c335c4173bb9149f2858bb7b4213118c2910a41367
derived/figures/main/main_callithrix_jacchus_boundary_on_architecture.pdf	8899	8dd835539518f76469c40341bf84175b12fdfc3ac2b1e9f4fa17beba340c1c87
derived/figures/main/main_callithrix_jacchus_boundary_on_architecture.png	217369	13d278c88d5669807214bff1e767336dcda182dbe9d112a4ba58ae0b3b9ba023
derived/figures/main/main_callithrix_jacchus_boundary_on_architecture.svg	16339	7b5dad306d30588acdb886b60ab18322ab3eba7409b11651be1a1b17e0829526
derived/figures/main/main_callithrix_jacchus_boundary_on_architecture.tsv	1802	d453e478b0da2a10753eb0c335c4173bb9149f2858bb7b4213118c2910a41367
derived/figures/main/main_callithrix_jacchus_integrated_domain_architecture.pdf	8845	f602e43f6bd4518100c3358893cc05ccb15554eb7d3b6b253b03eb729abefd46
derived/figures/main/main_callithrix_jacchus_integrated_domain_architecture.png	270539	c85813cc6506c1122a7fcbbf2771af604dc48522d80adbac1df036ef9ae6db79
derived/figures/main/main_callithrix_jacchus_integrated_domain_architecture.svg	16785	08138e12285de34c6c85d12dd21f3dd96ad49a18b64bc9bee5dea40d0939257b
derived/figures/main/main_callithrix_jacchus_integrated_domain_architecture.tsv	665	552e3f9f43bc526240d99078e6c9fa5342a4e7e7306ce4fb55ec0801e03bbca6
derived/figures/main/main_callithrix_jacchus_primary_exon_projection.pdf	7165	1e3fdda522f73d3fbbfd2134a3fdf99617e189e48e4bd1cbd38615918b7525e3
derived/figures/main/main_callithrix_jacchus_primary_exon_projection.png	173024	81b833eb39ad9c880999a00063e070a642a78c0280712c22a8fe7d4e96024edf
derived/figures/main/main_callithrix_jacchus_primary_exon_projection.svg	13146	b66741636ce45ca7403da338ef443e63f8499c9ac3deb0394d8c25df32e354c7
derived/figures/main/main_callithrix_jacchus_primary_exon_projection.tsv	678	eb538e2737343f5cbcc7c5acae6419bd89a0d09dae7b1df7d6319cfa57455b2f
derived/figures/main/main_callithrix_jacchus_signed_boundary_distances.pdf	9862	58fc20b0b11c6d0cad39ebfe60a7b7618d2595cfced73cc953ba5b49b5eb1866
derived/figures/main/main_callithrix_jacchus_signed_boundary_distances.png	306045	622565a5e76e204876dcf35ca0da93e68be2b3e94f644b94f827d84ef46cdb50
derived/figures/main/main_callithrix_jacchus_signed_boundary_distances.svg	14319	f1cf4718a37b7778788c96a718ed84d048d7c469c7daeacdad71d3a15e9f9dda
derived/figures/main/main_callithrix_jacchus_signed_boundary_distances.tsv	1802	d453e478b0da2a10753eb0c335c4173bb9149f2858bb7b4213118c2910a41367
derived/figures/main/main_canis_lupus_familiaris_integrated_domain_architecture.pdf	5189	1ca18148d008a3552cdf7c2b6a465f837bd3b596e68eaab21e9fe0f716db3fe9
derived/figures/main/main_canis_lupus_familiaris_integrated_domain_architecture.png	253878	770af4a04948ffbc341b5ca2471819409f49b035efe915d99a21b013783e31af
derived/figures/main/main_canis_lupus_familiaris_integrated_domain_architecture.svg	9238	c9fa1860c0459dd955007de7558da8dd57608fec96ad2d72593f9478051abfab
derived/figures/main/main_canis_lupus_familiaris_integrated_domain_architecture.tsv	520	fcb1a6f77cd7150c4ae8ca77a41e9ebf89c648140d12adf2d33ca845a0c06664
derived/figures/main/main_chrysemys_picta_bellii_IIIb_boundary_class_summary.pdf	3168	d7b8f7f2f6523284da9ef2db7fa886747a109b8c9c3d0168f6c2b97f5ed543fd
derived/figures/main/main_chrysemys_picta_bellii_IIIb_boundary_class_summary.png	89491	9459d8624167f55b29d292e543bf53f4e586eb5d99dfc5e466a6dd2b870b5ef3
derived/figures/main/main_chrysemys_picta_bellii_IIIb_boundary_class_summary.svg	5063	cfef49a6368acfd464e62426b72f90c773468265facdde3c3bf7e739c51f646e
derived/figures/main/main_chrysemys_picta_bellii_IIIb_boundary_class_summary.tsv	1791	4cddd910759fc7586a31c1ca1549cb90a355e54dc08140380f2e387e31095761
derived/figures/main/main_chrysemys_picta_bellii_IIIb_boundary_on_architecture.pdf	8913	80cdd95bdbefb9ebc9e5396a2334728cecfa2b7c1397ab3f926d794ed67b61a6
derived/figures/main/main_chrysemys_picta_bellii_IIIb_boundary_on_architecture.png	220894	51ae72eb6d88e9464a32b5a28d1bb53a89545363197dbb47199f1866d185a127
derived/figures/main/main_chrysemys_picta_bellii_IIIb_boundary_on_architecture.svg	16358	0b798425aa631fd3b8ce0e2fd2b8a8f86d68f3ad14e12c6ccf8e993f61a09e17
derived/figures/main/main_chrysemys_picta_bellii_IIIb_boundary_on_architecture.tsv	1791	4cddd910759fc7586a31c1ca1549cb90a355e54dc08140380f2e387e31095761
derived/figures/main/main_chrysemys_picta_bellii_IIIb_integrated_domain_architecture.pdf	8867	fc3bd0c47b72f8a22abbce65039b8982beef030fbf6f589a4e81691443586ece
derived/figures/main/main_chrysemys_picta_bellii_IIIb_integrated_domain_architecture.png	272888	d2b263e2995908b7665806ca2824f1c08dac3593952ad4f41ad671dafc3f6ac9
derived/figures/main/main_chrysemys_picta_bellii_IIIb_integrated_domain_architecture.svg	16806	275967530b51eb8c7192a71c43a993ec8b22be03efdbae7c9eeab28ac5efe5ef
derived/figures/main/main_chrysemys_picta_bellii_IIIb_integrated_domain_architecture.tsv	665	f47d1734db7a9022050f7bf81754a5df0c4422b1724eced4acc1694deafd80bc
derived/figures/main/main_chrysemys_picta_bellii_IIIb_primary_exon_projection.pdf	7170	39cf0245f045f6e7d679db2c31fc773ebb5a0ee58731643cffee1fc9aa709221
derived/figures/main/main_chrysemys_picta_bellii_IIIb_primary_exon_projection.png	176670	77831c32ecbc8a1fe37f43e78084dbc8612f7947bf07113210266fafa0abebd1
derived/figures/main/main_chrysemys_picta_bellii_IIIb_primary_exon_projection.svg	13162	a39af76c248cb336f0676ee5caf5712e364d25d74945b18e3b56c1421081e266
derived/figures/main/main_chrysemys_picta_bellii_IIIb_primary_exon_projection.tsv	678	444ee55b3eee855a21265d6baf47129974857b4a6293d0c5839a5e9518a63477
derived/figures/main/main_chrysemys_picta_bellii_IIIb_signed_boundary_distances.pdf	9855	deeaa9543e8dab98966454c4381865bec1383394a4352be2c0688ee6976fadbb
derived/figures/main/main_chrysemys_picta_bellii_IIIb_signed_boundary_distances.png	314175	a6af83fb6e4a640672f84e21eefa465cda15c324da5976cbd54d5da53567902a
derived/figures/main/main_chrysemys_picta_bellii_IIIb_signed_boundary_distances.svg	14322	2c4b2ad9eae865f0927fc2c22f236962314bea15a37f71259c674002c884a365
derived/figures/main/main_chrysemys_picta_bellii_IIIb_signed_boundary_distances.tsv	1791	4cddd910759fc7586a31c1ca1549cb90a355e54dc08140380f2e387e31095761
derived/figures/main/main_chrysemys_picta_bellii_boundary_class_summary.pdf	3167	5a7b544974726346eb75829c6d0803b800abdf5d7f40d1eab0adcf0941a30b34
derived/figures/main/main_chrysemys_picta_bellii_boundary_class_summary.png	89052	d6698011ff76e31a1fe4b5188e0dd5ee1cca768893fda5519c501a91816ec0dd
derived/figures/main/main_chrysemys_picta_bellii_boundary_class_summary.svg	5062	5df3677fdc8205cafee63d9e9ef0c9ff3727f5ed30e2d60a0a8891aedb0c2bf9
derived/figures/main/main_chrysemys_picta_bellii_boundary_class_summary.tsv	1804	9dc3a5253cb58b1fc546cc7a34362a30532c371ff5d55d265aeeb2deeb359a05
derived/figures/main/main_chrysemys_picta_bellii_boundary_on_architecture.pdf	8916	e7ba3b7f8c43ce4a6a4b9aaa0b8c88654cf3b1febdf2c61b7852cd220336616b
derived/figures/main/main_chrysemys_picta_bellii_boundary_on_architecture.png	220148	987f255acd137ae019d08f2ad8790ad1af162b262066a07bf052fb0ebad62fdb
derived/figures/main/main_chrysemys_picta_bellii_boundary_on_architecture.svg	16356	e416ca8994649894c072fbbe29dfdcf210f6211f8c4d0da408d1715259a4e4bc
derived/figures/main/main_chrysemys_picta_bellii_boundary_on_architecture.tsv	1804	9dc3a5253cb58b1fc546cc7a34362a30532c371ff5d55d265aeeb2deeb359a05
derived/figures/main/main_chrysemys_picta_bellii_integrated_domain_architecture.pdf	8862	67ccd77daecf47fd18fdad796a36142d63214dcc46d4d510a9b49176218902e8
derived/figures/main/main_chrysemys_picta_bellii_integrated_domain_architecture.png	271128	644d1317847b2c5c882a12d1af004f0311df8b2d55741c4a60c2dc6ca16033ce
derived/figures/main/main_chrysemys_picta_bellii_integrated_domain_architecture.svg	16798	60754153d243be73529b643b400f6703b706bb94b47852984dcae7e5624b36b1
derived/figures/main/main_chrysemys_picta_bellii_integrated_domain_architecture.tsv	665	d77d89ab8fc68d9c6dc6a18f9d33a9328f9239adf2fa3ef5d4d144887d0d1156
derived/figures/main/main_chrysemys_picta_bellii_primary_exon_projection.pdf	7162	10722f34baa1e630c7f5c21b1507bf1bbf2d3adb9af7968100515a6f37f19632
derived/figures/main/main_chrysemys_picta_bellii_primary_exon_projection.png	174564	dc1bd26c55b7d69768abf944597ca691942d875cf99beb4d7d71adf1272ad374
derived/figures/main/main_chrysemys_picta_bellii_primary_exon_projection.svg	13154	b825d89a25cfb84007dc83150f08b2426299515b72275d14ad71cafd7a1ccf51
derived/figures/main/main_chrysemys_picta_bellii_primary_exon_projection.tsv	678	4705a418a6020315d0bb90e3a6e03d6c5467a67b73323c77c4fc89ec641630ec
derived/figures/main/main_chrysemys_picta_bellii_signed_boundary_distances.pdf	9843	27e69ad0587b22aa8fd7e8aabe6e9704a7c75935259f40afc4415123eb567d36
derived/figures/main/main_chrysemys_picta_bellii_signed_boundary_distances.png	304824	9fb4e235e84db17da03fa15ec4e50efa8407eb8fcd292d696110f9b2218f9462
derived/figures/main/main_chrysemys_picta_bellii_signed_boundary_distances.svg	14313	a6f428dc0a0777acf00b5ebf167d4d1091fa5992367abb0b715585b797b7dc6a
derived/figures/main/main_chrysemys_picta_bellii_signed_boundary_distances.tsv	1804	9dc3a5253cb58b1fc546cc7a34362a30532c371ff5d55d265aeeb2deeb359a05
derived/figures/main/main_danio_rerio_IIIb_boundary_class_summary.pdf	3157	6ddcbe4dc61227c2d555fde62d46e33eb3a38ba500dbdd250cb8b41244d14bca
derived/figures/main/main_danio_rerio_IIIb_boundary_class_summary.png	85297	252db744f6568e79eae8befafa2e39995c0431ed96582915501e1870e6d65b18
derived/figures/main/main_danio_rerio_IIIb_boundary_class_summary.svg	5052	292e8f75f1d46bf8f47486201562e3afcf88332cf78b578f87be6a1186fad44c
derived/figures/main/main_danio_rerio_IIIb_boundary_class_summary.tsv	1793	4137fd4f535811072d076ac12511fe009682c6d7ac620b7e7b2b8d8b35bf783f
derived/figures/main/main_danio_rerio_IIIb_boundary_on_architecture.pdf	8905	6768d8e5ce93d012c7baddd733bb80f55812af1676bd9a20bb28dafdc00d4284
derived/figures/main/main_danio_rerio_IIIb_boundary_on_architecture.png	214262	444b6cef6b8b5a31a3a410cc9c06885dea09fd3450ce23e283e2980a0e81cee3
derived/figures/main/main_danio_rerio_IIIb_boundary_on_architecture.svg	16351	5ebc1158df505b4365d0b5d845a5ca842205c5068d6bbbcd83fa1a993eb941f0
derived/figures/main/main_danio_rerio_IIIb_boundary_on_architecture.tsv	1793	4137fd4f535811072d076ac12511fe009682c6d7ac620b7e7b2b8d8b35bf783f
derived/figures/main/main_danio_rerio_IIIb_integrated_domain_architecture.pdf	8710	43aa7eb232fdcc15eff571104afe6c5abd924bd00a6bef6bb35d252ab2e3b600
derived/figures/main/main_danio_rerio_IIIb_integrated_domain_architecture.png	262623	ca2b6a55835cedc772521b7a9092779e19a77d11e9f5d1a91d1765eacb1040b0
derived/figures/main/main_danio_rerio_IIIb_integrated_domain_architecture.svg	16486	271046ab13baca18267156dcd3dab340df22c4fbcf7de8c567d5518dfee7227c
derived/figures/main/main_danio_rerio_IIIb_integrated_domain_architecture.tsv	626	00df52dd2c2e6b58ee8a14f01ae2e960c1e2ee25e77d8251e7d3acc27e73d3b0
derived/figures/main/main_danio_rerio_IIIb_primary_exon_projection.pdf	7163	012603dc0fd6c533a3ee612f9a18ed58420882d979f87383342d3f35dbd80302
derived/figures/main/main_danio_rerio_IIIb_primary_exon_projection.png	170894	ac8bbc27daf873e89729d95f3a903e40fba2132f5ae054381f1e61836802e515
derived/figures/main/main_danio_rerio_IIIb_primary_exon_projection.svg	13156	b7d128ae6d1f10d2a52b27e22c587580b683a13e3eada4b038750052b2816fb6
derived/figures/main/main_danio_rerio_IIIb_primary_exon_projection.tsv	678	7974aedfb4d310cd4b79a3e08d83a4ddb711199adda07a2e2a48d18096e92a0b
derived/figures/main/main_danio_rerio_IIIb_signed_boundary_distances.pdf	9861	1cd7c2374dbbf3b113563dcb03dbad17a3a564f7f50cc5f5fea32494aed1daee
derived/figures/main/main_danio_rerio_IIIb_signed_boundary_distances.png	310291	bd9c7fb2245f843dc042d0f840dc4ae1e8a06d72be86d1949b7fa32d540fe853
derived/figures/main/main_danio_rerio_IIIb_signed_boundary_distances.svg	14312	58619b15d9841198c31e1479e12335307255e37ddf098297d286ae8cc36d44dc
derived/figures/main/main_danio_rerio_IIIb_signed_boundary_distances.tsv	1793	4137fd4f535811072d076ac12511fe009682c6d7ac620b7e7b2b8d8b35bf783f
derived/figures/main/main_danio_rerio_boundary_class_summary.pdf	3157	a9697ae2eb9ec28e77dbc4fcdc535e9503904c5138dfad593357ed3265578395
derived/figures/main/main_danio_rerio_boundary_class_summary.png	85381	7c7eb62fd605df537b2f89eec564ff85bc1b3920f947d3ead376a419729732db
derived/figures/main/main_danio_rerio_boundary_class_summary.svg	5052	d9a163bf12c318962235e5fda81b06bed2cb96574e160ae330e7dc7758e63179
derived/figures/main/main_danio_rerio_boundary_class_summary.tsv	1793	b8cc9aeaf5dbd8ca601569448afef9c08040d07f6c69cce7e0b6f492a4121a3f
derived/figures/main/main_danio_rerio_boundary_on_architecture.pdf	8901	62c31e458c7a95a44df9302831247cf416c0ad24ab0ec8335ebb665b234e00d8
derived/figures/main/main_danio_rerio_boundary_on_architecture.png	214143	6ab16407ae5f78858070f8c9479d172f621a9482f0f98a2ccb3d969c9433dc56
derived/figures/main/main_danio_rerio_boundary_on_architecture.svg	16339	6a2b773308bff03fa62c32ca061f3dae5df381fc1bc725ac4c285ce472a277dc
derived/figures/main/main_danio_rerio_boundary_on_architecture.tsv	1793	b8cc9aeaf5dbd8ca601569448afef9c08040d07f6c69cce7e0b6f492a4121a3f
derived/figures/main/main_danio_rerio_integrated_domain_architecture.pdf	8699	198fce91bde05795cd7f1c34320ebc1dd4af3be0f07f319d22ce09a02814480f
derived/figures/main/main_danio_rerio_integrated_domain_architecture.png	262047	eb3eb2775a4d35365536c5b63bfc194ac6f4e30c426f9be503c7bb0026defa20
derived/figures/main/main_danio_rerio_integrated_domain_architecture.svg	16471	24a4ed0f5f8c3faf143c430246ca59cab4b35ea5fa986301e72cb8c074a22023
derived/figures/main/main_danio_rerio_integrated_domain_architecture.tsv	626	55e410e46cb4ea5a83a221009bf397f9b3d584907c3a0f574fec7f757680c8b0
derived/figures/main/main_danio_rerio_primary_exon_projection.pdf	7145	d27d66f7e08d9661a56c239ae742199aba6a42a319c4d580bf1008d40a18a95b
derived/figures/main/main_danio_rerio_primary_exon_projection.png	170018	8c3b7ef036c9f509d25d01de9374b6d44427ea5b6a01ab9169bdec4d1ed385df
derived/figures/main/main_danio_rerio_primary_exon_projection.svg	13133	31878f3820aa05502f7ca67e0597b6de389abf3c1412b6195a208c31dfb5b59e
derived/figures/main/main_danio_rerio_primary_exon_projection.tsv	678	d5dace0b3d475ff2e3aacb31ae82a76c8859e4d7737c3bc58e3cd92e1447f2fa
derived/figures/main/main_danio_rerio_signed_boundary_distances.pdf	9837	4a855ff0e53f99bd3106fc585f6e58876bf9b059582dda6ea61e497b4a0dc078
derived/figures/main/main_danio_rerio_signed_boundary_distances.png	309227	154483b567fb9005847984939fae9aebda44d84da8315e4ae15fd5f5afa18a67
derived/figures/main/main_danio_rerio_signed_boundary_distances.svg	14306	bb8ae04c2280f207c85c67ba29655d0afc1e2a08c64fb51152ed19d43e5172c0
derived/figures/main/main_danio_rerio_signed_boundary_distances.tsv	1793	b8cc9aeaf5dbd8ca601569448afef9c08040d07f6c69cce7e0b6f492a4121a3f
derived/figures/main/main_equus_caballus_IIIb_boundary_class_summary.pdf	3160	5611fb41043d13f9fa89ae3f0ce7a0ffd453d073a12545c8ca79c5e89edff4ef
derived/figures/main/main_equus_caballus_IIIb_boundary_class_summary.png	86280	4905ead8aa1119357bb846aba59ac6d61fa1a4a2a7f20d6abd0c29525a08b1be
derived/figures/main/main_equus_caballus_IIIb_boundary_class_summary.svg	5055	9742f02ba81b33323e58c95de89493147a5dd725866fe02b64fc165e6d927657
derived/figures/main/main_equus_caballus_IIIb_boundary_class_summary.tsv	1904	97ff5dff13ffe6f7f1803b3687f0529f7d95fc2d4e035ef5a13f341d5fa2b2ca
derived/figures/main/main_equus_caballus_IIIb_boundary_on_architecture.pdf	9270	f9b2db7dcdd8a39615efe0bb2fa75c1e0e46561bfedf019bf35c5852fb1f9bc6
derived/figures/main/main_equus_caballus_IIIb_boundary_on_architecture.png	217235	f47b45deb07937123c75ec8253398734bd2a91b3c05dbf8c739d50148f613614
derived/figures/main/main_equus_caballus_IIIb_boundary_on_architecture.svg	17028	b85a89ad3b61a98d999d94720880a170f4eeecb312a1ad80c58957c44cf09cad
derived/figures/main/main_equus_caballus_IIIb_boundary_on_architecture.tsv	1904	97ff5dff13ffe6f7f1803b3687f0529f7d95fc2d4e035ef5a13f341d5fa2b2ca
derived/figures/main/main_equus_caballus_IIIb_integrated_domain_architecture.pdf	9021	07e44978a089b18e752adea268977cbf115930d48ac19d8b680f14931fb7fe08
derived/figures/main/main_equus_caballus_IIIb_integrated_domain_architecture.png	262835	f098b658ec895ea95470cfd787d803ed9bdaa407f86095980363b39bfc99f284
derived/figures/main/main_equus_caballus_IIIb_integrated_domain_architecture.svg	17132	774973a4c1c21a0d7e75cae4dfe41c6491564f3bdbd6cdb9282e7752750db950
derived/figures/main/main_equus_caballus_IIIb_integrated_domain_architecture.tsv	629	828f612af74e5671fdab0ddcbebe5f47dd297a2a07ca58624f6fc546f9c001dd
derived/figures/main/main_equus_caballus_IIIb_primary_exon_projection.pdf	7502	c5cb1b2209cc48796c9fe9dd44128f7c488762afbe897e60de65713e1e8ecf4b
derived/figures/main/main_equus_caballus_IIIb_primary_exon_projection.png	173353	8023fc3a186a25cdea10488d12bb5624822195906c1b89cb21b895ae2b2169b3
derived/figures/main/main_equus_caballus_IIIb_primary_exon_projection.svg	13748	24fb982a3a60ae46341c81650eb50be6ab8209345a8550845ece06233f02e8e3
derived/figures/main/main_equus_caballus_IIIb_primary_exon_projection.tsv	710	42d24cc18d1ac23facc18a83a93cfbf43f43cd26b79c30b0bcb64fd2167644f3
derived/figures/main/main_equus_caballus_IIIb_signed_boundary_distances.pdf	10276	e68940092e80d632d03f832380549d716fc1fdc2cd5ac2d911a3f66165835e75
derived/figures/main/main_equus_caballus_IIIb_signed_boundary_distances.png	312065	b8fc6c55f52fb1c90f9489a3e7a3a8a2e393230d1db06cc1f87b937f67b898a6
derived/figures/main/main_equus_caballus_IIIb_signed_boundary_distances.svg	14883	aeb589e9b99019e539dbc2560e66d322abe4af8f1a956ceecd605826b86a2572
derived/figures/main/main_equus_caballus_IIIb_signed_boundary_distances.tsv	1904	97ff5dff13ffe6f7f1803b3687f0529f7d95fc2d4e035ef5a13f341d5fa2b2ca
derived/figures/main/main_equus_caballus_boundary_class_summary.pdf	3159	3110e27792a3e6538c5a8e7409a90f2dd533e8473c646344d9a3b8fdcdba31b5
derived/figures/main/main_equus_caballus_boundary_class_summary.png	86390	a19875341498d4d33eb7a68ca574815470ae24c81246cc9584f0c3471dcaadfc
derived/figures/main/main_equus_caballus_boundary_class_summary.svg	5054	5227be90becd207108709cce61ed13c932b45682a753aedbdf797bca2e670378
derived/figures/main/main_equus_caballus_boundary_class_summary.tsv	1915	5d9041c28029f640969839238f5d3c0a37ab483f9ed7ba1b42af6caac2447d29
derived/figures/main/main_equus_caballus_boundary_on_architecture.pdf	9277	47824c71dd84e719f0e8ac14532e17af86e7616fb473adbb06a4250f4d4e2655
derived/figures/main/main_equus_caballus_boundary_on_architecture.png	218571	da8703e415ab728a46e4af9333217f9294daa63b49559afa4b5d60eb9446a4a5
derived/figures/main/main_equus_caballus_boundary_on_architecture.svg	17038	e8a8b016f2ceb979cf469c2676ac3d93479a334b1939d28ebdd597dd4e18d166
derived/figures/main/main_equus_caballus_boundary_on_architecture.tsv	1915	5d9041c28029f640969839238f5d3c0a37ab483f9ed7ba1b42af6caac2447d29
derived/figures/main/main_equus_caballus_integrated_domain_architecture.pdf	9006	901c00e1ac99a1c3c0f1dadb3fe81294f9de8db857b5b0dd778dd7c0cdbd3104
derived/figures/main/main_equus_caballus_integrated_domain_architecture.png	263896	2b32f6ffc29c54e9dacf298d6eb267ab6c06d350b09d5683896fdbc235cf4f14
derived/figures/main/main_equus_caballus_integrated_domain_architecture.svg	17106	fc9e70122c2646e6ba72e66f328af114a3c9bc6d8a8f085b7b25c2ba7d443819
derived/figures/main/main_equus_caballus_integrated_domain_architecture.tsv	629	62659f5baa9a5f2058d9c1a59b1774e282479a0a6470a0707a80cb56adca9a2a
derived/figures/main/main_equus_caballus_primary_exon_projection.pdf	7506	8bba9d446f596cdfdb0cbbf2f7c0c6523a95ed955c0cbabfe856399370ce5154
derived/figures/main/main_equus_caballus_primary_exon_projection.png	172744	1ab13f62b512c5a058582f398949d92a0ff0b9811dfc5d0deb5bb1007db7229b
derived/figures/main/main_equus_caballus_primary_exon_projection.svg	13752	4b19ffc3899c871736f912bcd9a4374e72d8d73e1c7c6cd09c51fb2a7a637e66
derived/figures/main/main_equus_caballus_primary_exon_projection.tsv	710	109ccd7930eb0b3cb12a3e9eb948842e3e1887b227d5a3b55aa1896ec58a4016
derived/figures/main/main_equus_caballus_signed_boundary_distances.pdf	10275	9db80609decde98c3614438c2f093489d6a206c054a1ba2d989363c6d6d8d313
derived/figures/main/main_equus_caballus_signed_boundary_distances.png	312008	51ee9ae41ccfe7ed90ac60d3262782775184237705d11efaf73385a27d8d953a
derived/figures/main/main_equus_caballus_signed_boundary_distances.svg	14884	bb98d95b38f51c47c7882c8f87f49eb24e58ca3aa098c326faab07366b64b8d8
derived/figures/main/main_equus_caballus_signed_boundary_distances.tsv	1915	5d9041c28029f640969839238f5d3c0a37ab483f9ed7ba1b42af6caac2447d29
derived/figures/main/main_felis_catus_IIIb_boundary_class_summary.pdf	3157	582cf86bbbb932662ac4c8d4e84473f8dfdc9b23f8ec534a457f56e2cae8416b
derived/figures/main/main_felis_catus_IIIb_boundary_class_summary.png	85126	812273299ffc37100c6fc63ed04f92b70b7368612f8b1f8ca8b8310ca0925085
derived/figures/main/main_felis_catus_IIIb_boundary_class_summary.svg	5052	efd01c30f806fcb1e1d955b24ca37660338397a75197a5a258dbaa6e63fe9443
derived/figures/main/main_felis_catus_IIIb_boundary_class_summary.tsv	1791	126c62d3d0e88d7b5524c71b66a2d3b27aad11ede0c766cc5e458497dbd03613
derived/figures/main/main_felis_catus_IIIb_boundary_on_architecture.pdf	8909	6b50f183412f6a411e95a4d104da6c93c752edd4de8b0d5123b643f008595dc0
derived/figures/main/main_felis_catus_IIIb_boundary_on_architecture.png	214509	b5b2c2afe413661ae0a1fa8f08d353e6e8736584cff92bdb9842dbb64978f94e
derived/figures/main/main_felis_catus_IIIb_boundary_on_architecture.svg	16345	909c9168fbc7b4cca16b4128333d5ad7893ff9a4832fc35f8e9b5a42d27e42ec
derived/figures/main/main_felis_catus_IIIb_boundary_on_architecture.tsv	1791	126c62d3d0e88d7b5524c71b66a2d3b27aad11ede0c766cc5e458497dbd03613
derived/figures/main/main_felis_catus_IIIb_integrated_domain_architecture.pdf	8850	97b2e27756a34c2bad8df0398dee1e4dc376f119be6dac29fea237ecffe85523
derived/figures/main/main_felis_catus_IIIb_integrated_domain_architecture.png	264636	2e8fa95aa432d7fe8eac8efc624ab6889f93ce827d6447de763fec44de6c1600
derived/figures/main/main_felis_catus_IIIb_integrated_domain_architecture.svg	16792	cfc12a9811b2d916ad2ad262a9232149314b1cba18371e859dc62311a1f2f5ea
derived/figures/main/main_felis_catus_IIIb_integrated_domain_architecture.tsv	665	0425d3e969c5f4db9812b4e3afabae0229230224fc800ef5d6dd1bf235d89184
derived/figures/main/main_felis_catus_IIIb_primary_exon_projection.pdf	7156	bc5f76a81ac172ec14e2fb52492395aff966c9c98075b0bce24e5f647b637a48
derived/figures/main/main_felis_catus_IIIb_primary_exon_projection.png	166379	003ed0de8a47633283cef3dd0ea1f29ebfe31a8bc940ea4d9018c596f7503f54
derived/figures/main/main_felis_catus_IIIb_primary_exon_projection.svg	13153	1485b6cd8c40c9c23d445bdaaef55d31e4f07e9abf86436a1e949d1cd620cd0f
derived/figures/main/main_felis_catus_IIIb_primary_exon_projection.tsv	678	47bc41648e4626eefcf4b36b0157c6a5ebb34a9ad21d08d8b7aa4940fd4a20ee
derived/figures/main/main_felis_catus_IIIb_signed_boundary_distances.pdf	9856	25e46f57fb735eb2c2187f9213c1b72c3dabfe1b3dafad62a011950d9a44d951
derived/figures/main/main_felis_catus_IIIb_signed_boundary_distances.png	306479	fb1f5ca7b76391750fdbce4ef9121c4e324d977a25177250a7d3e8a88a5f0222
derived/figures/main/main_felis_catus_IIIb_signed_boundary_distances.svg	14311	39a7126266f47864262d02eb49dd1e39d148fa9fff705cd7a153ae2b348a00db
derived/figures/main/main_felis_catus_IIIb_signed_boundary_distances.tsv	1791	126c62d3d0e88d7b5524c71b66a2d3b27aad11ede0c766cc5e458497dbd03613
derived/figures/main/main_felis_catus_boundary_class_summary.pdf	3156	ca5f28865acdbf6ef83827c431e9803b1faa3f4e8bddc4a0bdb4f1fd1883051c
derived/figures/main/main_felis_catus_boundary_class_summary.png	85207	b3ed5b20b2723d31db59212d18be083b54b2d542e9ee85c8b76a247bddb3d74a
derived/figures/main/main_felis_catus_boundary_class_summary.svg	5051	1488a837e803701fc4bd48c1a3e4cc2c524e478d7142c8e8976176f68ffbb40d
derived/figures/main/main_felis_catus_boundary_class_summary.tsv	1802	f4080cdd4b19acf6ce793a124a09e95addeb5b5ca0e3d62cfa939ff2bb9c6ee0
derived/figures/main/main_felis_catus_boundary_on_architecture.pdf	8892	222fa927d783cdd6440f99d6f0847bc367b039ce2e131e6dc3dde4ae3ca0ea3d
derived/figures/main/main_felis_catus_boundary_on_architecture.png	214435	b5dba02ebce53a6006aa6a5757d06c44d64ba99dc08f36b5e445434dcdd9e21e
derived/figures/main/main_felis_catus_boundary_on_architecture.svg	16331	9ad97176f3b3b6b3a30691472b288a74fea202aa21737d2795f17a5e47e10619
derived/figures/main/main_felis_catus_boundary_on_architecture.tsv	1802	f4080cdd4b19acf6ce793a124a09e95addeb5b5ca0e3d62cfa939ff2bb9c6ee0
derived/figures/main/main_felis_catus_integrated_domain_architecture.pdf	8837	6b8654816f4e8fb59c0b8defcac21a05bed672b28fe49113741c2403708eb010
derived/figures/main/main_felis_catus_integrated_domain_architecture.png	266936	8ea582489439429823383f47b2eef298724c1acda1255195e5f4e96f295d80dd
derived/figures/main/main_felis_catus_integrated_domain_architecture.svg	16772	6bd7765b3e0a603c655da47c4838173ae4dac8b833eed3b8c4719d757b85bd25
derived/figures/main/main_felis_catus_integrated_domain_architecture.tsv	665	43c6881bb9983ba415d98ed5674cff35c0d72c246d54befdeb4aa4c3dc88a2e1
derived/figures/main/main_felis_catus_primary_exon_projection.pdf	7155	cdb97ae163fe6c9fae881af8ccac49ec5e89b00bff770ad6c0cc56a67af06bae
derived/figures/main/main_felis_catus_primary_exon_projection.png	169350	00354d8f979cf04e335d2e3b3a3fabc73c205dda633ba3033bb512fb14223092
derived/figures/main/main_felis_catus_primary_exon_projection.svg	13140	1cbdeaf4d5ea8f02117caa4354b4818e4e18ad64cea10f115d2e47b7fa1f6669
derived/figures/main/main_felis_catus_primary_exon_projection.tsv	678	d5703e674e0979c8913ad922221e7379fec80fb4faab158bbf8d454ed423a2ba
derived/figures/main/main_felis_catus_signed_boundary_distances.pdf	9855	5b41f054a9834a97e45ac5e5cb64b63231dc81400dc3b12bec0d085b5d8e3537
derived/figures/main/main_felis_catus_signed_boundary_distances.png	309510	d97b4b1a00b35fcd0afe0bd0d14050494ee434764de88158d8d0bd12586b7514
derived/figures/main/main_felis_catus_signed_boundary_distances.svg	14312	95212bd9307aec083b351110bf4277a11c31aab04c8aa9e224affeb55586188d
derived/figures/main/main_felis_catus_signed_boundary_distances.tsv	1802	f4080cdd4b19acf6ce793a124a09e95addeb5b5ca0e3d62cfa939ff2bb9c6ee0
derived/figures/main/main_gallus_gallus_IIIb_boundary_class_summary.pdf	3159	3097623a3387739a890438de970cf610308ef95e1b202aba34283fce6cf99770
derived/figures/main/main_gallus_gallus_IIIb_boundary_class_summary.png	86471	a6a12fba42292a767a1c0c5d856f4764d8c576fd225b8d03859f1b5c7cc514c3
derived/figures/main/main_gallus_gallus_IIIb_boundary_class_summary.svg	5054	7aa0ea4e9c70dcd05516059fe76ebedc405c8f6b88839cbdba823b026a2e122b
derived/figures/main/main_gallus_gallus_IIIb_boundary_class_summary.tsv	1791	7918442e0b24eadbfa0bd70901633dc7527d5b1258818ea92b7469c40e380083
derived/figures/main/main_gallus_gallus_IIIb_boundary_on_architecture.pdf	8898	29bfd25ae0902508339f0f5f343d2fb72912999ce60d6542130037c2b0061d34
derived/figures/main/main_gallus_gallus_IIIb_boundary_on_architecture.png	217618	0324d61d0e4e07e676291f984741836db66638c10a32c239506be5ff1964ec34
derived/figures/main/main_gallus_gallus_IIIb_boundary_on_architecture.svg	16337	f16794f9e2a62730eb1c091b8a4a474857f2ddee837a429787120c0d3dbfa59e
derived/figures/main/main_gallus_gallus_IIIb_boundary_on_architecture.tsv	1791	7918442e0b24eadbfa0bd70901633dc7527d5b1258818ea92b7469c40e380083
derived/figures/main/main_gallus_gallus_IIIb_integrated_domain_architecture.pdf	8862	ba544f5ce8e05495194d539ae1b4d6117a1453dedf81feb78d9e0595671f8620
derived/figures/main/main_gallus_gallus_IIIb_integrated_domain_architecture.png	267458	eb8845c62d489af4c05e69d6d465f72aa0088c2717d92cc34ece9628ff52f17f
derived/figures/main/main_gallus_gallus_IIIb_integrated_domain_architecture.svg	16800	55252d51dbf4e16a10bbd465d61cd4928bf2940992356d3cc2a372ded61c9bf0
derived/figures/main/main_gallus_gallus_IIIb_integrated_domain_architecture.tsv	665	3247a3d8e66045bc21f129f14d97f596dfa339c8000e6693e2b2e5e09d258bff
derived/figures/main/main_gallus_gallus_IIIb_primary_exon_projection.pdf	7162	08263bed77e33d9c0aca08e140df6d3c18721fb600d8e7ac753fd5918fd65b84
derived/figures/main/main_gallus_gallus_IIIb_primary_exon_projection.png	172084	363e2f87e23859841c74d80b7f0d1f39efdc6f3213bca05c2733dad33f5f34e7
derived/figures/main/main_gallus_gallus_IIIb_primary_exon_projection.svg	13155	7c901e6a09136018f239e961d51c70eec763ccf9e65063532698ca0b54574baf
derived/figures/main/main_gallus_gallus_IIIb_primary_exon_projection.tsv	678	26ceb5571c5790418292a595399916c5b33d5c470a06000dd856defd7e2e468b
derived/figures/main/main_gallus_gallus_IIIb_signed_boundary_distances.pdf	9858	ea5a6543757c893432d92f2bfb368820dd73c79923c43f0218bd566734581c7b
derived/figures/main/main_gallus_gallus_IIIb_signed_boundary_distances.png	314002	f2d03d06e30472d96d9c3bc44e038c2eca3b62bf8ccf2e4c53ba26b1d57f5e06
derived/figures/main/main_gallus_gallus_IIIb_signed_boundary_distances.svg	14313	48255e47cf5ade06079d63f5e883ad628e2baf42cc36ef0820aa29377d32565e
derived/figures/main/main_gallus_gallus_IIIb_signed_boundary_distances.tsv	1791	7918442e0b24eadbfa0bd70901633dc7527d5b1258818ea92b7469c40e380083
derived/figures/main/main_gallus_gallus_boundary_class_summary.pdf	3155	f2c91a56843ffff5acc29083647a3e4a02effe604318c583cb602e92d99d5c96
derived/figures/main/main_gallus_gallus_boundary_class_summary.png	85312	aa7c51123cba2db3e3e578c4c99cc579189a75e3c2194ffd88479b3c65daed19
derived/figures/main/main_gallus_gallus_boundary_class_summary.svg	5050	982df958451eb68af22d1dcc9e58a599f4a70db21deef02862b5da04aa38e6dd
derived/figures/main/main_gallus_gallus_boundary_class_summary.tsv	1802	1c771a56ff1c1290ee36353e98e7a8bada80b990a24d9706dd4f5d19d05e0114
derived/figures/main/main_gallus_gallus_boundary_on_architecture.pdf	8910	b4f0e40a10155c239c893c6f10cae5808c5ed34807a37fc631155d3b99da0807
derived/figures/main/main_gallus_gallus_boundary_on_architecture.png	215477	ae2ecef59d78048644bc7635f7de4f46c974c7bf3541ef9cbcac5c47c0653cfc
derived/figures/main/main_gallus_gallus_boundary_on_architecture.svg	16345	4059460b3938c8306565d195a8d7cccfc6f539be6ef3819c8e77be70f40e7ef5
derived/figures/main/main_gallus_gallus_boundary_on_architecture.tsv	1802	1c771a56ff1c1290ee36353e98e7a8bada80b990a24d9706dd4f5d19d05e0114
derived/figures/main/main_gallus_gallus_integrated_domain_architecture.pdf	8837	8573344f72ae33c9113abf1a82d378760dac0771a44f472062f8d9bfd8cd601f
derived/figures/main/main_gallus_gallus_integrated_domain_architecture.png	264034	f6ee566eb342d54030d2edeea8f4be2494dfaf6611576c9a96715aab7fbeef53
derived/figures/main/main_gallus_gallus_integrated_domain_architecture.svg	16773	a4dd3394209b661295cdbec00fe5ccce843c5785b3b4e5989f3aa88075b4bc8d
derived/figures/main/main_gallus_gallus_integrated_domain_architecture.tsv	665	62f4aa8d143d8064e3f77dec2e1b89c5817045b8e159f4ae4888ff1116ad921a
derived/figures/main/main_gallus_gallus_primary_exon_projection.pdf	7146	056952618286204f66031d16f0b23e29adc77266ccd40e03e57ce5bb231b4c09
derived/figures/main/main_gallus_gallus_primary_exon_projection.png	169276	96274d219aee1026a1631858182a3d82c61c39afa5f1d38d964689218d4ae0f9
derived/figures/main/main_gallus_gallus_primary_exon_projection.svg	13139	83077b193b27d373f18c057c3d3e162592d145d946b7a7eb67895cb66777c215
derived/figures/main/main_gallus_gallus_primary_exon_projection.tsv	627	35242a5d75ea5f3c19f03f8a1f24887bc4549cc669fbce4a605c3fd00ecb80ff
derived/figures/main/main_gallus_gallus_signed_boundary_distances.pdf	9766	373c1fde63971e92f343b306416ff039b979c48dcf5b4f8f4a1ccb7758299c61
derived/figures/main/main_gallus_gallus_signed_boundary_distances.png	290270	4cfd5bc1308cb1c1b177a314bf039b1354691df39a7484a933fe3e36f18f2050
derived/figures/main/main_gallus_gallus_signed_boundary_distances.svg	14225	10af6069974aaefdfd8a8cde36e30df3eed659664ee6138ff82cf61ecba5cd07
derived/figures/main/main_gallus_gallus_signed_boundary_distances.tsv	1802	1c771a56ff1c1290ee36353e98e7a8bada80b990a24d9706dd4f5d19d05e0114
derived/figures/main/main_gasterosteus_aculeatus_IIIb_boundary_class_summary.pdf	2550	f48dd051333178db1fc41c0a7a99741bc9debb337f12919bc9e9c406494f3b2e
derived/figures/main/main_gasterosteus_aculeatus_IIIb_boundary_class_summary.png	82958	a4bf57d7dfb44c4233b10cac2d9cda5321ef53c47c6b8df79c46559c541fb1f5
derived/figures/main/main_gasterosteus_aculeatus_IIIb_boundary_class_summary.svg	3803	c4540e1b5d14ff8b92affbf98ed9c7fd03c5601288af3f61615118ae405c2809
derived/figures/main/main_gasterosteus_aculeatus_IIIb_boundary_class_summary.tsv	1886	a7a88e23e8af0498bc90f048a4a9b6266cfe75dd4ff3ea0144b25734a7c6f963
derived/figures/main/main_gasterosteus_aculeatus_IIIb_boundary_on_architecture.pdf	8358	560e4fcf23ada496350bc53bab19622c1cbcd3e81f480869a1a49d4648808aa3
derived/figures/main/main_gasterosteus_aculeatus_IIIb_boundary_on_architecture.png	210719	9d1c2e8b6bfdeec8200e801aa90104e729c57f045b142b3c17b92cda1d4a120b
derived/figures/main/main_gasterosteus_aculeatus_IIIb_boundary_on_architecture.svg	15120	3fae8140baf5636efb807b65e57c69f99bb3a9ee388ae11c51b46d777c970e03
derived/figures/main/main_gasterosteus_aculeatus_IIIb_boundary_on_architecture.tsv	1886	a7a88e23e8af0498bc90f048a4a9b6266cfe75dd4ff3ea0144b25734a7c6f963
derived/figures/main/main_gasterosteus_aculeatus_IIIb_integrated_domain_architecture.pdf	8393	fef1158976290d87d9dede05385eb03787c6b96fcba901aaeb566ac42fae9442
derived/figures/main/main_gasterosteus_aculeatus_IIIb_integrated_domain_architecture.png	274638	ce0524974c6e286ba1313e1c5af7b8e2129e54f4888457df1e68e4f0beb50d22
derived/figures/main/main_gasterosteus_aculeatus_IIIb_integrated_domain_architecture.svg	15804	1325627aa42d9095035c3c8ec14aeed0a5ca805bb164c4dca40b50a765a87281
derived/figures/main/main_gasterosteus_aculeatus_IIIb_integrated_domain_architecture.tsv	665	043dd5192c7d46ced439c070709fb0edda99f1ee4bd40c71fe434570b4e36018
derived/figures/main/main_gasterosteus_aculeatus_IIIb_primary_exon_projection.pdf	6704	02a8d2b2a0b514df442067850300948db87611d309bd56b610edc7600eabf0f2
derived/figures/main/main_gasterosteus_aculeatus_IIIb_primary_exon_projection.png	177645	32fba6f9227ea386e8263ba14816d2079686f6e6e1385a778a852523a67fd118
derived/figures/main/main_gasterosteus_aculeatus_IIIb_primary_exon_projection.svg	12135	dd31f0150abc16681c69b2c720c247cd2d1d3827826212e70e281140a32d0d25
derived/figures/main/main_gasterosteus_aculeatus_IIIb_primary_exon_projection.tsv	785	9855ccc90dc9f059d4fe49c85742dce8cbe3db47156e66bb21d349ab501752bd
derived/figures/main/main_gasterosteus_aculeatus_IIIb_signed_boundary_distances.pdf	9948	156db9fa7cab84e5fd09a960a763d1a2fb6fd620de99e3a8ebb5e75c66b5e3d6
derived/figures/main/main_gasterosteus_aculeatus_IIIb_signed_boundary_distances.png	360948	47a1e6a96dc56b487449be48d08f1a955e6268c447c7d7832394d4ac3094908d
derived/figures/main/main_gasterosteus_aculeatus_IIIb_signed_boundary_distances.svg	14045	0cf13ed04e8c7be76243034c74aababb3b23c698fd175c2fd686f639824287d7
derived/figures/main/main_gasterosteus_aculeatus_IIIb_signed_boundary_distances.tsv	1886	a7a88e23e8af0498bc90f048a4a9b6266cfe75dd4ff3ea0144b25734a7c6f963
derived/figures/main/main_gasterosteus_aculeatus_boundary_class_summary.pdf	2550	03084f363dab651c4a08adc75c222d483903c5af6df6bcf58177f258b5e7d1ab
derived/figures/main/main_gasterosteus_aculeatus_boundary_class_summary.png	83264	23f679eec1aa02856ea47f495495aa11f067db6c043b64115f8f79cc02a2b4c2
derived/figures/main/main_gasterosteus_aculeatus_boundary_class_summary.svg	3803	1b37ffbb90ae610f755c9e1a1c03696a92b2d6cdfd92ff274808d3fc70b12d4a
derived/figures/main/main_gasterosteus_aculeatus_boundary_class_summary.tsv	1886	a34fdbd53c0c1befb127c85648a86341750aaa4ffff7537ad1b3ff7b21951117
derived/figures/main/main_gasterosteus_aculeatus_boundary_on_architecture.pdf	8358	f4bb3a8476d2366c0a599812e7f2db8e504a8e66bf5bc2c2e68f419018a5de6f
derived/figures/main/main_gasterosteus_aculeatus_boundary_on_architecture.png	210905	8392ea5fdab2a5fa4766cc65e9277db5aea3381821be2e3e272793c1f34720d2
derived/figures/main/main_gasterosteus_aculeatus_boundary_on_architecture.svg	15123	2b5babf2194e22b22ebe97f2b63affff7264bf5f771e0556d208d13cd316f640
derived/figures/main/main_gasterosteus_aculeatus_boundary_on_architecture.tsv	1886	a34fdbd53c0c1befb127c85648a86341750aaa4ffff7537ad1b3ff7b21951117
derived/figures/main/main_gasterosteus_aculeatus_integrated_domain_architecture.pdf	8392	ae352dea617fecf1194023d5dcaca891b22fa2c0276b29b9b204d93e70584a57
derived/figures/main/main_gasterosteus_aculeatus_integrated_domain_architecture.png	273937	9f4b1b50e325b4e7f708677f78ff04b12cba905f518ed8228330277d41dda83a
derived/figures/main/main_gasterosteus_aculeatus_integrated_domain_architecture.svg	15801	13f31516085fedea7d45a16ada223922290da7e10c909628da7f50b80db01286
derived/figures/main/main_gasterosteus_aculeatus_integrated_domain_architecture.tsv	665	1c3ab3aacc72819b0b348a5ef4d45846ad0c060b4347ab1a727eb1b4d4eb9c2c
derived/figures/main/main_gasterosteus_aculeatus_primary_exon_projection.pdf	6705	a3c466a83aaccf1e18901f850faed65d056af811778f506a3b4942ee1aca3f2e
derived/figures/main/main_gasterosteus_aculeatus_primary_exon_projection.png	178016	bbd77bba2f7ff35b71e9daae28ace17f0fcc00e5cea53faa70dae4bbd805003b
derived/figures/main/main_gasterosteus_aculeatus_primary_exon_projection.svg	12132	8048ec21c3bca6ef39a15a7fce9c9a97fe1bb8424492c467431c6108d0342675
derived/figures/main/main_gasterosteus_aculeatus_primary_exon_projection.tsv	785	7c59f99e70ea6202c2ebd4a8506200707df15c4935b41f6c6f0a24ce1e9ef99a
derived/figures/main/main_gasterosteus_aculeatus_signed_boundary_distances.pdf	9947	6ac6ab82f723939a34bead93fcc9af9568ae289b479cc3fb10b2423f5eb31536
derived/figures/main/main_gasterosteus_aculeatus_signed_boundary_distances.png	367075	b12016c3f137ba3d500c05777709320e6361be0dbea3c47550eb5091da05f10e
derived/figures/main/main_gasterosteus_aculeatus_signed_boundary_distances.svg	14045	09849913ff8fe831d858206cbbed0f8607a8b9a336f45759da17d420a6d69137
derived/figures/main/main_gasterosteus_aculeatus_signed_boundary_distances.tsv	1886	a34fdbd53c0c1befb127c85648a86341750aaa4ffff7537ad1b3ff7b21951117
derived/figures/main/main_gorilla_gorilla_gorilla_IIIb_boundary_class_summary.pdf	3173	1f4a8ce3f2ac8515de4b383286eed54ee3e1bc8f807efa7847db0f43dc295769
derived/figures/main/main_gorilla_gorilla_gorilla_IIIb_boundary_class_summary.png	91079	9a98bae931f960b51e24cb4492536ce65e5df4656f8bfa76a28ec13ae56d64fe
derived/figures/main/main_gorilla_gorilla_gorilla_IIIb_boundary_class_summary.svg	5068	326b4e1d51f7d6a7fc8af422726fa980be1ece84de63f22271e7d9c9da98d2fb
derived/figures/main/main_gorilla_gorilla_gorilla_IIIb_boundary_class_summary.tsv	1743	e041648e37aa3ab2bf3a74918ffcb357c1004c62cf93714c01d0853d9f885fde
derived/figures/main/main_gorilla_gorilla_gorilla_IIIb_boundary_on_architecture.pdf	8399	78c9fce93aa751edbf9854b53b3e5d4f8308ffa324c945999aba8d41a07f50e7
derived/figures/main/main_gorilla_gorilla_gorilla_IIIb_boundary_on_architecture.png	229404	bba17afa611c51b7faf1ef8d9a68d6572ea81ecdc37a51a28faac83939110ffc
derived/figures/main/main_gorilla_gorilla_gorilla_IIIb_boundary_on_architecture.svg	15255	7b9ac277a95d3f0183beea3c8b2495acd1c0f06fbb3c48169d7c2438c2552197
derived/figures/main/main_gorilla_gorilla_gorilla_IIIb_boundary_on_architecture.tsv	1743	e041648e37aa3ab2bf3a74918ffcb357c1004c62cf93714c01d0853d9f885fde
derived/figures/main/main_gorilla_gorilla_gorilla_IIIb_integrated_domain_architecture.pdf	8096	c86c980ce15ab609c2d3a7503b4e20703df7b9677a2952536e8d83176b6544db
derived/figures/main/main_gorilla_gorilla_gorilla_IIIb_integrated_domain_architecture.png	272490	241857097af98829ca73184e6e2c20446728f487657da4027804814c25958cd0
derived/figures/main/main_gorilla_gorilla_gorilla_IIIb_integrated_domain_architecture.svg	15192	5630bc42096e485d1eca842b8da244c88e2c588ab84851c31c8eecb5e67b5ec5
derived/figures/main/main_gorilla_gorilla_gorilla_IIIb_integrated_domain_architecture.tsv	520	67085dbcdec9318c8bf7c1d1a09298d89a0eb29e0ec34ac82cc15533c5e5dee9
derived/figures/main/main_gorilla_gorilla_gorilla_IIIb_primary_exon_projection.pdf	6805	2b5e1e9b685b54742110e6f10e9f24e8598cfec049085331b956b91fbe7e1c26
derived/figures/main/main_gorilla_gorilla_gorilla_IIIb_primary_exon_projection.png	187710	7d65dfddf712bfecdc8a0b5d8943a150e08b6cbb4cdc57ec7e8b47f32d64ed02
derived/figures/main/main_gorilla_gorilla_gorilla_IIIb_primary_exon_projection.svg	12287	7e763f546c7934a9dfbf9e8caf62b1939664d2908a1c29d5bcb075e4b68fa4ea
derived/figures/main/main_gorilla_gorilla_gorilla_IIIb_primary_exon_projection.tsv	735	3d094bfcfedbaa41eb4f83228085b23b7aa1a5ecf35146fa3166bcd3586eb5f8
derived/figures/main/main_gorilla_gorilla_gorilla_IIIb_signed_boundary_distances.pdf	9554	4856002b814b35ed60f61a46bbe59713dd957c9155aae8eaaa9777fad55301ec
derived/figures/main/main_gorilla_gorilla_gorilla_IIIb_signed_boundary_distances.png	344768	2f463c5d602da508df323a19c70ed598229988c3fb33102020a2cf998f08cc1e
derived/figures/main/main_gorilla_gorilla_gorilla_IIIb_signed_boundary_distances.svg	13835	ed5674a9c794c7428b2e08c52f41264219d0cba4a038ab70248d9bc4a7252425
derived/figures/main/main_gorilla_gorilla_gorilla_IIIb_signed_boundary_distances.tsv	1743	e041648e37aa3ab2bf3a74918ffcb357c1004c62cf93714c01d0853d9f885fde
derived/figures/main/main_gorilla_gorilla_gorilla_boundary_class_summary.pdf	3168	074e4a56eaaffd6f81ed3e64786937040aa643057080487e25029d0f7206b131
derived/figures/main/main_gorilla_gorilla_gorilla_boundary_class_summary.png	87779	31c88c84fec107881ef65592a6ab9ab17b0a965fa1101b343a053696ab043dce
derived/figures/main/main_gorilla_gorilla_gorilla_boundary_class_summary.svg	5063	940acad95aa7f5cdc9884fd92b7f04dbf1ec76b30e4263829e1edfcfefd9ed4b
derived/figures/main/main_gorilla_gorilla_gorilla_boundary_class_summary.tsv	1596	b11a01d78b7ea5773f07eda92e4648725e9567f01f43c59e8622d9b00e5719e2
derived/figures/main/main_gorilla_gorilla_gorilla_boundary_on_architecture.pdf	8173	e0eb989b24f3f9233f723d4df62708ce0a3e6a0d7634ab52857cfe4548694f4a
derived/figures/main/main_gorilla_gorilla_gorilla_boundary_on_architecture.png	216401	a7cc656f5d7a80b5e389a8ad9c59b756d91f3159118e1932987eb2d38fa84193
derived/figures/main/main_gorilla_gorilla_gorilla_boundary_on_architecture.svg	14909	d5c52d52281bcc0326ed4e87f115e9b6785018ff317bdb2efcccc360ea399538
derived/figures/main/main_gorilla_gorilla_gorilla_boundary_on_architecture.tsv	1596	b11a01d78b7ea5773f07eda92e4648725e9567f01f43c59e8622d9b00e5719e2
derived/figures/main/main_gorilla_gorilla_gorilla_integrated_domain_architecture.pdf	8082	c78dee681c0e96dfa70c60b03ba4ada2495626bff962ea67f85e49b00e001e63
derived/figures/main/main_gorilla_gorilla_gorilla_integrated_domain_architecture.png	262013	6f5171e01718667375d9fedfa19daa377fe61d4ff08e003554af5de6ad6eb8b5
derived/figures/main/main_gorilla_gorilla_gorilla_integrated_domain_architecture.svg	15215	822eaf5a2cbf4eb6548b23c62a9e0e63a4f128b1b621f2de3ff6e8777bacb302
derived/figures/main/main_gorilla_gorilla_gorilla_integrated_domain_architecture.tsv	559	6372e8d68b8e449bba175e8abf74cc7144db80a6ee0e9c50aabdd1985332ddac
derived/figures/main/main_gorilla_gorilla_gorilla_primary_exon_projection.pdf	6599	7289c5e0323c7124f8019a225af9cda63fa8ac2218c6f4cd092f2b2ef666dae4
derived/figures/main/main_gorilla_gorilla_gorilla_primary_exon_projection.png	171622	3e2c1a7642bafbcf476e0593fb8b4b4093fc9e6a052a55fc83f1581c2fc642a5
derived/figures/main/main_gorilla_gorilla_gorilla_primary_exon_projection.svg	12031	9dd608507be6db178aff3a7c7ec68b028b0ce5882eb7c02994b4a9a61fdb9fa1
derived/figures/main/main_gorilla_gorilla_gorilla_primary_exon_projection.tsv	606	04b1d0b50570e17577cc66dc9bada4959f954a961a2edf3b4be3c881ced4a4a6
derived/figures/main/main_gorilla_gorilla_gorilla_signed_boundary_distances.pdf	9032	31563ea3fca9bc672c382c9507cd005e00a929f42756833c289a04d7922d0eb6
derived/figures/main/main_gorilla_gorilla_gorilla_signed_boundary_distances.png	289194	b754dd2a062e351286f74ee1006b980d2d8324d679b8946f8ff12583b24ac762
derived/figures/main/main_gorilla_gorilla_gorilla_signed_boundary_distances.svg	13177	bd1856ec32d428f16d07995b5a7a689a550bfa76bcd938c8749eb7f793e7a8cf
derived/figures/main/main_gorilla_gorilla_gorilla_signed_boundary_distances.tsv	1596	b11a01d78b7ea5773f07eda92e4648725e9567f01f43c59e8622d9b00e5719e2
derived/figures/main/main_homo_sapiens_IIIb_boundary_class_summary.pdf	2745	ec55cd7bbe17a464a21d25489e146d71ea32ebf093b29eccdded49efb3fbb0b6
derived/figures/main/main_homo_sapiens_IIIb_boundary_class_summary.png	86178	65c335f1a3a1a43d0486422caddcbd72207729242b0276f1927fe07ac3f99757
derived/figures/main/main_homo_sapiens_IIIb_boundary_class_summary.svg	4293	2617d3a30636b49eb7de789039561406483a358aa94b5b0a0f5216e96c733d66
derived/figures/main/main_homo_sapiens_IIIb_boundary_class_summary.tsv	1783	be4c17de7c690d364d2f25de3b146ae926cbd1fe12c6754cc3ae9d3d6c81c558
derived/figures/main/main_homo_sapiens_IIIb_boundary_on_architecture.pdf	8915	6fb86e00171dc2d44f57275a8b3a4d81d98fe195f68b96df2876b28524c035de
derived/figures/main/main_homo_sapiens_IIIb_boundary_on_architecture.png	217614	12887f0a73bd88db0bb13c829a2e0e084fc86e71c12ecd3e6665246d2bd261c7
derived/figures/main/main_homo_sapiens_IIIb_boundary_on_architecture.svg	16356	d1dc909fcfa955883b11e03f7c5bfc7c210aee8a1fb8853b6de53e80b12961da
derived/figures/main/main_homo_sapiens_IIIb_boundary_on_architecture.tsv	1783	be4c17de7c690d364d2f25de3b146ae926cbd1fe12c6754cc3ae9d3d6c81c558
derived/figures/main/main_homo_sapiens_IIIb_integrated_domain_architecture.pdf	8700	a6ecb065196f5e06f3dcfc4a75c7c0b6618102bef776b7f0e7bd641339b79c14
derived/figures/main/main_homo_sapiens_IIIb_integrated_domain_architecture.png	263691	ecd97687f035d270f4d426ce418e96b90f31fae7d75ecb6ba89b7138d10552c5
derived/figures/main/main_homo_sapiens_IIIb_integrated_domain_architecture.svg	16482	ea0ef275b71e8d857dc7657edc2abdce651f347058a634c35e97bcb07c05731d
derived/figures/main/main_homo_sapiens_IIIb_integrated_domain_architecture.tsv	625	c8ad01e178fbe20ad3bd9b23c8ab0261f9d1e4af473dec81b7248a4fb0ab7f3c
derived/figures/main/main_homo_sapiens_IIIb_primary_exon_projection.pdf	7154	f1cd79bf8724781b28f62303d08bfb83bc1a1f3c5cf3b740f50091924b877318
derived/figures/main/main_homo_sapiens_IIIb_primary_exon_projection.png	172966	3b974a519d2fe8171c235b139f8c436f4f497fc5c77a3032a8090f15541260b1
derived/figures/main/main_homo_sapiens_IIIb_primary_exon_projection.svg	13147	abea050f2958927c4a08c32f41563a02c9e6eddf065c9296805b75e43f2958d0
derived/figures/main/main_homo_sapiens_IIIb_primary_exon_projection.tsv	693	1e9ec81d5d661e5a3da345137badcb8414af8cbddd21e0dd51e35b75dc9fa0df
derived/figures/main/main_homo_sapiens_IIIb_signed_boundary_distances.pdf	9886	5eea1fa8ec2febbf0fc5d5a76db4d8b9e821e5dc440ff8f83eaa9a011bd1c59d
derived/figures/main/main_homo_sapiens_IIIb_signed_boundary_distances.png	328983	671dce8150bf6f4a54756605034a1e3e531a179ea064f5c8be27cc3cda64db80
derived/figures/main/main_homo_sapiens_IIIb_signed_boundary_distances.svg	14328	bdd4868cd35f5a7fe66e2bf6f53234b40eb6369d16e14a76df55f22b4b936347
derived/figures/main/main_homo_sapiens_IIIb_signed_boundary_distances.tsv	1783	be4c17de7c690d364d2f25de3b146ae926cbd1fe12c6754cc3ae9d3d6c81c558
derived/figures/main/main_homo_sapiens_boundary_class_summary.pdf	3326	dc2ede75b18e87c0b2148899b331770d5c1400367f981017fa0117ac20adfe10
derived/figures/main/main_homo_sapiens_boundary_class_summary.png	87909	b27b377d5aa1f0f5edefca660fc4ceac9943f5050e978143329877ffddd54a53
derived/figures/main/main_homo_sapiens_boundary_class_summary.svg	5395	ad4493b5abf7cb4cd61759911442685601c95f8804d5e81080eda5fe896cea85
derived/figures/main/main_homo_sapiens_boundary_class_summary.tsv	1789	90a780e8f77c5c9f0e0fd99c605fb7b32548a9c15305942c7ea93ce3ab56213f
derived/figures/main/main_homo_sapiens_boundary_on_architecture.pdf	8890	c87c52c0b68670eb6aee82bf5594bb94ab62ea51d7342b0162a308ed3508fc4a
derived/figures/main/main_homo_sapiens_boundary_on_architecture.png	217546	45c4d359f4e330b469e29697e80348a3e2e0d7549f9e2438bb297e0a70884ebb
derived/figures/main/main_homo_sapiens_boundary_on_architecture.svg	16331	c1ee1bfdc8962ae2c98518a2bc76a624d4addcfa1bb590b919f3ec4ea6716542
derived/figures/main/main_homo_sapiens_boundary_on_architecture.tsv	1789	90a780e8f77c5c9f0e0fd99c605fb7b32548a9c15305942c7ea93ce3ab56213f
derived/figures/main/main_homo_sapiens_integrated_domain_architecture.pdf	8707	76ad894bae7fe8ea206fc642af7985abfee632dba31a782ee6712a7cc644c6cd
derived/figures/main/main_homo_sapiens_integrated_domain_architecture.png	264481	44acc6325efcb23cd75bb07d02557175ac3a3c9a1c892f149fdf39478840a3a9
derived/figures/main/main_homo_sapiens_integrated_domain_architecture.svg	16483	405df22746c9d4c1a886939df7c15091fef18fa9e7dbad3210f86c861f05cadf
derived/figures/main/main_homo_sapiens_integrated_domain_architecture.tsv	625	a8f1f1ba9e4658ce5f40ef966c642bbe20b88f8956c2793c8c5f15f5041ebc71
derived/figures/main/main_homo_sapiens_primary_exon_projection.pdf	7163	99556a1e13511675998d273a7cfeb845422d7ce5d10283eeda66549d4cf98c2f
derived/figures/main/main_homo_sapiens_primary_exon_projection.png	173392	3a9cd299438e76585e348cca390441425eadbda4d10d64ee8963bd8c0be27317
derived/figures/main/main_homo_sapiens_primary_exon_projection.svg	13153	ff0c1cc564f75f5686d05be4d9cf435386cf19df252e13d3514b3525b64cfdf9
derived/figures/main/main_homo_sapiens_primary_exon_projection.tsv	693	e53bc89e0e15f4d8b62873ed6e8d76f763875afdd81c6a13726528a626c3f304
derived/figures/main/main_homo_sapiens_signed_boundary_distances.pdf	9889	ae0e701cc7cb47104c4b63210603a83f39fcdc2a027a8eee9d6d543320430ad4
derived/figures/main/main_homo_sapiens_signed_boundary_distances.png	323781	f5aefc4784cc203c814eca4fcc8d95d8a87e57c340e17003c0f1707683766526
derived/figures/main/main_homo_sapiens_signed_boundary_distances.svg	14325	33825f49f65291c3f13593eb60723e427860b8a1fbb0cd3bf707dc40872d6297
derived/figures/main/main_homo_sapiens_signed_boundary_distances.tsv	1789	90a780e8f77c5c9f0e0fd99c605fb7b32548a9c15305942c7ea93ce3ab56213f
derived/figures/main/main_macaca_mulatta_IIIb_boundary_class_summary.pdf	3160	93c6e3a90ab925ee2c274244436b7f453ba4146f4f7b86f58fc623f3aa46ae40
derived/figures/main/main_macaca_mulatta_IIIb_boundary_class_summary.png	86735	31d9c2d682ba2f5079fb6bb7e79ff43ccef04166c35ea6cff76099bc5d2f37c9
derived/figures/main/main_macaca_mulatta_IIIb_boundary_class_summary.svg	5055	668e7f6f67ea4592ec961f2a3fd1bd6497bb05a03145c2a07cff8d0368e3e926
derived/figures/main/main_macaca_mulatta_IIIb_boundary_class_summary.tsv	1791	f7c985ae09bf0ba377a4feb90804ef1df4e6a89c7f783277ab854ae6729e68e2
derived/figures/main/main_macaca_mulatta_IIIb_boundary_on_architecture.pdf	8913	b5441762a105fa7ed886b7f4df9eaefc09b9b2365267269df6fe80c4ba6c398b
derived/figures/main/main_macaca_mulatta_IIIb_boundary_on_architecture.png	217690	2d7126db4edd79d7b5256f3a3814d576d68d8711af7a3d1f1e8cc5415eaf7cdc
derived/figures/main/main_macaca_mulatta_IIIb_boundary_on_architecture.svg	16352	80e6c49339be62871c383be6361da66023cd27e881eba117e716372f0943f0a1
derived/figures/main/main_macaca_mulatta_IIIb_boundary_on_architecture.tsv	1791	f7c985ae09bf0ba377a4feb90804ef1df4e6a89c7f783277ab854ae6729e68e2
derived/figures/main/main_macaca_mulatta_IIIb_integrated_domain_architecture.pdf	8859	82472e2b3fe02097d4496e100640446427628dbf056a2df15b1d6b764a0439ef
derived/figures/main/main_macaca_mulatta_IIIb_integrated_domain_architecture.png	268821	9822bda081e889506ba06900103c8905c2139c497da418a741606fe33745f3ca
derived/figures/main/main_macaca_mulatta_IIIb_integrated_domain_architecture.svg	16802	aa057200ef8ab85a232a467ba077d79a069f8b9fbcd3b69b694c02ac348a46d1
derived/figures/main/main_macaca_mulatta_IIIb_integrated_domain_architecture.tsv	665	06c3607c37eb2bb399b7006de32331db56a6d7f0c2805a1792120ee7f4e0181d
derived/figures/main/main_macaca_mulatta_IIIb_primary_exon_projection.pdf	7146	e6e701dc25c7a83ab32b171cd3d70c7e2e810c9871dcdf137e26cdde08a23f33
derived/figures/main/main_macaca_mulatta_IIIb_primary_exon_projection.png	172400	1b7514164bca4d918540212717780a73eaae98be5c75be5d83cdd4c88081ee92
derived/figures/main/main_macaca_mulatta_IIIb_primary_exon_projection.svg	13137	f16ec5cb909d4c140f3852df0eaf77621e2a9c437ca170c3fa57df36570335d1
derived/figures/main/main_macaca_mulatta_IIIb_primary_exon_projection.tsv	678	303224a99e99209799f632a4e35a7846ffc2989fb8baee23e36b35bbe65353cc
derived/figures/main/main_macaca_mulatta_IIIb_signed_boundary_distances.pdf	9859	46d355985d7d79f8bb21b4ad324567483a2be4eb46f9940a99abad7fa08e6ad3
derived/figures/main/main_macaca_mulatta_IIIb_signed_boundary_distances.png	299808	1d68b383caa1ed069972c7793f38756e2aae44b6de54ee0694d8c67d2a805ff1
derived/figures/main/main_macaca_mulatta_IIIb_signed_boundary_distances.svg	14314	699b266192e169b4e3f9e2a607b367b46f4a4531f3532eda89262feff3dcb730
derived/figures/main/main_macaca_mulatta_IIIb_signed_boundary_distances.tsv	1791	f7c985ae09bf0ba377a4feb90804ef1df4e6a89c7f783277ab854ae6729e68e2
derived/figures/main/main_macaca_mulatta_boundary_class_summary.pdf	3159	e128fafe8a86541820b6f8f83c3be523c640256439cb3365bc52b2ec736a4559
derived/figures/main/main_macaca_mulatta_boundary_class_summary.png	86533	0afa2403454c2dd5833958e28f23d58913beb85bc9d82b84fb28f9d6728e2d5a
derived/figures/main/main_macaca_mulatta_boundary_class_summary.svg	5054	bf07721d29eff18fa68aa497c0f4e3b399198e176cd5538d1a8d1fd091978232
derived/figures/main/main_macaca_mulatta_boundary_class_summary.tsv	1802	578f9f1228c0b6fbd1ca2026a6e578b86fa92cc9611aaaa8f435d5fe008f6bef
derived/figures/main/main_macaca_mulatta_boundary_on_architecture.pdf	8906	f4730c5bf0dc02cf55752dac8211b385c9ba7ccc804371af65269637a357e255
derived/figures/main/main_macaca_mulatta_boundary_on_architecture.png	217246	91a6611f618254a8c4a3c12fea3f1e4ab1a2cedac15b0ccccc9f554c2619622e
derived/figures/main/main_macaca_mulatta_boundary_on_architecture.svg	16346	2ab0b0dbfe7a6a28ffd347990f023cdc691820cf053fef883d9ba5afc77043f4
derived/figures/main/main_macaca_mulatta_boundary_on_architecture.tsv	1802	578f9f1228c0b6fbd1ca2026a6e578b86fa92cc9611aaaa8f435d5fe008f6bef
derived/figures/main/main_macaca_mulatta_integrated_domain_architecture.pdf	8855	98d9456aa622c3c0ea3b6c2a707452f434fcdec00d290c4174f1b2a6328724b7
derived/figures/main/main_macaca_mulatta_integrated_domain_architecture.png	269200	4b58c19932ec79e3da9aca2b0d387865f4068b2372b83bf191dd567ca663ba96
derived/figures/main/main_macaca_mulatta_integrated_domain_architecture.svg	16799	7659421dd122687b5cb245885dad52e5a5e2f421f270e0715467cb304ccbf809
derived/figures/main/main_macaca_mulatta_integrated_domain_architecture.tsv	665	ec14b47ea8fce123b309389fdba6142371a7c58ac1f595d715d85617ecec64a0
derived/figures/main/main_macaca_mulatta_primary_exon_projection.pdf	7158	3853f59007f8df011d7b87f5c7dd0f6aaecae409b4e4c3b67f853496728a5981
derived/figures/main/main_macaca_mulatta_primary_exon_projection.png	172564	8e77596286311b915c8cc710182df404d3ab8f6d661c51b36cc5dfa9c099dea4
derived/figures/main/main_macaca_mulatta_primary_exon_projection.svg	13152	3137bc1941d353afeac530afb164befa05194c383a3f4accf6696a685a238eee
derived/figures/main/main_macaca_mulatta_primary_exon_projection.tsv	678	a72ef5478ab7908bbb1483e300d811ff7455fb56648e7d8d8567320d395eb499
derived/figures/main/main_macaca_mulatta_signed_boundary_distances.pdf	9858	7e0e08815832ebd2fa32d6a19f393bb930feda3e0c304e36d871a110d2eddc3c
derived/figures/main/main_macaca_mulatta_signed_boundary_distances.png	298020	c2541e4599dcdd918eefd2b07423adcb2066a716b844868520bb0285f0f984c8
derived/figures/main/main_macaca_mulatta_signed_boundary_distances.svg	14315	ad0741546ae178316eaa13eef461ce4a6f62fd4d77d3d0b11ac0cb2f731a9d2f
derived/figures/main/main_macaca_mulatta_signed_boundary_distances.tsv	1802	578f9f1228c0b6fbd1ca2026a6e578b86fa92cc9611aaaa8f435d5fe008f6bef
derived/figures/main/main_meleagris_gallopavo_IIIb_boundary_class_summary.pdf	2960	dab1a28407be0924497be9b1375f35e24fb05555e44f8a0f389139f3c91a976a
derived/figures/main/main_meleagris_gallopavo_IIIb_boundary_class_summary.png	83418	3fa1a4e6cbe96a88c6630f65196e9220c757922b3e5f57739cfaa7def2f329e1
derived/figures/main/main_meleagris_gallopavo_IIIb_boundary_class_summary.svg	4541	96e54ee8130b5a059458babf8e5044852c15f1a19aae2a7be05f7a6615d13d39
derived/figures/main/main_meleagris_gallopavo_IIIb_boundary_class_summary.tsv	1189	9d626d38c70f242ef07b1ddeb75ca88322260506234bb3af909faada1da8d1f6
derived/figures/main/main_meleagris_gallopavo_IIIb_boundary_on_architecture.pdf	6813	43a2b96ba4b1afe026f7e8c83ee6379a4fda77cdecff9ef918cdbf81766e0453
derived/figures/main/main_meleagris_gallopavo_IIIb_boundary_on_architecture.png	206331	160117714042735d17e8568df58e99a4e94069bebb1c806133113e9de4a177b5
derived/figures/main/main_meleagris_gallopavo_IIIb_boundary_on_architecture.svg	12269	8d3c1f6808b58c32eabd3cd0f45b3d66a0c3dd82e9ffd56ef646031ef227532f
derived/figures/main/main_meleagris_gallopavo_IIIb_boundary_on_architecture.tsv	1189	9d626d38c70f242ef07b1ddeb75ca88322260506234bb3af909faada1da8d1f6
derived/figures/main/main_meleagris_gallopavo_IIIb_integrated_domain_architecture.pdf	6981	0b32a498ae34776067cb5ccd49b94e6d0bcfdf88be4f3190f4ee3e94b655128f
derived/figures/main/main_meleagris_gallopavo_IIIb_integrated_domain_architecture.png	259337	947bc4ce567aff99d438113e3f7852f994b67d94882158bd7aba4525e9f5eda1
derived/figures/main/main_meleagris_gallopavo_IIIb_integrated_domain_architecture.svg	12944	59c88a22abc6aea2335e677096abf4abeaa1e2df3f8fbc1826d0b02bf837c64d
derived/figures/main/main_meleagris_gallopavo_IIIb_integrated_domain_architecture.tsv	520	b648fed81a32cfc3b2b3a7890fbc24032de4111733455a36000da9682a578e83
derived/figures/main/main_meleagris_gallopavo_IIIb_primary_exon_projection.pdf	5652	c87b5a5043248e2101d8498f9f1352885d9c86fb76596a3a9902d5e1e80acba7
derived/figures/main/main_meleagris_gallopavo_IIIb_primary_exon_projection.png	173210	51d60b95b2ee561200eac6f2c829c9bf02c636b840625f324efb1a5a66261726
derived/figures/main/main_meleagris_gallopavo_IIIb_primary_exon_projection.svg	10137	40092aa69912969ff61b6ad0c83bd506ca624e00a4e2e7eb2279d9064316b9cd
derived/figures/main/main_meleagris_gallopavo_IIIb_primary_exon_projection.tsv	515	a2d64150d4412c0decbadb414013c6e258ec88593dd6f4916076a95b82c794f8
derived/figures/main/main_meleagris_gallopavo_IIIb_signed_boundary_distances.pdf	7235	33f412d2658a5c69d5f912991804dedaf0f255f44dca869057b57b3bbf8aea45
derived/figures/main/main_meleagris_gallopavo_IIIb_signed_boundary_distances.png	277312	1a1b3d1743887c5d51243e901d118ffac1c48bbf2c6aa5c4f6d890588289c3dd
derived/figures/main/main_meleagris_gallopavo_IIIb_signed_boundary_distances.svg	10588	9d7d97ec10178da5b8f137e45e8752914fc808141414c4cf256076528f1fa48a
derived/figures/main/main_meleagris_gallopavo_IIIb_signed_boundary_distances.tsv	1189	9d626d38c70f242ef07b1ddeb75ca88322260506234bb3af909faada1da8d1f6
derived/figures/main/main_meleagris_gallopavo_boundary_class_summary.pdf	3224	07bfceaf441906139f313297a7f9fbe7794aa65748a3d632db0e61243e42e68b
derived/figures/main/main_meleagris_gallopavo_boundary_class_summary.png	90840	22d98faaf3b2f2c7eaf2799dad4927b0386c655953573f6fe12b8cf7db152ca1
derived/figures/main/main_meleagris_gallopavo_boundary_class_summary.svg	5209	51168341cc0af923c7718aafece7b71b0e7e2c2046b850024d06ab41cb4707f5
derived/figures/main/main_meleagris_gallopavo_boundary_class_summary.tsv	1185	7bd3f9f425dc0a189ae7ed5b83e6ddd42ae419ef9440a8093646b1d72727a373
derived/figures/main/main_meleagris_gallopavo_boundary_on_architecture.pdf	6955	2767626a3b61c04afb4bb249f123e7ab45bf90da804295dd8800c21a4056fd88
derived/figures/main/main_meleagris_gallopavo_boundary_on_architecture.png	213275	dc634ad6d921caa3cf7065c7c13aa1808b01bdffb3c4ff7beccccba0bab0ec48
derived/figures/main/main_meleagris_gallopavo_boundary_on_architecture.svg	12574	49d2448b503b1f50b4e2236da8edb8ce1f994bc0ba8ff6ac11f6595699baaa67
derived/figures/main/main_meleagris_gallopavo_boundary_on_architecture.tsv	1185	7bd3f9f425dc0a189ae7ed5b83e6ddd42ae419ef9440a8093646b1d72727a373
derived/figures/main/main_meleagris_gallopavo_integrated_domain_architecture.pdf	6983	1975a5f3243b88733af3dfccab14016e5184414cc8b93e8d7b91bad376de3338
derived/figures/main/main_meleagris_gallopavo_integrated_domain_architecture.png	258313	67025f16dd946116ad0ff443ae48240bdbd9ab3e841fbac8225ef4e206befc34
derived/figures/main/main_meleagris_gallopavo_integrated_domain_architecture.svg	12948	fa14730a959f41b741612b4434335e139a8e58092fa434c9b53e6b277b37e27c
derived/figures/main/main_meleagris_gallopavo_integrated_domain_architecture.tsv	520	8f0de1fb203570d7bbff49ea93fab6ac4790afbd69d4913724f5ff75edf22e68
derived/figures/main/main_meleagris_gallopavo_primary_exon_projection.pdf	5655	d0c118a4e3a3b6811449826a73c870da9a950c3e8cc9212762eaba9e5722500c
derived/figures/main/main_meleagris_gallopavo_primary_exon_projection.png	172401	9bcddbfe8428d648dda9bc1fe771b66a8d9528eeebe34b8f2bfdfbf96352a1e8
derived/figures/main/main_meleagris_gallopavo_primary_exon_projection.svg	10139	e0413c88175a18eaee1af3c19fbd67671c62ed7ee3ceafd7755e84ef7658ede5
derived/figures/main/main_meleagris_gallopavo_primary_exon_projection.tsv	515	bbb285e5af4fb0f26e0cab714f0c9b5025b1c49ac403601ecc05b17289ff667f
derived/figures/main/main_meleagris_gallopavo_signed_boundary_distances.pdf	7153	7f4dddf31cdd29815c71557c5cd6614d06213b59dbf227442a051d35a374304c
derived/figures/main/main_meleagris_gallopavo_signed_boundary_distances.png	271929	364f59900b1a3a39f917833cd1d065bd82b931a092dd5c0c66a93756eb6274e6
derived/figures/main/main_meleagris_gallopavo_signed_boundary_distances.svg	10340	1d50d01f3d3e9ded41727f6f4d359994db48f8c60fd39c4402d2ce59ed01a440
derived/figures/main/main_meleagris_gallopavo_signed_boundary_distances.tsv	1185	7bd3f9f425dc0a189ae7ed5b83e6ddd42ae419ef9440a8093646b1d72727a373
derived/figures/main/main_monodelphis_domestica_IIIb_boundary_class_summary.pdf	3167	8ac015c5d3a7e303650fc98da2183ceb147fb710164730cbc7989c4fbdc92aaf
derived/figures/main/main_monodelphis_domestica_IIIb_boundary_class_summary.png	90506	58afcf5f36ba58181d5b8a64b869df4db84ba26cfc0b04a549d7811ef3158c32
derived/figures/main/main_monodelphis_domestica_IIIb_boundary_class_summary.svg	5062	d51894c78024ca5c8f29b0f6ddeb0935567374b288ba7b55ea8c08ca928494d8
derived/figures/main/main_monodelphis_domestica_IIIb_boundary_class_summary.tsv	1780	3d417e1c6900a7702105162f19ded7fbed8f27e6ad682789535547150dfe6899
derived/figures/main/main_monodelphis_domestica_IIIb_boundary_on_architecture.pdf	8911	0962f2ba8b545a818ee35eb66bbb0be86a90709ade9b5eac5814ab00d5d94331
derived/figures/main/main_monodelphis_domestica_IIIb_boundary_on_architecture.png	221773	be26ec8762469ca6533ae112baf62e32d07642df50828d8e81fd5ced206c1ade
derived/figures/main/main_monodelphis_domestica_IIIb_boundary_on_architecture.svg	16347	74b71e2f30b50104f00045dfd22dd3d048cd0011802129aee3e35e7f4ef2292e
derived/figures/main/main_monodelphis_domestica_IIIb_boundary_on_architecture.tsv	1780	3d417e1c6900a7702105162f19ded7fbed8f27e6ad682789535547150dfe6899
derived/figures/main/main_monodelphis_domestica_IIIb_integrated_domain_architecture.pdf	8861	1cd50ba659b047292b5910e97a66bee79ea3338d36b21a5ab60a732338d4ee92
derived/figures/main/main_monodelphis_domestica_IIIb_integrated_domain_architecture.png	275264	2411e9f7f8cd933678d8850c847e93aac28b91494bd5632b1cc8853a5a429d9d
derived/figures/main/main_monodelphis_domestica_IIIb_integrated_domain_architecture.svg	16800	02292c70437e6c6d252811ac6ba36a735901d10a2d84f39dde56e821e1cd4c92
derived/figures/main/main_monodelphis_domestica_IIIb_integrated_domain_architecture.tsv	665	ade268f54666c54265df2216fe0f9616fd41e0b24d7a120661bcc1b017f1f086
derived/figures/main/main_monodelphis_domestica_IIIb_primary_exon_projection.pdf	7163	caaf0bf01b0d516db7c14fcc1cb86186745e35e0b0d8c2005f51fce4db2e0678
derived/figures/main/main_monodelphis_domestica_IIIb_primary_exon_projection.png	177424	8952202bc299ddd85ebf70a842be8d8d4bfd545da982a58c882f72d75f3338b2
derived/figures/main/main_monodelphis_domestica_IIIb_primary_exon_projection.svg	13146	5a49832e9f1e688a87ed35c5b744e6d4e4a3637ccda250071934ee521806addc
derived/figures/main/main_monodelphis_domestica_IIIb_primary_exon_projection.tsv	678	ace98522112d50f7f66f929b8fb36e5e586965a02dc3f37ac2ab909e9eaf7b2a
derived/figures/main/main_monodelphis_domestica_IIIb_signed_boundary_distances.pdf	9868	f03d732233dd6341fea5f4506a58db5be5dd56a4c14b19fca4a0bb52d6f8dcd7
derived/figures/main/main_monodelphis_domestica_IIIb_signed_boundary_distances.png	321017	97ea63ae37712687bdfc2ab0e9b478144a48924c8ab5653f73f5fac868e093e7
derived/figures/main/main_monodelphis_domestica_IIIb_signed_boundary_distances.svg	14320	03b837a8abbf11d0ca5abd7c2a6f2304abc174cc3d33b05c4fbbf5dd01573b6c
derived/figures/main/main_monodelphis_domestica_IIIb_signed_boundary_distances.tsv	1780	3d417e1c6900a7702105162f19ded7fbed8f27e6ad682789535547150dfe6899
derived/figures/main/main_monodelphis_domestica_boundary_class_summary.pdf	3167	7c313f1c94cc282106b885e6bdfcff6e9fbf7d8fb512d39f419c5110b8b5927a
derived/figures/main/main_monodelphis_domestica_boundary_class_summary.png	90355	41a785f1b26e35f76a5d2469a12cfe25c93834d31f9cc398fd4054da1092c699
derived/figures/main/main_monodelphis_domestica_boundary_class_summary.svg	5062	6d932f3801a8cb2a02e1d854331dd12e33dc8d2946732a8c28ff758b134429ee
derived/figures/main/main_monodelphis_domestica_boundary_class_summary.tsv	1791	830d72327fd4d3b5074b37f1d0ba2bf6b15106efd395d31f45c53e79573af134
derived/figures/main/main_monodelphis_domestica_boundary_on_architecture.pdf	8918	5855d33e08ba8886f1f4158cefeb3d36028eaaa10db44d13d4a87b4c08a9d88c
derived/figures/main/main_monodelphis_domestica_boundary_on_architecture.png	221956	b855d2fbcfc6f8dbf4c79d302d15fdafaf42e4f62a80e057d27a38da5aed3c83
derived/figures/main/main_monodelphis_domestica_boundary_on_architecture.svg	16357	a7f583697851cb654e29b0b4ca2f12752dd406415c9650b456c5fdfe2144bbf9
derived/figures/main/main_monodelphis_domestica_boundary_on_architecture.tsv	1791	830d72327fd4d3b5074b37f1d0ba2bf6b15106efd395d31f45c53e79573af134
derived/figures/main/main_monodelphis_domestica_integrated_domain_architecture.pdf	8866	4fcc4e0805dd6e7e6d61f59059789b565be113a80d49d3eddd2459dd39461deb
derived/figures/main/main_monodelphis_domestica_integrated_domain_architecture.png	274712	cbb2e2fc3932e4b2d8a3dec2e6122dde539ecc556e6057bc9dc2485d3aed3ecf
derived/figures/main/main_monodelphis_domestica_integrated_domain_architecture.svg	16808	ad308ef7e9f4360de8b105a5c5f61264ec3a5b021813240a38fa33acb5d96a3b
derived/figures/main/main_monodelphis_domestica_integrated_domain_architecture.tsv	665	d9b7dfb42349bfbf7a8adb2bcf962f6bd16aaba125ec40cfccc6e6e619687097
derived/figures/main/main_monodelphis_domestica_primary_exon_projection.pdf	7169	de417cba0cf99d1a09e8f720eb4f4cf769871f0f7bccc5390f2e697d70265cc7
derived/figures/main/main_monodelphis_domestica_primary_exon_projection.png	178239	a390e57946c58f81bedde3f087089f68c3bdfe41b63a70479fb8302fd2fd00f2
derived/figures/main/main_monodelphis_domestica_primary_exon_projection.svg	13161	b3a76c7c0fcdcd6942b209bb8e21f12ecf8f6290429605104a8085520d7bc560
derived/figures/main/main_monodelphis_domestica_primary_exon_projection.tsv	678	7acf779bbbe91149efe0109adf3ab91e745c6a22ba90df842e1fd1372cbb419e
derived/figures/main/main_monodelphis_domestica_signed_boundary_distances.pdf	9867	f5c11c24e414938be7cc39d9252c61986c36071030544e0108d101ce6c8cfa85
derived/figures/main/main_monodelphis_domestica_signed_boundary_distances.png	315002	0f8c669cf0e9b7ec289067e3526a3eb345eec446143aa6d74924d4b4b777180e
derived/figures/main/main_monodelphis_domestica_signed_boundary_distances.svg	14321	51f92fcdbf2ce8e1af7d6319281685ac59f7ed397e4e6a548e9ea5931c55cbda
derived/figures/main/main_monodelphis_domestica_signed_boundary_distances.tsv	1791	830d72327fd4d3b5074b37f1d0ba2bf6b15106efd395d31f45c53e79573af134
derived/figures/main/main_mus_musculus_IIIb_boundary_class_summary.pdf	2748	7143acb281c5401dac46f5d74827ed817f1f05e53a5adc0e7e2c454698b99d14
derived/figures/main/main_mus_musculus_IIIb_boundary_class_summary.png	86389	4826185612f812ca421cdb988298513bf748627f775b7888c022ca76ffc48b9a
derived/figures/main/main_mus_musculus_IIIb_boundary_class_summary.svg	4296	8bb263918fc5ca388623cdc764a48cd0800f123766e87a1aa0660eee286f663c
derived/figures/main/main_mus_musculus_IIIb_boundary_class_summary.tsv	1781	fc2f72b14dd2b6e011757c00261782fe1eadabb92b09c7b946f141f4d536ca2f
derived/figures/main/main_mus_musculus_IIIb_boundary_on_architecture.pdf	8903	fdd3843c7de482c11ce5e64e3877120aa0d0483e14318e0c93f4d5c16b9c6247
derived/figures/main/main_mus_musculus_IIIb_boundary_on_architecture.png	218401	811f8904b46c070e8b57e8585c67af8490289e272ebee2e1ec87854e1728926f
derived/figures/main/main_mus_musculus_IIIb_boundary_on_architecture.svg	16345	e1f73d9e739d13929a994f45943dcf67fe96b04781c4a162cedbf49cb7447d4b
derived/figures/main/main_mus_musculus_IIIb_boundary_on_architecture.tsv	1781	fc2f72b14dd2b6e011757c00261782fe1eadabb92b09c7b946f141f4d536ca2f
derived/figures/main/main_mus_musculus_IIIb_integrated_domain_architecture.pdf	8711	458ccdc8addf4c8be4fb95ff217cebd5f80102589bef0dfd112c063ea86d01bd
derived/figures/main/main_mus_musculus_IIIb_integrated_domain_architecture.png	266344	e9059bb5ca63fb2c6535f6fd517220322b3aa0014472a939adb0f14880ec4a71
derived/figures/main/main_mus_musculus_IIIb_integrated_domain_architecture.svg	16493	b31383513676044be6536d34075b976a8c4d62e51a335d3b798a7d2edccec407
derived/figures/main/main_mus_musculus_IIIb_integrated_domain_architecture.tsv	625	21d2e92854a674df13400b9c569c15db8d0364451a8d5be6b4ffc2a6458cb918
derived/figures/main/main_mus_musculus_IIIb_primary_exon_projection.pdf	7167	73b8a29d51b60b3f965523c3bf35c457575e286b8b362ae9579a9ef59dbf8cf8
derived/figures/main/main_mus_musculus_IIIb_primary_exon_projection.png	175172	141ba4ead802eeb473feec780bbf735450032998ee35d0decefd49d51c9bd8aa
derived/figures/main/main_mus_musculus_IIIb_primary_exon_projection.svg	13160	10ffd22fa79dd169c470299719369eefbd37e8fdb80ec51809b80e5327eb8ddd
derived/figures/main/main_mus_musculus_IIIb_primary_exon_projection.tsv	744	95b961229ff0eb589a674441ec5840e3d683a7f5921b210b4432d453072f7321
derived/figures/main/main_mus_musculus_IIIb_signed_boundary_distances.pdf	9877	86e44388630d2a9e558c2ffbc6c4cc1596f998284e893c6ca4fb557ed728ff5d
derived/figures/main/main_mus_musculus_IIIb_signed_boundary_distances.png	340858	5cf68862a56ca5d8ce8cbff9a25f40247b8197180de87a327cf761382eee61a0
derived/figures/main/main_mus_musculus_IIIb_signed_boundary_distances.svg	14389	191e38f8ff945d4696b396d6a50647530968fda5be4af5d929f7c00f70700ed2
derived/figures/main/main_mus_musculus_IIIb_signed_boundary_distances.tsv	1781	fc2f72b14dd2b6e011757c00261782fe1eadabb92b09c7b946f141f4d536ca2f
derived/figures/main/main_mus_musculus_boundary_class_summary.pdf	3162	13cf8b431c768b9615fb3066ca770bc9b00047c738593c5e0d70b354655394d0
derived/figures/main/main_mus_musculus_boundary_class_summary.png	87901	541a5c7ad93b953f113608a20a801be36605549a96f7cf65b90d3010391fc977
derived/figures/main/main_mus_musculus_boundary_class_summary.svg	5057	145fcafbb951ec789e1643247d8d5d2f8096160de1bf79f3be18b8f804c5b9a6
derived/figures/main/main_mus_musculus_boundary_class_summary.tsv	1783	62e3aba268ea6d4cb358a79f40fd26b4a785b3554dce9a8bf9ed0614e4176e3e
derived/figures/main/main_mus_musculus_boundary_on_architecture.pdf	8915	fc6e42423909cc0e1f773adbe7ca55d807824b2e7534018a9f8bbdcc1b36eab5
derived/figures/main/main_mus_musculus_boundary_on_architecture.png	218324	005490ffa6d0aaaa58a4c7dfba7491aab225195419b3d6f8df7eb039eeb630d7
derived/figures/main/main_mus_musculus_boundary_on_architecture.svg	16352	7cfadf72ea498cd91345ecdaf0d855503672e63ab8e5f09f5dfe536e1a96b523
derived/figures/main/main_mus_musculus_boundary_on_architecture.tsv	1783	62e3aba268ea6d4cb358a79f40fd26b4a785b3554dce9a8bf9ed0614e4176e3e
derived/figures/main/main_mus_musculus_integrated_domain_architecture.pdf	8861	11eabcb15e39a398caba2af7d779cd766427968b56acbd623486eeb5ca4d308b
derived/figures/main/main_mus_musculus_integrated_domain_architecture.png	272342	7c5d38d6471327aad02246dbababf94f6ddaa6629d857e41142b9d8c5de212e6
derived/figures/main/main_mus_musculus_integrated_domain_architecture.svg	16800	dc4921a5a305f32d1e509dca5b0047ed6fc35aa3c13087b90425bdda70efbce4
derived/figures/main/main_mus_musculus_integrated_domain_architecture.tsv	665	b77e5b5733d19c500b949a356d3f06bbfa88f3123585168ade21dcf901366cfd
derived/figures/main/main_mus_musculus_primary_exon_projection.pdf	7164	8ac42ea9f149e9e89066816ebd32a1b3c2f5ff9e8af406e2c9218190919fc05e
derived/figures/main/main_mus_musculus_primary_exon_projection.png	175141	a2a0e70dcaac542edb76d9492f4b7be23bfdef181e448b6a41991d8e332965a6
derived/figures/main/main_mus_musculus_primary_exon_projection.svg	13152	d621a7f1d7d8c8fa587eb7f024b13688c9d53d3430a7180151e16e04a93660a3
derived/figures/main/main_mus_musculus_primary_exon_projection.tsv	744	50b4da589d9ef5fa634616a2699fadc3ed4b2719a84e0fad8b9c394abe1606ec
derived/figures/main/main_mus_musculus_signed_boundary_distances.pdf	9937	fb2d07121e4e1f2a0e72407ad600a6b2499eee03c4c914b0966a1ab02bf7f31e
derived/figures/main/main_mus_musculus_signed_boundary_distances.png	339862	1cb0bc10cf7b5c2125c48aabeaf1ea940f943280548fa669e49d1657bb65d4fa
derived/figures/main/main_mus_musculus_signed_boundary_distances.svg	14395	916082be5cb7fe1df77078fa894d85b307c82a8499c028c298f44cd1e486ad38
derived/figures/main/main_mus_musculus_signed_boundary_distances.tsv	1783	62e3aba268ea6d4cb358a79f40fd26b4a785b3554dce9a8bf9ed0614e4176e3e
derived/figures/main/main_oreochromis_niloticus_IIIb_boundary_class_summary.pdf	2757	2d4f6c8379692a496452043ed61a6a3ab4b036f62c894e29c3c6bcf6357f30ad
derived/figures/main/main_oreochromis_niloticus_IIIb_boundary_class_summary.png	89338	9be3a208081c95d941ea22a180e21f28e15d73be46ac9b234d2f40d71490d33a
derived/figures/main/main_oreochromis_niloticus_IIIb_boundary_class_summary.svg	4305	3d6bc745b8a4d0bc8ad72998f0a58f199e88e2e9282956a3e734e9d01dff0c56
derived/figures/main/main_oreochromis_niloticus_IIIb_boundary_class_summary.tsv	1801	00d58e95f7cdf18504a8085d3d6304a9867264e0af4660741f2113135f9cf272
derived/figures/main/main_oreochromis_niloticus_IIIb_boundary_on_architecture.pdf	8983	34a6bade0d30b43d42bd5a9345c213874f769e875f45bd5107260210c190bf37
derived/figures/main/main_oreochromis_niloticus_IIIb_boundary_on_architecture.png	222078	bc715e9fd69e98bdb3f179328d940daaf3faacaf1456288629a5b0b969d6031b
derived/figures/main/main_oreochromis_niloticus_IIIb_boundary_on_architecture.svg	16466	89e60c4a82b9cf4327ecb14a3c5b2eb2bdc54c1416cdaa35464311ebcb48590d
derived/figures/main/main_oreochromis_niloticus_IIIb_boundary_on_architecture.tsv	1801	00d58e95f7cdf18504a8085d3d6304a9867264e0af4660741f2113135f9cf272
derived/figures/main/main_oreochromis_niloticus_IIIb_integrated_domain_architecture.pdf	8783	a46c2463f8b0eae1066b54a33a1f79c40fbbc7b2682c1c29ed6787e75847330c
derived/figures/main/main_oreochromis_niloticus_IIIb_integrated_domain_architecture.png	271120	93f123cf1eae78dbfd960d6792ed11048eefd6bdbf05be25ae15ec5f52f0266c
derived/figures/main/main_oreochromis_niloticus_IIIb_integrated_domain_architecture.svg	16604	acb2e420226d125abc3b0e548d886ff277fdf166d470ee45515d20afde44c652
derived/figures/main/main_oreochromis_niloticus_IIIb_integrated_domain_architecture.tsv	629	bd6b176ea977583f2c089560e7cbfe68502001a26d4e7399252606f7d0cf75c9
derived/figures/main/main_oreochromis_niloticus_IIIb_primary_exon_projection.pdf	7234	d74c7ad8dabf2b5d200f4fd01e5efd7fee186d6d25b55889f2497c70c2599158
derived/figures/main/main_oreochromis_niloticus_IIIb_primary_exon_projection.png	177617	e3282875aef65b61eda8141653d6448248d03783b501c483ebf31acc53a6f59d
derived/figures/main/main_oreochromis_niloticus_IIIb_primary_exon_projection.svg	13271	89cb0d7b8b6d6d49a9e6867f7f2ffb9b03101a76d4b14a0a3843d20e5f0cac61
derived/figures/main/main_oreochromis_niloticus_IIIb_primary_exon_projection.tsv	746	d9094b878b479ac1e929124270957b739bcf17abc0a00e263fa350eb8baa3df5
derived/figures/main/main_oreochromis_niloticus_IIIb_signed_boundary_distances.pdf	9900	d7296d6cc9dd87b91652c94b944a005e6b7614ac9b54318213494f321ddee7e1
derived/figures/main/main_oreochromis_niloticus_IIIb_signed_boundary_distances.png	347505	96f4c21fb7898f38e47e0378615a9b6cc979617a1e3cb156d6fdbe20a6a3f4b1
derived/figures/main/main_oreochromis_niloticus_IIIb_signed_boundary_distances.svg	14391	213929b6e8f17dbc48eb22d75d37fdb489773b242de3191ec294e40a9d89165a
derived/figures/main/main_oreochromis_niloticus_IIIb_signed_boundary_distances.tsv	1801	00d58e95f7cdf18504a8085d3d6304a9867264e0af4660741f2113135f9cf272
derived/figures/main/main_oreochromis_niloticus_boundary_class_summary.pdf	3171	aee1342005cd6a5108251e5d7288305327a70e8412affde75d895b9d51a9a837
derived/figures/main/main_oreochromis_niloticus_boundary_class_summary.png	90973	e558f3c86477d44d290eb36d2926926f59147a8617282a2ea1415acab9cfd240
derived/figures/main/main_oreochromis_niloticus_boundary_class_summary.svg	5066	87730691ffe868f0cabac6208a33aeccb8c8fb19710a13fc9a2c42d6384e6b88
derived/figures/main/main_oreochromis_niloticus_boundary_class_summary.tsv	1793	42ab30312855d1f5b39bb8c10bc2ac7debfead6d5ad85956ed74199224197291
derived/figures/main/main_oreochromis_niloticus_boundary_on_architecture.pdf	8787	22fb453bcaaa27cf90736b7c7cc863008d1d281b468a1ce9eb57bf9c33ddb85d
derived/figures/main/main_oreochromis_niloticus_boundary_on_architecture.png	221810	e8ac6786340a975007830482f2968d9225ff71e00d5200c278bc8602bba3ec67
derived/figures/main/main_oreochromis_niloticus_boundary_on_architecture.svg	16068	8a65f4181df4ced9b32b09f42ad8c39d90b7bcf21ed6fed6214ed5f4b7bdc006
derived/figures/main/main_oreochromis_niloticus_boundary_on_architecture.tsv	1793	42ab30312855d1f5b39bb8c10bc2ac7debfead6d5ad85956ed74199224197291
derived/figures/main/main_oreochromis_niloticus_integrated_domain_architecture.pdf	8582	462771eccb4fc947ae3f2adae0ee7ea51631f96ef998f4da0167cf3edf6e0de2
derived/figures/main/main_oreochromis_niloticus_integrated_domain_architecture.png	268534	c08265ba2f13278c63fcf5d793d74a6918868bdced7e0d09d166ae9c178b7376
derived/figures/main/main_oreochromis_niloticus_integrated_domain_architecture.svg	16209	e412c9461174c353217c21e512c63c621d246a042e46b62bf2abe03763578493
derived/figures/main/main_oreochromis_niloticus_integrated_domain_architecture.tsv	626	5a4a811ef1f64e3f07822046bfbca7988c55adb4ee3f07802d7e75cf7c18fb7f
derived/figures/main/main_oreochromis_niloticus_primary_exon_projection.pdf	7056	851b08960eae04d73bb84bbfd9be2241dc512e2b5ea9f29f8f546d6aaddae553
derived/figures/main/main_oreochromis_niloticus_primary_exon_projection.png	177319	7880058a72ce02045e48f9a2f9631498c95ab0c7985b6ae92d8dc97c66206642
derived/figures/main/main_oreochromis_niloticus_primary_exon_projection.svg	12895	b46a49defc43c74da80fe4430b2a792386e63dca8f3a4183938c1a4f238aa4fe
derived/figures/main/main_oreochromis_niloticus_primary_exon_projection.tsv	746	8d08a4e59cf20130e06105e3e767191ed42badb04148b7fd8387f560ae1ac00e
derived/figures/main/main_oreochromis_niloticus_signed_boundary_distances.pdf	9944	bc26f8ec8e02ff35dea3b7c8679f3baa7522bc007fa686c8fb53656c1333758b
derived/figures/main/main_oreochromis_niloticus_signed_boundary_distances.png	351851	9bac4b89bd900f36694ed4862bd0dd237d0718382d0cf285b2dd081777f9dbbe
derived/figures/main/main_oreochromis_niloticus_signed_boundary_distances.svg	14386	f073ed3f22e60ddc48d90a4428f11ad0090b65faa89bcd8138ce0826937fafe1
derived/figures/main/main_oreochromis_niloticus_signed_boundary_distances.tsv	1793	42ab30312855d1f5b39bb8c10bc2ac7debfead6d5ad85956ed74199224197291
derived/figures/main/main_ornithorhynchus_anatinus_IIIb_boundary_class_summary.pdf	3170	68489383a2d99188d27588f59a75cbbe8511b75b02bc1820bcc06765d5043652
derived/figures/main/main_ornithorhynchus_anatinus_IIIb_boundary_class_summary.png	90454	98657a5b8ce52fecfa3c40a9519a1c97e09b149331388e6a666888d53122d9f9
derived/figures/main/main_ornithorhynchus_anatinus_IIIb_boundary_class_summary.svg	5065	3b2c2976ce87f1ea6abd821f15bdbb80486c1ffb6d399afb84284f4ca911ffaa
derived/figures/main/main_ornithorhynchus_anatinus_IIIb_boundary_class_summary.tsv	1791	7c3c216d2a8227486c9d51dc98964c05e5d7361a1837521b19877583c97a06b9
derived/figures/main/main_ornithorhynchus_anatinus_IIIb_boundary_on_architecture.pdf	8916	b36bdb9041362d9d4196b97e25f1bcc212fd0d4eda39ad575cadfa7bfbe280dd
derived/figures/main/main_ornithorhynchus_anatinus_IIIb_boundary_on_architecture.png	221692	5126f3749764350734b05aeab5be94af52aa41a88516e2e30e879c783e758f6e
derived/figures/main/main_ornithorhynchus_anatinus_IIIb_boundary_on_architecture.svg	16351	00233707bff319725d1399d50db0bf214cf294ae19466f7d1e62d59853d4f0e3
derived/figures/main/main_ornithorhynchus_anatinus_IIIb_boundary_on_architecture.tsv	1791	7c3c216d2a8227486c9d51dc98964c05e5d7361a1837521b19877583c97a06b9
derived/figures/main/main_ornithorhynchus_anatinus_IIIb_integrated_domain_architecture.pdf	8716	ac3849d41ae9bbf73ad91f5083ef0e58f6a07c2e19b07a0728812fe628cd6844
derived/figures/main/main_ornithorhynchus_anatinus_IIIb_integrated_domain_architecture.png	270663	8a3dfddaa95e72cc60bb93c2f9b8658c0ac9cb8a01dfe53199d6764a954b73d2
derived/figures/main/main_ornithorhynchus_anatinus_IIIb_integrated_domain_architecture.svg	16494	45150783bed37da18f2559848d07d5a798c6b071930d281e232a4f8e4f9af50a
derived/figures/main/main_ornithorhynchus_anatinus_IIIb_integrated_domain_architecture.tsv	626	e3de0a108fbbf4aeff657c1b7e9d1c1315690755c584392d016bbc15f93547e5
derived/figures/main/main_ornithorhynchus_anatinus_IIIb_primary_exon_projection.pdf	7166	2846d7211e49e2d9be8a18ba6fa110a6bef5f28020da58f0b7905f58f1754bc6
derived/figures/main/main_ornithorhynchus_anatinus_IIIb_primary_exon_projection.png	177595	4b7b7f6a5e3ee1acf7f626489395201f379b3d070da161169511b03b12ed9b7b
derived/figures/main/main_ornithorhynchus_anatinus_IIIb_primary_exon_projection.svg	13149	1847e1afe89665ef4569beb016152773b5504a6d0e738a22a0d75f47511815d1
derived/figures/main/main_ornithorhynchus_anatinus_IIIb_primary_exon_projection.tsv	678	2648e14ddff8b81a6532ef441c2f80da0feb831ff7df2bece0fc5ad271bdf7b3
derived/figures/main/main_ornithorhynchus_anatinus_IIIb_signed_boundary_distances.pdf	9873	4cb85cf7314316358a08e38c31b7f9fc32fad5429bf6af5f5b941363bb44224a
derived/figures/main/main_ornithorhynchus_anatinus_IIIb_signed_boundary_distances.png	319273	ee5a05e5380c13f598e127369c5a66a9a168baeaf69c566c765c0ae98d0c4fa4
derived/figures/main/main_ornithorhynchus_anatinus_IIIb_signed_boundary_distances.svg	14324	85519597cb56d6d823308fe42fa429a7dd3d115383f453c9064155e75bf26fe7
derived/figures/main/main_ornithorhynchus_anatinus_IIIb_signed_boundary_distances.tsv	1791	7c3c216d2a8227486c9d51dc98964c05e5d7361a1837521b19877583c97a06b9
derived/figures/main/main_ornithorhynchus_anatinus_boundary_class_summary.pdf	3169	91b6090f5aded85540a84b7b7f79c3282cdb09e6917444132c96c68a28645575
derived/figures/main/main_ornithorhynchus_anatinus_boundary_class_summary.png	90185	0432c6cb4ccdec58ae12c1c23a8afbbb9f208dd317366e0fb7a444a4ba541d24
derived/figures/main/main_ornithorhynchus_anatinus_boundary_class_summary.svg	5064	62adace12f5d8a44ab549e6e038b015ecb6478c26d243f5894a1fb3770dab23e
derived/figures/main/main_ornithorhynchus_anatinus_boundary_class_summary.tsv	1802	b5b6ced8772969d1311c0bcd7671fa423a26ee534e0f44d6ce677ce25a929d29
derived/figures/main/main_ornithorhynchus_anatinus_boundary_on_architecture.pdf	8923	1774e128a19260163e49679fbd04cd3a366a9c49aae22945334617ce43c3072c
derived/figures/main/main_ornithorhynchus_anatinus_boundary_on_architecture.png	222426	665ab621bd08099bb7a3812b0103f679314dc535ae4f8036b64b6df273397382
derived/figures/main/main_ornithorhynchus_anatinus_boundary_on_architecture.svg	16361	b6b5e57c5e547ee4f8a40af1c7ffac7888617d1b1f686fc5118b9317159d088d
derived/figures/main/main_ornithorhynchus_anatinus_boundary_on_architecture.tsv	1802	b5b6ced8772969d1311c0bcd7671fa423a26ee534e0f44d6ce677ce25a929d29
derived/figures/main/main_ornithorhynchus_anatinus_integrated_domain_architecture.pdf	8721	a19ca9bcadd4931cc2d1cc8bc288aedf84531d38804ace58c88def6197254cfb
derived/figures/main/main_ornithorhynchus_anatinus_integrated_domain_architecture.png	269630	808098ed5383a87ed90f3475fe0952e7fe977501498392e4414eea6c0c15277b
derived/figures/main/main_ornithorhynchus_anatinus_integrated_domain_architecture.svg	16502	bc20082863e8e22b5dbe7c3d0bf66147a8b2bac085eef97604fc6f4993784f41
derived/figures/main/main_ornithorhynchus_anatinus_integrated_domain_architecture.tsv	626	340e13a355df047afc089bf8ab11292ff6b9710f444c3a0a670b219a09e64094
derived/figures/main/main_ornithorhynchus_anatinus_primary_exon_projection.pdf	7172	4003f32a4391ab4ca9aa5ddc9a8b15df890943c7b5a156f99fa7d9d6efc107aa
derived/figures/main/main_ornithorhynchus_anatinus_primary_exon_projection.png	177831	598198eb2999615d4ec48a63d07d1f61b352ea037422cd04bf01da42742a6bdc
derived/figures/main/main_ornithorhynchus_anatinus_primary_exon_projection.svg	13164	c7dca5cfb99ac857258090c3a9e655755d3b05f1178d9e4c9eacb3d4eb2e3416
derived/figures/main/main_ornithorhynchus_anatinus_primary_exon_projection.tsv	678	0b04e75e61901c05efa9184997d85f82cd54cd7ad1dbac6cb8b734060fdc288a
derived/figures/main/main_ornithorhynchus_anatinus_signed_boundary_distances.pdf	9872	e04751a6d7a9a34569502fd9c92d4f9fb7e3471700572532d34c92d2699b341d
derived/figures/main/main_ornithorhynchus_anatinus_signed_boundary_distances.png	314894	e3c25778d056c2f167301241558729037103080dc3e1e91bc2e99c1b56d6b438
derived/figures/main/main_ornithorhynchus_anatinus_signed_boundary_distances.svg	14325	70b59b2cb803e422f65613c34d9caa63bd0d26b3b3dfe7de3cf45358e521c804
derived/figures/main/main_ornithorhynchus_anatinus_signed_boundary_distances.tsv	1802	b5b6ced8772969d1311c0bcd7671fa423a26ee534e0f44d6ce677ce25a929d29
derived/figures/main/main_oryctolagus_cuniculus_IIIb_boundary_class_summary.pdf	3167	425aef52260a76e5f032a6700d77bfa9b033eea99994425e781b344e27eef408
derived/figures/main/main_oryctolagus_cuniculus_IIIb_boundary_class_summary.png	89163	5c07495254525790c2184cdaa9703e0de422e15cd87f541ff72f1e0dbd950366
derived/figures/main/main_oryctolagus_cuniculus_IIIb_boundary_class_summary.svg	5062	37e534833644219adef901d26c0ca8482208099294f68d8b62896c2bcb6d7ceb
derived/figures/main/main_oryctolagus_cuniculus_IIIb_boundary_class_summary.tsv	1791	93eb9a4a5408725a417b89689ee962ca74f023bb4a57951c13b978e1b82c3ea4
derived/figures/main/main_oryctolagus_cuniculus_IIIb_boundary_on_architecture.pdf	8919	749b5246c2ce19fd33a78388d80eeb90568161ea42b99ec8e5703e3d20c01eaa
derived/figures/main/main_oryctolagus_cuniculus_IIIb_boundary_on_architecture.png	220297	7c61e655f2c8158fe582793658e66efaa881f8021426bd77c8b1455a7573ed57
derived/figures/main/main_oryctolagus_cuniculus_IIIb_boundary_on_architecture.svg	16354	28b42b4b9cb39a7b82f3d73d42a1ced8ab58934ece99a2ea5a8950e19d65f45a
derived/figures/main/main_oryctolagus_cuniculus_IIIb_boundary_on_architecture.tsv	1791	93eb9a4a5408725a417b89689ee962ca74f023bb4a57951c13b978e1b82c3ea4
derived/figures/main/main_oryctolagus_cuniculus_IIIb_integrated_domain_architecture.pdf	8862	70500739d28d2e1b95eb52053faee63d2945d6781276a5cbed520ca8e90cad59
derived/figures/main/main_oryctolagus_cuniculus_IIIb_integrated_domain_architecture.png	270881	a288599af5c7369f6f2cffa35494ef43c9851dba8ca2c49dae2e1c453ae5c13d
derived/figures/main/main_oryctolagus_cuniculus_IIIb_integrated_domain_architecture.svg	16802	7ce11c66a53afb4537c35df70156e5126ba1824ac54b131a514862ded0a1b2fa
derived/figures/main/main_oryctolagus_cuniculus_IIIb_integrated_domain_architecture.tsv	665	874fbbaaf2007d988079491da21abb447dcfae1522032b2b64e92b8b827d78e3
derived/figures/main/main_oryctolagus_cuniculus_IIIb_primary_exon_projection.pdf	7165	9ce6ba625bbb8146738252b204024347f14251187298fa87772474e8a405d0ba
derived/figures/main/main_oryctolagus_cuniculus_IIIb_primary_exon_projection.png	173120	f9164ceaad0919cac1317375dfcad0da1fc85d17170fa7a5b6a8eacebf29b0fa
derived/figures/main/main_oryctolagus_cuniculus_IIIb_primary_exon_projection.svg	13158	73266c49757d19f1e5fa1a0ec5728c0b11af6b7b7951ad340dd39513150adfe7
derived/figures/main/main_oryctolagus_cuniculus_IIIb_primary_exon_projection.tsv	678	22675e510776d50f9cb92ea173886485ee10e0f9b0295a090b3a7e740058adef
derived/figures/main/main_oryctolagus_cuniculus_IIIb_signed_boundary_distances.pdf	9866	afdb7c03ec5c6e73281e3247a7bac6d079de572308906c332727d20eedce1028
derived/figures/main/main_oryctolagus_cuniculus_IIIb_signed_boundary_distances.png	306802	4dd97b2eb6f5abda475f9d41b6be1b6651c87cc77f20be2cbd4c740d7701bfda
derived/figures/main/main_oryctolagus_cuniculus_IIIb_signed_boundary_distances.svg	14321	1c7f1db8f5efdec001e5932fabec1dcd106d1e47401c429f5d40fbf245ee9058
derived/figures/main/main_oryctolagus_cuniculus_IIIb_signed_boundary_distances.tsv	1791	93eb9a4a5408725a417b89689ee962ca74f023bb4a57951c13b978e1b82c3ea4
derived/figures/main/main_oryctolagus_cuniculus_boundary_class_summary.pdf	3166	666cc3847666987311e2a57773b16890d9a6039466424f81f7fbe72254bf94a4
derived/figures/main/main_oryctolagus_cuniculus_boundary_class_summary.png	89445	f7406367c53d9919bd2a4272f6bf26cd52502de68656dfc726da2d9074181972
derived/figures/main/main_oryctolagus_cuniculus_boundary_class_summary.svg	5061	790e58981d2e19b771d08ff1f432ef4b2731f84a8d5e0d9b40242185183a7f57
derived/figures/main/main_oryctolagus_cuniculus_boundary_class_summary.tsv	1802	829b7c63554df4b08302b8ee6b751cfbb5afb80fcede4ef9c34fcfc0dcd34db5
derived/figures/main/main_oryctolagus_cuniculus_boundary_on_architecture.pdf	8902	62f928eb296a835f341a0b630bde783a2ee4dc014f6a0a21610f69f9a72e73bc
derived/figures/main/main_oryctolagus_cuniculus_boundary_on_architecture.png	220671	0812422ed0a465add1004662bf70fa1895792ff3cc9596490f6f632efd5dbd76
derived/figures/main/main_oryctolagus_cuniculus_boundary_on_architecture.svg	16342	b41c4d809b82eb42ae34d94be147639d0aa0a195175b7128b30ca94d6d5f7da1
derived/figures/main/main_oryctolagus_cuniculus_boundary_on_architecture.tsv	1802	829b7c63554df4b08302b8ee6b751cfbb5afb80fcede4ef9c34fcfc0dcd34db5
derived/figures/main/main_oryctolagus_cuniculus_integrated_domain_architecture.pdf	8847	ac5d9207464b83a909ed6d759e20987184b8641b7038305efa11764405e899ad
derived/figures/main/main_oryctolagus_cuniculus_integrated_domain_architecture.png	273866	590d725b979d7c674626de3142d504616fe780965a9fe95fc63c759448e41816
derived/figures/main/main_oryctolagus_cuniculus_integrated_domain_architecture.svg	16786	1bafc4cf9cd7a8e30433a486c231c33d619e3cf68721ae450b929a6e7206d11f
derived/figures/main/main_oryctolagus_cuniculus_integrated_domain_architecture.tsv	665	e7124e2ce3c838a886584eb9778c5b62b75a1ed444d2048bfa8826f7211f736f
derived/figures/main/main_oryctolagus_cuniculus_primary_exon_projection.pdf	7167	ad5935b287d919a1324f2db7da357ab257163e2ffac37b286a43c12dc1d561b5
derived/figures/main/main_oryctolagus_cuniculus_primary_exon_projection.png	176236	2459593bb9ac5ad6f4c2400e83e2793e062aaaccb756f532e9f98a7ef60ec324
derived/figures/main/main_oryctolagus_cuniculus_primary_exon_projection.svg	13147	f154c8e9a5b1cf27bd6e3dccde38b9a00f712fa427ba2168d0a2dbbee9a50638
derived/figures/main/main_oryctolagus_cuniculus_primary_exon_projection.tsv	678	fe5c3eccbb16209c6295f43c470274f4de55fd2466447494f6942fba2c92890b
derived/figures/main/main_oryctolagus_cuniculus_signed_boundary_distances.pdf	9865	20323a7be2aa70840a78ecb1f252ba01800cdb77e84f04374644a61919466943
derived/figures/main/main_oryctolagus_cuniculus_signed_boundary_distances.png	315369	836aa0b9b86d6095caf7c19fced33c739d484110b59f83034fd3bc45576f6298
derived/figures/main/main_oryctolagus_cuniculus_signed_boundary_distances.svg	14322	34339763a990cf87081662112add4287269bb7a00746371cd5114e7bcb651199
derived/figures/main/main_oryctolagus_cuniculus_signed_boundary_distances.tsv	1802	829b7c63554df4b08302b8ee6b751cfbb5afb80fcede4ef9c34fcfc0dcd34db5
derived/figures/main/main_oryzias_latipes_IIIb_boundary_class_summary.pdf	3161	0e06964dd7a045941c2de89baa2ff3c12cf50d959f4aab18552a916044d16e3d
derived/figures/main/main_oryzias_latipes_IIIb_boundary_class_summary.png	86487	65f169d3127472a5e780fb33fba50b8b31a9a828627535c1a8e64330821d521f
derived/figures/main/main_oryzias_latipes_IIIb_boundary_class_summary.svg	5056	e63da105dbc8485b0552fb0adac5da6fefabd8dbe58bcc3e39f0da63520d0432
derived/figures/main/main_oryzias_latipes_IIIb_boundary_class_summary.tsv	1793	a75fd90a56b96db2068df02a331ebbca022071ef9050cda05714b035c68d694f
derived/figures/main/main_oryzias_latipes_IIIb_boundary_on_architecture.pdf	8908	e7d64a9857f89e35dac77ad2600fc6f30d527d4783fa38edd0500e00843aeb0c
derived/figures/main/main_oryzias_latipes_IIIb_boundary_on_architecture.png	217822	26083380d5a88ffe8930e5ef4c737ff40e76420dcdc432c11cc2e5d55e8f7ea3
derived/figures/main/main_oryzias_latipes_IIIb_boundary_on_architecture.svg	16341	8801ba9bb8ae18bec38040dea792ba68ec9194b74f2280a2207150742f498f9d
derived/figures/main/main_oryzias_latipes_IIIb_boundary_on_architecture.tsv	1793	a75fd90a56b96db2068df02a331ebbca022071ef9050cda05714b035c68d694f
derived/figures/main/main_oryzias_latipes_IIIb_integrated_domain_architecture.pdf	8858	46db28bc6eef90b488ce9b3b0b4ad6abc8f39a3b361b76a8cf767a5727cd89af
derived/figures/main/main_oryzias_latipes_IIIb_integrated_domain_architecture.png	266217	5f66956b44d9388a6eae122711250b6545239001828505ebcf2149a18662e405
derived/figures/main/main_oryzias_latipes_IIIb_integrated_domain_architecture.svg	16800	3d75b1cbe03cd2d7272a1454085c26bd6823fbb5d527f0360f60ca468a2b7afc
derived/figures/main/main_oryzias_latipes_IIIb_integrated_domain_architecture.tsv	665	d0d90e228a4232cb6555165291b9c52416e50d38679aae741e061b834ae546f0
derived/figures/main/main_oryzias_latipes_IIIb_primary_exon_projection.pdf	7166	bc07e22697726d6cb8fbf3c47c6421481331fc5a5d0d1ebf70ca92f65b161a09
derived/figures/main/main_oryzias_latipes_IIIb_primary_exon_projection.png	171616	b3bb69dea6cbd741896c0a2ef92b0a5043678d96e953660dbeafab1cc47b72ed
derived/figures/main/main_oryzias_latipes_IIIb_primary_exon_projection.svg	13156	5f2e88da6866a51ba5ba5dc4cf98c86ace7e0d9d4db999396c90792f304f567d
derived/figures/main/main_oryzias_latipes_IIIb_primary_exon_projection.tsv	678	57d4b412b95a02a4134b4e027ad8bccc2e6f20efaa8f5a509b8d0d8f5e738108
derived/figures/main/main_oryzias_latipes_IIIb_signed_boundary_distances.pdf	9857	45392b1dbe10dfc51ef7a6681d91ddd4dc404396ed57b14a9785526a280deee4
derived/figures/main/main_oryzias_latipes_IIIb_signed_boundary_distances.png	296636	3706ac855cdf9c825cc9072ff10025dd74c0b79ab7ab52cbea5d06feddaa3eff
derived/figures/main/main_oryzias_latipes_IIIb_signed_boundary_distances.svg	14314	82630cfdd3155348e8e65af4e049d04657124f780cd7021fc62bea9f746636da
derived/figures/main/main_oryzias_latipes_IIIb_signed_boundary_distances.tsv	1793	a75fd90a56b96db2068df02a331ebbca022071ef9050cda05714b035c68d694f
derived/figures/main/main_oryzias_latipes_boundary_class_summary.pdf	3161	e1a2b19ea141f45e665126dc388023d6cadca21e7b45cd8016c10c67c12ccea4
derived/figures/main/main_oryzias_latipes_boundary_class_summary.png	86513	89e4d18d78aacbe34ee2bd53664c6738ed2a7bedbf5e6ceccf70cdcf8e974846
derived/figures/main/main_oryzias_latipes_boundary_class_summary.svg	5056	63744bfd18bd080de762820c216b17a478769549fb4115a0e0cf00830c5ec69d
derived/figures/main/main_oryzias_latipes_boundary_class_summary.tsv	1793	56ce0699679ff5ff6d603328d50bf859561f8e9e20bb759f4443ae8d8c48590c
derived/figures/main/main_oryzias_latipes_boundary_on_architecture.pdf	8918	f7c18f11157e7f047eb2132dced6dc18517cb735b9a4af3184eea1780d8f616c
derived/figures/main/main_oryzias_latipes_boundary_on_architecture.png	215326	dc11433efffb38413a98cd4aa68f429c531be7c3d42d48d09a82fd75035f334d
derived/figures/main/main_oryzias_latipes_boundary_on_architecture.svg	16361	9d472e97358c589c18f626d52cfe4af04a12c5571a571b97ef12e6dbab7ff9c7
derived/figures/main/main_oryzias_latipes_boundary_on_architecture.tsv	1793	56ce0699679ff5ff6d603328d50bf859561f8e9e20bb759f4443ae8d8c48590c
derived/figures/main/main_oryzias_latipes_integrated_domain_architecture.pdf	8857	78885a5fd070880e31c5c7fb247fccba5fb9caaf54c1fc6434fda37cbc2c4e45
derived/figures/main/main_oryzias_latipes_integrated_domain_architecture.png	266935	63bd0da939573ab336c77da64bc1f5be33cd18e9833a3c0c83e6f99b10aba88f
derived/figures/main/main_oryzias_latipes_integrated_domain_architecture.svg	16802	e97a1163477c3b01462ef369d07267d469fbb7b9fdd4aed84d18e908253a4a77
derived/figures/main/main_oryzias_latipes_integrated_domain_architecture.tsv	665	8765a47dcdfb93980582586f5c710500858113c1b05ec2e6a2541bc35900505f
derived/figures/main/main_oryzias_latipes_primary_exon_projection.pdf	7163	5041a9047363ac36d56d25c150966c87ce318edc95e4ae3cec9e83891f89be64
derived/figures/main/main_oryzias_latipes_primary_exon_projection.png	172357	8cb874d0cc342ee5b1ac1f8833eb0aff5a6ea7992baf25fec3b847e5782a6212
derived/figures/main/main_oryzias_latipes_primary_exon_projection.svg	13152	609ee2620553501048d365fc5bd2afad32791dbfe555b5ecca99931138f88248
derived/figures/main/main_oryzias_latipes_primary_exon_projection.tsv	678	380b54acaef8bb963d343a0c98509669c239dddfd33fca817c720fc11a9514ae
derived/figures/main/main_oryzias_latipes_signed_boundary_distances.pdf	9847	003415137a98fe6e47a9b04964925484df51c38a69b47d932881a9382312f5f2
derived/figures/main/main_oryzias_latipes_signed_boundary_distances.png	292182	679656d4b27790f03e1f76bfc8b3e7be2eb6c5d16d09ec15f89ab4ce0fb2156b
derived/figures/main/main_oryzias_latipes_signed_boundary_distances.svg	14312	0b2cbbe72caf6380633274528a0fce4bed2da9561eb78368f3796ebcaa5ce967
derived/figures/main/main_oryzias_latipes_signed_boundary_distances.tsv	1793	56ce0699679ff5ff6d603328d50bf859561f8e9e20bb759f4443ae8d8c48590c
derived/figures/main/main_ovis_aries_IIIb_boundary_class_summary.pdf	3156	1f59c8981967ed206631f8bf60ba96680fd67bc7c6339b109e9a494bafde0214
derived/figures/main/main_ovis_aries_IIIb_boundary_class_summary.png	85370	73dbca8a423beeab1ffc9b85b49a599fe02876ab60b5f386a3460eed4ab45127
derived/figures/main/main_ovis_aries_IIIb_boundary_class_summary.svg	5051	e15b1ebde61c150572dff843c3a4e8b7f18bbe55f6899838f39859e8ef411ff6
derived/figures/main/main_ovis_aries_IIIb_boundary_class_summary.tsv	1791	45d22c4393f44e541636a1f0fdb0b41c1b3f59d33781dc94e4dbe157d6de2fb3
derived/figures/main/main_ovis_aries_IIIb_boundary_on_architecture.pdf	8908	ca7e113d4faca2da32ccfe55cca1c1dedd099a7421ba6c7c394824874c54749a
derived/figures/main/main_ovis_aries_IIIb_boundary_on_architecture.png	214769	3e2d8fd4d72e3f9385759fd7bdec5e1316d238dbb09e630dd6076ab2a8c8838e
derived/figures/main/main_ovis_aries_IIIb_boundary_on_architecture.svg	16343	aa77c0505fd91b0074578d7a054da64098a0d9834a8e16a4f2e762a3c961dd67
derived/figures/main/main_ovis_aries_IIIb_boundary_on_architecture.tsv	1791	45d22c4393f44e541636a1f0fdb0b41c1b3f59d33781dc94e4dbe157d6de2fb3
derived/figures/main/main_ovis_aries_IIIb_integrated_domain_architecture.pdf	8851	fbc0e14e384848ce38935de3d798af9f677054cf3b0fb5c02709e124823571b0
derived/figures/main/main_ovis_aries_IIIb_integrated_domain_architecture.png	264928	048eb5afa49d4a5f4b4df36ba98dfafe5b00eb7c26185f7de313a4bca5eb1eb5
derived/figures/main/main_ovis_aries_IIIb_integrated_domain_architecture.svg	16791	580cb5683be30a93478bdc0f9615e0633b754f8e1c8d4a9bf4ee668b43530d10
derived/figures/main/main_ovis_aries_IIIb_integrated_domain_architecture.tsv	665	743757b05a3e4d5a2f6355c239d95a7cd185755750c37f2f91de713cb87f8bd5
derived/figures/main/main_ovis_aries_IIIb_primary_exon_projection.pdf	7154	d45d0c47778e3e6ebcf7719204c7fa565862a9ec82fee712a35c8ef298fed204
derived/figures/main/main_ovis_aries_IIIb_primary_exon_projection.png	166644	5017f8c705c7f248605b96598298b82f2e9cb5e4ebe5dc16de5d92f9202f09da
derived/figures/main/main_ovis_aries_IIIb_primary_exon_projection.svg	13147	37b920c80308e7967cb8e15e3ef15034eaac8133d78be90874e72d56425510f4
derived/figures/main/main_ovis_aries_IIIb_primary_exon_projection.tsv	678	400fd552b539daeabeada523cfee654891cb1699b58c65f456a36bf4d81526df
derived/figures/main/main_ovis_aries_IIIb_signed_boundary_distances.pdf	9851	21760019233972afce29ff5cf57a37d8655b5d8c9fadcf68162b57068f4e1614
derived/figures/main/main_ovis_aries_IIIb_signed_boundary_distances.png	311120	8e47527ea800717c61ca72955419e1f6b99c50a83809e58dc3b19b35ccb315bc
derived/figures/main/main_ovis_aries_IIIb_signed_boundary_distances.svg	14310	3346fcf74ff79e18bae8dc43165a17729640a4884fdd7cb4ad1567253dcceb31
derived/figures/main/main_ovis_aries_IIIb_signed_boundary_distances.tsv	1791	45d22c4393f44e541636a1f0fdb0b41c1b3f59d33781dc94e4dbe157d6de2fb3
derived/figures/main/main_ovis_aries_boundary_class_summary.pdf	3155	88be3953ce03a297e00e6b9216931760de193788b170cb2ed52cb6cd1e1a7c94
derived/figures/main/main_ovis_aries_boundary_class_summary.png	85169	cd7abcfd602142372345c92abfbe0cfbf8350aef627a46e2c9cb108524b7b67b
derived/figures/main/main_ovis_aries_boundary_class_summary.svg	5050	73ff0080b3459f04b32529642ca448da8cb5b50c80f659f3fe4373f03521fffb
derived/figures/main/main_ovis_aries_boundary_class_summary.tsv	1802	364925c152b05fefd9de75c84d702e09b6b807e323b2f57e0a9275c0beaf610d
derived/figures/main/main_ovis_aries_boundary_on_architecture.pdf	8891	8db697ff0bcf7920f6d88685097bd2b21ec87d5e99b510b14416e7b3287c3e44
derived/figures/main/main_ovis_aries_boundary_on_architecture.png	214805	db9362c144554d5afc238bfc698d14d600475843d32954b28d552916e6bc00a4
derived/figures/main/main_ovis_aries_boundary_on_architecture.svg	16331	089db39350e63d6434258864fecd4101efe4bfa0bcbf15555676afadae68e10f
derived/figures/main/main_ovis_aries_boundary_on_architecture.tsv	1802	364925c152b05fefd9de75c84d702e09b6b807e323b2f57e0a9275c0beaf610d
derived/figures/main/main_ovis_aries_integrated_domain_architecture.pdf	8837	2e81b2c40d1196924535a0544c9c68e35d5555004ded315ce6e57cb9f2aed797
derived/figures/main/main_ovis_aries_integrated_domain_architecture.png	266440	87817381c94451729171ba6f65a82801166ab251fd83aec5006b1c45cf454bbc
derived/figures/main/main_ovis_aries_integrated_domain_architecture.svg	16777	58741f5e8bcda385b33cf5daa55c70e0edfac6ae7980dab370b995f4c062a854
derived/figures/main/main_ovis_aries_integrated_domain_architecture.tsv	665	3eefc86de01a5f54bb48bb466389c282ccaf036e97b2efd82a6b604a9d1191cb
derived/figures/main/main_ovis_aries_primary_exon_projection.pdf	7157	cacf94436208e9415bec1e317bd8436e74918d0be352637a353154b93c0d1255
derived/figures/main/main_ovis_aries_primary_exon_projection.png	169258	4ec20cd914b8cf1b8657b7014be6a67268fd4b48e2963a409bd7e8fe6e561a77
derived/figures/main/main_ovis_aries_primary_exon_projection.svg	13138	d8a80bf03cba4dcc9d371503a23b942e3a1606b3f5d23d982b806506d069f1e6
derived/figures/main/main_ovis_aries_primary_exon_projection.tsv	678	91d05509b765a3b35134adf90b3d8b858795b0e51262cd6f7abf47bee264bd4b
derived/figures/main/main_ovis_aries_signed_boundary_distances.pdf	9854	678e7fb14456375250edd989e65d62adcb4b77270daaf31bba1b5dd5642e17a6
derived/figures/main/main_ovis_aries_signed_boundary_distances.png	308477	1fe587ded1bec350989055d6cde719c348da66573665383dd84787571c83b4d3
derived/figures/main/main_ovis_aries_signed_boundary_distances.svg	14311	51744071572a0fcc7677045dc477edd499507ea71e88759ac9609b629aef2fee
derived/figures/main/main_ovis_aries_signed_boundary_distances.tsv	1802	364925c152b05fefd9de75c84d702e09b6b807e323b2f57e0a9275c0beaf610d
derived/figures/main/main_pan_troglodytes_IIIb_boundary_class_summary.pdf	3161	e312d750017d580f4c39ae4abf31c14295487734d08e952389c3fe2fba7fd1fa
derived/figures/main/main_pan_troglodytes_IIIb_boundary_class_summary.png	86756	4c916e9c246091dca2f79346d86db7ed78a76eb1b2244f06d9478412cfc63bd7
derived/figures/main/main_pan_troglodytes_IIIb_boundary_class_summary.svg	5056	b389d6ac15c55c84476feabd398c370e8030cc55302e359b14571658f165b777
derived/figures/main/main_pan_troglodytes_IIIb_boundary_class_summary.tsv	1791	df94048ed3d58ddb4aae533a7ca20e95fbda31e549cee29db472bf4ce2654ec5
derived/figures/main/main_pan_troglodytes_IIIb_boundary_on_architecture.pdf	8913	6a2251ba3087170f1dde1a96af60771f58e9931fb8c5434dc4a5540fb5cfbb73
derived/figures/main/main_pan_troglodytes_IIIb_boundary_on_architecture.png	217062	faf0197148947e5951274007714a9bc85069a338b13e21ee9b4efae08f93d08f
derived/figures/main/main_pan_troglodytes_IIIb_boundary_on_architecture.svg	16348	c756cd2785291e3cd0c5fa6f7a2f58dcd5b3c0db35ed817f2209e28eeea42d7e
derived/figures/main/main_pan_troglodytes_IIIb_boundary_on_architecture.tsv	1791	df94048ed3d58ddb4aae533a7ca20e95fbda31e549cee29db472bf4ce2654ec5
derived/figures/main/main_pan_troglodytes_IIIb_integrated_domain_architecture.pdf	8856	1673e1198f9ef0b1456b0fce4133e6758a54ac4af49990f34e0af59c450bcb3a
derived/figures/main/main_pan_troglodytes_IIIb_integrated_domain_architecture.png	268421	6e6fa0aadfec0b05dabb785e8cb9b93e1492bf8751cd30abc23aba046ce317d6
derived/figures/main/main_pan_troglodytes_IIIb_integrated_domain_architecture.svg	16796	0e8cd1244f21af351941c45ea239d21fc677fe4a9a8b1c119e0adda5a80f8aad
derived/figures/main/main_pan_troglodytes_IIIb_integrated_domain_architecture.tsv	665	d5377c38522b4c7e1568114b66f801076c5a1fb9f5238feef3b57e1af0d529e6
derived/figures/main/main_pan_troglodytes_IIIb_primary_exon_projection.pdf	7159	db4856d4cfff6144360874b6cfbbbef847077bea0c98326156870e85fec2a6b7
derived/figures/main/main_pan_troglodytes_IIIb_primary_exon_projection.png	170180	ec4c7cf32d3684b8a9ea054afcd5f67bfb9cfec5a01db9a13e4e142534de3bc7
derived/figures/main/main_pan_troglodytes_IIIb_primary_exon_projection.svg	13152	5250591b6c2b83c6d3aefba285dbd50448ed10767f32c4937ab96802057595bd
derived/figures/main/main_pan_troglodytes_IIIb_primary_exon_projection.tsv	678	38f67596278e7d56f311b4668149c71470b60d6fc440228a9c530c800e281474
derived/figures/main/main_pan_troglodytes_IIIb_signed_boundary_distances.pdf	9856	f5ad0de9df1e010b1f7fa8e39e237ecd6eb99d4b5e955b00b0bd4139e3aff425
derived/figures/main/main_pan_troglodytes_IIIb_signed_boundary_distances.png	296836	e1b4932a10a1d709b5b255328b65a37c510915d63db2fa7fad4bb6821f00a86b
derived/figures/main/main_pan_troglodytes_IIIb_signed_boundary_distances.svg	14315	850a1d0e5f0f2506f9e47477eded13d66dea8f0db89a67ce6e2c9a9618580f80
derived/figures/main/main_pan_troglodytes_IIIb_signed_boundary_distances.tsv	1791	df94048ed3d58ddb4aae533a7ca20e95fbda31e549cee29db472bf4ce2654ec5
derived/figures/main/main_pan_troglodytes_boundary_class_summary.pdf	3160	88e2424f154e7260cb6e6c94f74b6298a412a1bb6ea884742f52171ec277dad3
derived/figures/main/main_pan_troglodytes_boundary_class_summary.png	86510	d9478a564ff2c14037b8d5c8432106aea541e530b46416eb6009104de98105b2
derived/figures/main/main_pan_troglodytes_boundary_class_summary.svg	5055	5cbfe5cffecc69ea1c5168b14c3aca8e7aa9a405d51b77f9a3dffe87ffcb76bb
derived/figures/main/main_pan_troglodytes_boundary_class_summary.tsv	1802	d453e478b0da2a10753eb0c335c4173bb9149f2858bb7b4213118c2910a41367
derived/figures/main/main_pan_troglodytes_boundary_on_architecture.pdf	8896	192fe45bb06d7c84008c4b66656b463c3a04b3fda3c4f59e10b06d00df238f51
derived/figures/main/main_pan_troglodytes_boundary_on_architecture.png	216795	ea08a509fb0cd54935c91aba4f9f749a7be27a647052dd174bd169e3265b74be
derived/figures/main/main_pan_troglodytes_boundary_on_architecture.svg	16336	57248ccd71c2844b6dc2313137349ee64d9e5c09733f0ddacaf9346ac2d4083e
derived/figures/main/main_pan_troglodytes_boundary_on_architecture.tsv	1802	d453e478b0da2a10753eb0c335c4173bb9149f2858bb7b4213118c2910a41367
derived/figures/main/main_pan_troglodytes_integrated_domain_architecture.pdf	8842	39b76f8a53f81e816c00924a10256392c79a3df1e571474c10b17944793fc20e
derived/figures/main/main_pan_troglodytes_integrated_domain_architecture.png	269915	07dc51cd86011bcad53c4fd2c3b034cff9a41d02bf9675754e74ed5e27600c63
derived/figures/main/main_pan_troglodytes_integrated_domain_architecture.svg	16782	46f59a802431f6ee76dff871a5356e912756237c670a00c5dfdbf9d39777ba5a
derived/figures/main/main_pan_troglodytes_integrated_domain_architecture.tsv	665	552e3f9f43bc526240d99078e6c9fa5342a4e7e7306ce4fb55ec0801e03bbca6
derived/figures/main/main_pan_troglodytes_primary_exon_projection.pdf	7162	e4e07932ca22caec75b186498e65cf0ab2e6a610987ae793172f310f6624db25
derived/figures/main/main_pan_troglodytes_primary_exon_projection.png	172447	5c0e3142c7a4834ed465a206a1c2d03f894d16ab72c71a7e757d263413ff93ec
derived/figures/main/main_pan_troglodytes_primary_exon_projection.svg	13143	c8787c5498f76fa70cd9d0faecd6f5ffd48963d48cc53793d6b6b7da45f60ba8
derived/figures/main/main_pan_troglodytes_primary_exon_projection.tsv	678	c78dec96f63ef970cfcabbc6590f26c62bbc6e1c6fb21e89b37c4b446380fc3b
derived/figures/main/main_pan_troglodytes_signed_boundary_distances.pdf	9859	b72f59165034453c53db19a976600e2a98e656c6dc4bd6ec9149a3d138ad6908
derived/figures/main/main_pan_troglodytes_signed_boundary_distances.png	291815	55e3f78760499ab254dd911a6a2ca66e410d44e807a3646bd5fdd84665accd8e
derived/figures/main/main_pan_troglodytes_signed_boundary_distances.svg	14316	9f5ae9548e0fc23d63e732cd6fecc9a2e6499c71e7a983f7b271ff943d841e5d
derived/figures/main/main_pan_troglodytes_signed_boundary_distances.tsv	1802	d453e478b0da2a10753eb0c335c4173bb9149f2858bb7b4213118c2910a41367
derived/figures/main/main_pongo_abelii_boundary_class_summary.pdf	3157	c14dda58958a0f184f2521cd4f91764c346aa6fdad9df6182ffb0f1af65c4a82
derived/figures/main/main_pongo_abelii_boundary_class_summary.png	85336	4d9d436ba7554c48f7ce56afa210e409aab2311be2594085329cf602bf302d5e
derived/figures/main/main_pongo_abelii_boundary_class_summary.svg	5052	7cbfd1d056dd159377e7cfeeabd4347e62d5adb82020d0116b0256ae95239801
derived/figures/main/main_pongo_abelii_boundary_class_summary.tsv	1802	764259b36f02f9d7d61963b39c73b830abd469c82c59ead81a7e9f156cfda0c4
derived/figures/main/main_pongo_abelii_boundary_on_architecture.pdf	8902	1637e369d1bde371ccfceec7187917cea5a5ef11ef834cbbab8d017d1f71bc08
derived/figures/main/main_pongo_abelii_boundary_on_architecture.png	214309	dd05d8b526b4f34d3385e6622a04cb71161bfe2bea61fedc036a075870ce91d7
derived/figures/main/main_pongo_abelii_boundary_on_architecture.svg	16346	79990676f1b4da9e25a0a73fa11ae8e9eac999d8b6e816d3004874b7afc070e2
derived/figures/main/main_pongo_abelii_boundary_on_architecture.tsv	1802	764259b36f02f9d7d61963b39c73b830abd469c82c59ead81a7e9f156cfda0c4
derived/figures/main/main_pongo_abelii_integrated_domain_architecture.pdf	8851	fd11201c782fb6e98b5fee9b4aee13414b7fe1e71fe556c23dd7e78bcbf449c6
derived/figures/main/main_pongo_abelii_integrated_domain_architecture.png	266686	8ce0a71c32529a9e770a91690f725d76c6fdbcf78f200ea82fa84dc5444f1789
derived/figures/main/main_pongo_abelii_integrated_domain_architecture.svg	16792	7f97272cb51d1896c5deb62455328901b8ef0398fadd56c0cceb77299684d80e
derived/figures/main/main_pongo_abelii_integrated_domain_architecture.tsv	665	ec14b47ea8fce123b309389fdba6142371a7c58ac1f595d715d85617ecec64a0
derived/figures/main/main_pongo_abelii_primary_exon_projection.pdf	7160	19d17e21bb99cc8fd9756c1dd3fc897431e0960470edc0e0fa777f1779cb5ed7
derived/figures/main/main_pongo_abelii_primary_exon_projection.png	170266	357be6599b8e252d955d542347072b48f760ac119732bbf6c1c8ac794250465f
derived/figures/main/main_pongo_abelii_primary_exon_projection.svg	13151	cedfb91e53aca819e45d1fa7c3445d39019adfa20cf591e502645367c56a3036
derived/figures/main/main_pongo_abelii_primary_exon_projection.tsv	644	53a4ef429f6d94489a388c1f8b47a7fdb0b1a012686e88a248488a13f9ed029f
derived/figures/main/main_pongo_abelii_signed_boundary_distances.pdf	9844	4d1a9d1ac49c91d9ad4b883d9abad5530d3b969dc0b445821cd325364bc019e1
derived/figures/main/main_pongo_abelii_signed_boundary_distances.png	294325	c87beecfdbdceb46fc4b065956d08d38004a3e431cd710f15483f5adef75b2e4
derived/figures/main/main_pongo_abelii_signed_boundary_distances.svg	14313	d238fc067e0ab6c65ca9671c89175ba5587ace2d7c78d40defa4cc11d498c59d
derived/figures/main/main_pongo_abelii_signed_boundary_distances.tsv	1802	764259b36f02f9d7d61963b39c73b830abd469c82c59ead81a7e9f156cfda0c4
derived/figures/main/main_rattus_norvegicus_IIIb_boundary_class_summary.pdf	3163	62cbd1105f34906d43caaf9e1d67b916f84cb1413c631e05a6bcbe5165941f30
derived/figures/main/main_rattus_norvegicus_IIIb_boundary_class_summary.png	87406	2bd040488d53b9bd8527c263d09f38dd1e5b64f20e8afdea9333a303b0ece175
derived/figures/main/main_rattus_norvegicus_IIIb_boundary_class_summary.svg	5058	551de20c87a75ffdd55f0137521fac6484ced953b510f05666b0cf1ea64f01b5
derived/figures/main/main_rattus_norvegicus_IIIb_boundary_class_summary.tsv	1791	45d22c4393f44e541636a1f0fdb0b41c1b3f59d33781dc94e4dbe157d6de2fb3
derived/figures/main/main_rattus_norvegicus_IIIb_boundary_on_architecture.pdf	8915	05697ffa6db2d41c92b427b15ad15eb80557776157d7368cde9a82971eb60983
derived/figures/main/main_rattus_norvegicus_IIIb_boundary_on_architecture.png	217934	27e489b4c1049e399c55fcc6731bf0e3dfcdf811d456ce93e73d6d8f18d3e93f
derived/figures/main/main_rattus_norvegicus_IIIb_boundary_on_architecture.svg	16350	8e9eae0c0ea13b177e98e2e25a90b59ef68e5c7a05582634cb9e21c46cd56db8
derived/figures/main/main_rattus_norvegicus_IIIb_boundary_on_architecture.tsv	1791	45d22c4393f44e541636a1f0fdb0b41c1b3f59d33781dc94e4dbe157d6de2fb3
derived/figures/main/main_rattus_norvegicus_IIIb_integrated_domain_architecture.pdf	8857	f667d54f4cfa208cc5ee3c7bda50a49a84fb985d9a39dc69461a72a9c2254b23
derived/figures/main/main_rattus_norvegicus_IIIb_integrated_domain_architecture.png	268056	2873c248e1936bbbee92afb684fad4e191136f23462fba446faf4c7c7f7c4ac3
derived/figures/main/main_rattus_norvegicus_IIIb_integrated_domain_architecture.svg	16797	435af7e8edadb422c3ed34ed8a24fbc3f4cea8e5f1e7353e50319d15a183ab74
derived/figures/main/main_rattus_norvegicus_IIIb_integrated_domain_architecture.tsv	664	229a487fe22034eec5fe83def3e614fd0dc6e6f546e74d8e0b7d9bb180828c06
derived/figures/main/main_rattus_norvegicus_IIIb_primary_exon_projection.pdf	7161	8936a8e9e624b5449abf6f13e9f4051a704b7b4533073deabc3a6f6b97683e3e
derived/figures/main/main_rattus_norvegicus_IIIb_primary_exon_projection.png	170327	e02bd064f19ee565476fbfd5375539b2e7e998723bfb9170a41c4336405f7cca
derived/figures/main/main_rattus_norvegicus_IIIb_primary_exon_projection.svg	13154	15e3d53c31417365b46c89da2b3437d7434c00f50969e40eaf369dbee36e8516
derived/figures/main/main_rattus_norvegicus_IIIb_primary_exon_projection.tsv	678	d08388a59e2439a361d3e175cf7be937faab907af0a780a4c75e2a4dfb91b9ec
derived/figures/main/main_rattus_norvegicus_IIIb_signed_boundary_distances.pdf	9858	c79fa58b6f695ea6f6978ac5c4716d09a0f9bbaa65de3a0df0575af03a70911f
derived/figures/main/main_rattus_norvegicus_IIIb_signed_boundary_distances.png	298068	24f54ac9d6f74f962b2834a0cceb342e95da8807b1e0151cbb0c0f3e6f100599
derived/figures/main/main_rattus_norvegicus_IIIb_signed_boundary_distances.svg	14317	2d2d59fd2297c4f0fdeb2b45317fc1fd26ab9238deb00eb47c511fedfabff14b
derived/figures/main/main_rattus_norvegicus_IIIb_signed_boundary_distances.tsv	1791	45d22c4393f44e541636a1f0fdb0b41c1b3f59d33781dc94e4dbe157d6de2fb3
derived/figures/main/main_rattus_norvegicus_boundary_class_summary.pdf	3162	bfd81bba3ecdda234113f49ddfb45b1ae121b78bc2cb2786286db9c10a4ad2ad
derived/figures/main/main_rattus_norvegicus_boundary_class_summary.png	87252	e454e957bba6f9a9f35ba459c1601bed2b2ccb5c381e98436cea32621972435b
derived/figures/main/main_rattus_norvegicus_boundary_class_summary.svg	5057	bdcf46b6f464061e36a6a7e3a63aa4f52beea1326ac6318a930bbdd38a40a939
derived/figures/main/main_rattus_norvegicus_boundary_class_summary.tsv	1802	364925c152b05fefd9de75c84d702e09b6b807e323b2f57e0a9275c0beaf610d
derived/figures/main/main_rattus_norvegicus_boundary_on_architecture.pdf	8898	f28470aabdb9bdeecd098adbcb60820e740ba8afb0fcb387ab8c9b82526ba7aa
derived/figures/main/main_rattus_norvegicus_boundary_on_architecture.png	217937	d0d408d486229438f330a85e85fa4307565f7e7c76b349270ec70296b4824f7a
derived/figures/main/main_rattus_norvegicus_boundary_on_architecture.svg	16338	8867ac1d16b94e93aaac23b3b3f0ec41bec6772f2f775ff167bc2b8c34bcc9ed
derived/figures/main/main_rattus_norvegicus_boundary_on_architecture.tsv	1802	364925c152b05fefd9de75c84d702e09b6b807e323b2f57e0a9275c0beaf610d
derived/figures/main/main_rattus_norvegicus_integrated_domain_architecture.pdf	8843	054b8d40c03a3d95d8e315723f0015dbd6326d067fdd7b3fb5051d9f08f2716d
derived/figures/main/main_rattus_norvegicus_integrated_domain_architecture.png	269648	c24a73ce657e1c8963c9eacb75e9e89a65810ce9637c0bb60266418482383c88
derived/figures/main/main_rattus_norvegicus_integrated_domain_architecture.svg	16783	64ca26a4b97676e8a6178a0ba72111032787d6d67ac08250c87605386346b335
derived/figures/main/main_rattus_norvegicus_integrated_domain_architecture.tsv	664	f1251f2a80f0cb911853dcca727e46f62c7b90b7d55de7b2a204f794049c6828
derived/figures/main/main_rattus_norvegicus_primary_exon_projection.pdf	7164	3a30b70bebc2a6dd68fa37d4ad6a93101c1a0cdf29e9270a5647bc4422845774
derived/figures/main/main_rattus_norvegicus_primary_exon_projection.png	173003	5bf3f2fe7fadddff5b37ba1550ab9b68975f81ee129c58c62345007df2efe86d
derived/figures/main/main_rattus_norvegicus_primary_exon_projection.svg	13145	076182c859b18cf3aa6ecb7ff0f5d56414a0ea72facd46e11bd993903bee3339
derived/figures/main/main_rattus_norvegicus_primary_exon_projection.tsv	678	8780280565dd20167d9a514410b4262ab05905020ecb7e717d854b20776d27fd
derived/figures/main/main_rattus_norvegicus_signed_boundary_distances.pdf	9861	4539e4bbeed769960f4695dafc9f379bef9198231fe1aa02e67c40abd42f698f
derived/figures/main/main_rattus_norvegicus_signed_boundary_distances.png	297574	33591fef702a213d94fbcb4351e31d6db58fbe2a18597d943e0fe5a5a5a821ce
derived/figures/main/main_rattus_norvegicus_signed_boundary_distances.svg	14318	68610ed6f05571aafe20d6c3db19de6489737871c7945d86c73728777577d7a1
derived/figures/main/main_rattus_norvegicus_signed_boundary_distances.tsv	1802	364925c152b05fefd9de75c84d702e09b6b807e323b2f57e0a9275c0beaf610d
derived/figures/main/main_sus_scrofa_IIIb_boundary_class_summary.pdf	3156	7411b63e5de7438f71f7d757c792a8b4f2cc37b01070a59edcfe71c9e5a40b53
derived/figures/main/main_sus_scrofa_IIIb_boundary_class_summary.png	85315	1ddf277b3bc9041eb368a348606defa0d98b14c32c0ccb54fb9e2d79dce52b09
derived/figures/main/main_sus_scrofa_IIIb_boundary_class_summary.svg	5051	ba05da5b62e8f5cb6780f83554be84e860d541a110bdbf2f009685d8130dd3d2
derived/figures/main/main_sus_scrofa_IIIb_boundary_class_summary.tsv	1790	c5e4af89f7a124e948d576bc89c5b0e429b9174237c960a3f657a8b6db548b26
derived/figures/main/main_sus_scrofa_IIIb_boundary_on_architecture.pdf	8908	7631982058ae82522775f31ed3b1409abf9de744716a031339726ec2feddfaf6
derived/figures/main/main_sus_scrofa_IIIb_boundary_on_architecture.png	214227	b11f94b52296471c09a388bc7abd10817eddc4eb4d5db553049d4029fca1a1e4
derived/figures/main/main_sus_scrofa_IIIb_boundary_on_architecture.svg	16343	cccdfa47d831ec6bb491a73903e322312b6e4b73eb94ee57135ca600ef3742fd
derived/figures/main/main_sus_scrofa_IIIb_boundary_on_architecture.tsv	1790	c5e4af89f7a124e948d576bc89c5b0e429b9174237c960a3f657a8b6db548b26
derived/figures/main/main_sus_scrofa_IIIb_integrated_domain_architecture.pdf	8851	82062b8ff1498e299aa4142aad4e346b30dcce7e3629a8244d381bb8e82ff89b
derived/figures/main/main_sus_scrofa_IIIb_integrated_domain_architecture.png	265027	5872b4c5b8867100c0441fd3d8ee9e4a384b5271ad87984fbfc8df62a0170bec
derived/figures/main/main_sus_scrofa_IIIb_integrated_domain_architecture.svg	16791	e3c0e508f4e73f159a4b4fd6e0a94bc41dc63d4a973ba1e046bf6a79c424257f
derived/figures/main/main_sus_scrofa_IIIb_integrated_domain_architecture.tsv	665	2546dff0ba0685fbc51caa204422c53d7533414875827c7028018e27dd86438e
derived/figures/main/main_sus_scrofa_IIIb_primary_exon_projection.pdf	7154	0e8bc5cec9bb9b1e20c8b8650d5bec5a4d4e0e0ba481158e625db14491452b7f
derived/figures/main/main_sus_scrofa_IIIb_primary_exon_projection.png	167368	92ed5a1f75b492066bdc7b200bd21d2a28d308c0314e196b9e10a3b2181c8172
derived/figures/main/main_sus_scrofa_IIIb_primary_exon_projection.svg	13147	3afd7a33398d41d02303c6b907fbdc3077a02937d5dfdedcf76ed806c66a1c1d
derived/figures/main/main_sus_scrofa_IIIb_primary_exon_projection.tsv	678	7f43ec3b0fc26d1a5d0be6d6bc717ff2b0f0d1f957b76813b13ae3c36545f45d
derived/figures/main/main_sus_scrofa_IIIb_signed_boundary_distances.pdf	9850	b2c75a2c3f552103ca0a787b1c6e845f0851efeb82ada8188393559ccf00fe74
derived/figures/main/main_sus_scrofa_IIIb_signed_boundary_distances.png	299039	2cc899eb9282bf4d097cb113a28c308c92123791098854cc66e70ee02df127ef
derived/figures/main/main_sus_scrofa_IIIb_signed_boundary_distances.svg	14312	e894a59389ca140e48c92e35a841becf3d203aec76e7e32ee28af182afbf3491
derived/figures/main/main_sus_scrofa_IIIb_signed_boundary_distances.tsv	1790	c5e4af89f7a124e948d576bc89c5b0e429b9174237c960a3f657a8b6db548b26
derived/figures/main/main_sus_scrofa_boundary_class_summary.pdf	3155	3f4fc30e61af3eca796d636987287893ffcd64250a9701b0f4d93f0002ba9faa
derived/figures/main/main_sus_scrofa_boundary_class_summary.png	85335	d48b8a6ba49d84280b3a80b2997b170355f4c6955a4db827e64bee432e91747e
derived/figures/main/main_sus_scrofa_boundary_class_summary.svg	5050	d5d811718b2b5bad9489a269d1d22cf82356cedecad1a913f0b7b052f3c93b53
derived/figures/main/main_sus_scrofa_boundary_class_summary.tsv	1808	96c4e8f21caeccf4eec6d69823448ace76a74413a556799dbff04db9d99a37d0
derived/figures/main/main_sus_scrofa_boundary_on_architecture.pdf	8891	0d192b1f22440f69440a3d65f279a0e3499f75a39e469ae8cca72a565981f1ef
derived/figures/main/main_sus_scrofa_boundary_on_architecture.png	213929	9f563697b15a397665573dba13da20b226735933bfb9ac0a07a2da0af00a54da
derived/figures/main/main_sus_scrofa_boundary_on_architecture.svg	16330	513d39aaadd5a1dfb3c18e3783c0160e5f1cf6495c220c604781852a9a9ae123
derived/figures/main/main_sus_scrofa_boundary_on_architecture.tsv	1808	96c4e8f21caeccf4eec6d69823448ace76a74413a556799dbff04db9d99a37d0
derived/figures/main/main_sus_scrofa_integrated_domain_architecture.pdf	8837	d2299d331e95d6b63e6e30d1d383d5c04a18c0e1710109f50eac484008709fc4
derived/figures/main/main_sus_scrofa_integrated_domain_architecture.png	266523	426870c24cb2e2e0b55c7654e55a249d2b30c5bb938b5692c2ca29b7f13bcfae
derived/figures/main/main_sus_scrofa_integrated_domain_architecture.svg	16777	4d249251c8ff3c8f7a869beecf7fe1072099c5b96ddfa088fa0939ef220a3a95
derived/figures/main/main_sus_scrofa_integrated_domain_architecture.tsv	665	13d06edcd42ac1ff897fa35f3cf80761d0858f6b8e17ea2f557a012d2fa2fb13
derived/figures/main/main_sus_scrofa_primary_exon_projection.pdf	7157	a0174390e18106033b31307cad8979a60f3060a70d7e4c431631200c4440f4d9
derived/figures/main/main_sus_scrofa_primary_exon_projection.png	169531	f390896f016aa05f922a14d9af338a1428f49bfd10159ebb09aba862a62b6a1e
derived/figures/main/main_sus_scrofa_primary_exon_projection.svg	13138	70bb47da0dcf266302a6276e9f8f53b4e485b45941e373955626fd4c0a524d00
derived/figures/main/main_sus_scrofa_primary_exon_projection.tsv	678	a02001a7ad992e0cb027b487b41d8bc93c8365a8a2a4a3e737d748ac293bcb5e
derived/figures/main/main_sus_scrofa_signed_boundary_distances.pdf	9607	5126b5643d926f619594d8922a9b373fe987ba1c5338450dcdcfd8d5256242d6
derived/figures/main/main_sus_scrofa_signed_boundary_distances.png	297341	e9dd7d80da3eea802d9fbdc5e33e6d49a7e0282eef898a2ee1baa8941841675d
derived/figures/main/main_sus_scrofa_signed_boundary_distances.svg	13769	7f59afb27314d9067bd5cd6f37a8a643657a7fb1c30975727400acfc8ac88c5e
derived/figures/main/main_sus_scrofa_signed_boundary_distances.tsv	1808	96c4e8f21caeccf4eec6d69823448ace76a74413a556799dbff04db9d99a37d0
derived/figures/main/main_taeniopygia_guttata_IIIb_boundary_class_summary.pdf	3165	8ef707e2c087a8419b847f3059701a8b1b01fb49f4ab178aafa592ba0a5a15d7
derived/figures/main/main_taeniopygia_guttata_IIIb_boundary_class_summary.png	88484	d5e99e1d44fe49c5725c495540b528d28d5dffd4233200d5b2cf946862c43c21
derived/figures/main/main_taeniopygia_guttata_IIIb_boundary_class_summary.svg	5060	6be91701c0e36e30d5542a39c08a51c2ee3286138e9df4f1c0f82ce0b8b4a210
derived/figures/main/main_taeniopygia_guttata_IIIb_boundary_class_summary.tsv	1903	e44ff221255befaba6cafaff3945ad19718f213f4ef2f74cdcbfb2c1c96f5f11
derived/figures/main/main_taeniopygia_guttata_IIIb_boundary_on_architecture.pdf	9222	3b5695bb2a656406e374f7523eea69f91f717bfce2cd019d8d13cd243defe074
derived/figures/main/main_taeniopygia_guttata_IIIb_boundary_on_architecture.png	219943	aad7d51eff53abb542f9086f746ad95dc6d7280ff0560d9b52814a7f771b154f
derived/figures/main/main_taeniopygia_guttata_IIIb_boundary_on_architecture.svg	16931	387ecdd659fd2e5611fd25d351a7f843b4f81076ab806ab940a9164fb03b00ea
derived/figures/main/main_taeniopygia_guttata_IIIb_boundary_on_architecture.tsv	1903	e44ff221255befaba6cafaff3945ad19718f213f4ef2f74cdcbfb2c1c96f5f11
derived/figures/main/main_taeniopygia_guttata_IIIb_integrated_domain_architecture.pdf	8965	90dc6e8ec01e7540beb4aa9742a817a9f714674f816c81e613a93974f465037c
derived/figures/main/main_taeniopygia_guttata_IIIb_integrated_domain_architecture.png	265455	f6a6d014c8033148412216618a9f3751e4a73707eab42361f759933fe8921421
derived/figures/main/main_taeniopygia_guttata_IIIb_integrated_domain_architecture.svg	16992	725ab9dd9536018a611cc2a00184820641b78c331bd36b5580c1327224e90038
derived/figures/main/main_taeniopygia_guttata_IIIb_integrated_domain_architecture.tsv	629	66ce22c06ba3b503daf3005e2fdce30e8c4354c1a521a41e82d9c3f268dc573a
derived/figures/main/main_taeniopygia_guttata_IIIb_primary_exon_projection.pdf	7418	99556ae3b207bdc4fe952d290abcfe0d38d1da9e226d28b56a07eaffec15999f
derived/figures/main/main_taeniopygia_guttata_IIIb_primary_exon_projection.png	174869	7c06af87a5360935979e940dcc59fc6a2746c02f80238a446e2c0a08246ad5f6
derived/figures/main/main_taeniopygia_guttata_IIIb_primary_exon_projection.svg	13639	e07f85fc2ae0e07dc4a9ac067d35d6c47465858b93df4638a168845ecaf84bce
derived/figures/main/main_taeniopygia_guttata_IIIb_primary_exon_projection.tsv	713	a73374fe419521e46e8ac2b2545d5268ea67e3d7ca800814969e811ce440e934
derived/figures/main/main_taeniopygia_guttata_IIIb_signed_boundary_distances.pdf	10276	95ff76c3da3abfc81f93afc33355611c93350feaaf6e6b24c5a87bed14799cae
derived/figures/main/main_taeniopygia_guttata_IIIb_signed_boundary_distances.png	312710	44f8913bba46912e288f0109d8f161e9611cebf6f3c006df5961f51a511ddd0b
derived/figures/main/main_taeniopygia_guttata_IIIb_signed_boundary_distances.svg	14887	61ec71d836f2dbfeb88d30f9e635e3e20eac215c13ec82badf18af79d5494782
derived/figures/main/main_taeniopygia_guttata_IIIb_signed_boundary_distances.tsv	1903	e44ff221255befaba6cafaff3945ad19718f213f4ef2f74cdcbfb2c1c96f5f11
derived/figures/main/main_taeniopygia_guttata_boundary_class_summary.pdf	3164	5b1ff80fbde64a288554bd09641e1201aaecfb17c76880ab5b81b76af754c0d2
derived/figures/main/main_taeniopygia_guttata_boundary_class_summary.png	88522	76bfce513890e3e72d999526ba9138ec6cb9b70d3511fb035ac99717f6079abb
derived/figures/main/main_taeniopygia_guttata_boundary_class_summary.svg	5059	57db1b840217ae8900261a400de6e5507965c680effdcd8ae50df8ec48a62c7d
derived/figures/main/main_taeniopygia_guttata_boundary_class_summary.tsv	1914	abf0d83ddb2a17f55329b816b8c918f6abe7d9c04992b933c930009239b2c5ec
derived/figures/main/main_taeniopygia_guttata_boundary_on_architecture.pdf	9235	315fd3a64e1c1585536ab786b7ac675e249f04fce857522e7af8733f650fd451
derived/figures/main/main_taeniopygia_guttata_boundary_on_architecture.png	220574	81a7f20af5a976a9fad5d185f36f18fbc0dfb57e6ab447dc3340edceaec805ce
derived/figures/main/main_taeniopygia_guttata_boundary_on_architecture.svg	16946	c3ecc3af32d1d480521e3e92cba0d55bc1af241d2c12a28699b72cb2109f128d
derived/figures/main/main_taeniopygia_guttata_boundary_on_architecture.tsv	1914	abf0d83ddb2a17f55329b816b8c918f6abe7d9c04992b933c930009239b2c5ec
derived/figures/main/main_taeniopygia_guttata_integrated_domain_architecture.pdf	8968	5867ae00dd7fe3af70e002cd969d6a46b42cf4f0a6493ec6022f250c9e99e260
derived/figures/main/main_taeniopygia_guttata_integrated_domain_architecture.png	266393	51c1af7aa573aae58325a0fcf64fd3586f12df33117ce8d0135fad0800cad6ae
derived/figures/main/main_taeniopygia_guttata_integrated_domain_architecture.svg	16994	e4ca17a661262fb44354b67f3a5bb21f66fc515a479f42a92e567ce05534f087
derived/figures/main/main_taeniopygia_guttata_integrated_domain_architecture.tsv	629	599217829ce528e5f151a05a5fb08fc1e55133b8115b27e50ced8bc795776f82
derived/figures/main/main_taeniopygia_guttata_primary_exon_projection.pdf	7427	d505507cc023c72551790e60e52b6eafb5d786df5a7014797f701b3f17626267
derived/figures/main/main_taeniopygia_guttata_primary_exon_projection.png	175715	05baf08e5e2d063e9e5278b775010d05a92558146c64380992a9406fd7fb2831
derived/figures/main/main_taeniopygia_guttata_primary_exon_projection.svg	13646	fa9b1840092996fdf83811d9a80a90fb19db8028ea580bc683e9edb384c3e212
derived/figures/main/main_taeniopygia_guttata_primary_exon_projection.tsv	713	b5c652e1cfe832af0a4a429a800095204db0f390530456ec176974aeaf3772ab
derived/figures/main/main_taeniopygia_guttata_signed_boundary_distances.pdf	10279	92dae1f99f9a4a6c73650938aa60f04a5e17d6e05cd8fcf74aaee87ad94692db
derived/figures/main/main_taeniopygia_guttata_signed_boundary_distances.png	312389	471f3965bfcaca07a54c0be55fdc906c794103aedee549a8d2beff0adfa6c2a4
derived/figures/main/main_taeniopygia_guttata_signed_boundary_distances.svg	14888	a466b06968674dd896815a71d3fe369c202844eb58a599af4930fadd9d7afbca
derived/figures/main/main_taeniopygia_guttata_signed_boundary_distances.tsv	1914	abf0d83ddb2a17f55329b816b8c918f6abe7d9c04992b933c930009239b2c5ec
derived/figures/main/main_takifugu_rubripes_IIIb_boundary_class_summary.pdf	3338	8120efeee6dd3a454df70027c99786c4b2d771b9875b1807ced97377000bfee2
derived/figures/main/main_takifugu_rubripes_IIIb_boundary_class_summary.png	89441	b232f9b430aae70baac07f5b37780ddf56103b6922d57cb053270108fe1684f3
derived/figures/main/main_takifugu_rubripes_IIIb_boundary_class_summary.svg	5407	8f178688f1002dc7c929c6ad6cac9303edb0164bbf3eff219e8deb7e56188ff2
derived/figures/main/main_takifugu_rubripes_IIIb_boundary_class_summary.tsv	1766	4b12896c875457da54e01a28fe53ea6500bef62b63ca2724bbe4820b7a335d1f
derived/figures/main/main_takifugu_rubripes_IIIb_boundary_on_architecture.pdf	8927	8a8eec25a0a628da82632757caab69ae5ca82e995f8da95b14f90198e69bc4f9
derived/figures/main/main_takifugu_rubripes_IIIb_boundary_on_architecture.png	219045	0c602fea25a3b365ec0700faa6beed149102ba3d311bb2c717caa33151aa9dfb
derived/figures/main/main_takifugu_rubripes_IIIb_boundary_on_architecture.svg	16367	b44729053b3033a0ebdfda1cd42455a85c8df37cecb579a1a6a053a405d333d3
derived/figures/main/main_takifugu_rubripes_IIIb_boundary_on_architecture.tsv	1766	4b12896c875457da54e01a28fe53ea6500bef62b63ca2724bbe4820b7a335d1f
derived/figures/main/main_takifugu_rubripes_IIIb_integrated_domain_architecture.pdf	8716	5d2e80074e0963118c3a4d169743c2945aec0a04a1aeef740837913f52a2cdb7
derived/figures/main/main_takifugu_rubripes_IIIb_integrated_domain_architecture.png	266921	a1b1446c27b7ecd529bd22631e4c942c171940e4a2cb1fde03936791bd00d446
derived/figures/main/main_takifugu_rubripes_IIIb_integrated_domain_architecture.svg	16498	5ed452156808e56d007909f33970c9245628704c8bf1b948ac5cc2b0cd96dc9e
derived/figures/main/main_takifugu_rubripes_IIIb_integrated_domain_architecture.tsv	626	ef58fcd778726e87afa140756b91c9cd55e9ef607d6f7da1e89546fbde93a2d1
derived/figures/main/main_takifugu_rubripes_IIIb_primary_exon_projection.pdf	7174	d35a7f2cb2c885d52be4180ce0177bff9c524bd1658b8c4112bf3b263d071432
derived/figures/main/main_takifugu_rubripes_IIIb_primary_exon_projection.png	176957	81e16ef1a73c1a91d53a4ddac33ea74a9599481f32a73609ae74d31810a12194
derived/figures/main/main_takifugu_rubripes_IIIb_primary_exon_projection.svg	13167	23a4eca42e4e9203da928a943416b18884e0b1c6d634fcc99daa026f39e523f9
derived/figures/main/main_takifugu_rubripes_IIIb_primary_exon_projection.tsv	744	fac0523fef7da61beaeb3174f98cd5b116a771ffc7073bbc5a359c0c45cefa75
derived/figures/main/main_takifugu_rubripes_IIIb_signed_boundary_distances.pdf	9894	185c50c13969c1877072c3ce1c1a6060637928029a66d03ebf0490e1f30e2b18
derived/figures/main/main_takifugu_rubripes_IIIb_signed_boundary_distances.png	334536	bbf75adc38d0b84d67fa677954b79618f3994efcbf65404fc33bf961cba4e53c
derived/figures/main/main_takifugu_rubripes_IIIb_signed_boundary_distances.svg	14312	d2ae15562b0a702e01b5d1ab688eed0b2832c7e9a3ff414bc4a2195a76e4afb4
derived/figures/main/main_takifugu_rubripes_IIIb_signed_boundary_distances.tsv	1766	4b12896c875457da54e01a28fe53ea6500bef62b63ca2724bbe4820b7a335d1f
derived/figures/main/main_takifugu_rubripes_boundary_class_summary.pdf	3543	adb8d1677d4b998dbb56e0c9ab979b0d8c930b2fbbbda002d3124ca68dbabb69
derived/figures/main/main_takifugu_rubripes_boundary_class_summary.png	96424	529edcbf806349e2f3f32c4e3eb5e6a0918760cefba1565d6117386a8db6e4b2
derived/figures/main/main_takifugu_rubripes_boundary_class_summary.svg	5927	4fbf17b2b94067c570d1d49eee64470eca7ebc32d11b31c8f8c885ca0f3c3227
derived/figures/main/main_takifugu_rubripes_boundary_class_summary.tsv	1767	6fdfe4ebe5b423f1094b924f5cfb34f7b7170e565e0a7f90dfdb722ea022e19e
derived/figures/main/main_takifugu_rubripes_boundary_on_architecture.pdf	9090	d936a7ad8c0702bade321cba69c0435c7669683839405ac505f6ae812de9ade5
derived/figures/main/main_takifugu_rubripes_boundary_on_architecture.png	235636	93262a8dcfb3a01f2900c03bca40c930cf6e5e1adeb936c3d37f774b66227ad9
derived/figures/main/main_takifugu_rubripes_boundary_on_architecture.svg	16681	0a062c11771ee9dcab0746cd14f7daecb9ca9e8636fafc5ee05a2766920b7730
derived/figures/main/main_takifugu_rubripes_boundary_on_architecture.tsv	1767	6fdfe4ebe5b423f1094b924f5cfb34f7b7170e565e0a7f90dfdb722ea022e19e
derived/figures/main/main_takifugu_rubripes_integrated_domain_architecture.pdf	8722	0ffad7858e77c02ff13ec8fedc72979efd614dec6306eb18daf8c002d5dd02e8
derived/figures/main/main_takifugu_rubripes_integrated_domain_architecture.png	268057	62cdfdab9372ea10b8b83d3fb1b139c5d190eac2389cfe0547ddbd1cf3fca25e
derived/figures/main/main_takifugu_rubripes_integrated_domain_architecture.svg	16498	f6ba577f2b840ddf8fabf842021b4731ace893ee57739e2bf1d583e44e02b127
derived/figures/main/main_takifugu_rubripes_integrated_domain_architecture.tsv	626	d9f48d266f9c0f7d65c37369a53debb71b65e65dab6a932381b378603a931561
derived/figures/main/main_takifugu_rubripes_primary_exon_projection.pdf	7179	22198f4f290521147283bd9fa4a84b65ce0cf7765d2bcfee5d7aae412a0bc21e
derived/figures/main/main_takifugu_rubripes_primary_exon_projection.png	176634	e3bd19ad5c325aaa3a0355b0c1aa2af288427dd220cc6b56697790adf09e7f31
derived/figures/main/main_takifugu_rubripes_primary_exon_projection.svg	13168	2effdbe844cdebee5dc7258dba8883e7a6043b7acfb70d6091322f2187192e95
derived/figures/main/main_takifugu_rubripes_primary_exon_projection.tsv	744	1814b93864e19d91280d81dc425c4661a3f763472dcfc071510539f8fc20b196
derived/figures/main/main_takifugu_rubripes_signed_boundary_distances.pdf	10018	fe03623c13ae1fba04d0de720cf06329c12f958b5061eaa80f75b9ff9494df0d
derived/figures/main/main_takifugu_rubripes_signed_boundary_distances.png	336573	80e7b75532a3220c918c4895d96e4ffb07b0cb66b24fa670122eac2b1a4a0f29
derived/figures/main/main_takifugu_rubripes_signed_boundary_distances.svg	14602	ff2c1009a2e94461de1125223a874aa9553cf37383d77cc886a86c92b8f2a099
derived/figures/main/main_takifugu_rubripes_signed_boundary_distances.tsv	1767	6fdfe4ebe5b423f1094b924f5cfb34f7b7170e565e0a7f90dfdb722ea022e19e
derived/figures/main/main_xenopus_tropicalis_IIIb_boundary_class_summary.pdf	3168	5fab6ae8018c13323a9ae699c84e4fe214c9be7ce2c0ff75c61a9110ff8ef06a
derived/figures/main/main_xenopus_tropicalis_IIIb_boundary_class_summary.png	90104	9beb78a6476638a148e7db992428cf376f5e0db9c7155b397f02d930245e4d1d
derived/figures/main/main_xenopus_tropicalis_IIIb_boundary_class_summary.svg	5063	e19a3f45f939360b479cda84b4100fb040b0195911ea919b5582bf7631afda16
derived/figures/main/main_xenopus_tropicalis_IIIb_boundary_class_summary.tsv	1962	99d5f8d3ee2fec05dd262dc56515d1eacaff40aa6d4a8d351bc8e540b3171436
derived/figures/main/main_xenopus_tropicalis_IIIb_boundary_on_architecture.pdf	9272	d57320f918eb9e8e8a5071d71119decb25718c6c6ddadd31592af40976a2145c
derived/figures/main/main_xenopus_tropicalis_IIIb_boundary_on_architecture.png	230790	faad3d9edbde89a373066ffc88ae5b93b26cec3aa630f8405e04b63e2fb5dcc6
derived/figures/main/main_xenopus_tropicalis_IIIb_boundary_on_architecture.svg	16988	25f097fdee34b030adc128b42a116ab5659f56b6811920748a281cdc65bb019f
derived/figures/main/main_xenopus_tropicalis_IIIb_boundary_on_architecture.tsv	1962	99d5f8d3ee2fec05dd262dc56515d1eacaff40aa6d4a8d351bc8e540b3171436
derived/figures/main/main_xenopus_tropicalis_IIIb_integrated_domain_architecture.pdf	9010	48a45c777a2932ce5650651ba9ed2ff085012b2139a4981d7ece4c383c4eb0ca
derived/figures/main/main_xenopus_tropicalis_IIIb_integrated_domain_architecture.png	281109	0b817994f493bb2b1ee48d6a54db36a6d840540329c46a7c33c4fb540de039f2
derived/figures/main/main_xenopus_tropicalis_IIIb_integrated_domain_architecture.svg	17072	cfad5d299e3089258d24cc7668adb8073b6d975e6753e6e4566c87d3a8f04dbf
derived/figures/main/main_xenopus_tropicalis_IIIb_integrated_domain_architecture.tsv	626	bf84e7d75fd18ccb137eca87e12595e5156d0d8014e59fbaaeee386411f1aec6
derived/figures/main/main_xenopus_tropicalis_IIIb_primary_exon_projection.pdf	7488	ea59405e40e2c4508defc850ccfb267ed3480e9c13f3716e7aec04bc4f9053cc
derived/figures/main/main_xenopus_tropicalis_IIIb_primary_exon_projection.png	190102	8fb013bec22d16c197745264fa1b77572b4e9cd5920f9a6f31b9cfacd88a54a2
derived/figures/main/main_xenopus_tropicalis_IIIb_primary_exon_projection.svg	13683	39084c59bc151617dc6b882bf7b26e60cb1237e6a14e969372913a8dc4d1f200
derived/figures/main/main_xenopus_tropicalis_IIIb_primary_exon_projection.tsv	815	88f9a537cf111d18a8e19339de990a5fea08d57f424de60c3388ec99000f62d2
derived/figures/main/main_xenopus_tropicalis_IIIb_signed_boundary_distances.pdf	10419	f7d790c3326b7059d5c5a4c826c868c8c4c518cc99c5f48ecbfa6e5ed25d4bcc
derived/figures/main/main_xenopus_tropicalis_IIIb_signed_boundary_distances.png	360897	80d38c98fbdb77be15525eeb55ed2db7457bec42faf859743842d88db7636977
derived/figures/main/main_xenopus_tropicalis_IIIb_signed_boundary_distances.svg	14985	9ab910dbf8cad021fc81c114d5e7290342de2d8db29fb6a7c1ff984bc15a75cf
derived/figures/main/main_xenopus_tropicalis_IIIb_signed_boundary_distances.tsv	1962	99d5f8d3ee2fec05dd262dc56515d1eacaff40aa6d4a8d351bc8e540b3171436
derived/figures/main/main_xenopus_tropicalis_boundary_class_summary.pdf	2754	ae1bf836ed3cf06f8ae304f32fd0293396d226633a15328c02cc3f8284ab7dfc
derived/figures/main/main_xenopus_tropicalis_boundary_class_summary.png	89013	376ef89984a50c69c489c288d25937e160cd2c434945687d11b973cb584bc6a9
derived/figures/main/main_xenopus_tropicalis_boundary_class_summary.svg	4302	2a874626e24a1c6a02790996b2ae8e75d73c20ade0907ba3531de7f45ac75328
derived/figures/main/main_xenopus_tropicalis_boundary_class_summary.tsv	1796	b3bd74bf9688e40bfe024c39b7f198d2a84d7b4ee98acd178895f3f597f378c9
derived/figures/main/main_xenopus_tropicalis_boundary_on_architecture.pdf	8233	4dee8ce1ab052d2f431f361e20ab96ed414677bffc1fe2679becc24373c04f6e
derived/figures/main/main_xenopus_tropicalis_boundary_on_architecture.png	216518	245a8430c98f5fa4c0fb88660718ae8750049ce441e34f1a2d165920579f304b
derived/figures/main/main_xenopus_tropicalis_boundary_on_architecture.svg	14930	57f018a3bf1665f037ab884e8244fe3f612c96c689a971a22f80bf6198be933d
derived/figures/main/main_xenopus_tropicalis_boundary_on_architecture.tsv	1796	b3bd74bf9688e40bfe024c39b7f198d2a84d7b4ee98acd178895f3f597f378c9
derived/figures/main/main_xenopus_tropicalis_integrated_domain_architecture.pdf	8046	5bc41f35cc48615a7267fb8b973bd1dcaa539a01340e7b066989655ca0c3c3e9
derived/figures/main/main_xenopus_tropicalis_integrated_domain_architecture.png	264335	6f67bba0d7e448bccc21cbe24f2a0132b2c509b115775c7acb0c19e39de0695d
derived/figures/main/main_xenopus_tropicalis_integrated_domain_architecture.svg	15098	1435f5b39dec1627e12e857c950e1082eec379466acb7732d97e4c144da7cf84
derived/figures/main/main_xenopus_tropicalis_integrated_domain_architecture.tsv	630	e73bf91f44588cd65f0fda7040b7a3bf4fac98353def4661797a296dc4306b90
derived/figures/main/main_xenopus_tropicalis_primary_exon_projection.pdf	6511	53d590776fc8ee1d1d6772fb766c8937e213dbb30c931a06ba939b8619eab264
derived/figures/main/main_xenopus_tropicalis_primary_exon_projection.png	172124	1d50cac14d58eaca757873f1b0f7d0a97a35c8a7c302733119da3bacbbe1588e
derived/figures/main/main_xenopus_tropicalis_primary_exon_projection.svg	11754	1519bc9a754ff5cfbe02aeb0e96eaafa648edb37e84b963bc0cee484dad140c9
derived/figures/main/main_xenopus_tropicalis_primary_exon_projection.tsv	746	7858b1375d2e12c091504fd67156093d37650bca622a9134363379458630d8fc
derived/figures/main/main_xenopus_tropicalis_signed_boundary_distances.pdf	9930	44f14f5cab9e9c2a6d356ad27849a2bf90a9cd2e274d234e5228cfbcbb73cd88
derived/figures/main/main_xenopus_tropicalis_signed_boundary_distances.png	346850	accda20ae0a6cbca2f61dc5717afdf225f59fef0b1935a99849ce08f1bf4c799
derived/figures/main/main_xenopus_tropicalis_signed_boundary_distances.svg	14327	a4a1432d233803da6f73af51c595d2374721cda879d4d82be2538e3c672c48a0
derived/figures/main/main_xenopus_tropicalis_signed_boundary_distances.tsv	1796	b3bd74bf9688e40bfe024c39b7f198d2a84d7b4ee98acd178895f3f597f378c9
derived/results/generic_gene_analysis/comparative/analysis_availability.tsv	2748	67a56c9d9fffb4fdf82b105f496d9ef5a92ff76b805e0879c558e704e8d33215
derived/results/generic_gene_analysis/comparative/boundary_consistency_summary.tsv	56819	b3f9813d888ab13b2d52be6b8c4b0bcd671170fb1ee0afdde4b95611befe2b5f
derived/results/generic_gene_analysis/comparative/comparable_boundary_groups.tsv	211613	27ab344b2ca7a33aa59bf17b8cfa3c7ec56f0802f56d554a0f9d737a7b5e6ccf
derived/results/generic_gene_analysis/comparative/comparable_domain_groups.tsv	429	155c46d8f5dac6b06883fc7959102ac1d98797e8ec6b17994a2b404d654eb5cb
derived/results/generic_gene_analysis/comparative/comparative_synteny.tsv	40006	fc2ff895e28aeb1c9c8ce00367e7cad9a01606e04656ba918b4fe1fde4e3e18a
derived/results/generic_gene_analysis/comparative/domain_annotation_matrix.tsv	21351	faf36ca6118d416ee2d47de6e7b8fc494f1924f50aef0fa38a1bf0f047b9239f
derived/results/generic_gene_analysis/comparative/exon_domain_boundaries_long.tsv	281	c65a332c7da5eaa99ea72a3510052867485a892c31cc3561c66679cf69c33767
derived/results/generic_gene_analysis/comparative/inspection_cases.tsv	8961	b1f524bd2aefdb032d7910f835488fc956707dc69a1b293bf7306e14752aa092
derived/results/generic_gene_analysis/comparative/isoform_diversity.tsv	2390	4f171c7e500d3690ea23873af1b33d6d2b912b35492d84a0c9cd4efa9f7b1000
derived/results/generic_gene_analysis/comparative/msa_aligned_domains.tsv	14866	fb644b4271d06b63a98a8d032b0419a1c7d3d2ebad1a52c578d5514fa0d96f1c
derived/results/generic_gene_analysis/comparative/msa_aligned_exons.tsv	49083	1065771824191c1c8e505dda8322c7f9ac34d834c63f003afe298a9bb9e75ed7
derived/results/generic_gene_analysis/comparative/pairwise_identity.tsv	37820	f560c1b26308737c05a5b161ec79a2e725541965c21dfd0cb34828b7dd27f553
derived/results/generic_gene_analysis/comparative/species_inventory.tsv	4061	5686178a520587898b79d99f4812b729d072e439fb659197ed6c641cb39b5748
derived/results/generic_gene_analysis/comparative/species_order.tsv	3760	577d3fd7c55772312ba5671fc896e665866502257c374879b4848342583e05d5
derived/results/generic_gene_analysis/msa/primaries_msa.aln.faa	34519	8246c9422f31cc1d234397060955c23a59ef0f612d22843232354dbd35492ff4
derived/website_indices/cassette_residue_index.json	1108300	4c89743c477430b61b56100ec23203690b6d2bada7c1aa5e5a465ef117462429
derived/website_indices/comparative_dataset.json	3926106	5000f2887bb5ebd6311679f67d717e18fb59669e554cf014f09731449ccbff7e
derived/website_indices/comparative_model_index.json	4589474	a87480924b34eb2955845153a9e8a15e76e31da11a7dd9a1cddac1508d2bc0b8
derived/website_indices/figure_catalogue.json	1028304	e4b372457ae0c9eb2661b7e209cd6b0900d060edafd8988ff04f46b3820bbcdd
derived/website_indices/figure_index.json	1006075	16e565f46254ae44077f21100880325b2f04e16288cb95e14cd26456748f1502
derived/website_indices/generic/comparative_dataset_index.json	3925566	2f0285710218ccceb1f6520610fb3ea06cf87751333006c52925cad0b8f01243
derived/website_indices/protein_coordinate_model.json	6866373	8408b5741210d7a54de3c73396b77f893c1f8ce16a19c61df7c87cbe952cadda
derived/website_indices/synteny_locus_index.json	1401212	31dc482a29a7fddf401b31509504af7a4ddd62254588bf30c30c37751cfda7d4
derived/website_indices/tables/fgfr2_model_inventory.tsv	12477	cf393bbff69f74a4ad230125fa69d97934a7c53296fc1339f16d43a86e0c088d
