species	assembly_accession	annotation_source	annotation_release_or_date	seqid	fgfr2_gene_id	fgfr2_transcript_id	fgfr2_protein_id	fgfr2_start	fgfr2_end	fgfr2_strand	neighbor_rank	neighbor_side	neighbor_gene_id	neighbor_symbol_raw	neighbor_start	neighbor_end	neighbor_strand	neighbor_biotype	neighbor_protein_id	neighbor_protein_sequence_available	distance_to_fgfr2	source_file	extraction_status	extraction_warning
homo_sapiens	GCF_000001405.40	NCBI RefSeq (datasets genomic.gff)	GRCh38.p14	NC_000010.11	GeneID:2263	ENST00000358487;ENST00001142305	XP_024303659.1	121478330	121598458	-	1	downstream	GeneID:55717	WDR11	120851362	120909524	+	protein_coding	XP_005270020.1	true	568806	external:NCBI/GCF_000001405.40/genomic.gff	neighborhood_extracted	
homo_sapiens	GCF_000001405.40	NCBI RefSeq (datasets genomic.gff)	GRCh38.p14	NC_000010.11	GeneID:2263	ENST00000358487;ENST00001142305	XP_024303659.1	121478330	121598458	-	2	downstream	GeneID:196051	PLPP4	120456954	120592065	+	protein_coding	XP_011537746.1	true	886265	external:NCBI/GCF_000001405.40/genomic.gff	neighborhood_extracted	
homo_sapiens	GCF_000001405.40	NCBI RefSeq (datasets genomic.gff)	GRCh38.p14	NC_000010.11	GeneID:2263	ENST00000358487;ENST00001142305	XP_024303659.1	121478330	121598458	-	3	downstream	GeneID:11196	SEC23IP	119892730	119944657	+	protein_coding	NP_009121.1	true	1533673	external:NCBI/GCF_000001405.40/genomic.gff	neighborhood_extracted	
homo_sapiens	GCF_000001405.40	NCBI RefSeq (datasets genomic.gff)	GRCh38.p14	NC_000010.11	GeneID:2263	ENST00000358487;ENST00001142305	XP_024303659.1	121478330	121598458	-	4	downstream	GeneID:79892	MCMBP	119829440	119873581	-	protein_coding	NP_001243308.1	true	1604749	external:NCBI/GCF_000001405.40/genomic.gff	neighborhood_extracted	
homo_sapiens	GCF_000001405.40	NCBI RefSeq (datasets genomic.gff)	GRCh38.p14	NC_000010.11	GeneID:2263	ENST00000358487;ENST00001142305	XP_024303659.1	121478330	121598458	-	5	downstream	GeneID:22876	INPP5F	119726050	119829147	+	protein_coding	NP_001427930.1	true	1649183	external:NCBI/GCF_000001405.40/genomic.gff	neighborhood_extracted	
homo_sapiens	GCF_000001405.40	NCBI RefSeq (datasets genomic.gff)	GRCh38.p14	NC_000010.11	GeneID:2263	ENST00000358487;ENST00001142305	XP_024303659.1	121478330	121598458	-	6	downstream	GeneID:9531	BAG3	119651380	119677819	+	protein_coding	NP_004272.2	true	1800511	external:NCBI/GCF_000001405.40/genomic.gff	neighborhood_extracted	
homo_sapiens	GCF_000001405.40	NCBI RefSeq (datasets genomic.gff)	GRCh38.p14	NC_000010.11	GeneID:2263	ENST00000358487;ENST00001142305	XP_024303659.1	121478330	121598458	-	7	downstream	GeneID:7073	TIAL1	119573465	119596964	-	protein_coding	NP_003243.1	true	1881366	external:NCBI/GCF_000001405.40/genomic.gff	neighborhood_extracted	
homo_sapiens	GCF_000001405.40	NCBI RefSeq (datasets genomic.gff)	GRCh38.p14	NC_000010.11	GeneID:2263	ENST00000358487;ENST00001142305	XP_024303659.1	121478330	121598458	-	8	downstream	GeneID:6001	RGS10	119499817	119542719	-	protein_coding	NP_001005339.1	true	1935611	external:NCBI/GCF_000001405.40/genomic.gff	neighborhood_extracted	
homo_sapiens	GCF_000001405.40	NCBI RefSeq (datasets genomic.gff)	GRCh38.p14	NC_000010.11	GeneID:2263	ENST00000358487;ENST00001142305	XP_024303659.1	121478330	121598458	-	9	downstream	GeneID:2869	GRK5	119207571	119459745	+	protein_coding	NP_005299.1	true	2018585	external:NCBI/GCF_000001405.40/genomic.gff	neighborhood_extracted	
homo_sapiens	GCF_000001405.40	NCBI RefSeq (datasets genomic.gff)	GRCh38.p14	NC_000010.11	GeneID:2263	ENST00000358487;ENST00001142305	XP_024303659.1	121478330	121598458	-	10	downstream	GeneID:10935	PRDX3	119167720	119178812	-	protein_coding	NP_001289201.1	true	2299518	external:NCBI/GCF_000001405.40/genomic.gff	neighborhood_extracted	
homo_sapiens	GCF_000001405.40	NCBI RefSeq (datasets genomic.gff)	GRCh38.p14	NC_000010.11	GeneID:2263	ENST00000358487;ENST00001142305	XP_024303659.1	121478330	121598458	-	1	upstream	GeneID:11101	ATE1	121740424	121928463	-	protein_coding	NP_001426310.1	true	141966	external:NCBI/GCF_000001405.40/genomic.gff	neighborhood_extracted	
homo_sapiens	GCF_000001405.40	NCBI RefSeq (datasets genomic.gff)	GRCh38.p14	NC_000010.11	GeneID:2263	ENST00000358487;ENST00001142305	XP_024303659.1	121478330	121598458	-	2	upstream	GeneID:54780	NSMCE4A	121957091	121975217	-	protein_coding	NP_001161337.1	true	358633	external:NCBI/GCF_000001405.40/genomic.gff	neighborhood_extracted	
homo_sapiens	GCF_000001405.40	NCBI RefSeq (datasets genomic.gff)	GRCh38.p14	NC_000010.11	GeneID:2263	ENST00000358487;ENST00001142305	XP_024303659.1	121478330	121598458	-	3	upstream	GeneID:10579	TACC2	121989163	122254542	+	protein_coding	NP_001278806.2	true	390705	external:NCBI/GCF_000001405.40/genomic.gff	neighborhood_extracted	
homo_sapiens	GCF_000001405.40	NCBI RefSeq (datasets genomic.gff)	GRCh38.p14	NC_000010.11	GeneID:2263	ENST00000358487;ENST00001142305	XP_024303659.1	121478330	121598458	-	4	upstream	GeneID:118663	BTBD16	122271296	122338159	+	protein_coding	NP_001305118.1	true	672838	external:NCBI/GCF_000001405.40/genomic.gff	neighborhood_extracted	
homo_sapiens	GCF_000001405.40	NCBI RefSeq (datasets genomic.gff)	GRCh38.p14	NC_000010.11	GeneID:2263	ENST00000358487;ENST00001142305	XP_024303659.1	121478330	121598458	-	5	upstream	GeneID:59338	PLEKHA1	122374708	122442600	+	protein_coding	XP_024303876.1	true	776250	external:NCBI/GCF_000001405.40/genomic.gff	neighborhood_extracted	
homo_sapiens	GCF_000001405.40	NCBI RefSeq (datasets genomic.gff)	GRCh38.p14	NC_000010.11	GeneID:2263	ENST00000358487;ENST00001142305	XP_024303659.1	121478330	121598458	-	6	upstream	GeneID:387715	ARMS2	122454653	122457352	+	protein_coding	NP_001093137.1	true	856195	external:NCBI/GCF_000001405.40/genomic.gff	neighborhood_extracted	
homo_sapiens	GCF_000001405.40	NCBI RefSeq (datasets genomic.gff)	GRCh38.p14	NC_000010.11	GeneID:2263	ENST00000358487;ENST00001142305	XP_024303659.1	121478330	121598458	-	7	upstream	GeneID:5654	HTRA1	122461553	122514907	+	protein_coding	NP_002766.1	true	863095	external:NCBI/GCF_000001405.40/genomic.gff	neighborhood_extracted	
homo_sapiens	GCF_000001405.40	NCBI RefSeq (datasets genomic.gff)	GRCh38.p14	NC_000010.11	GeneID:2263	ENST00000358487;ENST00001142305	XP_024303659.1	121478330	121598458	-	8	upstream	GeneID:1755	DMBT1	122560754	122643736	+	protein_coding	NP_001364459.1	true	962296	external:NCBI/GCF_000001405.40/genomic.gff	neighborhood_extracted	
homo_sapiens	GCF_000001405.40	NCBI RefSeq (datasets genomic.gff)	GRCh38.p14	NC_000010.11	GeneID:2263	ENST00000358487;ENST00001142305	XP_024303659.1	121478330	121598458	-	9	upstream	GeneID:112577516	SPADH	122672850	122679494	+	protein_coding	NP_001351390.1	true	1074392	external:NCBI/GCF_000001405.40/genomic.gff	neighborhood_extracted	
homo_sapiens	GCF_000001405.40	NCBI RefSeq (datasets genomic.gff)	GRCh38.p14	NC_000010.11	GeneID:2263	ENST00000358487;ENST00001142305	XP_024303659.1	121478330	121598458	-	10	upstream	GeneID:399814	C10orf120	122697709	122699846	-	protein_coding	NP_001010912.1	true	1099251	external:NCBI/GCF_000001405.40/genomic.gff	neighborhood_extracted	
pan_troglodytes	GCF_028858775.2	NCBI RefSeq (datasets genomic.gff)	NHGRI_mPanTro3-v2.1_pri	NC_072406.2	GeneID:466220	XM_054660538.2;XM_054660539.2	XP_054516519.1	133589738	133710843	-	1	downstream	GeneID:450784	WDR11	132969677	133027666	+	protein_coding	XP_508077.4	true	562072	external:NCBI/GCF_028858775.2/genomic.gff	neighborhood_extracted	
pan_troglodytes	GCF_028858775.2	NCBI RefSeq (datasets genomic.gff)	NHGRI_mPanTro3-v2.1_pri	NC_072406.2	GeneID:466220	XM_054660538.2;XM_054660539.2	XP_054516519.1	133589738	133710843	-	2	downstream	GeneID:741827	PLPP4	132573442	132706019	+	protein_coding	XP_001156337.1	true	883719	external:NCBI/GCF_028858775.2/genomic.gff	neighborhood_extracted	
pan_troglodytes	GCF_028858775.2	NCBI RefSeq (datasets genomic.gff)	NHGRI_mPanTro3-v2.1_pri	NC_072406.2	GeneID:466220	XM_054660538.2;XM_054660539.2	XP_054516519.1	133589738	133710843	-	3	downstream	GeneID:450782	SEC23IP	131996835	132046388	+	protein_coding	XP_508076.4	true	1543350	external:NCBI/GCF_028858775.2/genomic.gff	neighborhood_extracted	
pan_troglodytes	GCF_028858775.2	NCBI RefSeq (datasets genomic.gff)	NHGRI_mPanTro3-v2.1_pri	NC_072406.2	GeneID:466220	XM_054660538.2;XM_054660539.2	XP_054516519.1	133589738	133710843	-	4	downstream	GeneID:450781	MCMBP	131934073	131978166	-	protein_coding	XP_508075.4	true	1611572	external:NCBI/GCF_028858775.2/genomic.gff	neighborhood_extracted	
pan_troglodytes	GCF_028858775.2	NCBI RefSeq (datasets genomic.gff)	NHGRI_mPanTro3-v2.1_pri	NC_072406.2	GeneID:466220	XM_054660538.2;XM_054660539.2	XP_054516519.1	133589738	133710843	-	5	downstream	GeneID:450780	INPP5F	131829932	131933431	+	protein_coding	XP_508074.2	true	1656307	external:NCBI/GCF_028858775.2/genomic.gff	neighborhood_extracted	
pan_troglodytes	GCF_028858775.2	NCBI RefSeq (datasets genomic.gff)	NHGRI_mPanTro3-v2.1_pri	NC_072406.2	GeneID:466220	XM_054660538.2;XM_054660539.2	XP_054516519.1	133589738	133710843	-	6	downstream	GeneID:134806977	LOC134806977	131788492	131789296	-	protein_coding	XP_063637602.1	true	1800442	external:NCBI/GCF_028858775.2/genomic.gff	neighborhood_extracted	
pan_troglodytes	GCF_028858775.2	NCBI RefSeq (datasets genomic.gff)	NHGRI_mPanTro3-v2.1_pri	NC_072406.2	GeneID:466220	XM_054660538.2;XM_054660539.2	XP_054516519.1	133589738	133710843	-	7	downstream	GeneID:450778	BAG3	131756511	131783247	+	protein_coding	XP_016774979.1	true	1806491	external:NCBI/GCF_028858775.2/genomic.gff	neighborhood_extracted	
pan_troglodytes	GCF_028858775.2	NCBI RefSeq (datasets genomic.gff)	NHGRI_mPanTro3-v2.1_pri	NC_072406.2	GeneID:466220	XM_054660538.2;XM_054660539.2	XP_054516519.1	133589738	133710843	-	8	downstream	GeneID:741513	LOC741513	131743546	131744311	+	protein_coding	XP_054516508.2	true	1845427	external:NCBI/GCF_028858775.2/genomic.gff	neighborhood_extracted	
pan_troglodytes	GCF_028858775.2	NCBI RefSeq (datasets genomic.gff)	NHGRI_mPanTro3-v2.1_pri	NC_072406.2	GeneID:466220	XM_054660538.2;XM_054660539.2	XP_054516519.1	133589738	133710843	-	9	downstream	GeneID:741374	TIAL1	131679204	131701036	-	protein_coding	XP_009457611.1	true	1888702	external:NCBI/GCF_028858775.2/genomic.gff	neighborhood_extracted	
pan_troglodytes	GCF_028858775.2	NCBI RefSeq (datasets genomic.gff)	NHGRI_mPanTro3-v2.1_pri	NC_072406.2	GeneID:466220	XM_054660538.2;XM_054660539.2	XP_054516519.1	133589738	133710843	-	10	downstream	GeneID:741334	RGS10	131605373	131648584	-	protein_coding	XP_016774973.1	true	1941154	external:NCBI/GCF_028858775.2/genomic.gff	neighborhood_extracted	
pan_troglodytes	GCF_028858775.2	NCBI RefSeq (datasets genomic.gff)	NHGRI_mPanTro3-v2.1_pri	NC_072406.2	GeneID:466220	XM_054660538.2;XM_054660539.2	XP_054516519.1	133589738	133710843	-	1	upstream	GeneID:450786	ATE1	133852070	134039605	-	protein_coding	XP_003312840.1	true	141227	external:NCBI/GCF_028858775.2/genomic.gff	neighborhood_extracted	
pan_troglodytes	GCF_028858775.2	NCBI RefSeq (datasets genomic.gff)	NHGRI_mPanTro3-v2.1_pri	NC_072406.2	GeneID:466220	XM_054660538.2;XM_054660539.2	XP_054516519.1	133589738	133710843	-	2	upstream	GeneID:742274	NSMCE4A	134068242	134087969	-	protein_coding	XP_001157827.5	true	357399	external:NCBI/GCF_028858775.2/genomic.gff	neighborhood_extracted	
pan_troglodytes	GCF_028858775.2	NCBI RefSeq (datasets genomic.gff)	NHGRI_mPanTro3-v2.1_pri	NC_072406.2	GeneID:466220	XM_054660538.2;XM_054660539.2	XP_054516519.1	133589738	133710843	-	3	upstream	GeneID:742328	TACC2	134105283	134363299	+	protein_coding	XP_063638259.1	true	394440	external:NCBI/GCF_028858775.2/genomic.gff	neighborhood_extracted	
pan_troglodytes	GCF_028858775.2	NCBI RefSeq (datasets genomic.gff)	NHGRI_mPanTro3-v2.1_pri	NC_072406.2	GeneID:466220	XM_054660538.2;XM_054660539.2	XP_054516519.1	133589738	133710843	-	4	upstream	GeneID:742437	BTBD16	134379992	134446641	+	protein_coding	XP_009457460.4	true	669149	external:NCBI/GCF_028858775.2/genomic.gff	neighborhood_extracted	
pan_troglodytes	GCF_028858775.2	NCBI RefSeq (datasets genomic.gff)	NHGRI_mPanTro3-v2.1_pri	NC_072406.2	GeneID:466220	XM_054660538.2;XM_054660539.2	XP_054516519.1	133589738	133710843	-	5	upstream	GeneID:450790	PLEKHA1	134483061	134534048	+	protein_coding	XP_016775027.1	true	772218	external:NCBI/GCF_028858775.2/genomic.gff	neighborhood_extracted	
pan_troglodytes	GCF_028858775.2	NCBI RefSeq (datasets genomic.gff)	NHGRI_mPanTro3-v2.1_pri	NC_072406.2	GeneID:466220	XM_054660538.2;XM_054660539.2	XP_054516519.1	133589738	133710843	-	6	upstream	GeneID:450791	ARMS2	134556338	134559066	+	protein_coding	XP_016775033.1	true	845495	external:NCBI/GCF_028858775.2/genomic.gff	neighborhood_extracted	
pan_troglodytes	GCF_028858775.2	NCBI RefSeq (datasets genomic.gff)	NHGRI_mPanTro3-v2.1_pri	NC_072406.2	GeneID:466220	XM_054660538.2;XM_054660539.2	XP_054516519.1	133589738	133710843	-	7	upstream	GeneID:450792	HTRA1	134563185	134616495	+	protein_coding	XP_016775034.1	true	852342	external:NCBI/GCF_028858775.2/genomic.gff	neighborhood_extracted	
pan_troglodytes	GCF_028858775.2	NCBI RefSeq (datasets genomic.gff)	NHGRI_mPanTro3-v2.1_pri	NC_072406.2	GeneID:466220	XM_054660538.2;XM_054660539.2	XP_054516519.1	133589738	133710843	-	8	upstream	GeneID:466221	DMBT1	134662419	134733493	+	protein_coding	XP_024202423.3	true	951576	external:NCBI/GCF_028858775.2/genomic.gff	neighborhood_extracted	
pan_troglodytes	GCF_028858775.2	NCBI RefSeq (datasets genomic.gff)	NHGRI_mPanTro3-v2.1_pri	NC_072406.2	GeneID:466220	XM_054660538.2;XM_054660539.2	XP_054516519.1	133589738	133710843	-	9	upstream	GeneID:129136225	SPADH	134762583	134768736	+	protein_coding	XP_054516579.1	true	1051740	external:NCBI/GCF_028858775.2/genomic.gff	neighborhood_extracted	
pan_troglodytes	GCF_028858775.2	NCBI RefSeq (datasets genomic.gff)	NHGRI_mPanTro3-v2.1_pri	NC_072406.2	GeneID:466220	XM_054660538.2;XM_054660539.2	XP_054516519.1	133589738	133710843	-	10	upstream	GeneID:742717	C10H10orf120	134786733	134788535	-	protein_coding	XP_001160071.1	true	1075890	external:NCBI/GCF_028858775.2/genomic.gff	neighborhood_extracted	
gorilla_gorilla_gorilla	GCF_029281585.2	NCBI RefSeq (datasets genomic.gff)	NHGRI_mGorGor1-v2.1_pri	NC_073232.2	GeneID:101153046	ENSGGOT00000059958;XP_004050253.1	XP_004050253.1	133777512	133899067	-	1	downstream	GeneID:101151121	LOC101151121	133685979	133686929	+	protein_coding	XP_055208036.2	true	90583	external:NCBI/GCF_029281585.2/genomic.gff	neighborhood_extracted	
gorilla_gorilla_gorilla	GCF_029281585.2	NCBI RefSeq (datasets genomic.gff)	NHGRI_mGorGor1-v2.1_pri	NC_073232.2	GeneID:101153046	ENSGGOT00000059958;XP_004050253.1	XP_004050253.1	133777512	133899067	-	2	downstream	GeneID:101154496	WDR11	133153195	133211106	+	protein_coding	XP_018890786.1	true	566406	external:NCBI/GCF_029281585.2/genomic.gff	neighborhood_extracted	
gorilla_gorilla_gorilla	GCF_029281585.2	NCBI RefSeq (datasets genomic.gff)	NHGRI_mGorGor1-v2.1_pri	NC_073232.2	GeneID:101153046	ENSGGOT00000059958;XP_004050253.1	XP_004050253.1	133777512	133899067	-	3	downstream	GeneID:134759250	LOC134759250	132896636	132897152	+	protein_coding	XP_063566612.1	true	880360	external:NCBI/GCF_029281585.2/genomic.gff	neighborhood_extracted	
gorilla_gorilla_gorilla	GCF_029281585.2	NCBI RefSeq (datasets genomic.gff)	NHGRI_mGorGor1-v2.1_pri	NC_073232.2	GeneID:101153046	ENSGGOT00000059958;XP_004050253.1	XP_004050253.1	133777512	133899067	-	4	downstream	GeneID:101150028	PLPP4	132756492	132888252	+	protein_coding	XP_055209213.1	true	889260	external:NCBI/GCF_029281585.2/genomic.gff	neighborhood_extracted	
gorilla_gorilla_gorilla	GCF_029281585.2	NCBI RefSeq (datasets genomic.gff)	NHGRI_mGorGor1-v2.1_pri	NC_073232.2	GeneID:101153046	ENSGGOT00000059958;XP_004050253.1	XP_004050253.1	133777512	133899067	-	5	downstream	GeneID:101146450	SEC23IP	132186254	132236304	+	protein_coding	XP_004050238.2	true	1541208	external:NCBI/GCF_029281585.2/genomic.gff	neighborhood_extracted	
gorilla_gorilla_gorilla	GCF_029281585.2	NCBI RefSeq (datasets genomic.gff)	NHGRI_mGorGor1-v2.1_pri	NC_073232.2	GeneID:101153046	ENSGGOT00000059958;XP_004050253.1	XP_004050253.1	133777512	133899067	-	6	downstream	GeneID:101145863	MCMBP	132121588	132164733	-	protein_coding	XP_004050236.1	true	1612779	external:NCBI/GCF_029281585.2/genomic.gff	neighborhood_extracted	
gorilla_gorilla_gorilla	GCF_029281585.2	NCBI RefSeq (datasets genomic.gff)	NHGRI_mGorGor1-v2.1_pri	NC_073232.2	GeneID:101153046	ENSGGOT00000059958;XP_004050253.1	XP_004050253.1	133777512	133899067	-	7	downstream	GeneID:101149322	INPP5F	132019223	132120952	+	protein_coding	XP_030870993.3	true	1656560	external:NCBI/GCF_029281585.2/genomic.gff	neighborhood_extracted	
gorilla_gorilla_gorilla	GCF_029281585.2	NCBI RefSeq (datasets genomic.gff)	NHGRI_mGorGor1-v2.1_pri	NC_073232.2	GeneID:101153046	ENSGGOT00000059958;XP_004050253.1	XP_004050253.1	133777512	133899067	-	8	downstream	GeneID:101145129	BAG3	131946126	131972728	+	protein_coding	XP_018890203.1	true	1804784	external:NCBI/GCF_029281585.2/genomic.gff	neighborhood_extracted	
gorilla_gorilla_gorilla	GCF_029281585.2	NCBI RefSeq (datasets genomic.gff)	NHGRI_mGorGor1-v2.1_pri	NC_073232.2	GeneID:101153046	ENSGGOT00000059958;XP_004050253.1	XP_004050253.1	133777512	133899067	-	9	downstream	GeneID:101143159	TIAL1	131869239	131890460	-	protein_coding	XP_004050232.1	true	1887052	external:NCBI/GCF_029281585.2/genomic.gff	neighborhood_extracted	
gorilla_gorilla_gorilla	GCF_029281585.2	NCBI RefSeq (datasets genomic.gff)	NHGRI_mGorGor1-v2.1_pri	NC_073232.2	GeneID:101153046	ENSGGOT00000059958;XP_004050253.1	XP_004050253.1	133777512	133899067	-	10	downstream	GeneID:101142437	RGS10	131791594	131834913	-	protein_coding	XP_030871564.1	true	1942599	external:NCBI/GCF_029281585.2/genomic.gff	neighborhood_extracted	
gorilla_gorilla_gorilla	GCF_029281585.2	NCBI RefSeq (datasets genomic.gff)	NHGRI_mGorGor1-v2.1_pri	NC_073232.2	GeneID:101153046	ENSGGOT00000059958;XP_004050253.1	XP_004050253.1	133777512	133899067	-	1	upstream	GeneID:101128164	ATE1	134037759	134218959	-	protein_coding	XP_030871285.1	true	138692	external:NCBI/GCF_029281585.2/genomic.gff	neighborhood_extracted	
gorilla_gorilla_gorilla	GCF_029281585.2	NCBI RefSeq (datasets genomic.gff)	NHGRI_mGorGor1-v2.1_pri	NC_073232.2	GeneID:101153046	ENSGGOT00000059958;XP_004050253.1	XP_004050253.1	133777512	133899067	-	2	upstream	GeneID:101128882	NSMCE4A	134247550	134268651	-	protein_coding	XP_030871473.1	true	348483	external:NCBI/GCF_029281585.2/genomic.gff	neighborhood_extracted	
gorilla_gorilla_gorilla	GCF_029281585.2	NCBI RefSeq (datasets genomic.gff)	NHGRI_mGorGor1-v2.1_pri	NC_073232.2	GeneID:101153046	ENSGGOT00000059958;XP_004050253.1	XP_004050253.1	133777512	133899067	-	3	upstream	GeneID:101125009	TACC2	134285555	134543495	+	protein_coding	XP_063566614.1	true	386488	external:NCBI/GCF_029281585.2/genomic.gff	neighborhood_extracted	
gorilla_gorilla_gorilla	GCF_029281585.2	NCBI RefSeq (datasets genomic.gff)	NHGRI_mGorGor1-v2.1_pri	NC_073232.2	GeneID:101153046	ENSGGOT00000059958;XP_004050253.1	XP_004050253.1	133777512	133899067	-	4	upstream	GeneID:101125856	BTBD16	134560597	134627443	+	protein_coding	XP_055209943.2	true	661530	external:NCBI/GCF_029281585.2/genomic.gff	neighborhood_extracted	
gorilla_gorilla_gorilla	GCF_029281585.2	NCBI RefSeq (datasets genomic.gff)	NHGRI_mGorGor1-v2.1_pri	NC_073232.2	GeneID:101153046	ENSGGOT00000059958;XP_004050253.1	XP_004050253.1	133777512	133899067	-	5	upstream	GeneID:101126217	PLEKHA1	134663187	134721077	+	protein_coding	XP_004050260.1	true	764120	external:NCBI/GCF_029281585.2/genomic.gff	neighborhood_extracted	
gorilla_gorilla_gorilla	GCF_029281585.2	NCBI RefSeq (datasets genomic.gff)	NHGRI_mGorGor1-v2.1_pri	NC_073232.2	GeneID:101153046	ENSGGOT00000059958;XP_004050253.1	XP_004050253.1	133777512	133899067	-	6	upstream	GeneID:101126808	ARMS2	134743374	134746088	+	protein_coding	XP_004050261.2	true	844307	external:NCBI/GCF_029281585.2/genomic.gff	neighborhood_extracted	
gorilla_gorilla_gorilla	GCF_029281585.2	NCBI RefSeq (datasets genomic.gff)	NHGRI_mGorGor1-v2.1_pri	NC_073232.2	GeneID:101153046	ENSGGOT00000059958;XP_004050253.1	XP_004050253.1	133777512	133899067	-	7	upstream	GeneID:101127178	HTRA1	134750196	134803888	+	protein_coding	XP_004050262.2	true	851129	external:NCBI/GCF_029281585.2/genomic.gff	neighborhood_extracted	
gorilla_gorilla_gorilla	GCF_029281585.2	NCBI RefSeq (datasets genomic.gff)	NHGRI_mGorGor1-v2.1_pri	NC_073232.2	GeneID:101153046	ENSGGOT00000059958;XP_004050253.1	XP_004050253.1	133777512	133899067	-	8	upstream	GeneID:101129226	DMBT1	134849992	134924749	+	protein_coding	XP_063566625.1	true	950925	external:NCBI/GCF_029281585.2/genomic.gff	neighborhood_extracted	
gorilla_gorilla_gorilla	GCF_029281585.2	NCBI RefSeq (datasets genomic.gff)	NHGRI_mGorGor1-v2.1_pri	NC_073232.2	GeneID:101153046	ENSGGOT00000059958;XP_004050253.1	XP_004050253.1	133777512	133899067	-	9	upstream	GeneID:115936048	SPADH	134954222	135007273	+	protein_coding	XP_030871425.1	true	1055155	external:NCBI/GCF_029281585.2/genomic.gff	neighborhood_extracted	
gorilla_gorilla_gorilla	GCF_029281585.2	NCBI RefSeq (datasets genomic.gff)	NHGRI_mGorGor1-v2.1_pri	NC_073232.2	GeneID:101153046	ENSGGOT00000059958;XP_004050253.1	XP_004050253.1	133777512	133899067	-	10	upstream	GeneID:101127790	C8H10orf120	134977681	134979480	-	protein_coding	XP_004050263.2	true	1078614	external:NCBI/GCF_029281585.2/genomic.gff	neighborhood_extracted	
pongo_abelii	GCF_028885655.2	NCBI RefSeq (datasets genomic.gff)	NHGRI_mPonAbe1-v2.1_pri	NC_071993.2	GeneID:100171540	XM_024252936;XM_024252936.3	NP_001124693.2	128552204	128671688	-	1	downstream	GeneID:100433048	WDR11	127922796	127981218	+	protein_coding	XP_024109469.2	true	570986	external:NCBI/GCF_028885655.2/genomic.gff	neighborhood_extracted	
pongo_abelii	GCF_028885655.2	NCBI RefSeq (datasets genomic.gff)	NHGRI_mPonAbe1-v2.1_pri	NC_071993.2	GeneID:100171540	XM_024252936;XM_024252936.3	NP_001124693.2	128552204	128671688	-	2	downstream	GeneID:100431802	PLPP4	127510195	127654892	+	protein_coding	XP_063583853.1	true	897312	external:NCBI/GCF_028885655.2/genomic.gff	neighborhood_extracted	
pongo_abelii	GCF_028885655.2	NCBI RefSeq (datasets genomic.gff)	NHGRI_mPonAbe1-v2.1_pri	NC_071993.2	GeneID:100171540	XM_024252936;XM_024252936.3	NP_001124693.2	128552204	128671688	-	3	downstream	GeneID:100461776	LOC100461776	127020033	127020605	-	protein_coding	XP_054379476.2	true	1531599	external:NCBI/GCF_028885655.2/genomic.gff	neighborhood_extracted	
pongo_abelii	GCF_028885655.2	NCBI RefSeq (datasets genomic.gff)	NHGRI_mPonAbe1-v2.1_pri	NC_071993.2	GeneID:100171540	XM_024252936;XM_024252936.3	NP_001124693.2	128552204	128671688	-	4	downstream	GeneID:100174536	SEC23IP	126938962	126988196	+	protein_coding	NP_001127463.1	true	1564008	external:NCBI/GCF_028885655.2/genomic.gff	neighborhood_extracted	
pongo_abelii	GCF_028885655.2	NCBI RefSeq (datasets genomic.gff)	NHGRI_mPonAbe1-v2.1_pri	NC_071993.2	GeneID:100171540	XM_024252936;XM_024252936.3	NP_001124693.2	128552204	128671688	-	5	downstream	GeneID:100460295	MCMBP	126881523	126938782	-	protein_coding	XP_054378935.1	true	1613422	external:NCBI/GCF_028885655.2/genomic.gff	neighborhood_extracted	
pongo_abelii	GCF_028885655.2	NCBI RefSeq (datasets genomic.gff)	NHGRI_mPonAbe1-v2.1_pri	NC_071993.2	GeneID:100171540	XM_024252936;XM_024252936.3	NP_001124693.2	128552204	128671688	-	6	downstream	GeneID:100171873	INPP5F	126741131	126879507	+	protein_coding	XP_054377392.1	true	1672697	external:NCBI/GCF_028885655.2/genomic.gff	neighborhood_extracted	
pongo_abelii	GCF_028885655.2	NCBI RefSeq (datasets genomic.gff)	NHGRI_mPonAbe1-v2.1_pri	NC_071993.2	GeneID:100171540	XM_024252936;XM_024252936.3	NP_001124693.2	128552204	128671688	-	7	downstream	GeneID:100459558	BAG3	126706027	126732906	+	protein_coding	XP_009244120.2	true	1819298	external:NCBI/GCF_028885655.2/genomic.gff	neighborhood_extracted	
pongo_abelii	GCF_028885655.2	NCBI RefSeq (datasets genomic.gff)	NHGRI_mPonAbe1-v2.1_pri	NC_071993.2	GeneID:100171540	XM_024252936;XM_024252936.3	NP_001124693.2	128552204	128671688	-	8	downstream	GeneID:100458818	LOC100458818	126693125	126693714	+	protein_coding	XP_054377815.2	true	1858490	external:NCBI/GCF_028885655.2/genomic.gff	neighborhood_extracted	
pongo_abelii	GCF_028885655.2	NCBI RefSeq (datasets genomic.gff)	NHGRI_mPonAbe1-v2.1_pri	NC_071993.2	GeneID:100171540	XM_024252936;XM_024252936.3	NP_001124693.2	128552204	128671688	-	9	downstream	GeneID:100457373	TIAL1	126631185	126652276	-	protein_coding	XP_024109405.1	true	1899928	external:NCBI/GCF_028885655.2/genomic.gff	neighborhood_extracted	
pongo_abelii	GCF_028885655.2	NCBI RefSeq (datasets genomic.gff)	NHGRI_mPonAbe1-v2.1_pri	NC_071993.2	GeneID:100171540	XM_024252936;XM_024252936.3	NP_001124693.2	128552204	128671688	-	10	downstream	GeneID:100436385	LOC100436385	126619178	126620155	+	protein_coding	XP_054378934.2	true	1932049	external:NCBI/GCF_028885655.2/genomic.gff	neighborhood_extracted	
pongo_abelii	GCF_028885655.2	NCBI RefSeq (datasets genomic.gff)	NHGRI_mPonAbe1-v2.1_pri	NC_071993.2	GeneID:100171540	XM_024252936;XM_024252936.3	NP_001124693.2	128552204	128671688	-	1	upstream	GeneID:100433801	LOC100433801	128786600	128786980	+	protein_coding	XP_054377816.1	true	114912	external:NCBI/GCF_028885655.2/genomic.gff	neighborhood_extracted	
pongo_abelii	GCF_028885655.2	NCBI RefSeq (datasets genomic.gff)	NHGRI_mPonAbe1-v2.1_pri	NC_071993.2	GeneID:100171540	XM_024252936;XM_024252936.3	NP_001124693.2	128552204	128671688	-	2	upstream	GeneID:100172501	ATE1	128814608	129002472	-	protein_coding	XP_063583160.1	true	142920	external:NCBI/GCF_028885655.2/genomic.gff	neighborhood_extracted	
pongo_abelii	GCF_028885655.2	NCBI RefSeq (datasets genomic.gff)	NHGRI_mPonAbe1-v2.1_pri	NC_071993.2	GeneID:100171540	XM_024252936;XM_024252936.3	NP_001124693.2	128552204	128671688	-	3	upstream	GeneID:100434181	NSMCE4A	129026805	129044436	-	protein_coding	XP_003780694.2	true	355117	external:NCBI/GCF_028885655.2/genomic.gff	neighborhood_extracted	
pongo_abelii	GCF_028885655.2	NCBI RefSeq (datasets genomic.gff)	NHGRI_mPonAbe1-v2.1_pri	NC_071993.2	GeneID:100171540	XM_024252936;XM_024252936.3	NP_001124693.2	128552204	128671688	-	4	upstream	GeneID:100436049	TACC2	129092058	129322011	+	protein_coding	XP_054378943.2	true	420370	external:NCBI/GCF_028885655.2/genomic.gff	neighborhood_extracted	
pongo_abelii	GCF_028885655.2	NCBI RefSeq (datasets genomic.gff)	NHGRI_mPonAbe1-v2.1_pri	NC_071993.2	GeneID:100171540	XM_024252936;XM_024252936.3	NP_001124693.2	128552204	128671688	-	5	upstream	GeneID:100436678	BTBD16	129338739	129406212	+	protein_coding	XP_054378965.2	true	667051	external:NCBI/GCF_028885655.2/genomic.gff	neighborhood_extracted	
pongo_abelii	GCF_028885655.2	NCBI RefSeq (datasets genomic.gff)	NHGRI_mPonAbe1-v2.1_pri	NC_071993.2	GeneID:100171540	XM_024252936;XM_024252936.3	NP_001124693.2	128552204	128671688	-	6	upstream	GeneID:100174594	PLEKHA1	129441056	129498723	+	protein_coding	XP_054377744.1	true	769368	external:NCBI/GCF_028885655.2/genomic.gff	neighborhood_extracted	
pongo_abelii	GCF_028885655.2	NCBI RefSeq (datasets genomic.gff)	NHGRI_mPonAbe1-v2.1_pri	NC_071993.2	GeneID:100171540	XM_024252936;XM_024252936.3	NP_001124693.2	128552204	128671688	-	7	upstream	GeneID:100437793	ARMS2	129516712	129523286	+	protein_coding	XP_063583308.1	true	845024	external:NCBI/GCF_028885655.2/genomic.gff	neighborhood_extracted	
pongo_abelii	GCF_028885655.2	NCBI RefSeq (datasets genomic.gff)	NHGRI_mPonAbe1-v2.1_pri	NC_071993.2	GeneID:100171540	XM_024252936;XM_024252936.3	NP_001124693.2	128552204	128671688	-	8	upstream	GeneID:100437050	HTRA1	129527355	129582185	+	protein_coding	XP_002821267.3	true	855667	external:NCBI/GCF_028885655.2/genomic.gff	neighborhood_extracted	
pongo_abelii	GCF_028885655.2	NCBI RefSeq (datasets genomic.gff)	NHGRI_mPonAbe1-v2.1_pri	NC_071993.2	GeneID:100171540	XM_024252936;XM_024252936.3	NP_001124693.2	128552204	128671688	-	9	upstream	GeneID:100438168	LOC100438168	129628228	129710355	+	protein_coding	XP_063583309.1	true	956540	external:NCBI/GCF_028885655.2/genomic.gff	neighborhood_extracted	
pongo_abelii	GCF_028885655.2	NCBI RefSeq (datasets genomic.gff)	NHGRI_mPonAbe1-v2.1_pri	NC_071993.2	GeneID:100171540	XM_024252936;XM_024252936.3	NP_001124693.2	128552204	128671688	-	10	upstream	GeneID:129048376	SPADH	129742255	129748899	+	protein_coding	XP_054378968.1	true	1070567	external:NCBI/GCF_028885655.2/genomic.gff	neighborhood_extracted	
macaca_mulatta	GCF_049350105.2	NCBI RefSeq (datasets genomic.gff)	T2T-MMU8v2.0	NC_133414.1	GeneID:715949	XM_015148329.3;XM_077947649.1	XP_077803780.1	133566980	133689745	-	1	downstream	GeneID:714990	WDR11	132963015	133018305	+	protein_coding	NP_001253758.1	true	548675	external:NCBI/GCF_049350105.2/genomic.gff	neighborhood_extracted	
macaca_mulatta	GCF_049350105.2	NCBI RefSeq (datasets genomic.gff)	T2T-MMU8v2.0	NC_133414.1	GeneID:715949	XM_015148329.3;XM_077947649.1	XP_077803780.1	133566980	133689745	-	2	downstream	GeneID:704483	PLPP4	132566250	132700946	+	protein_coding	NP_001253632.1	true	866034	external:NCBI/GCF_049350105.2/genomic.gff	neighborhood_extracted	
macaca_mulatta	GCF_049350105.2	NCBI RefSeq (datasets genomic.gff)	T2T-MMU8v2.0	NC_133414.1	GeneID:715949	XM_015148329.3;XM_077947649.1	XP_077803780.1	133566980	133689745	-	3	downstream	GeneID:704155	SEC23IP	131995521	132046814	+	protein_coding	XP_001100615.3	true	1520166	external:NCBI/GCF_049350105.2/genomic.gff	neighborhood_extracted	
macaca_mulatta	GCF_049350105.2	NCBI RefSeq (datasets genomic.gff)	T2T-MMU8v2.0	NC_133414.1	GeneID:715949	XM_015148329.3;XM_077947649.1	XP_077803780.1	133566980	133689745	-	4	downstream	GeneID:704028	MCMBP	131930946	131975623	-	protein_coding	XP_015003797.1	true	1591357	external:NCBI/GCF_049350105.2/genomic.gff	neighborhood_extracted	
macaca_mulatta	GCF_049350105.2	NCBI RefSeq (datasets genomic.gff)	T2T-MMU8v2.0	NC_133414.1	GeneID:715949	XM_015148329.3;XM_077947649.1	XP_077803780.1	133566980	133689745	-	5	downstream	GeneID:703808	INPP5F	131827979	131930310	+	protein_coding	XP_077803762.1	true	1636670	external:NCBI/GCF_049350105.2/genomic.gff	neighborhood_extracted	
macaca_mulatta	GCF_049350105.2	NCBI RefSeq (datasets genomic.gff)	T2T-MMU8v2.0	NC_133414.1	GeneID:715949	XM_015148329.3;XM_077947649.1	XP_077803780.1	133566980	133689745	-	6	downstream	GeneID:714420	BAG3	131749442	131776386	+	protein_coding	XP_015003656.3	true	1790594	external:NCBI/GCF_049350105.2/genomic.gff	neighborhood_extracted	
macaca_mulatta	GCF_049350105.2	NCBI RefSeq (datasets genomic.gff)	T2T-MMU8v2.0	NC_133414.1	GeneID:715949	XM_015148329.3;XM_077947649.1	XP_077803780.1	133566980	133689745	-	7	downstream	GeneID:703249	TIAL1	131670125	131691923	-	protein_coding	XP_015003792.1	true	1875057	external:NCBI/GCF_049350105.2/genomic.gff	neighborhood_extracted	
macaca_mulatta	GCF_049350105.2	NCBI RefSeq (datasets genomic.gff)	T2T-MMU8v2.0	NC_133414.1	GeneID:715949	XM_015148329.3;XM_077947649.1	XP_077803780.1	133566980	133689745	-	8	downstream	GeneID:144331357	LOC144331357	131641691	131646104	+	protein_coding	XP_077803771.1	true	1920876	external:NCBI/GCF_049350105.2/genomic.gff	neighborhood_extracted	
macaca_mulatta	GCF_049350105.2	NCBI RefSeq (datasets genomic.gff)	T2T-MMU8v2.0	NC_133414.1	GeneID:715949	XM_015148329.3;XM_077947649.1	XP_077803780.1	133566980	133689745	-	9	downstream	GeneID:703125	RGS10	131599334	131641594	-	protein_coding	NP_001248583.1	true	1925386	external:NCBI/GCF_049350105.2/genomic.gff	neighborhood_extracted	
macaca_mulatta	GCF_049350105.2	NCBI RefSeq (datasets genomic.gff)	T2T-MMU8v2.0	NC_133414.1	GeneID:715949	XM_015148329.3;XM_077947649.1	XP_077803780.1	133566980	133689745	-	10	downstream	GeneID:144331047	LOC144331047	131405733	131423882	-	protein_coding	XP_077801766.1	true	2143098	external:NCBI/GCF_049350105.2/genomic.gff	neighborhood_extracted	
macaca_mulatta	GCF_049350105.2	NCBI RefSeq (datasets genomic.gff)	T2T-MMU8v2.0	NC_133414.1	GeneID:715949	XM_015148329.3;XM_077947649.1	XP_077803780.1	133566980	133689745	-	1	upstream	GeneID:705248	ATE1	133835862	134021502	-	protein_coding	XP_077803845.1	true	146117	external:NCBI/GCF_049350105.2/genomic.gff	neighborhood_extracted	
macaca_mulatta	GCF_049350105.2	NCBI RefSeq (datasets genomic.gff)	T2T-MMU8v2.0	NC_133414.1	GeneID:715949	XM_015148329.3;XM_077947649.1	XP_077803780.1	133566980	133689745	-	2	upstream	GeneID:705375	NSMCE4A	134040701	134058974	-	protein_coding	XP_077803855.1	true	350956	external:NCBI/GCF_049350105.2/genomic.gff	neighborhood_extracted	
macaca_mulatta	GCF_049350105.2	NCBI RefSeq (datasets genomic.gff)	T2T-MMU8v2.0	NC_133414.1	GeneID:715949	XM_015148329.3;XM_077947649.1	XP_077803780.1	133566980	133689745	-	3	upstream	GeneID:705497	TACC2	134073087	134337955	+	protein_coding	XP_077803787.1	true	383342	external:NCBI/GCF_049350105.2/genomic.gff	neighborhood_extracted	
macaca_mulatta	GCF_049350105.2	NCBI RefSeq (datasets genomic.gff)	T2T-MMU8v2.0	NC_133414.1	GeneID:715949	XM_015148329.3;XM_077947649.1	XP_077803780.1	133566980	133689745	-	4	upstream	GeneID:705610	BTBD16	134343571	134422074	+	protein_coding	XP_028682791.2	true	653826	external:NCBI/GCF_049350105.2/genomic.gff	neighborhood_extracted	
macaca_mulatta	GCF_049350105.2	NCBI RefSeq (datasets genomic.gff)	T2T-MMU8v2.0	NC_133414.1	GeneID:715949	XM_015148329.3;XM_077947649.1	XP_077803780.1	133566980	133689745	-	5	upstream	GeneID:705731	PLEKHA1	134458453	134515563	+	protein_coding	XP_001103307.3	true	768708	external:NCBI/GCF_049350105.2/genomic.gff	neighborhood_extracted	
macaca_mulatta	GCF_049350105.2	NCBI RefSeq (datasets genomic.gff)	T2T-MMU8v2.0	NC_133414.1	GeneID:715949	XM_015148329.3;XM_077947649.1	XP_077803780.1	133566980	133689745	-	6	upstream	GeneID:100427910	ARMS2	134532540	134537643	+	protein_coding	XP_077804114.1	true	842795	external:NCBI/GCF_049350105.2/genomic.gff	neighborhood_extracted	
macaca_mulatta	GCF_049350105.2	NCBI RefSeq (datasets genomic.gff)	T2T-MMU8v2.0	NC_133414.1	GeneID:715949	XM_015148329.3;XM_077947649.1	XP_077803780.1	133566980	133689745	-	7	upstream	GeneID:705855	HTRA1	134544238	134596902	+	protein_coding	NP_001245105.1	true	854493	external:NCBI/GCF_049350105.2/genomic.gff	neighborhood_extracted	
macaca_mulatta	GCF_049350105.2	NCBI RefSeq (datasets genomic.gff)	T2T-MMU8v2.0	NC_133414.1	GeneID:715949	XM_015148329.3;XM_077947649.1	XP_077803780.1	133566980	133689745	-	8	upstream	GeneID:574192	DMBT1	134643208	134739921	+	protein_coding	XP_077803880.1	true	953463	external:NCBI/GCF_049350105.2/genomic.gff	neighborhood_extracted	
macaca_mulatta	GCF_049350105.2	NCBI RefSeq (datasets genomic.gff)	T2T-MMU8v2.0	NC_133414.1	GeneID:715949	XM_015148329.3;XM_077947649.1	XP_077803780.1	133566980	133689745	-	9	upstream	GeneID:114670057	SPADH	134772246	134779395	+	protein_coding	XP_028682798.1	true	1082501	external:NCBI/GCF_049350105.2/genomic.gff	neighborhood_extracted	
macaca_mulatta	GCF_049350105.2	NCBI RefSeq (datasets genomic.gff)	T2T-MMU8v2.0	NC_133414.1	GeneID:715949	XM_015148329.3;XM_077947649.1	XP_077803780.1	133566980	133689745	-	10	upstream	GeneID:706212	C9H10orf120	134796034	134820053	-	protein_coding	XP_077801346.1	true	1106289	external:NCBI/GCF_049350105.2/genomic.gff	neighborhood_extracted	
callithrix_jacchus	GCF_049354715.1	NCBI RefSeq (datasets genomic.gff)	calJac240_pri	NC_133513.1	GeneID:100393573	XM_078346634.1;XM_078346639.1	XP_035125190.1	114891195	115009071	-	1	downstream	GeneID:100389472	WDR11	114270239	114330102	+	protein_coding	XP_035125170.1	true	561093	external:NCBI/GCF_049354715.1/genomic.gff	neighborhood_extracted	
callithrix_jacchus	GCF_049354715.1	NCBI RefSeq (datasets genomic.gff)	calJac240_pri	NC_133513.1	GeneID:100393573	XM_078346634.1;XM_078346639.1	XP_035125190.1	114891195	115009071	-	2	downstream	GeneID:100387419	PLPP4	113859746	114046989	+	protein_coding	XP_054099354.1	true	844206	external:NCBI/GCF_049354715.1/genomic.gff	neighborhood_extracted	
callithrix_jacchus	GCF_049354715.1	NCBI RefSeq (datasets genomic.gff)	calJac240_pri	NC_133513.1	GeneID:100393573	XM_078346634.1;XM_078346639.1	XP_035125190.1	114891195	115009071	-	3	downstream	GeneID:108587771	LOC108587771	113302035	113304475	-	protein_coding	XP_017818699.2	true	1586720	external:NCBI/GCF_049354715.1/genomic.gff	neighborhood_extracted	
callithrix_jacchus	GCF_049354715.1	NCBI RefSeq (datasets genomic.gff)	calJac240_pri	NC_133513.1	GeneID:100393573	XM_078346634.1;XM_078346639.1	XP_035125190.1	114891195	115009071	-	4	downstream	GeneID:108587844	LOC108587844	113217362	113301552	-	protein_coding	XP_078202990.1	true	1589643	external:NCBI/GCF_049354715.1/genomic.gff	neighborhood_extracted	
callithrix_jacchus	GCF_049354715.1	NCBI RefSeq (datasets genomic.gff)	calJac240_pri	NC_133513.1	GeneID:100393573	XM_078346634.1;XM_078346639.1	XP_035125190.1	114891195	115009071	-	5	downstream	GeneID:118146404	LOC118146404	113164425	113174404	-	protein_coding	XP_054099352.1	true	1716791	external:NCBI/GCF_049354715.1/genomic.gff	neighborhood_extracted	
callithrix_jacchus	GCF_049354715.1	NCBI RefSeq (datasets genomic.gff)	calJac240_pri	NC_133513.1	GeneID:100393573	XM_078346634.1;XM_078346639.1	XP_035125190.1	114891195	115009071	-	6	downstream	GeneID:100414326	BAG3	113146778	113174970	-	protein_coding	XP_035125159.1	true	1716225	external:NCBI/GCF_049354715.1/genomic.gff	neighborhood_extracted	
callithrix_jacchus	GCF_049354715.1	NCBI RefSeq (datasets genomic.gff)	calJac240_pri	NC_133513.1	GeneID:100393573	XM_078346634.1;XM_078346639.1	XP_035125190.1	114891195	115009071	-	7	downstream	GeneID:118146093	LOC118146093	113127709	113151866	+	protein_coding	XP_054099350.2	true	1739329	external:NCBI/GCF_049354715.1/genomic.gff	neighborhood_extracted	
callithrix_jacchus	GCF_049354715.1	NCBI RefSeq (datasets genomic.gff)	calJac240_pri	NC_133513.1	GeneID:100393573	XM_078346634.1;XM_078346639.1	XP_035125190.1	114891195	115009071	-	8	downstream	GeneID:100386345	INPP5F	112989943	113096527	-	protein_coding	XP_035125154.2	true	1794668	external:NCBI/GCF_049354715.1/genomic.gff	neighborhood_extracted	
callithrix_jacchus	GCF_049354715.1	NCBI RefSeq (datasets genomic.gff)	calJac240_pri	NC_133513.1	GeneID:100393573	XM_078346634.1;XM_078346639.1	XP_035125190.1	114891195	115009071	-	9	downstream	GeneID:100385632	MCMBP	112943967	112989307	+	protein_coding	XP_002756707.1	true	1901888	external:NCBI/GCF_049354715.1/genomic.gff	neighborhood_extracted	
callithrix_jacchus	GCF_049354715.1	NCBI RefSeq (datasets genomic.gff)	calJac240_pri	NC_133513.1	GeneID:100393573	XM_078346634.1;XM_078346639.1	XP_035125190.1	114891195	115009071	-	10	downstream	GeneID:100387061	SEC23IP	112870575	112933414	-	protein_coding	XP_078202756.1	true	1957781	external:NCBI/GCF_049354715.1/genomic.gff	neighborhood_extracted	
callithrix_jacchus	GCF_049354715.1	NCBI RefSeq (datasets genomic.gff)	calJac240_pri	NC_133513.1	GeneID:100393573	XM_078346634.1;XM_078346639.1	XP_035125190.1	114891195	115009071	-	1	upstream	GeneID:118146411	LOC118146411	115021405	115155350	-	protein_coding	XP_078202820.1	true	12334	external:NCBI/GCF_049354715.1/genomic.gff	neighborhood_extracted	
callithrix_jacchus	GCF_049354715.1	NCBI RefSeq (datasets genomic.gff)	calJac240_pri	NC_133513.1	GeneID:100393573	XM_078346634.1;XM_078346639.1	XP_035125190.1	114891195	115009071	-	2	upstream	GeneID:100396459	ATE1	115159624	115317729	-	protein_coding	XP_078202811.1	true	150553	external:NCBI/GCF_049354715.1/genomic.gff	neighborhood_extracted	
callithrix_jacchus	GCF_049354715.1	NCBI RefSeq (datasets genomic.gff)	calJac240_pri	NC_133513.1	GeneID:100393573	XM_078346634.1;XM_078346639.1	XP_035125190.1	114891195	115009071	-	3	upstream	GeneID:128929351	LOC128929351	115317269	115324383	+	protein_coding	XP_078202819.1	true	308198	external:NCBI/GCF_049354715.1/genomic.gff	neighborhood_extracted	
callithrix_jacchus	GCF_049354715.1	NCBI RefSeq (datasets genomic.gff)	calJac240_pri	NC_133513.1	GeneID:100393573	XM_078346634.1;XM_078346639.1	XP_035125190.1	114891195	115009071	-	4	upstream	GeneID:100397321	NSMCE4A	115345614	115362187	-	protein_coding	XP_002756730.1	true	336543	external:NCBI/GCF_049354715.1/genomic.gff	neighborhood_extracted	
callithrix_jacchus	GCF_049354715.1	NCBI RefSeq (datasets genomic.gff)	calJac240_pri	NC_133513.1	GeneID:100393573	XM_078346634.1;XM_078346639.1	XP_035125190.1	114891195	115009071	-	5	upstream	GeneID:100393935	TACC2	115379643	115625715	+	protein_coding	XP_035125208.3	true	370572	external:NCBI/GCF_049354715.1/genomic.gff	neighborhood_extracted	
callithrix_jacchus	GCF_049354715.1	NCBI RefSeq (datasets genomic.gff)	calJac240_pri	NC_133513.1	GeneID:100393573	XM_078346634.1;XM_078346639.1	XP_035125190.1	114891195	115009071	-	6	upstream	GeneID:100397687	BTBD16	115648490	115718180	+	protein_coding	XP_035125227.3	true	639419	external:NCBI/GCF_049354715.1/genomic.gff	neighborhood_extracted	
callithrix_jacchus	GCF_049354715.1	NCBI RefSeq (datasets genomic.gff)	calJac240_pri	NC_133513.1	GeneID:100393573	XM_078346634.1;XM_078346639.1	XP_035125190.1	114891195	115009071	-	7	upstream	GeneID:128929354	LOC128929354	115761586	115766760	-	protein_coding	XP_078202827.1	true	752515	external:NCBI/GCF_049354715.1/genomic.gff	neighborhood_extracted	
callithrix_jacchus	GCF_049354715.1	NCBI RefSeq (datasets genomic.gff)	calJac240_pri	NC_133513.1	GeneID:100393573	XM_078346634.1;XM_078346639.1	XP_035125190.1	114891195	115009071	-	8	upstream	GeneID:100398047	PLEKHA1	115765744	115832760	+	protein_coding	XP_078202824.1	true	756673	external:NCBI/GCF_049354715.1/genomic.gff	neighborhood_extracted	
callithrix_jacchus	GCF_049354715.1	NCBI RefSeq (datasets genomic.gff)	calJac240_pri	NC_133513.1	GeneID:100393573	XM_078346634.1;XM_078346639.1	XP_035125190.1	114891195	115009071	-	9	upstream	GeneID:100398405	ARMS2	115859630	115861736	+	protein_coding	XP_035125243.3	true	850559	external:NCBI/GCF_049354715.1/genomic.gff	neighborhood_extracted	
callithrix_jacchus	GCF_049354715.1	NCBI RefSeq (datasets genomic.gff)	calJac240_pri	NC_133513.1	GeneID:100393573	XM_078346634.1;XM_078346639.1	XP_035125190.1	114891195	115009071	-	10	upstream	GeneID:100398769	HTRA1	115867781	115920146	+	protein_coding	XP_035125242.2	true	858710	external:NCBI/GCF_049354715.1/genomic.gff	neighborhood_extracted	
mus_musculus	GCF_000001635.27	NCBI RefSeq (datasets genomic.gff)	GRCm39	NC_000073.7	GeneID:14183	ENSMUST00000117691;ENSMUST00000122054	NP_001334567.1	129764181	129868538	-	1	downstream	GeneID:207425	Wdr11	129193373	129237462	+	protein_coding	XP_030098166.1	true	526719	external:NCBI/GCF_000001635.27/genomic.gff	neighborhood_extracted	
mus_musculus	GCF_000001635.27	NCBI RefSeq (datasets genomic.gff)	GRCm39	NC_000073.7	GeneID:14183	ENSMUST00000117691;ENSMUST00000122054	NP_001334567.1	129764181	129868538	-	2	downstream	GeneID:381925	Plpp4	128858114	128993138	+	protein_coding	XP_017177812.1	true	771043	external:NCBI/GCF_000001635.27/genomic.gff	neighborhood_extracted	
mus_musculus	GCF_000001635.27	NCBI RefSeq (datasets genomic.gff)	GRCm39	NC_000073.7	GeneID:14183	ENSMUST00000117691;ENSMUST00000122054	NP_001334567.1	129764181	129868538	-	3	downstream	GeneID:207352	Sec23ip	128346667	128386560	+	protein_coding	NP_001025153.2	true	1377621	external:NCBI/GCF_000001635.27/genomic.gff	neighborhood_extracted	
mus_musculus	GCF_000001635.27	NCBI RefSeq (datasets genomic.gff)	GRCm39	NC_000073.7	GeneID:14183	ENSMUST00000117691;ENSMUST00000122054	NP_001334567.1	129764181	129868538	-	4	downstream	GeneID:210711	Mcmbp	128298165	128342153	-	protein_coding	NP_666067.1	true	1422028	external:NCBI/GCF_000001635.27/genomic.gff	neighborhood_extracted	
mus_musculus	GCF_000001635.27	NCBI RefSeq (datasets genomic.gff)	GRCm39	NC_000073.7	GeneID:14183	ENSMUST00000117691;ENSMUST00000122054	NP_001334567.1	129764181	129868538	-	5	downstream	GeneID:101490	Inpp5f	128212905	128298161	+	protein_coding	XP_036008419.1	true	1466020	external:NCBI/GCF_000001635.27/genomic.gff	neighborhood_extracted	
mus_musculus	GCF_000001635.27	NCBI RefSeq (datasets genomic.gff)	GRCm39	NC_000073.7	GeneID:14183	ENSMUST00000117691;ENSMUST00000122054	NP_001334567.1	129764181	129868538	-	6	downstream	GeneID:29810	Bag3	128125307	128148705	+	protein_coding	NP_038891.4	true	1615476	external:NCBI/GCF_000001635.27/genomic.gff	neighborhood_extracted	
mus_musculus	GCF_000001635.27	NCBI RefSeq (datasets genomic.gff)	GRCm39	NC_000073.7	GeneID:14183	ENSMUST00000117691;ENSMUST00000122054	NP_001334567.1	129764181	129868538	-	7	downstream	GeneID:21843	Tial1	128041496	128063450	-	protein_coding	XP_006507634.1	true	1700731	external:NCBI/GCF_000001635.27/genomic.gff	neighborhood_extracted	
mus_musculus	GCF_000001635.27	NCBI RefSeq (datasets genomic.gff)	GRCm39	NC_000073.7	GeneID:14183	ENSMUST00000117691;ENSMUST00000122054	NP_001334567.1	129764181	129868538	-	8	downstream	GeneID:67865	Rgs10	127975345	128020993	-	protein_coding	NP_001405810.1	true	1743188	external:NCBI/GCF_000001635.27/genomic.gff	neighborhood_extracted	
mus_musculus	GCF_000001635.27	NCBI RefSeq (datasets genomic.gff)	GRCm39	NC_000073.7	GeneID:14183	ENSMUST00000117691;ENSMUST00000122054	NP_001334567.1	129764181	129868538	-	9	downstream	GeneID:170812	Ahsp	127902016	127902926	+	protein_coding	NP_573508.1	true	1861255	external:NCBI/GCF_000001635.27/genomic.gff	neighborhood_extracted	
mus_musculus	GCF_000001635.27	NCBI RefSeq (datasets genomic.gff)	GRCm39	NC_000073.7	GeneID:14183	ENSMUST00000117691;ENSMUST00000122054	NP_001334567.1	129764181	129868538	-	10	downstream	GeneID:233913	Rusf1	127870551	127897303	-	protein_coding	NP_663565.2	true	1866878	external:NCBI/GCF_000001635.27/genomic.gff	neighborhood_extracted	
mus_musculus	GCF_000001635.27	NCBI RefSeq (datasets genomic.gff)	GRCm39	NC_000073.7	GeneID:14183	ENSMUST00000117691;ENSMUST00000122054	NP_001334567.1	129764181	129868538	-	1	upstream	GeneID:11907	Ate1	129993219	130122349	-	protein_coding	XP_036008503.1	true	124681	external:NCBI/GCF_000001635.27/genomic.gff	neighborhood_extracted	
mus_musculus	GCF_000001635.27	NCBI RefSeq (datasets genomic.gff)	GRCm39	NC_000073.7	GeneID:14183	ENSMUST00000117691;ENSMUST00000122054	NP_001334567.1	129764181	129868538	-	2	upstream	GeneID:102636907	Gm4275	130121321	130132810	+	protein_coding	XP_006508493.1	true	252783	external:NCBI/GCF_000001635.27/genomic.gff	neighborhood_extracted	
mus_musculus	GCF_000001635.27	NCBI RefSeq (datasets genomic.gff)	GRCm39	NC_000073.7	GeneID:14183	ENSMUST00000117691;ENSMUST00000122054	NP_001334567.1	129764181	129868538	-	3	upstream	GeneID:67872	Nsmce4a	130134256	130149111	-	protein_coding	NP_001156327.1	true	265718	external:NCBI/GCF_000001635.27/genomic.gff	neighborhood_extracted	
mus_musculus	GCF_000001635.27	NCBI RefSeq (datasets genomic.gff)	GRCm39	NC_000073.7	GeneID:14183	ENSMUST00000117691;ENSMUST00000122054	NP_001334567.1	129764181	129868538	-	4	upstream	GeneID:57752	Tacc2	130154735	130369435	+	protein_coding	XP_006508128.1	true	286197	external:NCBI/GCF_000001635.27/genomic.gff	neighborhood_extracted	
mus_musculus	GCF_000001635.27	NCBI RefSeq (datasets genomic.gff)	GRCm39	NC_000073.7	GeneID:14183	ENSMUST00000117691;ENSMUST00000122054	NP_001334567.1	129764181	129868538	-	5	upstream	GeneID:330660	Btbd16	130375799	130427631	+	protein_coding	NP_001074507.2	true	507261	external:NCBI/GCF_000001635.27/genomic.gff	neighborhood_extracted	
mus_musculus	GCF_000001635.27	NCBI RefSeq (datasets genomic.gff)	GRCm39	NC_000073.7	GeneID:14183	ENSMUST00000117691;ENSMUST00000122054	NP_001334567.1	129764181	129868538	-	6	upstream	GeneID:101476	Plekha1	130462281	130515224	+	protein_coding	XP_017177393.1	true	593743	external:NCBI/GCF_000001635.27/genomic.gff	neighborhood_extracted	
mus_musculus	GCF_000001635.27	NCBI RefSeq (datasets genomic.gff)	GRCm39	NC_000073.7	GeneID:14183	ENSMUST00000117691;ENSMUST00000122054	NP_001334567.1	129764181	129868538	-	7	upstream	GeneID:56213	Htra1	130537933	130587388	+	protein_coding	NP_062510.2	true	669395	external:NCBI/GCF_000001635.27/genomic.gff	neighborhood_extracted	
mus_musculus	GCF_000001635.27	NCBI RefSeq (datasets genomic.gff)	GRCm39	NC_000073.7	GeneID:14183	ENSMUST00000117691;ENSMUST00000122054	NP_001334567.1	129764181	129868538	-	8	upstream	GeneID:12945	Dmbt1	130633787	130723357	+	protein_coding	XP_006507370.2	true	765249	external:NCBI/GCF_000001635.27/genomic.gff	neighborhood_extracted	
mus_musculus	GCF_000001635.27	NCBI RefSeq (datasets genomic.gff)	GRCm39	NC_000073.7	GeneID:14183	ENSMUST00000117691;ENSMUST00000122054	NP_001334567.1	129764181	129868538	-	9	upstream	GeneID:233918	4933402N03Rik	130740076	130748012	-	protein_coding	NP_775585.1	true	871538	external:NCBI/GCF_000001635.27/genomic.gff	neighborhood_extracted	
mus_musculus	GCF_000001635.27	NCBI RefSeq (datasets genomic.gff)	GRCm39	NC_000073.7	GeneID:14183	ENSMUST00000117691;ENSMUST00000122054	NP_001334567.1	129764181	129868538	-	10	upstream	GeneID:71395	Cdcp3	130776131	130908181	+	protein_coding	NP_001357754.1	true	907593	external:NCBI/GCF_000001635.27/genomic.gff	neighborhood_extracted	
rattus_norvegicus	GCF_036323735.1	NCBI RefSeq (datasets genomic.gff)	GRCr8	NC_086019.1	GeneID:25022	XM_063281078.1;XM_063281079.1	NP_001103366.1	194175703	194280914	-	1	downstream	GeneID:102555739	Ska2l1	193657022	193730465	+	protein_coding	XP_038957163.1	true	445238	external:NCBI/GCF_036323735.1/genomic.gff	neighborhood_extracted	
rattus_norvegicus	GCF_036323735.1	NCBI RefSeq (datasets genomic.gff)	GRCr8	NC_086019.1	GeneID:25022	XM_063281078.1;XM_063281079.1	NP_001103366.1	194175703	194280914	-	2	downstream	GeneID:309016	Wdr11	193595606	193641149	+	protein_coding	XP_006230486.1	true	534554	external:NCBI/GCF_036323735.1/genomic.gff	neighborhood_extracted	
rattus_norvegicus	GCF_036323735.1	NCBI RefSeq (datasets genomic.gff)	GRCr8	NC_086019.1	GeneID:25022	XM_063281078.1;XM_063281079.1	NP_001103366.1	194175703	194280914	-	3	downstream	GeneID:309014	Plpp4	193260181	193389659	+	protein_coding	XP_038934456.1	true	786044	external:NCBI/GCF_036323735.1/genomic.gff	neighborhood_extracted	
rattus_norvegicus	GCF_036323735.1	NCBI RefSeq (datasets genomic.gff)	GRCr8	NC_086019.1	GeneID:25022	XM_063281078.1;XM_063281079.1	NP_001103366.1	194175703	194280914	-	4	downstream	GeneID:309010	Sec23ip	192751379	192794345	+	protein_coding	XP_006230449.1	true	1381358	external:NCBI/GCF_036323735.1/genomic.gff	neighborhood_extracted	
rattus_norvegicus	GCF_036323735.1	NCBI RefSeq (datasets genomic.gff)	GRCr8	NC_086019.1	GeneID:25022	XM_063281078.1;XM_063281079.1	NP_001103366.1	194175703	194280914	-	5	downstream	GeneID:309009	Mcmbp	192702383	192747381	-	protein_coding	NP_001034697.2	true	1428322	external:NCBI/GCF_036323735.1/genomic.gff	neighborhood_extracted	
rattus_norvegicus	GCF_036323735.1	NCBI RefSeq (datasets genomic.gff)	GRCr8	NC_086019.1	GeneID:25022	XM_063281078.1;XM_063281079.1	NP_001103366.1	194175703	194280914	-	6	downstream	GeneID:309008	Inpp5f	192620891	192700681	+	protein_coding	NP_001101024.2	true	1475022	external:NCBI/GCF_036323735.1/genomic.gff	neighborhood_extracted	
rattus_norvegicus	GCF_036323735.1	NCBI RefSeq (datasets genomic.gff)	GRCr8	NC_086019.1	GeneID:25022	XM_063281078.1;XM_063281079.1	NP_001103366.1	194175703	194280914	-	7	downstream	GeneID:293524	Bag3	192533460	192557281	+	protein_coding	NP_001011936.1	true	1618422	external:NCBI/GCF_036323735.1/genomic.gff	neighborhood_extracted	
rattus_norvegicus	GCF_036323735.1	NCBI RefSeq (datasets genomic.gff)	GRCr8	NC_086019.1	GeneID:25022	XM_063281078.1;XM_063281079.1	NP_001103366.1	194175703	194280914	-	8	downstream	GeneID:361655	Tial1	192438794	192475520	-	protein_coding	XP_038938963.1	true	1700183	external:NCBI/GCF_036323735.1/genomic.gff	neighborhood_extracted	
rattus_norvegicus	GCF_036323735.1	NCBI RefSeq (datasets genomic.gff)	GRCr8	NC_086019.1	GeneID:25022	XM_063281078.1;XM_063281079.1	NP_001103366.1	194175703	194280914	-	9	downstream	GeneID:54290	Rgs10	192376772	192422640	-	protein_coding	NP_062210.1	true	1753063	external:NCBI/GCF_036323735.1/genomic.gff	neighborhood_extracted	
rattus_norvegicus	GCF_036323735.1	NCBI RefSeq (datasets genomic.gff)	GRCr8	NC_086019.1	GeneID:25022	XM_063281078.1;XM_063281079.1	NP_001103366.1	194175703	194280914	-	10	downstream	GeneID:293522	Ahsp	192310306	192315943	+	protein_coding	XP_038963453.1	true	1859760	external:NCBI/GCF_036323735.1/genomic.gff	neighborhood_extracted	
rattus_norvegicus	GCF_036323735.1	NCBI RefSeq (datasets genomic.gff)	GRCr8	NC_086019.1	GeneID:25022	XM_063281078.1;XM_063281079.1	NP_001103366.1	194175703	194280914	-	1	upstream	GeneID:293526	Ate1	194391843	194514284	-	protein_coding	NP_001385689.1	true	110929	external:NCBI/GCF_036323735.1/genomic.gff	neighborhood_extracted	
rattus_norvegicus	GCF_036323735.1	NCBI RefSeq (datasets genomic.gff)	GRCr8	NC_086019.1	GeneID:25022	XM_063281078.1;XM_063281079.1	NP_001103366.1	194175703	194280914	-	2	upstream	GeneID:499273	RGD1563285	194515108	194523123	+	protein_coding	NP_001389395.1	true	234194	external:NCBI/GCF_036323735.1/genomic.gff	neighborhood_extracted	
rattus_norvegicus	GCF_036323735.1	NCBI RefSeq (datasets genomic.gff)	GRCr8	NC_086019.1	GeneID:25022	XM_063281078.1;XM_063281079.1	NP_001103366.1	194175703	194280914	-	3	upstream	GeneID:293528	Nsmce4a	194532364	194539456	-	protein_coding	NP_001099771.1	true	251450	external:NCBI/GCF_036323735.1/genomic.gff	neighborhood_extracted	
rattus_norvegicus	GCF_036323735.1	NCBI RefSeq (datasets genomic.gff)	GRCr8	NC_086019.1	GeneID:25022	XM_063281078.1;XM_063281079.1	NP_001103366.1	194175703	194280914	-	4	upstream	GeneID:309025	Tacc2	194546428	194758152	+	protein_coding	XP_063119569.1	true	265514	external:NCBI/GCF_036323735.1/genomic.gff	neighborhood_extracted	
rattus_norvegicus	GCF_036323735.1	NCBI RefSeq (datasets genomic.gff)	GRCr8	NC_086019.1	GeneID:25022	XM_063281078.1;XM_063281079.1	NP_001103366.1	194175703	194280914	-	5	upstream	GeneID:361658	Btbd16	194765241	194819786	+	protein_coding	XP_017444910.1	true	484327	external:NCBI/GCF_036323735.1/genomic.gff	neighborhood_extracted	
rattus_norvegicus	GCF_036323735.1	NCBI RefSeq (datasets genomic.gff)	GRCr8	NC_086019.1	GeneID:25022	XM_063281078.1;XM_063281079.1	NP_001103366.1	194175703	194280914	-	6	upstream	GeneID:361659	Plekha1	194858239	194909418	+	protein_coding	XP_063123959.1	true	577325	external:NCBI/GCF_036323735.1/genomic.gff	neighborhood_extracted	
rattus_norvegicus	GCF_036323735.1	NCBI RefSeq (datasets genomic.gff)	GRCr8	NC_086019.1	GeneID:25022	XM_063281078.1;XM_063281079.1	NP_001103366.1	194175703	194280914	-	7	upstream	GeneID:65164	Htra1	194928069	194977619	+	protein_coding	NP_113909.1	true	647155	external:NCBI/GCF_036323735.1/genomic.gff	neighborhood_extracted	
rattus_norvegicus	GCF_036323735.1	NCBI RefSeq (datasets genomic.gff)	GRCr8	NC_086019.1	GeneID:25022	XM_063281078.1;XM_063281079.1	NP_001103366.1	194175703	194280914	-	8	upstream	GeneID:170568	Dmbt1	195047702	195126704	+	protein_coding	NP_074040.2	true	766788	external:NCBI/GCF_036323735.1/genomic.gff	neighborhood_extracted	
rattus_norvegicus	GCF_036323735.1	NCBI RefSeq (datasets genomic.gff)	GRCr8	NC_086019.1	GeneID:25022	XM_063281078.1;XM_063281079.1	NP_001103366.1	194175703	194280914	-	9	upstream	GeneID:499276	C1h10orf120	195340624	195343676	-	protein_coding	NP_001388001.1	true	1059710	external:NCBI/GCF_036323735.1/genomic.gff	neighborhood_extracted	
rattus_norvegicus	GCF_036323735.1	NCBI RefSeq (datasets genomic.gff)	GRCr8	NC_086019.1	GeneID:25022	XM_063281078.1;XM_063281079.1	NP_001103366.1	194175703	194280914	-	10	upstream	GeneID:691970	Dmbt1l1	195380082	195514521	+	protein_coding	XP_063135752.1	true	1099168	external:NCBI/GCF_036323735.1/genomic.gff	neighborhood_extracted	
oryctolagus_cuniculus	GCF_964237555.1	NCBI RefSeq (datasets genomic.gff)	mOryCun1.1	NC_091446.1	GeneID:100009417	XM_070056995.1;XM_070056999.1	XP_069913098.1	9301522	9406504	+	1	downstream	GeneID:100359323	WDR11	9872592	9930706	-	protein_coding	XP_002718739.2	true	466088	external:NCBI/GCF_964237555.1/genomic.gff	neighborhood_extracted	
oryctolagus_cuniculus	GCF_964237555.1	NCBI RefSeq (datasets genomic.gff)	mOryCun1.1	NC_091446.1	GeneID:100009417	XM_070056995.1;XM_070056999.1	XP_069913098.1	9301522	9406504	+	2	downstream	GeneID:100356065	PLPP4	10145685	10282738	-	protein_coding	XP_002718788.2	true	739181	external:NCBI/GCF_964237555.1/genomic.gff	neighborhood_extracted	
oryctolagus_cuniculus	GCF_964237555.1	NCBI RefSeq (datasets genomic.gff)	mOryCun1.1	NC_091446.1	GeneID:100009417	XM_070056995.1;XM_070056999.1	XP_069913098.1	9301522	9406504	+	3	downstream	GeneID:100358551	SEC23IP	10751407	10806049	-	protein_coding	XP_008268830.3	true	1344903	external:NCBI/GCF_964237555.1/genomic.gff	neighborhood_extracted	
oryctolagus_cuniculus	GCF_964237555.1	NCBI RefSeq (datasets genomic.gff)	mOryCun1.1	NC_091446.1	GeneID:100009417	XM_070056995.1;XM_070056999.1	XP_069913098.1	9301522	9406504	+	4	downstream	GeneID:100358288	MCMBP	10825399	10882639	+	protein_coding	XP_008268828.1	true	1418895	external:NCBI/GCF_964237555.1/genomic.gff	neighborhood_extracted	
oryctolagus_cuniculus	GCF_964237555.1	NCBI RefSeq (datasets genomic.gff)	mOryCun1.1	NC_091446.1	GeneID:100009417	XM_070056995.1;XM_070056999.1	XP_069913098.1	9301522	9406504	+	5	downstream	GeneID:100355074	INPP5F	10883790	10992633	-	protein_coding	XP_051679646.2	true	1477286	external:NCBI/GCF_964237555.1/genomic.gff	neighborhood_extracted	
oryctolagus_cuniculus	GCF_964237555.1	NCBI RefSeq (datasets genomic.gff)	mOryCun1.1	NC_091446.1	GeneID:100009417	XM_070056995.1;XM_070056999.1	XP_069913098.1	9301522	9406504	+	6	downstream	GeneID:100358030	BAG3	11044854	11069122	-	protein_coding	XP_002718735.2	true	1638350	external:NCBI/GCF_964237555.1/genomic.gff	neighborhood_extracted	
oryctolagus_cuniculus	GCF_964237555.1	NCBI RefSeq (datasets genomic.gff)	mOryCun1.1	NC_091446.1	GeneID:100009417	XM_070056995.1;XM_070056999.1	XP_069913098.1	9301522	9406504	+	7	downstream	GeneID:108177428	LOC108177428	11102642	11102897	-	protein_coding	XP_051710633.2	true	1696138	external:NCBI/GCF_964237555.1/genomic.gff	neighborhood_extracted	
oryctolagus_cuniculus	GCF_964237555.1	NCBI RefSeq (datasets genomic.gff)	mOryCun1.1	NC_091446.1	GeneID:100009417	XM_070056995.1;XM_070056999.1	XP_069913098.1	9301522	9406504	+	8	downstream	GeneID:100354811	TIAL1	11113479	11138445	+	protein_coding	XP_051680191.1	true	1706975	external:NCBI/GCF_964237555.1/genomic.gff	neighborhood_extracted	
oryctolagus_cuniculus	GCF_964237555.1	NCBI RefSeq (datasets genomic.gff)	mOryCun1.1	NC_091446.1	GeneID:100009417	XM_070056995.1;XM_070056999.1	XP_069913098.1	9301522	9406504	+	9	downstream	GeneID:100357769	RGS10	11165442	11205157	+	protein_coding	XP_051680199.1	true	1758938	external:NCBI/GCF_964237555.1/genomic.gff	neighborhood_extracted	
oryctolagus_cuniculus	GCF_964237555.1	NCBI RefSeq (datasets genomic.gff)	mOryCun1.1	NC_091446.1	GeneID:100009417	XM_070056995.1;XM_070056999.1	XP_069913098.1	9301522	9406504	+	10	downstream	GeneID:103351438	GRK5	11240603	11448863	-	protein_coding	XP_051680179.1	true	1834099	external:NCBI/GCF_964237555.1/genomic.gff	neighborhood_extracted	
oryctolagus_cuniculus	GCF_964237555.1	NCBI RefSeq (datasets genomic.gff)	mOryCun1.1	NC_091446.1	GeneID:100009417	XM_070056995.1;XM_070056999.1	XP_069913098.1	9301522	9406504	+	1	upstream	GeneID:100338175	ATE1	9020727	9203688	+	protein_coding	XP_008268831.1	true	97834	external:NCBI/GCF_964237555.1/genomic.gff	neighborhood_extracted	
oryctolagus_cuniculus	GCF_964237555.1	NCBI RefSeq (datasets genomic.gff)	mOryCun1.1	NC_091446.1	GeneID:100009417	XM_070056995.1;XM_070056999.1	XP_069913098.1	9301522	9406504	+	2	upstream	GeneID:127484174	LOC127484174	9002547	9005343	-	protein_coding	XP_051679656.2	true	296179	external:NCBI/GCF_964237555.1/genomic.gff	neighborhood_extracted	
oryctolagus_cuniculus	GCF_964237555.1	NCBI RefSeq (datasets genomic.gff)	mOryCun1.1	NC_091446.1	GeneID:100009417	XM_070056995.1;XM_070056999.1	XP_069913098.1	9301522	9406504	+	3	upstream	GeneID:100356831	NSMCE4A	8984240	8999074	+	protein_coding	XP_008268833.2	true	302448	external:NCBI/GCF_964237555.1/genomic.gff	neighborhood_extracted	
oryctolagus_cuniculus	GCF_964237555.1	NCBI RefSeq (datasets genomic.gff)	mOryCun1.1	NC_091446.1	GeneID:100009417	XM_070056995.1;XM_070056999.1	XP_069913098.1	9301522	9406504	+	4	upstream	GeneID:100357089	TACC2	8766269	8974280	-	protein_coding	XP_051680227.2	true	327242	external:NCBI/GCF_964237555.1/genomic.gff	neighborhood_extracted	
oryctolagus_cuniculus	GCF_964237555.1	NCBI RefSeq (datasets genomic.gff)	mOryCun1.1	NC_091446.1	GeneID:100009417	XM_070056995.1;XM_070056999.1	XP_069913098.1	9301522	9406504	+	5	upstream	GeneID:100357343	BTBD16	8707736	8756946	-	protein_coding	XP_051680278.2	true	544576	external:NCBI/GCF_964237555.1/genomic.gff	neighborhood_extracted	
oryctolagus_cuniculus	GCF_964237555.1	NCBI RefSeq (datasets genomic.gff)	mOryCun1.1	NC_091446.1	GeneID:100009417	XM_070056995.1;XM_070056999.1	XP_069913098.1	9301522	9406504	+	6	upstream	GeneID:100338838	PLEKHA1	8614776	8678018	-	protein_coding	XP_008268838.1	true	623504	external:NCBI/GCF_964237555.1/genomic.gff	neighborhood_extracted	
oryctolagus_cuniculus	GCF_964237555.1	NCBI RefSeq (datasets genomic.gff)	mOryCun1.1	NC_091446.1	GeneID:100009417	XM_070056995.1;XM_070056999.1	XP_069913098.1	9301522	9406504	+	7	upstream	GeneID:100008705	HTRA1	8530932	8582506	-	protein_coding	XP_051680286.1	true	719016	external:NCBI/GCF_964237555.1/genomic.gff	neighborhood_extracted	
oryctolagus_cuniculus	GCF_964237555.1	NCBI RefSeq (datasets genomic.gff)	mOryCun1.1	NC_091446.1	GeneID:100009417	XM_070056995.1;XM_070056999.1	XP_069913098.1	9301522	9406504	+	8	upstream	GeneID:100008679	DMBT1	8437731	8481519	-	protein_coding	XP_051680298.2	true	820003	external:NCBI/GCF_964237555.1/genomic.gff	neighborhood_extracted	
oryctolagus_cuniculus	GCF_964237555.1	NCBI RefSeq (datasets genomic.gff)	mOryCun1.1	NC_091446.1	GeneID:100009417	XM_070056995.1;XM_070056999.1	XP_069913098.1	9301522	9406504	+	9	upstream	GeneID:103351441	SPADH	8390131	8423503	-	protein_coding	XP_017204118.2	true	878019	external:NCBI/GCF_964237555.1/genomic.gff	neighborhood_extracted	
oryctolagus_cuniculus	GCF_964237555.1	NCBI RefSeq (datasets genomic.gff)	mOryCun1.1	NC_091446.1	GeneID:100009417	XM_070056995.1;XM_070056999.1	XP_069913098.1	9301522	9406504	+	10	upstream	GeneID:100358119	C15H10orf120	8383202	8384919	+	protein_coding	XP_008268842.2	true	916603	external:NCBI/GCF_964237555.1/genomic.gff	neighborhood_extracted	
canis_lupus_familiaris	GCF_011100685.1	NCBI RefSeq (datasets genomic.gff)	UU_Cfam_GSD_1.0	NC_049249.1	GeneID:415125	ENSCAFT00845034795;NP_001003336.1	NP_001003336.1	31595945	31698233	-	1	downstream	GeneID:477847	WDR11	31060657	31120267	+	protein_coding	XP_038434904.1	true	475678	external:NCBI/GCF_011100685.1/genomic.gff	neighborhood_extracted	
canis_lupus_familiaris	GCF_011100685.1	NCBI RefSeq (datasets genomic.gff)	UU_Cfam_GSD_1.0	NC_049249.1	GeneID:415125	ENSCAFT00845034795;NP_001003336.1	NP_001003336.1	31595945	31698233	-	2	downstream	GeneID:477846	PLPP4	30758543	30876753	+	protein_coding	XP_038434901.1	true	719192	external:NCBI/GCF_011100685.1/genomic.gff	neighborhood_extracted	
canis_lupus_familiaris	GCF_011100685.1	NCBI RefSeq (datasets genomic.gff)	UU_Cfam_GSD_1.0	NC_049249.1	GeneID:415125	ENSCAFT00845034795;NP_001003336.1	NP_001003336.1	31595945	31698233	-	3	downstream	GeneID:477845	SEC23IP	30307058	30346795	+	protein_coding	XP_038434897.1	true	1249150	external:NCBI/GCF_011100685.1/genomic.gff	neighborhood_extracted	
canis_lupus_familiaris	GCF_011100685.1	NCBI RefSeq (datasets genomic.gff)	UU_Cfam_GSD_1.0	NC_049249.1	GeneID:415125	ENSCAFT00845034795;NP_001003336.1	NP_001003336.1	31595945	31698233	-	4	downstream	GeneID:612966	MCMBP	30247294	30295685	-	protein_coding	NP_001257780.1	true	1300260	external:NCBI/GCF_011100685.1/genomic.gff	neighborhood_extracted	
canis_lupus_familiaris	GCF_011100685.1	NCBI RefSeq (datasets genomic.gff)	UU_Cfam_GSD_1.0	NC_049249.1	GeneID:415125	ENSCAFT00845034795;NP_001003336.1	NP_001003336.1	31595945	31698233	-	5	downstream	GeneID:100856192	INPP5F	30157914	30245161	+	protein_coding	XP_038434893.1	true	1350784	external:NCBI/GCF_011100685.1/genomic.gff	neighborhood_extracted	
canis_lupus_familiaris	GCF_011100685.1	NCBI RefSeq (datasets genomic.gff)	UU_Cfam_GSD_1.0	NC_049249.1	GeneID:415125	ENSCAFT00845034795;NP_001003336.1	NP_001003336.1	31595945	31698233	-	6	downstream	GeneID:486916	BAG3	30092215	30115061	+	protein_coding	XP_038434891.1	true	1480884	external:NCBI/GCF_011100685.1/genomic.gff	neighborhood_extracted	
canis_lupus_familiaris	GCF_011100685.1	NCBI RefSeq (datasets genomic.gff)	UU_Cfam_GSD_1.0	NC_049249.1	GeneID:415125	ENSCAFT00845034795;NP_001003336.1	NP_001003336.1	31595945	31698233	-	7	downstream	GeneID:477841	TIAL1	30028947	30050087	-	protein_coding	XP_038434884.1	true	1545858	external:NCBI/GCF_011100685.1/genomic.gff	neighborhood_extracted	
canis_lupus_familiaris	GCF_011100685.1	NCBI RefSeq (datasets genomic.gff)	UU_Cfam_GSD_1.0	NC_049249.1	GeneID:415125	ENSCAFT00845034795;NP_001003336.1	NP_001003336.1	31595945	31698233	-	8	downstream	GeneID:477840	RGS10	29972269	30012076	-	protein_coding	XP_038434880.1	true	1583869	external:NCBI/GCF_011100685.1/genomic.gff	neighborhood_extracted	
canis_lupus_familiaris	GCF_011100685.1	NCBI RefSeq (datasets genomic.gff)	UU_Cfam_GSD_1.0	NC_049249.1	GeneID:415125	ENSCAFT00845034795;NP_001003336.1	NP_001003336.1	31595945	31698233	-	9	downstream	GeneID:486915	GRK5	29723728	29936023	+	protein_coding	XP_038434875.1	true	1659922	external:NCBI/GCF_011100685.1/genomic.gff	neighborhood_extracted	
canis_lupus_familiaris	GCF_011100685.1	NCBI RefSeq (datasets genomic.gff)	UU_Cfam_GSD_1.0	NC_049249.1	GeneID:415125	ENSCAFT00845034795;NP_001003336.1	NP_001003336.1	31595945	31698233	-	10	downstream	GeneID:119877678	LOC119877678	29722791	29723622	+	protein_coding	XP_038433909.1	true	1872323	external:NCBI/GCF_011100685.1/genomic.gff	neighborhood_extracted	
canis_lupus_familiaris	GCF_011100685.1	NCBI RefSeq (datasets genomic.gff)	UU_Cfam_GSD_1.0	NC_049249.1	GeneID:415125	ENSCAFT00845034795;NP_001003336.1	NP_001003336.1	31595945	31698233	-	1	upstream	GeneID:486919	ATE1	31822177	31984396	-	protein_coding	XP_038434909.1	true	123944	external:NCBI/GCF_011100685.1/genomic.gff	neighborhood_extracted	
canis_lupus_familiaris	GCF_011100685.1	NCBI RefSeq (datasets genomic.gff)	UU_Cfam_GSD_1.0	NC_049249.1	GeneID:415125	ENSCAFT00845034795;NP_001003336.1	NP_001003336.1	31595945	31698233	-	2	upstream	GeneID:119866605	LOC119866605	31983902	32000427	+	protein_coding	XP_038434917.1	true	285669	external:NCBI/GCF_011100685.1/genomic.gff	neighborhood_extracted	
canis_lupus_familiaris	GCF_011100685.1	NCBI RefSeq (datasets genomic.gff)	UU_Cfam_GSD_1.0	NC_049249.1	GeneID:415125	ENSCAFT00845034795;NP_001003336.1	NP_001003336.1	31595945	31698233	-	3	upstream	GeneID:119866604	NSMCE4A	32004654	32017982	-	protein_coding	XP_038434915.1	true	306421	external:NCBI/GCF_011100685.1/genomic.gff	neighborhood_extracted	
canis_lupus_familiaris	GCF_011100685.1	NCBI RefSeq (datasets genomic.gff)	UU_Cfam_GSD_1.0	NC_049249.1	GeneID:415125	ENSCAFT00845034795;NP_001003336.1	NP_001003336.1	31595945	31698233	-	4	upstream	GeneID:477850	TACC2	32043943	32237190	+	protein_coding	XP_038434905.1	true	345710	external:NCBI/GCF_011100685.1/genomic.gff	neighborhood_extracted	
canis_lupus_familiaris	GCF_011100685.1	NCBI RefSeq (datasets genomic.gff)	UU_Cfam_GSD_1.0	NC_049249.1	GeneID:415125	ENSCAFT00845034795;NP_001003336.1	NP_001003336.1	31595945	31698233	-	5	upstream	GeneID:486920	BTBD16	32245742	32300641	+	protein_coding	XP_038434922.1	true	547509	external:NCBI/GCF_011100685.1/genomic.gff	neighborhood_extracted	
canis_lupus_familiaris	GCF_011100685.1	NCBI RefSeq (datasets genomic.gff)	UU_Cfam_GSD_1.0	NC_049249.1	GeneID:415125	ENSCAFT00845034795;NP_001003336.1	NP_001003336.1	31595945	31698233	-	6	upstream	GeneID:477851	PLEKHA1	32319773	32376120	+	protein_coding	XP_038434926.1	true	621540	external:NCBI/GCF_011100685.1/genomic.gff	neighborhood_extracted	
canis_lupus_familiaris	GCF_011100685.1	NCBI RefSeq (datasets genomic.gff)	UU_Cfam_GSD_1.0	NC_049249.1	GeneID:415125	ENSCAFT00845034795;NP_001003336.1	NP_001003336.1	31595945	31698233	-	7	upstream	GeneID:477852	HTRA1	32398590	32451692	+	protein_coding	XP_038433910.1	true	700357	external:NCBI/GCF_011100685.1/genomic.gff	neighborhood_extracted	
canis_lupus_familiaris	GCF_011100685.1	NCBI RefSeq (datasets genomic.gff)	UU_Cfam_GSD_1.0	NC_049249.1	GeneID:415125	ENSCAFT00845034795;NP_001003336.1	NP_001003336.1	31595945	31698233	-	8	upstream	GeneID:486922	DMBT1	32492566	32643099	+	protein_coding	XP_038434929.1	true	794333	external:NCBI/GCF_011100685.1/genomic.gff	neighborhood_extracted	
canis_lupus_familiaris	GCF_011100685.1	NCBI RefSeq (datasets genomic.gff)	UU_Cfam_GSD_1.0	NC_049249.1	GeneID:415125	ENSCAFT00845034795;NP_001003336.1	NP_001003336.1	31595945	31698233	-	9	upstream	GeneID:477853	C28H10orf120	32675480	32677379	-	protein_coding	XP_038434930.1	true	977247	external:NCBI/GCF_011100685.1/genomic.gff	neighborhood_extracted	
canis_lupus_familiaris	GCF_011100685.1	NCBI RefSeq (datasets genomic.gff)	UU_Cfam_GSD_1.0	NC_049249.1	GeneID:415125	ENSCAFT00845034795;NP_001003336.1	NP_001003336.1	31595945	31698233	-	10	upstream	GeneID:486923	LOC486923	32681545	32804559	+	protein_coding	XP_038433911.1	true	983312	external:NCBI/GCF_011100685.1/genomic.gff	neighborhood_extracted	
felis_catus	GCF_018350175.1	NCBI RefSeq (datasets genomic.gff)	F.catus_Fca126_mat1.0	NC_058378.1	GeneID:101095198	XM_045040759.1;XM_045040760.1	XP_023096788.1	77438134	77547909	-	1	downstream	GeneID:101094957	WDR11	76890533	76958824	+	protein_coding	XP_011285895.2	true	479310	external:NCBI/GCF_018350175.1/genomic.gff	neighborhood_extracted	
felis_catus	GCF_018350175.1	NCBI RefSeq (datasets genomic.gff)	F.catus_Fca126_mat1.0	NC_058378.1	GeneID:101095198	XM_045040759.1;XM_045040760.1	XP_023096788.1	77438134	77547909	-	2	downstream	GeneID:101094704	PLPP4	76563484	76692241	+	protein_coding	XP_023096783.1	true	745893	external:NCBI/GCF_018350175.1/genomic.gff	neighborhood_extracted	
felis_catus	GCF_018350175.1	NCBI RefSeq (datasets genomic.gff)	F.catus_Fca126_mat1.0	NC_058378.1	GeneID:101095198	XM_045040759.1;XM_045040760.1	XP_023096788.1	77438134	77547909	-	3	downstream	GeneID:101090215	SEC23IP	76076566	76120545	+	protein_coding	XP_023096778.1	true	1317589	external:NCBI/GCF_018350175.1/genomic.gff	neighborhood_extracted	
felis_catus	GCF_018350175.1	NCBI RefSeq (datasets genomic.gff)	F.catus_Fca126_mat1.0	NC_058378.1	GeneID:101095198	XM_045040759.1;XM_045040760.1	XP_023096788.1	77438134	77547909	-	4	downstream	GeneID:101089966	MCMBP	76013500	76063324	-	protein_coding	XP_023096775.1	true	1374810	external:NCBI/GCF_018350175.1/genomic.gff	neighborhood_extracted	
felis_catus	GCF_018350175.1	NCBI RefSeq (datasets genomic.gff)	F.catus_Fca126_mat1.0	NC_058378.1	GeneID:101095198	XM_045040759.1;XM_045040760.1	XP_023096788.1	77438134	77547909	-	5	downstream	GeneID:101094453	INPP5F	75924252	76013607	+	protein_coding	XP_023096774.1	true	1424527	external:NCBI/GCF_018350175.1/genomic.gff	neighborhood_extracted	
felis_catus	GCF_018350175.1	NCBI RefSeq (datasets genomic.gff)	F.catus_Fca126_mat1.0	NC_058378.1	GeneID:101095198	XM_045040759.1;XM_045040760.1	XP_023096788.1	77438134	77547909	-	6	downstream	GeneID:101094211	BAG3	75851294	75875371	+	protein_coding	XP_023096770.1	true	1562763	external:NCBI/GCF_018350175.1/genomic.gff	neighborhood_extracted	
felis_catus	GCF_018350175.1	NCBI RefSeq (datasets genomic.gff)	F.catus_Fca126_mat1.0	NC_058378.1	GeneID:101095198	XM_045040759.1;XM_045040760.1	XP_023096788.1	77438134	77547909	-	7	downstream	GeneID:101089549	TIAL1	75785773	75804465	-	protein_coding	XP_023096767.1	true	1633669	external:NCBI/GCF_018350175.1/genomic.gff	neighborhood_extracted	
felis_catus	GCF_018350175.1	NCBI RefSeq (datasets genomic.gff)	F.catus_Fca126_mat1.0	NC_058378.1	GeneID:101095198	XM_045040759.1;XM_045040760.1	XP_023096788.1	77438134	77547909	-	8	downstream	GeneID:101089300	RGS10	75723648	75764869	-	protein_coding	XP_023096764.1	true	1673265	external:NCBI/GCF_018350175.1/genomic.gff	neighborhood_extracted	
felis_catus	GCF_018350175.1	NCBI RefSeq (datasets genomic.gff)	F.catus_Fca126_mat1.0	NC_058378.1	GeneID:101095198	XM_045040759.1;XM_045040760.1	XP_023096788.1	77438134	77547909	-	9	downstream	GeneID:101089047	GRK5	75467144	75684312	+	protein_coding	XP_003994511.2	true	1753822	external:NCBI/GCF_018350175.1/genomic.gff	neighborhood_extracted	
felis_catus	GCF_018350175.1	NCBI RefSeq (datasets genomic.gff)	F.catus_Fca126_mat1.0	NC_058378.1	GeneID:101095198	XM_045040759.1;XM_045040760.1	XP_023096788.1	77438134	77547909	-	10	downstream	GeneID:101088618	PRDX3	75434253	75443856	-	protein_coding	XP_003994509.1	true	1994278	external:NCBI/GCF_018350175.1/genomic.gff	neighborhood_extracted	
felis_catus	GCF_018350175.1	NCBI RefSeq (datasets genomic.gff)	F.catus_Fca126_mat1.0	NC_058378.1	GeneID:101095198	XM_045040759.1;XM_045040760.1	XP_023096788.1	77438134	77547909	-	1	upstream	GeneID:101090722	ATE1	77674717	77829196	-	protein_coding	XP_023096795.2	true	126808	external:NCBI/GCF_018350175.1/genomic.gff	neighborhood_extracted	
felis_catus	GCF_018350175.1	NCBI RefSeq (datasets genomic.gff)	F.catus_Fca126_mat1.0	NC_058378.1	GeneID:101095198	XM_045040759.1;XM_045040760.1	XP_023096788.1	77438134	77547909	-	2	upstream	GeneID:109492740	LOC109492740	77828237	77846881	+	protein_coding	XP_044896702.1	true	280328	external:NCBI/GCF_018350175.1/genomic.gff	neighborhood_extracted	
felis_catus	GCF_018350175.1	NCBI RefSeq (datasets genomic.gff)	F.catus_Fca126_mat1.0	NC_058378.1	GeneID:101095198	XM_045040759.1;XM_045040760.1	XP_023096788.1	77438134	77547909	-	3	upstream	GeneID:101095440	NSMCE4A	77849160	77863806	-	protein_coding	XP_023096797.1	true	301251	external:NCBI/GCF_018350175.1/genomic.gff	neighborhood_extracted	
felis_catus	GCF_018350175.1	NCBI RefSeq (datasets genomic.gff)	F.catus_Fca126_mat1.0	NC_058378.1	GeneID:101095198	XM_045040759.1;XM_045040760.1	XP_023096788.1	77438134	77547909	-	4	upstream	GeneID:101090968	TACC2	77878066	78090781	+	protein_coding	XP_019669488.2	true	330157	external:NCBI/GCF_018350175.1/genomic.gff	neighborhood_extracted	
felis_catus	GCF_018350175.1	NCBI RefSeq (datasets genomic.gff)	F.catus_Fca126_mat1.0	NC_058378.1	GeneID:101095198	XM_045040759.1;XM_045040760.1	XP_023096788.1	77438134	77547909	-	5	upstream	GeneID:101095685	BTBD16	78099707	78146160	+	protein_coding	XP_044896711.1	true	551798	external:NCBI/GCF_018350175.1/genomic.gff	neighborhood_extracted	
felis_catus	GCF_018350175.1	NCBI RefSeq (datasets genomic.gff)	F.catus_Fca126_mat1.0	NC_058378.1	GeneID:101095198	XM_045040759.1;XM_045040760.1	XP_023096788.1	77438134	77547909	-	6	upstream	GeneID:123380778	LOC123380778	78177927	78187262	-	protein_coding	XP_044895920.1	true	630018	external:NCBI/GCF_018350175.1/genomic.gff	neighborhood_extracted	
felis_catus	GCF_018350175.1	NCBI RefSeq (datasets genomic.gff)	F.catus_Fca126_mat1.0	NC_058378.1	GeneID:101095198	XM_045040759.1;XM_045040760.1	XP_023096788.1	77438134	77547909	-	7	upstream	GeneID:101091404	PLEKHA1	78181119	78238694	+	protein_coding	XP_023096803.1	true	633210	external:NCBI/GCF_018350175.1/genomic.gff	neighborhood_extracted	
felis_catus	GCF_018350175.1	NCBI RefSeq (datasets genomic.gff)	F.catus_Fca126_mat1.0	NC_058378.1	GeneID:101095198	XM_045040759.1;XM_045040760.1	XP_023096788.1	77438134	77547909	-	8	upstream	GeneID:101095920	HTRA1	78261950	78313922	+	protein_coding	XP_023096805.1	true	714041	external:NCBI/GCF_018350175.1/genomic.gff	neighborhood_extracted	
felis_catus	GCF_018350175.1	NCBI RefSeq (datasets genomic.gff)	F.catus_Fca126_mat1.0	NC_058378.1	GeneID:101095198	XM_045040759.1;XM_045040760.1	XP_023096788.1	77438134	77547909	-	9	upstream	GeneID:111556932	DMBT1	78358625	78451874	+	protein_coding	XP_044896715.1	true	810716	external:NCBI/GCF_018350175.1/genomic.gff	neighborhood_extracted	
felis_catus	GCF_018350175.1	NCBI RefSeq (datasets genomic.gff)	F.catus_Fca126_mat1.0	NC_058378.1	GeneID:101095198	XM_045040759.1;XM_045040760.1	XP_023096788.1	77438134	77547909	-	10	upstream	GeneID:101096417	CD2H10orf120	78476962	78478678	-	protein_coding	XP_006938295.1	true	929053	external:NCBI/GCF_018350175.1/genomic.gff	neighborhood_extracted	
equus_caballus	GCF_041296265.1	NCBI RefSeq (datasets genomic.gff)	TB-T2T	NC_091684.1	GeneID:100033956	XM_014732943.3;XM_014732944.3	XP_070120224.1	12003476	12106520	+	1	downstream	GeneID:100065386	WDR11	12609358	12666782	-	protein_coding	XP_070115787.1	true	502838	external:NCBI/GCF_041296265.1/genomic.gff	neighborhood_extracted	
equus_caballus	GCF_041296265.1	NCBI RefSeq (datasets genomic.gff)	TB-T2T	NC_091684.1	GeneID:100033956	XM_014732943.3;XM_014732944.3	XP_070120224.1	12003476	12106520	+	2	downstream	GeneID:100065462	PLPP4	12862462	12988023	-	protein_coding	XP_023494022.1	true	755942	external:NCBI/GCF_041296265.1/genomic.gff	neighborhood_extracted	
equus_caballus	GCF_041296265.1	NCBI RefSeq (datasets genomic.gff)	TB-T2T	NC_091684.1	GeneID:100033956	XM_014732943.3;XM_014732944.3	XP_070120224.1	12003476	12106520	+	3	downstream	GeneID:100058564	SEC23IP	13420216	13463940	-	protein_coding	XP_014588757.3	true	1313696	external:NCBI/GCF_041296265.1/genomic.gff	neighborhood_extracted	
equus_caballus	GCF_041296265.1	NCBI RefSeq (datasets genomic.gff)	TB-T2T	NC_091684.1	GeneID:100033956	XM_014732943.3;XM_014732944.3	XP_070120224.1	12003476	12106520	+	4	downstream	GeneID:100065714	MCMBP	13477154	13521917	+	protein_coding	XP_023494090.1	true	1370634	external:NCBI/GCF_041296265.1/genomic.gff	neighborhood_extracted	
equus_caballus	GCF_041296265.1	NCBI RefSeq (datasets genomic.gff)	TB-T2T	NC_091684.1	GeneID:100033956	XM_014732943.3;XM_014732944.3	XP_070120224.1	12003476	12106520	+	5	downstream	GeneID:100065762	INPP5F	13522599	13607010	-	protein_coding	XP_070115936.1	true	1416079	external:NCBI/GCF_041296265.1/genomic.gff	neighborhood_extracted	
equus_caballus	GCF_041296265.1	NCBI RefSeq (datasets genomic.gff)	TB-T2T	NC_091684.1	GeneID:100033956	XM_014732943.3;XM_014732944.3	XP_070120224.1	12003476	12106520	+	6	downstream	GeneID:100065784	BAG3	13652037	13678712	-	protein_coding	XP_070116015.1	true	1545517	external:NCBI/GCF_041296265.1/genomic.gff	neighborhood_extracted	
equus_caballus	GCF_041296265.1	NCBI RefSeq (datasets genomic.gff)	TB-T2T	NC_091684.1	GeneID:100033956	XM_014732943.3;XM_014732944.3	XP_070120224.1	12003476	12106520	+	7	downstream	GeneID:100058604	TIAL1	13716463	13735389	+	protein_coding	XP_070115889.1	true	1609943	external:NCBI/GCF_041296265.1/genomic.gff	neighborhood_extracted	
equus_caballus	GCF_041296265.1	NCBI RefSeq (datasets genomic.gff)	TB-T2T	NC_091684.1	GeneID:100033956	XM_014732943.3;XM_014732944.3	XP_070120224.1	12003476	12106520	+	8	downstream	GeneID:100065864	RGS10	13758626	13794104	+	protein_coding	XP_023494173.1	true	1652106	external:NCBI/GCF_041296265.1/genomic.gff	neighborhood_extracted	
equus_caballus	GCF_041296265.1	NCBI RefSeq (datasets genomic.gff)	TB-T2T	NC_091684.1	GeneID:100033956	XM_014732943.3;XM_014732944.3	XP_070120224.1	12003476	12106520	+	9	downstream	GeneID:100065919	GRK5	13837882	14056307	-	protein_coding	XP_070116071.1	true	1731362	external:NCBI/GCF_041296265.1/genomic.gff	neighborhood_extracted	
equus_caballus	GCF_041296265.1	NCBI RefSeq (datasets genomic.gff)	TB-T2T	NC_091684.1	GeneID:100033956	XM_014732943.3;XM_014732944.3	XP_070120224.1	12003476	12106520	+	10	downstream	GeneID:106782043	LOC106782043	13945377	14055285	-	protein_coding	XP_014588575.2	true	1838857	external:NCBI/GCF_041296265.1/genomic.gff	neighborhood_extracted	
equus_caballus	GCF_041296265.1	NCBI RefSeq (datasets genomic.gff)	TB-T2T	NC_091684.1	GeneID:100033956	XM_014732943.3;XM_014732944.3	XP_070120224.1	12003476	12106520	+	1	upstream	GeneID:100064881	ATE1	11727334	11891128	+	protein_coding	XP_070115344.1	true	112348	external:NCBI/GCF_041296265.1/genomic.gff	neighborhood_extracted	
equus_caballus	GCF_041296265.1	NCBI RefSeq (datasets genomic.gff)	TB-T2T	NC_091684.1	GeneID:100033956	XM_014732943.3;XM_014732944.3	XP_070120224.1	12003476	12106520	+	2	upstream	GeneID:111772923	ATE1OS	11704399	11708950	-	protein_coding	XP_023493990.2	true	294526	external:NCBI/GCF_041296265.1/genomic.gff	neighborhood_extracted	
equus_caballus	GCF_041296265.1	NCBI RefSeq (datasets genomic.gff)	TB-T2T	NC_091684.1	GeneID:100033956	XM_014732943.3;XM_014732944.3	XP_070120224.1	12003476	12106520	+	3	upstream	GeneID:100064829	NSMCE4A	11686103	11701022	+	protein_coding	XP_023493985.2	true	302454	external:NCBI/GCF_041296265.1/genomic.gff	neighborhood_extracted	
equus_caballus	GCF_041296265.1	NCBI RefSeq (datasets genomic.gff)	TB-T2T	NC_091684.1	GeneID:100033956	XM_014732943.3;XM_014732944.3	XP_070120224.1	12003476	12106520	+	4	upstream	GeneID:100064696	TACC2	11453017	11663179	-	protein_coding	XP_070113872.1	true	340297	external:NCBI/GCF_041296265.1/genomic.gff	neighborhood_extracted	
equus_caballus	GCF_041296265.1	NCBI RefSeq (datasets genomic.gff)	TB-T2T	NC_091684.1	GeneID:100033956	XM_014732943.3;XM_014732944.3	XP_070120224.1	12003476	12106520	+	5	upstream	GeneID:100064634	BTBD16	11398903	11444557	-	protein_coding	XP_005602242.2	true	558919	external:NCBI/GCF_041296265.1/genomic.gff	neighborhood_extracted	
equus_caballus	GCF_041296265.1	NCBI RefSeq (datasets genomic.gff)	TB-T2T	NC_091684.1	GeneID:100033956	XM_014732943.3;XM_014732944.3	XP_070120224.1	12003476	12106520	+	6	upstream	GeneID:100058481	PLEKHA1	11309335	11362209	-	protein_coding	XP_070112694.1	true	641267	external:NCBI/GCF_041296265.1/genomic.gff	neighborhood_extracted	
equus_caballus	GCF_041296265.1	NCBI RefSeq (datasets genomic.gff)	TB-T2T	NC_091684.1	GeneID:100033956	XM_014732943.3;XM_014732944.3	XP_070120224.1	12003476	12106520	+	7	upstream	GeneID:100064570	HTRA1	11232821	11284590	-	protein_coding	XP_023493776.2	true	718886	external:NCBI/GCF_041296265.1/genomic.gff	neighborhood_extracted	
equus_caballus	GCF_041296265.1	NCBI RefSeq (datasets genomic.gff)	TB-T2T	NC_091684.1	GeneID:100033956	XM_014732943.3;XM_014732944.3	XP_070120224.1	12003476	12106520	+	8	upstream	GeneID:111772887	DMBT1	11140756	11195942	-	protein_coding	XP_070132219.1	true	807534	external:NCBI/GCF_041296265.1/genomic.gff	neighborhood_extracted	
equus_caballus	GCF_041296265.1	NCBI RefSeq (datasets genomic.gff)	TB-T2T	NC_091684.1	GeneID:100033956	XM_014732943.3;XM_014732944.3	XP_070120224.1	12003476	12106520	+	9	upstream	GeneID:111772889	LOC111772889	11085491	11109053	+	protein_coding	XP_070084202.1	true	894423	external:NCBI/GCF_041296265.1/genomic.gff	neighborhood_extracted	
equus_caballus	GCF_041296265.1	NCBI RefSeq (datasets genomic.gff)	TB-T2T	NC_091684.1	GeneID:100033956	XM_014732943.3;XM_014732944.3	XP_070120224.1	12003476	12106520	+	10	upstream	GeneID:102149178	SPADH	11025001	11031577	-	protein_coding	XP_023493755.2	true	971899	external:NCBI/GCF_041296265.1/genomic.gff	neighborhood_extracted	
sus_scrofa	GCF_000003025.6	NCBI RefSeq (datasets genomic.gff)	Sscrofa_HxYL_maternal_Yorkshire_Landrace_v2.0	NC_010456.5	GeneID:396762	XM_084993068.1;XM_084993071.1	NP_001093394.1	131183095	131285001	-	1	downstream	GeneID:100156416	WDR11	130618924	130674536	+	protein_coding	XP_001924391.2	true	508559	external:NCBI/GCF_000003025.6/genomic.gff	neighborhood_extracted	
sus_scrofa	GCF_000003025.6	NCBI RefSeq (datasets genomic.gff)	Sscrofa_HxYL_maternal_Yorkshire_Landrace_v2.0	NC_010456.5	GeneID:396762	XM_084993068.1;XM_084993071.1	NP_001093394.1	131183095	131285001	-	2	downstream	GeneID:100152806	PLPP4	130277217	130424632	+	protein_coding	XP_001924214.1	true	758463	external:NCBI/GCF_000003025.6/genomic.gff	neighborhood_extracted	
sus_scrofa	GCF_000003025.6	NCBI RefSeq (datasets genomic.gff)	Sscrofa_HxYL_maternal_Yorkshire_Landrace_v2.0	NC_010456.5	GeneID:396762	XM_084993068.1;XM_084993071.1	NP_001093394.1	131183095	131285001	-	3	downstream	GeneID:100157013	SEC23IP	129758279	129810642	+	protein_coding	XP_020929123.1	true	1372453	external:NCBI/GCF_000003025.6/genomic.gff	neighborhood_extracted	
sus_scrofa	GCF_000003025.6	NCBI RefSeq (datasets genomic.gff)	Sscrofa_HxYL_maternal_Yorkshire_Landrace_v2.0	NC_010456.5	GeneID:396762	XM_084993068.1;XM_084993071.1	NP_001093394.1	131183095	131285001	-	4	downstream	GeneID:100155791	MCMBP	129669147	129742285	-	protein_coding	XP_005671557.1	true	1440810	external:NCBI/GCF_000003025.6/genomic.gff	neighborhood_extracted	
sus_scrofa	GCF_000003025.6	NCBI RefSeq (datasets genomic.gff)	Sscrofa_HxYL_maternal_Yorkshire_Landrace_v2.0	NC_010456.5	GeneID:396762	XM_084993068.1;XM_084993071.1	NP_001093394.1	131183095	131285001	-	5	downstream	GeneID:100144587	INPP5F	129577594	129671541	+	protein_coding	XP_005671564.1	true	1511554	external:NCBI/GCF_000003025.6/genomic.gff	neighborhood_extracted	
sus_scrofa	GCF_000003025.6	NCBI RefSeq (datasets genomic.gff)	Sscrofa_HxYL_maternal_Yorkshire_Landrace_v2.0	NC_010456.5	GeneID:396762	XM_084993068.1;XM_084993071.1	NP_001093394.1	131183095	131285001	-	6	downstream	GeneID:100156989	BAG3	129510240	129533998	+	protein_coding	XP_020929117.1	true	1649097	external:NCBI/GCF_000003025.6/genomic.gff	neighborhood_extracted	
sus_scrofa	GCF_000003025.6	NCBI RefSeq (datasets genomic.gff)	Sscrofa_HxYL_maternal_Yorkshire_Landrace_v2.0	NC_010456.5	GeneID:396762	XM_084993068.1;XM_084993071.1	NP_001093394.1	131183095	131285001	-	7	downstream	GeneID:100158186	TIAL1	129441209	129467150	-	protein_coding	XP_003133244.1	true	1715945	external:NCBI/GCF_000003025.6/genomic.gff	neighborhood_extracted	
sus_scrofa	GCF_000003025.6	NCBI RefSeq (datasets genomic.gff)	Sscrofa_HxYL_maternal_Yorkshire_Landrace_v2.0	NC_010456.5	GeneID:396762	XM_084993068.1;XM_084993071.1	NP_001093394.1	131183095	131285001	-	8	downstream	GeneID:100152559	RGS10	129386717	129424150	-	protein_coding	XP_001927451.2	true	1758945	external:NCBI/GCF_000003025.6/genomic.gff	neighborhood_extracted	
sus_scrofa	GCF_000003025.6	NCBI RefSeq (datasets genomic.gff)	Sscrofa_HxYL_maternal_Yorkshire_Landrace_v2.0	NC_010456.5	GeneID:396762	XM_084993068.1;XM_084993071.1	NP_001093394.1	131183095	131285001	-	9	downstream	GeneID:100152937	GRK5	129113933	129351135	+	protein_coding	XP_001928619.1	true	1831960	external:NCBI/GCF_000003025.6/genomic.gff	neighborhood_extracted	
sus_scrofa	GCF_000003025.6	NCBI RefSeq (datasets genomic.gff)	Sscrofa_HxYL_maternal_Yorkshire_Landrace_v2.0	NC_010456.5	GeneID:396762	XM_084993068.1;XM_084993071.1	NP_001093394.1	131183095	131285001	-	10	downstream	GeneID:100154143	PRDX3	129079050	129090790	-	protein_coding	NP_001231460.1	true	2092305	external:NCBI/GCF_000003025.6/genomic.gff	neighborhood_extracted	
sus_scrofa	GCF_000003025.6	NCBI RefSeq (datasets genomic.gff)	Sscrofa_HxYL_maternal_Yorkshire_Landrace_v2.0	NC_010456.5	GeneID:396762	XM_084993068.1;XM_084993071.1	NP_001093394.1	131183095	131285001	-	1	upstream	GeneID:100512816	ATE1	131382019	131580443	-	protein_coding	XP_020929225.1	true	97018	external:NCBI/GCF_000003025.6/genomic.gff	neighborhood_extracted	
sus_scrofa	GCF_000003025.6	NCBI RefSeq (datasets genomic.gff)	Sscrofa_HxYL_maternal_Yorkshire_Landrace_v2.0	NC_010456.5	GeneID:396762	XM_084993068.1;XM_084993071.1	NP_001093394.1	131183095	131285001	-	2	upstream	GeneID:100153999	NSMCE4A	131592624	131609221	-	protein_coding	XP_001925740.1	true	307623	external:NCBI/GCF_000003025.6/genomic.gff	neighborhood_extracted	
sus_scrofa	GCF_000003025.6	NCBI RefSeq (datasets genomic.gff)	Sscrofa_HxYL_maternal_Yorkshire_Landrace_v2.0	NC_010456.5	GeneID:396762	XM_084993068.1;XM_084993071.1	NP_001093394.1	131183095	131285001	-	3	upstream	GeneID:100152804	TACC2	131770023	131849820	+	protein_coding	NP_001245281.1	true	485022	external:NCBI/GCF_000003025.6/genomic.gff	neighborhood_extracted	
sus_scrofa	GCF_000003025.6	NCBI RefSeq (datasets genomic.gff)	Sscrofa_HxYL_maternal_Yorkshire_Landrace_v2.0	NC_010456.5	GeneID:396762	XM_084993068.1;XM_084993071.1	NP_001093394.1	131183095	131285001	-	4	upstream	GeneID:100737536	BTBD16	131864394	131920317	+	protein_coding	XP_020929375.1	true	579393	external:NCBI/GCF_000003025.6/genomic.gff	neighborhood_extracted	
sus_scrofa	GCF_000003025.6	NCBI RefSeq (datasets genomic.gff)	Sscrofa_HxYL_maternal_Yorkshire_Landrace_v2.0	NC_010456.5	GeneID:396762	XM_084993068.1;XM_084993071.1	NP_001093394.1	131183095	131285001	-	5	upstream	GeneID:100157647	PLEKHA1	131960932	132016664	+	protein_coding	XP_005654207.1	true	675931	external:NCBI/GCF_000003025.6/genomic.gff	neighborhood_extracted	
sus_scrofa	GCF_000003025.6	NCBI RefSeq (datasets genomic.gff)	Sscrofa_HxYL_maternal_Yorkshire_Landrace_v2.0	NC_010456.5	GeneID:396762	XM_084993068.1;XM_084993071.1	NP_001093394.1	131183095	131285001	-	6	upstream	GeneID:100515628	HTRA1	132043044	132103590	+	protein_coding	XP_003133256.3	true	758043	external:NCBI/GCF_000003025.6/genomic.gff	neighborhood_extracted	
sus_scrofa	GCF_000003025.6	NCBI RefSeq (datasets genomic.gff)	Sscrofa_HxYL_maternal_Yorkshire_Landrace_v2.0	NC_010456.5	GeneID:396762	XM_084993068.1;XM_084993071.1	NP_001093394.1	131183095	131285001	-	7	upstream	GeneID:751862	DMBT1	132154346	132231274	+	protein_coding	NP_001041653.1	true	869345	external:NCBI/GCF_000003025.6/genomic.gff	neighborhood_extracted	
sus_scrofa	GCF_000003025.6	NCBI RefSeq (datasets genomic.gff)	Sscrofa_HxYL_maternal_Yorkshire_Landrace_v2.0	NC_010456.5	GeneID:396762	XM_084993068.1;XM_084993071.1	NP_001093394.1	131183095	131285001	-	8	upstream	GeneID:396783	AWN	132240887	132248034	+	protein_coding	XP_020929241.1	true	955886	external:NCBI/GCF_000003025.6/genomic.gff	neighborhood_extracted	
sus_scrofa	GCF_000003025.6	NCBI RefSeq (datasets genomic.gff)	Sscrofa_HxYL_maternal_Yorkshire_Landrace_v2.0	NC_010456.5	GeneID:396762	XM_084993068.1;XM_084993071.1	NP_001093394.1	131183095	131285001	-	9	upstream	GeneID:396829	AQN-1	132258948	132266059	+	protein_coding	XP_005655871.1	true	973947	external:NCBI/GCF_000003025.6/genomic.gff	neighborhood_extracted	
sus_scrofa	GCF_000003025.6	NCBI RefSeq (datasets genomic.gff)	Sscrofa_HxYL_maternal_Yorkshire_Landrace_v2.0	NC_010456.5	GeneID:396762	XM_084993068.1;XM_084993071.1	NP_001093394.1	131183095	131285001	-	10	upstream	GeneID:396817	PSP-II	132274265	132281728	+	protein_coding	NP_999001.1	true	989264	external:NCBI/GCF_000003025.6/genomic.gff	neighborhood_extracted	
bos_taurus	GCF_002263795.3	NCBI RefSeq (datasets genomic.gff)	ARS-UCD2.0	NC_037353.1	GeneID:404193	XM_059881740.1;XM_059881741.1	NP_001192239.1	41450677	41557736	-	1	downstream	GeneID:525169	WDR11	40839360	40898562	+	protein_coding	XP_024841408.1	true	552115	external:NCBI/GCF_002263795.3/genomic.gff	neighborhood_extracted	
bos_taurus	GCF_002263795.3	NCBI RefSeq (datasets genomic.gff)	ARS-UCD2.0	NC_037353.1	GeneID:404193	XM_059881740.1;XM_059881741.1	NP_001192239.1	41450677	41557736	-	2	downstream	GeneID:529067	PLPP4	40509729	40656785	+	protein_coding	NP_001193479.1	true	793892	external:NCBI/GCF_002263795.3/genomic.gff	neighborhood_extracted	
bos_taurus	GCF_002263795.3	NCBI RefSeq (datasets genomic.gff)	ARS-UCD2.0	NC_037353.1	GeneID:404193	XM_059881740.1;XM_059881741.1	NP_001192239.1	41450677	41557736	-	3	downstream	GeneID:508557	SEC23IP	40001663	40041185	+	protein_coding	XP_005225831.1	true	1409492	external:NCBI/GCF_002263795.3/genomic.gff	neighborhood_extracted	
bos_taurus	GCF_002263795.3	NCBI RefSeq (datasets genomic.gff)	ARS-UCD2.0	NC_037353.1	GeneID:404193	XM_059881740.1;XM_059881741.1	NP_001192239.1	41450677	41557736	-	4	downstream	GeneID:514863	MCMBP	39946832	39986271	-	protein_coding	XP_005225838.1	true	1464406	external:NCBI/GCF_002263795.3/genomic.gff	neighborhood_extracted	
bos_taurus	GCF_002263795.3	NCBI RefSeq (datasets genomic.gff)	ARS-UCD2.0	NC_037353.1	GeneID:404193	XM_059881740.1;XM_059881741.1	NP_001192239.1	41450677	41557736	-	5	downstream	GeneID:539889	INPP5F	39852076	39946249	+	protein_coding	XP_024841730.1	true	1504428	external:NCBI/GCF_002263795.3/genomic.gff	neighborhood_extracted	
bos_taurus	GCF_002263795.3	NCBI RefSeq (datasets genomic.gff)	ARS-UCD2.0	NC_037353.1	GeneID:404193	XM_059881740.1;XM_059881741.1	NP_001192239.1	41450677	41557736	-	6	downstream	GeneID:782633	BAG3	39775458	39798895	+	protein_coding	NP_001075940.1	true	1651782	external:NCBI/GCF_002263795.3/genomic.gff	neighborhood_extracted	
bos_taurus	GCF_002263795.3	NCBI RefSeq (datasets genomic.gff)	ARS-UCD2.0	NC_037353.1	GeneID:404193	XM_059881740.1;XM_059881741.1	NP_001192239.1	41450677	41557736	-	7	downstream	GeneID:614540	TIAL1	39695823	39717667	-	protein_coding	XP_005225844.1	true	1733010	external:NCBI/GCF_002263795.3/genomic.gff	neighborhood_extracted	
bos_taurus	GCF_002263795.3	NCBI RefSeq (datasets genomic.gff)	ARS-UCD2.0	NC_037353.1	GeneID:404193	XM_059881740.1;XM_059881741.1	NP_001192239.1	41450677	41557736	-	8	downstream	GeneID:614550	RGS10	39633166	39674155	-	protein_coding	XP_005225848.3	true	1776522	external:NCBI/GCF_002263795.3/genomic.gff	neighborhood_extracted	
bos_taurus	GCF_002263795.3	NCBI RefSeq (datasets genomic.gff)	ARS-UCD2.0	NC_037353.1	GeneID:404193	XM_059881740.1;XM_059881741.1	NP_001192239.1	41450677	41557736	-	9	downstream	GeneID:281801	GRK5	39360272	39588332	+	protein_coding	NP_776756.1	true	1862345	external:NCBI/GCF_002263795.3/genomic.gff	neighborhood_extracted	
bos_taurus	GCF_002263795.3	NCBI RefSeq (datasets genomic.gff)	ARS-UCD2.0	NC_037353.1	GeneID:404193	XM_059881740.1;XM_059881741.1	NP_001192239.1	41450677	41557736	-	10	downstream	GeneID:281998	PRDX3	39330338	39339692	-	protein_coding	NP_776857.1	true	2110985	external:NCBI/GCF_002263795.3/genomic.gff	neighborhood_extracted	
bos_taurus	GCF_002263795.3	NCBI RefSeq (datasets genomic.gff)	ARS-UCD2.0	NC_037353.1	GeneID:404193	XM_059881740.1;XM_059881741.1	NP_001192239.1	41450677	41557736	-	1	upstream	GeneID:534601	ATE1	41665369	41826293	-	protein_coding	XP_005225873.1	true	107633	external:NCBI/GCF_002263795.3/genomic.gff	neighborhood_extracted	
bos_taurus	GCF_002263795.3	NCBI RefSeq (datasets genomic.gff)	ARS-UCD2.0	NC_037353.1	GeneID:404193	XM_059881740.1;XM_059881741.1	NP_001192239.1	41450677	41557736	-	2	upstream	GeneID:101907255	ATE1OS	41825860	41835823	+	protein_coding	XP_059738070.1	true	268124	external:NCBI/GCF_002263795.3/genomic.gff	neighborhood_extracted	
bos_taurus	GCF_002263795.3	NCBI RefSeq (datasets genomic.gff)	ARS-UCD2.0	NC_037353.1	GeneID:404193	XM_059881740.1;XM_059881741.1	NP_001192239.1	41450677	41557736	-	3	upstream	GeneID:527312	NSMCE4A	41841677	41855439	-	protein_coding	NP_001033767.1	true	283941	external:NCBI/GCF_002263795.3/genomic.gff	neighborhood_extracted	
bos_taurus	GCF_002263795.3	NCBI RefSeq (datasets genomic.gff)	ARS-UCD2.0	NC_037353.1	GeneID:404193	XM_059881740.1;XM_059881741.1	NP_001192239.1	41450677	41557736	-	4	upstream	GeneID:533768	TACC2	41877629	42112627	+	protein_coding	XP_015316244.1	true	319893	external:NCBI/GCF_002263795.3/genomic.gff	neighborhood_extracted	
bos_taurus	GCF_002263795.3	NCBI RefSeq (datasets genomic.gff)	ARS-UCD2.0	NC_037353.1	GeneID:404193	XM_059881740.1;XM_059881741.1	NP_001192239.1	41450677	41557736	-	5	upstream	GeneID:518515	BTBD16	42116915	42173441	+	protein_coding	XP_059737841.1	true	559179	external:NCBI/GCF_002263795.3/genomic.gff	neighborhood_extracted	
bos_taurus	GCF_002263795.3	NCBI RefSeq (datasets genomic.gff)	ARS-UCD2.0	NC_037353.1	GeneID:404193	XM_059881740.1;XM_059881741.1	NP_001192239.1	41450677	41557736	-	6	upstream	GeneID:513040	PLEKHA1	42206786	42261341	+	protein_coding	XP_005225861.1	true	649050	external:NCBI/GCF_002263795.3/genomic.gff	neighborhood_extracted	
bos_taurus	GCF_002263795.3	NCBI RefSeq (datasets genomic.gff)	ARS-UCD2.0	NC_037353.1	GeneID:404193	XM_059881740.1;XM_059881741.1	NP_001192239.1	41450677	41557736	-	7	upstream	GeneID:282326	HTRA1	42285637	42343167	+	protein_coding	NP_001269011.1	true	727901	external:NCBI/GCF_002263795.3/genomic.gff	neighborhood_extracted	
bos_taurus	GCF_002263795.3	NCBI RefSeq (datasets genomic.gff)	ARS-UCD2.0	NC_037353.1	GeneID:404193	XM_059881740.1;XM_059881741.1	NP_001192239.1	41450677	41557736	-	8	upstream	GeneID:404104	DMBT1	42390383	42492218	+	protein_coding	XP_059738076.1	true	832647	external:NCBI/GCF_002263795.3/genomic.gff	neighborhood_extracted	
bos_taurus	GCF_002263795.3	NCBI RefSeq (datasets genomic.gff)	ARS-UCD2.0	NC_037353.1	GeneID:404193	XM_059881740.1;XM_059881741.1	NP_001192239.1	41450677	41557736	-	9	upstream	GeneID:132343971	LOC132343971	42443775	42450306	+	protein_coding	XP_059738077.1	true	886039	external:NCBI/GCF_002263795.3/genomic.gff	neighborhood_extracted	
bos_taurus	GCF_002263795.3	NCBI RefSeq (datasets genomic.gff)	ARS-UCD2.0	NC_037353.1	GeneID:404193	XM_059881740.1;XM_059881741.1	NP_001192239.1	41450677	41557736	-	10	upstream	GeneID:100295703	LOC100295703	42503214	42511507	+	protein_coding	XP_002698597.3	true	945478	external:NCBI/GCF_002263795.3/genomic.gff	neighborhood_extracted	
ovis_aries	GCF_016772045.2	NCBI RefSeq (datasets genomic.gff)	ARS-UI_Ramb_v3.0	NC_056075.1	GeneID:443548	XM_060404505.1;XM_060404507.1	XP_042094806.1	40986324	41091029	-	1	downstream	GeneID:101109577	WDR11	40367284	40422640	+	protein_coding	XP_011958420.1	true	563684	external:NCBI/GCF_016772045.2/genomic.gff	neighborhood_extracted	
ovis_aries	GCF_016772045.2	NCBI RefSeq (datasets genomic.gff)	ARS-UI_Ramb_v3.0	NC_056075.1	GeneID:443548	XM_060404505.1;XM_060404507.1	XP_042094806.1	40986324	41091029	-	2	downstream	GeneID:101109316	PLPP4	40023017	40168556	+	protein_coding	XP_042094486.1	true	817768	external:NCBI/GCF_016772045.2/genomic.gff	neighborhood_extracted	
ovis_aries	GCF_016772045.2	NCBI RefSeq (datasets genomic.gff)	ARS-UI_Ramb_v3.0	NC_056075.1	GeneID:443548	XM_060404505.1;XM_060404507.1	XP_042094806.1	40986324	41091029	-	3	downstream	GeneID:114110247	LOC114110247	39721462	39722026	-	protein_coding	XP_027815951.1	true	1264298	external:NCBI/GCF_016772045.2/genomic.gff	neighborhood_extracted	
ovis_aries	GCF_016772045.2	NCBI RefSeq (datasets genomic.gff)	ARS-UI_Ramb_v3.0	NC_056075.1	GeneID:443548	XM_060404505.1;XM_060404507.1	XP_042094806.1	40986324	41091029	-	4	downstream	GeneID:101109056	SEC23IP	39502663	39556746	+	protein_coding	XP_042094445.1	true	1429578	external:NCBI/GCF_016772045.2/genomic.gff	neighborhood_extracted	
ovis_aries	GCF_016772045.2	NCBI RefSeq (datasets genomic.gff)	ARS-UI_Ramb_v3.0	NC_056075.1	GeneID:443548	XM_060404505.1;XM_060404507.1	XP_042094806.1	40986324	41091029	-	5	downstream	GeneID:101108791	MCMBP	39464591	39502645	-	protein_coding	XP_011958415.2	true	1483679	external:NCBI/GCF_016772045.2/genomic.gff	neighborhood_extracted	
ovis_aries	GCF_016772045.2	NCBI RefSeq (datasets genomic.gff)	ARS-UI_Ramb_v3.0	NC_056075.1	GeneID:443548	XM_060404505.1;XM_060404507.1	XP_042094806.1	40986324	41091029	-	6	downstream	GeneID:101122650	INPP5F	39372034	39464010	+	protein_coding	XP_027816109.2	true	1522314	external:NCBI/GCF_016772045.2/genomic.gff	neighborhood_extracted	
ovis_aries	GCF_016772045.2	NCBI RefSeq (datasets genomic.gff)	ARS-UI_Ramb_v3.0	NC_056075.1	GeneID:443548	XM_060404505.1;XM_060404507.1	XP_042094806.1	40986324	41091029	-	7	downstream	GeneID:101108530	BAG3	39289053	39312550	+	protein_coding	XP_004020283.2	true	1673774	external:NCBI/GCF_016772045.2/genomic.gff	neighborhood_extracted	
ovis_aries	GCF_016772045.2	NCBI RefSeq (datasets genomic.gff)	ARS-UI_Ramb_v3.0	NC_056075.1	GeneID:443548	XM_060404505.1;XM_060404507.1	XP_042094806.1	40986324	41091029	-	8	downstream	GeneID:101107918	TIAL1	39220297	39242575	-	protein_coding	XP_004020280.1	true	1743749	external:NCBI/GCF_016772045.2/genomic.gff	neighborhood_extracted	
ovis_aries	GCF_016772045.2	NCBI RefSeq (datasets genomic.gff)	ARS-UI_Ramb_v3.0	NC_056075.1	GeneID:443548	XM_060404505.1;XM_060404507.1	XP_042094806.1	40986324	41091029	-	9	downstream	GeneID:101107650	RGS10	39161526	39200774	-	protein_coding	XP_027816074.1	true	1785550	external:NCBI/GCF_016772045.2/genomic.gff	neighborhood_extracted	
ovis_aries	GCF_016772045.2	NCBI RefSeq (datasets genomic.gff)	ARS-UI_Ramb_v3.0	NC_056075.1	GeneID:443548	XM_060404505.1;XM_060404507.1	XP_042094806.1	40986324	41091029	-	10	downstream	GeneID:132658420	LOC132658420	39049762	39065730	+	protein_coding	XP_060260736.1	true	1920594	external:NCBI/GCF_016772045.2/genomic.gff	neighborhood_extracted	
ovis_aries	GCF_016772045.2	NCBI RefSeq (datasets genomic.gff)	ARS-UI_Ramb_v3.0	NC_056075.1	GeneID:443548	XM_060404505.1;XM_060404507.1	XP_042094806.1	40986324	41091029	-	1	upstream	GeneID:101110286	ATE1	41199450	41360369	-	protein_coding	XP_060260513.1	true	108421	external:NCBI/GCF_016772045.2/genomic.gff	neighborhood_extracted	
ovis_aries	GCF_016772045.2	NCBI RefSeq (datasets genomic.gff)	ARS-UI_Ramb_v3.0	NC_056075.1	GeneID:443548	XM_060404505.1;XM_060404507.1	XP_042094806.1	40986324	41091029	-	2	upstream	GeneID:101123169	NSMCE4A	41376070	41389655	-	protein_coding	XP_014958929.2	true	285041	external:NCBI/GCF_016772045.2/genomic.gff	neighborhood_extracted	
ovis_aries	GCF_016772045.2	NCBI RefSeq (datasets genomic.gff)	ARS-UI_Ramb_v3.0	NC_056075.1	GeneID:443548	XM_060404505.1;XM_060404507.1	XP_042094806.1	40986324	41091029	-	3	upstream	GeneID:101123429	TACC2	41404372	41634796	+	protein_coding	XP_060260545.1	true	313343	external:NCBI/GCF_016772045.2/genomic.gff	neighborhood_extracted	
ovis_aries	GCF_016772045.2	NCBI RefSeq (datasets genomic.gff)	ARS-UI_Ramb_v3.0	NC_056075.1	GeneID:443548	XM_060404505.1;XM_060404507.1	XP_042094806.1	40986324	41091029	-	4	upstream	GeneID:101110555	BTBD16	41636447	41702926	+	protein_coding	XP_060260577.1	true	545418	external:NCBI/GCF_016772045.2/genomic.gff	neighborhood_extracted	
ovis_aries	GCF_016772045.2	NCBI RefSeq (datasets genomic.gff)	ARS-UI_Ramb_v3.0	NC_056075.1	GeneID:443548	XM_060404505.1;XM_060404507.1	XP_042094806.1	40986324	41091029	-	5	upstream	GeneID:101110806	PLEKHA1	41729899	41783763	+	protein_coding	XP_060260756.1	true	638870	external:NCBI/GCF_016772045.2/genomic.gff	neighborhood_extracted	
ovis_aries	GCF_016772045.2	NCBI RefSeq (datasets genomic.gff)	ARS-UI_Ramb_v3.0	NC_056075.1	GeneID:443548	XM_060404505.1;XM_060404507.1	XP_042094806.1	40986324	41091029	-	6	upstream	GeneID:101101854	HTRA1	41807843	41867201	+	protein_coding	XP_027816436.2	true	716814	external:NCBI/GCF_016772045.2/genomic.gff	neighborhood_extracted	
ovis_aries	GCF_016772045.2	NCBI RefSeq (datasets genomic.gff)	ARS-UI_Ramb_v3.0	NC_056075.1	GeneID:443548	XM_060404505.1;XM_060404507.1	XP_042094806.1	40986324	41091029	-	7	upstream	GeneID:105601930	DMBT1	41915875	41999964	+	protein_coding	XP_042094694.1	true	824846	external:NCBI/GCF_016772045.2/genomic.gff	neighborhood_extracted	
ovis_aries	GCF_016772045.2	NCBI RefSeq (datasets genomic.gff)	ARS-UI_Ramb_v3.0	NC_056075.1	GeneID:443548	XM_060404505.1;XM_060404507.1	XP_042094806.1	40986324	41091029	-	8	upstream	GeneID:121817630	LOC121817630	42012186	42020219	+	protein_coding	XP_042094735.1	true	921157	external:NCBI/GCF_016772045.2/genomic.gff	neighborhood_extracted	
ovis_aries	GCF_016772045.2	NCBI RefSeq (datasets genomic.gff)	ARS-UI_Ramb_v3.0	NC_056075.1	GeneID:443548	XM_060404505.1;XM_060404507.1	XP_042094806.1	40986324	41091029	-	9	upstream	GeneID:101111505	LOC101111505	42026167	42031574	+	protein_coding	XP_014958970.1	true	935138	external:NCBI/GCF_016772045.2/genomic.gff	neighborhood_extracted	
ovis_aries	GCF_016772045.2	NCBI RefSeq (datasets genomic.gff)	ARS-UI_Ramb_v3.0	NC_056075.1	GeneID:443548	XM_060404505.1;XM_060404507.1	XP_042094806.1	40986324	41091029	-	10	upstream	GeneID:101111242	LOC101111242	42057791	42064892	+	protein_coding	XP_027815994.2	true	966762	external:NCBI/GCF_016772045.2/genomic.gff	neighborhood_extracted	
monodelphis_domestica	GCF_027887165.1	NCBI RefSeq (datasets genomic.gff)	mMonDom1.pri	NC_077227.1	GeneID:100025727	XM_056803261.1;XM_056803264.1	XP_056659239.1	91111444	91235719	+	1	downstream	GeneID:100025821	WDR11	91998883	92101361	-	protein_coding	XP_056659306.1	true	763164	external:NCBI/GCF_027887165.1/genomic.gff	neighborhood_extracted	
monodelphis_domestica	GCF_027887165.1	NCBI RefSeq (datasets genomic.gff)	mMonDom1.pri	NC_077227.1	GeneID:100025727	XM_056803261.1;XM_056803264.1	XP_056659239.1	91111444	91235719	+	2	downstream	GeneID:100025869	LOC100025869	92205760	92207527	-	protein_coding	XP_056659318.1	true	970041	external:NCBI/GCF_027887165.1/genomic.gff	neighborhood_extracted	
monodelphis_domestica	GCF_027887165.1	NCBI RefSeq (datasets genomic.gff)	mMonDom1.pri	NC_077227.1	GeneID:100025727	XM_056803261.1;XM_056803264.1	XP_056659239.1	91111444	91235719	+	3	downstream	GeneID:100025930	PLPP4	92478537	92692742	-	protein_coding	XP_001376710.3	true	1242818	external:NCBI/GCF_027887165.1/genomic.gff	neighborhood_extracted	
monodelphis_domestica	GCF_027887165.1	NCBI RefSeq (datasets genomic.gff)	mMonDom1.pri	NC_077227.1	GeneID:100025727	XM_056803261.1;XM_056803264.1	XP_056659239.1	91111444	91235719	+	4	downstream	GeneID:100025969	SEC23IP	93410461	93445135	-	protein_coding	XP_007478966.1	true	2174742	external:NCBI/GCF_027887165.1/genomic.gff	neighborhood_extracted	
monodelphis_domestica	GCF_027887165.1	NCBI RefSeq (datasets genomic.gff)	mMonDom1.pri	NC_077227.1	GeneID:100025727	XM_056803261.1;XM_056803264.1	XP_056659239.1	91111444	91235719	+	5	downstream	GeneID:100020120	MCMBP	93458770	93489890	+	protein_coding	XP_007478968.1	true	2223051	external:NCBI/GCF_027887165.1/genomic.gff	neighborhood_extracted	
monodelphis_domestica	GCF_027887165.1	NCBI RefSeq (datasets genomic.gff)	mMonDom1.pri	NC_077227.1	GeneID:100025727	XM_056803261.1;XM_056803264.1	XP_056659239.1	91111444	91235719	+	6	downstream	GeneID:100026005	INPP5F	93492171	93592240	-	protein_coding	XP_007478969.1	true	2256452	external:NCBI/GCF_027887165.1/genomic.gff	neighborhood_extracted	
monodelphis_domestica	GCF_027887165.1	NCBI RefSeq (datasets genomic.gff)	mMonDom1.pri	NC_077227.1	GeneID:100025727	XM_056803261.1;XM_056803264.1	XP_056659239.1	91111444	91235719	+	7	downstream	GeneID:100026066	BAG3	93702254	93736775	-	protein_coding	XP_007478974.2	true	2466535	external:NCBI/GCF_027887165.1/genomic.gff	neighborhood_extracted	
monodelphis_domestica	GCF_027887165.1	NCBI RefSeq (datasets genomic.gff)	mMonDom1.pri	NC_077227.1	GeneID:100025727	XM_056803261.1;XM_056803264.1	XP_056659239.1	91111444	91235719	+	8	downstream	GeneID:100020244	TIAL1	93793229	93811564	+	protein_coding	XP_056659453.1	true	2557510	external:NCBI/GCF_027887165.1/genomic.gff	neighborhood_extracted	
monodelphis_domestica	GCF_027887165.1	NCBI RefSeq (datasets genomic.gff)	mMonDom1.pri	NC_077227.1	GeneID:100025727	XM_056803261.1;XM_056803264.1	XP_056659239.1	91111444	91235719	+	9	downstream	GeneID:100026154	RGS10	93840788	93953488	+	protein_coding	XP_056659479.1	true	2605069	external:NCBI/GCF_027887165.1/genomic.gff	neighborhood_extracted	
monodelphis_domestica	GCF_027887165.1	NCBI RefSeq (datasets genomic.gff)	mMonDom1.pri	NC_077227.1	GeneID:100025727	XM_056803261.1;XM_056803264.1	XP_056659239.1	91111444	91235719	+	10	downstream	GeneID:100026176	LOC100026176	93927776	93928409	-	protein_coding	XP_056659475.1	true	2692057	external:NCBI/GCF_027887165.1/genomic.gff	neighborhood_extracted	
monodelphis_domestica	GCF_027887165.1	NCBI RefSeq (datasets genomic.gff)	mMonDom1.pri	NC_077227.1	GeneID:100025727	XM_056803261.1;XM_056803264.1	XP_056659239.1	91111444	91235719	+	1	upstream	GeneID:103095209	LOC103095209	90789691	90791832	-	protein_coding	XP_056650348.1	true	319612	external:NCBI/GCF_027887165.1/genomic.gff	neighborhood_extracted	
monodelphis_domestica	GCF_027887165.1	NCBI RefSeq (datasets genomic.gff)	mMonDom1.pri	NC_077227.1	GeneID:100025727	XM_056803261.1;XM_056803264.1	XP_056659239.1	91111444	91235719	+	2	upstream	GeneID:100025687	ATE1	90650408	90906777	+	protein_coding	XP_007478948.1	true	204667	external:NCBI/GCF_027887165.1/genomic.gff	neighborhood_extracted	
monodelphis_domestica	GCF_027887165.1	NCBI RefSeq (datasets genomic.gff)	mMonDom1.pri	NC_077227.1	GeneID:100025727	XM_056803261.1;XM_056803264.1	XP_056659239.1	91111444	91235719	+	3	upstream	GeneID:103101299	LOC103101299	90635358	90638736	+	protein_coding	XP_007478947.2	true	472708	external:NCBI/GCF_027887165.1/genomic.gff	neighborhood_extracted	
monodelphis_domestica	GCF_027887165.1	NCBI RefSeq (datasets genomic.gff)	mMonDom1.pri	NC_077227.1	GeneID:100025727	XM_056803261.1;XM_056803264.1	XP_056659239.1	91111444	91235719	+	4	upstream	GeneID:103098792	NSMCE4A	90575439	90623587	+	protein_coding	XP_007478929.2	true	487857	external:NCBI/GCF_027887165.1/genomic.gff	neighborhood_extracted	
monodelphis_domestica	GCF_027887165.1	NCBI RefSeq (datasets genomic.gff)	mMonDom1.pri	NC_077227.1	GeneID:100025727	XM_056803261.1;XM_056803264.1	XP_056659239.1	91111444	91235719	+	5	upstream	GeneID:100025600	TACC2	90270100	90575401	-	protein_coding	XP_056659021.1	true	536043	external:NCBI/GCF_027887165.1/genomic.gff	neighborhood_extracted	
monodelphis_domestica	GCF_027887165.1	NCBI RefSeq (datasets genomic.gff)	mMonDom1.pri	NC_077227.1	GeneID:100025727	XM_056803261.1;XM_056803264.1	XP_056659239.1	91111444	91235719	+	6	upstream	GeneID:100619928	BTBD16	90124907	90255528	-	protein_coding	XP_056659132.1	true	855916	external:NCBI/GCF_027887165.1/genomic.gff	neighborhood_extracted	
monodelphis_domestica	GCF_027887165.1	NCBI RefSeq (datasets genomic.gff)	mMonDom1.pri	NC_077227.1	GeneID:100025727	XM_056803261.1;XM_056803264.1	XP_056659239.1	91111444	91235719	+	7	upstream	GeneID:100019790	PLEKHA1	89965060	90048677	-	protein_coding	XP_007478927.1	true	1062767	external:NCBI/GCF_027887165.1/genomic.gff	neighborhood_extracted	
monodelphis_domestica	GCF_027887165.1	NCBI RefSeq (datasets genomic.gff)	mMonDom1.pri	NC_077227.1	GeneID:100025727	XM_056803261.1;XM_056803264.1	XP_056659239.1	91111444	91235719	+	8	upstream	GeneID:100025560	HTRA1	89843979	89929379	-	protein_coding	XP_007478924.2	true	1182065	external:NCBI/GCF_027887165.1/genomic.gff	neighborhood_extracted	
monodelphis_domestica	GCF_027887165.1	NCBI RefSeq (datasets genomic.gff)	mMonDom1.pri	NC_077227.1	GeneID:100025727	XM_056803261.1;XM_056803264.1	XP_056659239.1	91111444	91235719	+	9	upstream	GeneID:100025519	DMBT1	89630562	89722229	-	protein_coding	XP_016283058.2	true	1389215	external:NCBI/GCF_027887165.1/genomic.gff	neighborhood_extracted	
monodelphis_domestica	GCF_027887165.1	NCBI RefSeq (datasets genomic.gff)	mMonDom1.pri	NC_077227.1	GeneID:100025727	XM_056803261.1;XM_056803264.1	XP_056659239.1	91111444	91235719	+	10	upstream	GeneID:103097651	LOC103097651	89584176	89593185	-	protein_coding	XP_007478922.2	true	1518259	external:NCBI/GCF_027887165.1/genomic.gff	neighborhood_extracted	
ornithorhynchus_anatinus	GCF_004115215.2	NCBI RefSeq (datasets genomic.gff)	mOrnAna1.pri.v4	NC_041743.1	GeneID:100084641	XM_029080810.2;XM_029080811.2	XP_028936648.1	22877513	23000938	+	1	downstream	GeneID:100084482	WDR11	23498716	23598099	-	protein_coding	XP_028936299.1	true	497778	external:NCBI/GCF_004115215.2/genomic.gff	neighborhood_extracted	
ornithorhynchus_anatinus	GCF_004115215.2	NCBI RefSeq (datasets genomic.gff)	mOrnAna1.pri.v4	NC_041743.1	GeneID:100084641	XM_029080810.2;XM_029080811.2	XP_028936648.1	22877513	23000938	+	2	downstream	GeneID:100084434	PLPP4	23737864	23846530	-	protein_coding	XP_028937403.1	true	736926	external:NCBI/GCF_004115215.2/genomic.gff	neighborhood_extracted	
ornithorhynchus_anatinus	GCF_004115215.2	NCBI RefSeq (datasets genomic.gff)	mOrnAna1.pri.v4	NC_041743.1	GeneID:100084641	XM_029080810.2;XM_029080811.2	XP_028936648.1	22877513	23000938	+	3	downstream	GeneID:100080688	LOC100080688	24153223	24195690	-	protein_coding	XP_028936399.1	true	1152285	external:NCBI/GCF_004115215.2/genomic.gff	neighborhood_extracted	
ornithorhynchus_anatinus	GCF_004115215.2	NCBI RefSeq (datasets genomic.gff)	mOrnAna1.pri.v4	NC_041743.1	GeneID:100084641	XM_029080810.2;XM_029080811.2	XP_028936648.1	22877513	23000938	+	4	downstream	GeneID:100084400	LOC100084400	24200561	24245071	+	protein_coding	XP_028936204.1	true	1199623	external:NCBI/GCF_004115215.2/genomic.gff	neighborhood_extracted	
ornithorhynchus_anatinus	GCF_004115215.2	NCBI RefSeq (datasets genomic.gff)	mOrnAna1.pri.v4	NC_041743.1	GeneID:100084641	XM_029080810.2;XM_029080811.2	XP_028936648.1	22877513	23000938	+	5	downstream	GeneID:100080657	INPP5F	24245344	24310102	-	protein_coding	XP_028936201.1	true	1244406	external:NCBI/GCF_004115215.2/genomic.gff	neighborhood_extracted	
ornithorhynchus_anatinus	GCF_004115215.2	NCBI RefSeq (datasets genomic.gff)	mOrnAna1.pri.v4	NC_041743.1	GeneID:100084641	XM_029080810.2;XM_029080811.2	XP_028936648.1	22877513	23000938	+	6	downstream	GeneID:100084356	BAG3	24347326	24376789	-	protein_coding	XP_028936967.1	true	1346388	external:NCBI/GCF_004115215.2/genomic.gff	neighborhood_extracted	
ornithorhynchus_anatinus	GCF_004115215.2	NCBI RefSeq (datasets genomic.gff)	mOrnAna1.pri.v4	NC_041743.1	GeneID:100084641	XM_029080810.2;XM_029080811.2	XP_028936648.1	22877513	23000938	+	7	downstream	GeneID:100084291	TIAL1	24407237	24434686	+	protein_coding	XP_028937220.1	true	1406299	external:NCBI/GCF_004115215.2/genomic.gff	neighborhood_extracted	
ornithorhynchus_anatinus	GCF_004115215.2	NCBI RefSeq (datasets genomic.gff)	mOrnAna1.pri.v4	NC_041743.1	GeneID:100084641	XM_029080810.2;XM_029080811.2	XP_028936648.1	22877513	23000938	+	8	downstream	GeneID:100084347	RGS10	24458603	24498800	+	protein_coding	XP_028937161.1	true	1457665	external:NCBI/GCF_004115215.2/genomic.gff	neighborhood_extracted	
ornithorhynchus_anatinus	GCF_004115215.2	NCBI RefSeq (datasets genomic.gff)	mOrnAna1.pri.v4	NC_041743.1	GeneID:100084641	XM_029080810.2;XM_029080811.2	XP_028936648.1	22877513	23000938	+	9	downstream	GeneID:100084269	GRK5	24537106	24800755	-	protein_coding	XP_028936407.1	true	1536168	external:NCBI/GCF_004115215.2/genomic.gff	neighborhood_extracted	
ornithorhynchus_anatinus	GCF_004115215.2	NCBI RefSeq (datasets genomic.gff)	mOrnAna1.pri.v4	NC_041743.1	GeneID:100084641	XM_029080810.2;XM_029080811.2	XP_028936648.1	22877513	23000938	+	10	downstream	GeneID:100088874	PRDX3	24814669	24822268	+	protein_coding	XP_028936549.1	true	1813731	external:NCBI/GCF_004115215.2/genomic.gff	neighborhood_extracted	
ornithorhynchus_anatinus	GCF_004115215.2	NCBI RefSeq (datasets genomic.gff)	mOrnAna1.pri.v4	NC_041743.1	GeneID:100084641	XM_029080810.2;XM_029080811.2	XP_028936648.1	22877513	23000938	+	1	upstream	GeneID:103170315	ATE1	22463892	22689753	+	protein_coding	XP_028936418.1	true	187760	external:NCBI/GCF_004115215.2/genomic.gff	neighborhood_extracted	
ornithorhynchus_anatinus	GCF_004115215.2	NCBI RefSeq (datasets genomic.gff)	mOrnAna1.pri.v4	NC_041743.1	GeneID:100084641	XM_029080810.2;XM_029080811.2	XP_028936648.1	22877513	23000938	+	2	upstream	GeneID:100084702	NSMCE4A	22429803	22458527	+	protein_coding	XP_028936850.1	true	418986	external:NCBI/GCF_004115215.2/genomic.gff	neighborhood_extracted	
ornithorhynchus_anatinus	GCF_004115215.2	NCBI RefSeq (datasets genomic.gff)	mOrnAna1.pri.v4	NC_041743.1	GeneID:100084641	XM_029080810.2;XM_029080811.2	XP_028936648.1	22877513	23000938	+	3	upstream	GeneID:100084468	LOC100084468	22117838	22416178	-	protein_coding	XP_028936339.1	true	461335	external:NCBI/GCF_004115215.2/genomic.gff	neighborhood_extracted	
ornithorhynchus_anatinus	GCF_004115215.2	NCBI RefSeq (datasets genomic.gff)	mOrnAna1.pri.v4	NC_041743.1	GeneID:100084641	XM_029080810.2;XM_029080811.2	XP_028936648.1	22877513	23000938	+	4	upstream	GeneID:100084486	LOC100084486	21331641	21345891	+	protein_coding	XP_028936697.1	true	1531622	external:NCBI/GCF_004115215.2/genomic.gff	neighborhood_extracted	
ornithorhynchus_anatinus	GCF_004115215.2	NCBI RefSeq (datasets genomic.gff)	mOrnAna1.pri.v4	NC_041743.1	GeneID:100084641	XM_029080810.2;XM_029080811.2	XP_028936648.1	22877513	23000938	+	5	upstream	GeneID:103165880	LOC103165880	21002275	21651407	-	protein_coding	XP_028936695.1	true	1226106	external:NCBI/GCF_004115215.2/genomic.gff	neighborhood_extracted	
ornithorhynchus_anatinus	GCF_004115215.2	NCBI RefSeq (datasets genomic.gff)	mOrnAna1.pri.v4	NC_041743.1	GeneID:100084641	XM_029080810.2;XM_029080811.2	XP_028936648.1	22877513	23000938	+	6	upstream	GeneID:100078928	CPXM2	20329968	20501916	-	protein_coding	XP_028936071.1	true	2375597	external:NCBI/GCF_004115215.2/genomic.gff	neighborhood_extracted	
ornithorhynchus_anatinus	GCF_004115215.2	NCBI RefSeq (datasets genomic.gff)	mOrnAna1.pri.v4	NC_041743.1	GeneID:100084641	XM_029080810.2;XM_029080811.2	XP_028936648.1	22877513	23000938	+	7	upstream	GeneID:100075090	GPR26	20153232	20276027	+	protein_coding	XP_028936847.1	true	2601486	external:NCBI/GCF_004115215.2/genomic.gff	neighborhood_extracted	
ornithorhynchus_anatinus	GCF_004115215.2	NCBI RefSeq (datasets genomic.gff)	mOrnAna1.pri.v4	NC_041743.1	GeneID:100084641	XM_029080810.2;XM_029080811.2	XP_028936648.1	22877513	23000938	+	8	upstream	GeneID:100078883	LOC100078883	19759628	19761270	+	protein_coding	XP_039770297.1	true	3116243	external:NCBI/GCF_004115215.2/genomic.gff	neighborhood_extracted	
ornithorhynchus_anatinus	GCF_004115215.2	NCBI RefSeq (datasets genomic.gff)	mOrnAna1.pri.v4	NC_041743.1	GeneID:100084641	XM_029080810.2;XM_029080811.2	XP_028936648.1	22877513	23000938	+	9	upstream	GeneID:100081535	BUB3	19377462	19390714	+	protein_coding	XP_028937035.1	true	3486799	external:NCBI/GCF_004115215.2/genomic.gff	neighborhood_extracted	
ornithorhynchus_anatinus	GCF_004115215.2	NCBI RefSeq (datasets genomic.gff)	mOrnAna1.pri.v4	NC_041743.1	GeneID:100084641	XM_029080810.2;XM_029080811.2	XP_028936648.1	22877513	23000938	+	10	upstream	GeneID:114817354	HMX2	19365987	19372719	+	protein_coding	XP_039770296.1	true	3504794	external:NCBI/GCF_004115215.2/genomic.gff	neighborhood_extracted	
gallus_gallus	GCF_016699485.2	NCBI RefSeq (datasets genomic.gff)	bGalGal1.mat.broiler.GRCg7b	NC_052537.1	GeneID:396259	NM_205319.4;XM_046942740.1	XP_046798706.1	31659852	31760763	-	1	downstream	GeneID:423935	WDR11	31434333	31469810	+	protein_coding	XP_004942384.2	true	190042	external:NCBI/GCF_016699485.2/genomic.gff	neighborhood_extracted	
gallus_gallus	GCF_016699485.2	NCBI RefSeq (datasets genomic.gff)	bGalGal1.mat.broiler.GRCg7b	NC_052537.1	GeneID:396259	NM_205319.4;XM_046942740.1	XP_046798706.1	31659852	31760763	-	2	downstream	GeneID:428987	PLPP4	31294961	31357691	+	protein_coding	XP_046799244.1	true	302161	external:NCBI/GCF_016699485.2/genomic.gff	neighborhood_extracted	
gallus_gallus	GCF_016699485.2	NCBI RefSeq (datasets genomic.gff)	bGalGal1.mat.broiler.GRCg7b	NC_052537.1	GeneID:396259	NM_205319.4;XM_046942740.1	XP_046798706.1	31659852	31760763	-	3	downstream	GeneID:423934	SEC23IP	31153898	31173869	+	protein_coding	XP_421794.5	true	485983	external:NCBI/GCF_016699485.2/genomic.gff	neighborhood_extracted	
gallus_gallus	GCF_016699485.2	NCBI RefSeq (datasets genomic.gff)	bGalGal1.mat.broiler.GRCg7b	NC_052537.1	GeneID:396259	NM_205319.4;XM_046942740.1	XP_046798706.1	31659852	31760763	-	4	downstream	GeneID:423933	MCMBP	31140045	31154173	-	protein_coding	NP_001012930.1	true	505679	external:NCBI/GCF_016699485.2/genomic.gff	neighborhood_extracted	
gallus_gallus	GCF_016699485.2	NCBI RefSeq (datasets genomic.gff)	bGalGal1.mat.broiler.GRCg7b	NC_052537.1	GeneID:396259	NM_205319.4;XM_046942740.1	XP_046798706.1	31659852	31760763	-	5	downstream	GeneID:423932	INPP5F	31100829	31146497	+	protein_coding	XP_015144391.2	true	513355	external:NCBI/GCF_016699485.2/genomic.gff	neighborhood_extracted	
gallus_gallus	GCF_016699485.2	NCBI RefSeq (datasets genomic.gff)	bGalGal1.mat.broiler.GRCg7b	NC_052537.1	GeneID:396259	NM_205319.4;XM_046942740.1	XP_046798706.1	31659852	31760763	-	6	downstream	GeneID:423931	BAG3	31061818	31079755	+	protein_coding	XP_015144392.1	true	580097	external:NCBI/GCF_016699485.2/genomic.gff	neighborhood_extracted	
gallus_gallus	GCF_016699485.2	NCBI RefSeq (datasets genomic.gff)	bGalGal1.mat.broiler.GRCg7b	NC_052537.1	GeneID:396259	NM_205319.4;XM_046942740.1	XP_046798706.1	31659852	31760763	-	7	downstream	GeneID:112529920	TIAL1	31027637	31048687	-	protein_coding	XP_025007769.1	true	611165	external:NCBI/GCF_016699485.2/genomic.gff	neighborhood_extracted	
gallus_gallus	GCF_016699485.2	NCBI RefSeq (datasets genomic.gff)	bGalGal1.mat.broiler.GRCg7b	NC_052537.1	GeneID:396259	NM_205319.4;XM_046942740.1	XP_046798706.1	31659852	31760763	-	8	downstream	GeneID:423930	RGS10	31003281	31020306	-	protein_coding	XP_040558833.1	true	639546	external:NCBI/GCF_016699485.2/genomic.gff	neighborhood_extracted	
gallus_gallus	GCF_016699485.2	NCBI RefSeq (datasets genomic.gff)	bGalGal1.mat.broiler.GRCg7b	NC_052537.1	GeneID:396259	NM_205319.4;XM_046942740.1	XP_046798706.1	31659852	31760763	-	9	downstream	GeneID:423929	GRK5	30821603	30985661	+	protein_coding	XP_025007768.1	true	674191	external:NCBI/GCF_016699485.2/genomic.gff	neighborhood_extracted	
gallus_gallus	GCF_016699485.2	NCBI RefSeq (datasets genomic.gff)	bGalGal1.mat.broiler.GRCg7b	NC_052537.1	GeneID:396259	NM_205319.4;XM_046942740.1	XP_046798706.1	31659852	31760763	-	10	downstream	GeneID:428986	PRDX3	30808936	30816003	-	protein_coding	XP_040558831.1	true	843849	external:NCBI/GCF_016699485.2/genomic.gff	neighborhood_extracted	
gallus_gallus	GCF_016699485.2	NCBI RefSeq (datasets genomic.gff)	bGalGal1.mat.broiler.GRCg7b	NC_052537.1	GeneID:396259	NM_205319.4;XM_046942740.1	XP_046798706.1	31659852	31760763	-	1	upstream	GeneID:423936	ATE1	31797742	31869210	-	protein_coding	XP_046798915.1	true	36979	external:NCBI/GCF_016699485.2/genomic.gff	neighborhood_extracted	
gallus_gallus	GCF_016699485.2	NCBI RefSeq (datasets genomic.gff)	bGalGal1.mat.broiler.GRCg7b	NC_052537.1	GeneID:396259	NM_205319.4;XM_046942740.1	XP_046798706.1	31659852	31760763	-	2	upstream	GeneID:423937	NSMCE4A	31869428	31877568	-	protein_coding	XP_421797.2	true	108665	external:NCBI/GCF_016699485.2/genomic.gff	neighborhood_extracted	
gallus_gallus	GCF_016699485.2	NCBI RefSeq (datasets genomic.gff)	bGalGal1.mat.broiler.GRCg7b	NC_052537.1	GeneID:396259	NM_205319.4;XM_046942740.1	XP_046798706.1	31659852	31760763	-	3	upstream	GeneID:423939	TACC2	31881626	31997288	+	protein_coding	XP_040558835.1	true	120863	external:NCBI/GCF_016699485.2/genomic.gff	neighborhood_extracted	
gallus_gallus	GCF_016699485.2	NCBI RefSeq (datasets genomic.gff)	bGalGal1.mat.broiler.GRCg7b	NC_052537.1	GeneID:396259	NM_205319.4;XM_046942740.1	XP_046798706.1	31659852	31760763	-	4	upstream	GeneID:121111178	LOC121111178	31997704	32000858	+	protein_coding	XP_040558846.1	true	236941	external:NCBI/GCF_016699485.2/genomic.gff	neighborhood_extracted	
gallus_gallus	GCF_016699485.2	NCBI RefSeq (datasets genomic.gff)	bGalGal1.mat.broiler.GRCg7b	NC_052537.1	GeneID:396259	NM_205319.4;XM_046942740.1	XP_046798706.1	31659852	31760763	-	5	upstream	GeneID:423940	PLEKHA1	32028715	32056062	+	protein_coding	XP_046799251.1	true	267952	external:NCBI/GCF_016699485.2/genomic.gff	neighborhood_extracted	
gallus_gallus	GCF_016699485.2	NCBI RefSeq (datasets genomic.gff)	bGalGal1.mat.broiler.GRCg7b	NC_052537.1	GeneID:396259	NM_205319.4;XM_046942740.1	XP_046798706.1	31659852	31760763	-	6	upstream	GeneID:100857572	HTRA1	32058952	32086561	+	protein_coding	XP_015144381.1	true	298189	external:NCBI/GCF_016699485.2/genomic.gff	neighborhood_extracted	
gallus_gallus	GCF_016699485.2	NCBI RefSeq (datasets genomic.gff)	bGalGal1.mat.broiler.GRCg7b	NC_052537.1	GeneID:396259	NM_205319.4;XM_046942740.1	XP_046798706.1	31659852	31760763	-	7	upstream	GeneID:101750892	LOC101750892	32099812	32117827	+	protein_coding	XP_040558847.1	true	339049	external:NCBI/GCF_016699485.2/genomic.gff	neighborhood_extracted	
gallus_gallus	GCF_016699485.2	NCBI RefSeq (datasets genomic.gff)	bGalGal1.mat.broiler.GRCg7b	NC_052537.1	GeneID:396259	NM_205319.4;XM_046942740.1	XP_046798706.1	31659852	31760763	-	8	upstream	GeneID:107053714	LOC107053714	32119381	32154434	+	protein_coding	XP_046799295.1	true	358618	external:NCBI/GCF_016699485.2/genomic.gff	neighborhood_extracted	
gallus_gallus	GCF_016699485.2	NCBI RefSeq (datasets genomic.gff)	bGalGal1.mat.broiler.GRCg7b	NC_052537.1	GeneID:396259	NM_205319.4;XM_046942740.1	XP_046798706.1	31659852	31760763	-	9	upstream	GeneID:107049019	LOC107049019	32152540	32171721	+	protein_coding	XP_046799247.1	true	391777	external:NCBI/GCF_016699485.2/genomic.gff	neighborhood_extracted	
gallus_gallus	GCF_016699485.2	NCBI RefSeq (datasets genomic.gff)	bGalGal1.mat.broiler.GRCg7b	NC_052537.1	GeneID:396259	NM_205319.4;XM_046942740.1	XP_046798706.1	31659852	31760763	-	10	upstream	GeneID:423943	CUZD1	32174529	32182400	+	protein_coding	XP_040558854.1	true	413766	external:NCBI/GCF_016699485.2/genomic.gff	neighborhood_extracted	
meleagris_gallopavo	GCF_000146605.3	NCBI RefSeq (datasets genomic.gff)	Turkey_5.1	NC_015018.2	GeneID:100540905	ENSMGAT00000021846;ENSMGAT00000037037	XP_010713192.1	31543204	31585982	-	1	downstream	GeneID:104912074	LOC104912074	31535355	31536573	-	protein_coding	XP_010713187.1	true	6631	external:NCBI/GCF_000146605.3/genomic.gff	neighborhood_extracted	
meleagris_gallopavo	GCF_000146605.3	NCBI RefSeq (datasets genomic.gff)	Turkey_5.1	NC_015018.2	GeneID:100540905	ENSMGAT00000021846;ENSMGAT00000037037	XP_010713192.1	31543204	31585982	-	2	downstream	GeneID:100541056	ATE1	31398150	31438036	-	protein_coding	XP_019473444.1	true	105168	external:NCBI/GCF_000146605.3/genomic.gff	neighborhood_extracted	
meleagris_gallopavo	GCF_000146605.3	NCBI RefSeq (datasets genomic.gff)	Turkey_5.1	NC_015018.2	GeneID:100540905	ENSMGAT00000021846;ENSMGAT00000037037	XP_010713192.1	31543204	31585982	-	3	downstream	GeneID:104909303	NSMCE4A	31384522	31393843	-	protein_coding	XP_010713186.1	true	149361	external:NCBI/GCF_000146605.3/genomic.gff	neighborhood_extracted	
meleagris_gallopavo	GCF_000146605.3	NCBI RefSeq (datasets genomic.gff)	Turkey_5.1	NC_015018.2	GeneID:100540905	ENSMGAT00000021846;ENSMGAT00000037037	XP_010713192.1	31543204	31585982	-	4	downstream	GeneID:104912084	LOC104912084	31292044	31304832	+	protein_coding	XP_010713232.1	true	238372	external:NCBI/GCF_000146605.3/genomic.gff	neighborhood_extracted	
meleagris_gallopavo	GCF_000146605.3	NCBI RefSeq (datasets genomic.gff)	Turkey_5.1	NC_015018.2	GeneID:100540905	ENSMGAT00000021846;ENSMGAT00000037037	XP_010713192.1	31543204	31585982	-	5	downstream	GeneID:100541207	LOC100541207	31261902	31283316	+	protein_coding	XP_019473439.1	true	259888	external:NCBI/GCF_000146605.3/genomic.gff	neighborhood_extracted	
meleagris_gallopavo	GCF_000146605.3	NCBI RefSeq (datasets genomic.gff)	Turkey_5.1	NC_015018.2	GeneID:100540905	ENSMGAT00000021846;ENSMGAT00000037037	XP_010713192.1	31543204	31585982	-	6	downstream	GeneID:100538895	PLEKHA1	31213125	31229340	+	protein_coding	XP_010713181.1	true	313864	external:NCBI/GCF_000146605.3/genomic.gff	neighborhood_extracted	
meleagris_gallopavo	GCF_000146605.3	NCBI RefSeq (datasets genomic.gff)	Turkey_5.1	NC_015018.2	GeneID:100540905	ENSMGAT00000021846;ENSMGAT00000037037	XP_010713192.1	31543204	31585982	-	7	downstream	GeneID:100541363	HTRA1	31162707	31177711	+	protein_coding	XP_010713179.1	true	365493	external:NCBI/GCF_000146605.3/genomic.gff	neighborhood_extracted	
meleagris_gallopavo	GCF_000146605.3	NCBI RefSeq (datasets genomic.gff)	Turkey_5.1	NC_015018.2	GeneID:100540905	ENSMGAT00000021846;ENSMGAT00000037037	XP_010713192.1	31543204	31585982	-	8	downstream	GeneID:100541669	C8H10orf88	31156765	31160700	-	protein_coding	XP_010713178.1	true	382504	external:NCBI/GCF_000146605.3/genomic.gff	neighborhood_extracted	
meleagris_gallopavo	GCF_000146605.3	NCBI RefSeq (datasets genomic.gff)	Turkey_5.1	NC_015018.2	GeneID:100540905	ENSMGAT00000021846;ENSMGAT00000037037	XP_010713192.1	31543204	31585982	-	9	downstream	GeneID:104909313	LOC104909313	31147801	31155529	+	protein_coding	XP_010713177.1	true	387675	external:NCBI/GCF_000146605.3/genomic.gff	neighborhood_extracted	
meleagris_gallopavo	GCF_000146605.3	NCBI RefSeq (datasets genomic.gff)	Turkey_5.1	NC_015018.2	GeneID:100540905	ENSMGAT00000021846;ENSMGAT00000037037	XP_010713192.1	31543204	31585982	-	10	downstream	GeneID:104909332	LOC104909332	31131819	31144996	+	protein_coding	XP_031410396.1	true	398208	external:NCBI/GCF_000146605.3/genomic.gff	neighborhood_extracted	
meleagris_gallopavo	GCF_000146605.3	NCBI RefSeq (datasets genomic.gff)	Turkey_5.1	NC_015018.2	GeneID:100540905	ENSMGAT00000021846;ENSMGAT00000037037	XP_010713192.1	31543204	31585982	-	1	upstream	GeneID:104912075	LOC104912075	31629895	31636156	-	protein_coding	XP_031410400.1	true	43913	external:NCBI/GCF_000146605.3/genomic.gff	neighborhood_extracted	
meleagris_gallopavo	GCF_000146605.3	NCBI RefSeq (datasets genomic.gff)	Turkey_5.1	NC_015018.2	GeneID:100540905	ENSMGAT00000021846;ENSMGAT00000037037	XP_010713192.1	31543204	31585982	-	2	upstream	GeneID:104912087	LOC104912087	31765325	31780423	+	protein_coding	XP_019473446.1	true	179343	external:NCBI/GCF_000146605.3/genomic.gff	neighborhood_extracted	
meleagris_gallopavo	GCF_000146605.3	NCBI RefSeq (datasets genomic.gff)	Turkey_5.1	NC_015018.2	GeneID:100540905	ENSMGAT00000021846;ENSMGAT00000037037	XP_010713192.1	31543204	31585982	-	3	upstream	GeneID:100540753	LOC100540753	31808328	31916489	+	protein_coding	XP_031410456.1	true	222346	external:NCBI/GCF_000146605.3/genomic.gff	neighborhood_extracted	
meleagris_gallopavo	GCF_000146605.3	NCBI RefSeq (datasets genomic.gff)	Turkey_5.1	NC_015018.2	GeneID:100540905	ENSMGAT00000021846;ENSMGAT00000037037	XP_010713192.1	31543204	31585982	-	4	upstream	GeneID:100540597	PLPP4	31918895	31945192	+	protein_coding	XP_031410457.1	true	332913	external:NCBI/GCF_000146605.3/genomic.gff	neighborhood_extracted	
meleagris_gallopavo	GCF_000146605.3	NCBI RefSeq (datasets genomic.gff)	Turkey_5.1	NC_015018.2	GeneID:100540905	ENSMGAT00000021846;ENSMGAT00000037037	XP_010713192.1	31543204	31585982	-	5	upstream	GeneID:100538585	SEC23IP	32027201	32047257	+	protein_coding	XP_003208243.3	true	441219	external:NCBI/GCF_000146605.3/genomic.gff	neighborhood_extracted	
meleagris_gallopavo	GCF_000146605.3	NCBI RefSeq (datasets genomic.gff)	Turkey_5.1	NC_015018.2	GeneID:100540905	ENSMGAT00000021846;ENSMGAT00000037037	XP_010713192.1	31543204	31585982	-	6	upstream	GeneID:100540285	INPP5F	32115412	32151088	+	protein_coding	XP_031410458.1	true	529430	external:NCBI/GCF_000146605.3/genomic.gff	neighborhood_extracted	
meleagris_gallopavo	GCF_000146605.3	NCBI RefSeq (datasets genomic.gff)	Turkey_5.1	NC_015018.2	GeneID:100540905	ENSMGAT00000021846;ENSMGAT00000037037	XP_010713192.1	31543204	31585982	-	7	upstream	GeneID:100540441	MCMBP	32154413	32166725	-	protein_coding	XP_010713239.1	true	568431	external:NCBI/GCF_000146605.3/genomic.gff	neighborhood_extracted	
meleagris_gallopavo	GCF_000146605.3	NCBI RefSeq (datasets genomic.gff)	Turkey_5.1	NC_015018.2	GeneID:100540905	ENSMGAT00000021846;ENSMGAT00000037037	XP_010713192.1	31543204	31585982	-	8	upstream	GeneID:100540130	BAG3	32167013	32185342	+	protein_coding	XP_031410459.1	true	581031	external:NCBI/GCF_000146605.3/genomic.gff	neighborhood_extracted	
meleagris_gallopavo	GCF_000146605.3	NCBI RefSeq (datasets genomic.gff)	Turkey_5.1	NC_015018.2	GeneID:100540905	ENSMGAT00000021846;ENSMGAT00000037037	XP_010713192.1	31543204	31585982	-	9	upstream	GeneID:100539976	TIAL1	32226638	32247099	-	protein_coding	XP_019473447.1	true	640656	external:NCBI/GCF_000146605.3/genomic.gff	neighborhood_extracted	
meleagris_gallopavo	GCF_000146605.3	NCBI RefSeq (datasets genomic.gff)	Turkey_5.1	NC_015018.2	GeneID:100540905	ENSMGAT00000021846;ENSMGAT00000037037	XP_010713192.1	31543204	31585982	-	10	upstream	GeneID:104912077	LOC104912077	32248767	32253427	+	protein_coding	XP_010713203.1	true	662785	external:NCBI/GCF_000146605.3/genomic.gff	neighborhood_extracted	
taeniopygia_guttata	GCF_048771995.1	NCBI RefSeq (datasets genomic.gff)	bTaeGut7.mat	NC_133031.1	GeneID:100223379	XM_072931307.1;XM_072931308.1	XP_072787410.1	32282203	32363362	-	1	downstream	GeneID:100220549	WDR11	32067978	32102882	+	protein_coding	XP_030132407.2	true	179321	external:NCBI/GCF_048771995.1/genomic.gff	neighborhood_extracted	
taeniopygia_guttata	GCF_048771995.1	NCBI RefSeq (datasets genomic.gff)	bTaeGut7.mat	NC_133031.1	GeneID:100223379	XM_072931307.1;XM_072931308.1	XP_072787410.1	32282203	32363362	-	2	downstream	GeneID:100226377	PLPP4	31947561	31993531	+	protein_coding	XP_030132406.1	true	288672	external:NCBI/GCF_048771995.1/genomic.gff	neighborhood_extracted	
taeniopygia_guttata	GCF_048771995.1	NCBI RefSeq (datasets genomic.gff)	bTaeGut7.mat	NC_133031.1	GeneID:100223379	XM_072931307.1;XM_072931308.1	XP_072787410.1	32282203	32363362	-	3	downstream	GeneID:100229205	SEC23IP	31786171	31807952	+	protein_coding	XP_072787406.1	true	474251	external:NCBI/GCF_048771995.1/genomic.gff	neighborhood_extracted	
taeniopygia_guttata	GCF_048771995.1	NCBI RefSeq (datasets genomic.gff)	bTaeGut7.mat	NC_133031.1	GeneID:100223379	XM_072931307.1;XM_072931308.1	XP_072787410.1	32282203	32363362	-	4	downstream	GeneID:121470197	MCMBP	31772282	31786119	-	protein_coding	XP_041573120.2	true	496084	external:NCBI/GCF_048771995.1/genomic.gff	neighborhood_extracted	
taeniopygia_guttata	GCF_048771995.1	NCBI RefSeq (datasets genomic.gff)	bTaeGut7.mat	NC_133031.1	GeneID:100223379	XM_072931307.1;XM_072931308.1	XP_072787410.1	32282203	32363362	-	5	downstream	GeneID:100232128	INPP5F	31731392	31770864	+	protein_coding	XP_012430124.5	true	511339	external:NCBI/GCF_048771995.1/genomic.gff	neighborhood_extracted	
taeniopygia_guttata	GCF_048771995.1	NCBI RefSeq (datasets genomic.gff)	bTaeGut7.mat	NC_133031.1	GeneID:100223379	XM_072931307.1;XM_072931308.1	XP_072787410.1	32282203	32363362	-	6	downstream	GeneID:100228262	BAG3	31694725	31711272	+	protein_coding	XP_030132402.4	true	570931	external:NCBI/GCF_048771995.1/genomic.gff	neighborhood_extracted	
taeniopygia_guttata	GCF_048771995.1	NCBI RefSeq (datasets genomic.gff)	bTaeGut7.mat	NC_133031.1	GeneID:100223379	XM_072931307.1;XM_072931308.1	XP_072787410.1	32282203	32363362	-	7	downstream	GeneID:100218641	TIAL1	31665436	31682805	-	protein_coding	XP_030132396.1	true	599398	external:NCBI/GCF_048771995.1/genomic.gff	neighborhood_extracted	
taeniopygia_guttata	GCF_048771995.1	NCBI RefSeq (datasets genomic.gff)	bTaeGut7.mat	NC_133031.1	GeneID:100223379	XM_072931307.1;XM_072931308.1	XP_072787410.1	32282203	32363362	-	8	downstream	GeneID:100224428	RGS10	31633650	31654651	-	protein_coding	XP_030132400.4	true	627552	external:NCBI/GCF_048771995.1/genomic.gff	neighborhood_extracted	
taeniopygia_guttata	GCF_048771995.1	NCBI RefSeq (datasets genomic.gff)	bTaeGut7.mat	NC_133031.1	GeneID:100223379	XM_072931307.1;XM_072931308.1	XP_072787410.1	32282203	32363362	-	9	downstream	GeneID:100227306	GRK5	31462875	31615357	+	protein_coding	XP_012430120.1	true	666846	external:NCBI/GCF_048771995.1/genomic.gff	neighborhood_extracted	
taeniopygia_guttata	GCF_048771995.1	NCBI RefSeq (datasets genomic.gff)	bTaeGut7.mat	NC_133031.1	GeneID:100223379	XM_072931307.1;XM_072931308.1	XP_072787410.1	32282203	32363362	-	10	downstream	GeneID:100226317	PRDX3	31449488	31455394	-	protein_coding	XP_030132392.3	true	826809	external:NCBI/GCF_048771995.1/genomic.gff	neighborhood_extracted	
taeniopygia_guttata	GCF_048771995.1	NCBI RefSeq (datasets genomic.gff)	bTaeGut7.mat	NC_133031.1	GeneID:100223379	XM_072931307.1;XM_072931308.1	XP_072787410.1	32282203	32363362	-	1	upstream	GeneID:100230111	ATE1	32426854	32495053	-	protein_coding	XP_030132417.4	true	63492	external:NCBI/GCF_048771995.1/genomic.gff	neighborhood_extracted	
taeniopygia_guttata	GCF_048771995.1	NCBI RefSeq (datasets genomic.gff)	bTaeGut7.mat	NC_133031.1	GeneID:100223379	XM_072931307.1;XM_072931308.1	XP_072787410.1	32282203	32363362	-	2	upstream	GeneID:100224423	NSMCE4A	32495828	32504406	-	protein_coding	XP_030132420.1	true	132466	external:NCBI/GCF_048771995.1/genomic.gff	neighborhood_extracted	
taeniopygia_guttata	GCF_048771995.1	NCBI RefSeq (datasets genomic.gff)	bTaeGut7.mat	NC_133031.1	GeneID:100223379	XM_072931307.1;XM_072931308.1	XP_072787410.1	32282203	32363362	-	3	upstream	GeneID:100220486	TACC2	32509195	32636452	+	protein_coding	XP_072787419.1	true	145833	external:NCBI/GCF_048771995.1/genomic.gff	neighborhood_extracted	
taeniopygia_guttata	GCF_048771995.1	NCBI RefSeq (datasets genomic.gff)	bTaeGut7.mat	NC_133031.1	GeneID:100223379	XM_072931307.1;XM_072931308.1	XP_072787410.1	32282203	32363362	-	4	upstream	GeneID:100231121	LOC100231121	32636596	32640720	+	protein_coding	XP_002189194.7	true	273234	external:NCBI/GCF_048771995.1/genomic.gff	neighborhood_extracted	
taeniopygia_guttata	GCF_048771995.1	NCBI RefSeq (datasets genomic.gff)	bTaeGut7.mat	NC_133031.1	GeneID:100223379	XM_072931307.1;XM_072931308.1	XP_072787410.1	32282203	32363362	-	5	upstream	GeneID:100217594	PLEKHA1	32683375	32714589	+	protein_coding	XP_012430174.1	true	320013	external:NCBI/GCF_048771995.1/genomic.gff	neighborhood_extracted	
taeniopygia_guttata	GCF_048771995.1	NCBI RefSeq (datasets genomic.gff)	bTaeGut7.mat	NC_133031.1	GeneID:100223379	XM_072931307.1;XM_072931308.1	XP_072787410.1	32282203	32363362	-	6	upstream	GeneID:100219623	HTRA1	32720711	32751769	+	protein_coding	XP_072787436.1	true	357349	external:NCBI/GCF_048771995.1/genomic.gff	neighborhood_extracted	
taeniopygia_guttata	GCF_048771995.1	NCBI RefSeq (datasets genomic.gff)	bTaeGut7.mat	NC_133031.1	GeneID:100223379	XM_072931307.1;XM_072931308.1	XP_072787410.1	32282203	32363362	-	7	upstream	GeneID:100226373	DMBT1	32764079	32816001	+	protein_coding	XP_072787672.1	true	400717	external:NCBI/GCF_048771995.1/genomic.gff	neighborhood_extracted	
taeniopygia_guttata	GCF_048771995.1	NCBI RefSeq (datasets genomic.gff)	bTaeGut7.mat	NC_133031.1	GeneID:100223379	XM_072931307.1;XM_072931308.1	XP_072787410.1	32282203	32363362	-	8	upstream	GeneID:121470151	LOC121470151	32826797	32837623	+	protein_coding	XP_072787437.1	true	463435	external:NCBI/GCF_048771995.1/genomic.gff	neighborhood_extracted	
taeniopygia_guttata	GCF_048771995.1	NCBI RefSeq (datasets genomic.gff)	bTaeGut7.mat	NC_133031.1	GeneID:100223379	XM_072931307.1;XM_072931308.1	XP_072787410.1	32282203	32363362	-	9	upstream	GeneID:100223499	C6H10orf88	32840419	32845421	-	protein_coding	XP_072787447.1	true	477057	external:NCBI/GCF_048771995.1/genomic.gff	neighborhood_extracted	
taeniopygia_guttata	GCF_048771995.1	NCBI RefSeq (datasets genomic.gff)	bTaeGut7.mat	NC_133031.1	GeneID:100223379	XM_072931307.1;XM_072931308.1	XP_072787410.1	32282203	32363362	-	10	upstream	GeneID:100220484	LOC100220484	32847131	32863202	+	protein_coding	XP_030132435.4	true	483769	external:NCBI/GCF_048771995.1/genomic.gff	neighborhood_extracted	
alligator_mississippiensis	GCF_030867095.1	NCBI RefSeq (datasets genomic.gff)	rAllMis1	NC_081829.1	GeneID:102564591	XM_006266126.4;XM_059730070.1	XP_059586053.1	85696471	85825950	+	1	downstream	GeneID:132251249	LOC132251249	85862841	85864016	-	protein_coding	XP_059586329.1	true	36891	external:NCBI/GCF_030867095.1/genomic.gff	neighborhood_extracted	
alligator_mississippiensis	GCF_030867095.1	NCBI RefSeq (datasets genomic.gff)	rAllMis1	NC_081829.1	GeneID:102564591	XM_006266126.4;XM_059730070.1	XP_059586053.1	85696471	85825950	+	2	downstream	GeneID:102560532	WDR11	86202067	86305659	-	protein_coding	XP_059586054.1	true	376117	external:NCBI/GCF_030867095.1/genomic.gff	neighborhood_extracted	
alligator_mississippiensis	GCF_030867095.1	NCBI RefSeq (datasets genomic.gff)	rAllMis1	NC_081829.1	GeneID:102564591	XM_006266126.4;XM_059730070.1	XP_059586053.1	85696471	85825950	+	3	downstream	GeneID:102575543	PLPP4	86566079	86674192	-	protein_coding	XP_019341451.1	true	740129	external:NCBI/GCF_030867095.1/genomic.gff	neighborhood_extracted	
alligator_mississippiensis	GCF_030867095.1	NCBI RefSeq (datasets genomic.gff)	rAllMis1	NC_081829.1	GeneID:102564591	XM_006266126.4;XM_059730070.1	XP_059586053.1	85696471	85825950	+	4	downstream	GeneID:102558171	SEC23IP	87053752	87099106	-	protein_coding	XP_059586058.1	true	1227802	external:NCBI/GCF_030867095.1/genomic.gff	neighborhood_extracted	
alligator_mississippiensis	GCF_030867095.1	NCBI RefSeq (datasets genomic.gff)	rAllMis1	NC_081829.1	GeneID:102564591	XM_006266126.4;XM_059730070.1	XP_059586053.1	85696471	85825950	+	5	downstream	GeneID:102576842	MCMBP	87099202	87131319	+	protein_coding	XP_006267280.2	true	1273252	external:NCBI/GCF_030867095.1/genomic.gff	neighborhood_extracted	
alligator_mississippiensis	GCF_030867095.1	NCBI RefSeq (datasets genomic.gff)	rAllMis1	NC_081829.1	GeneID:102564591	XM_006266126.4;XM_059730070.1	XP_059586053.1	85696471	85825950	+	6	downstream	GeneID:102576612	INPP5F	87132921	87226696	-	protein_coding	XP_059586056.1	true	1306971	external:NCBI/GCF_030867095.1/genomic.gff	neighborhood_extracted	
alligator_mississippiensis	GCF_030867095.1	NCBI RefSeq (datasets genomic.gff)	rAllMis1	NC_081829.1	GeneID:102564591	XM_006266126.4;XM_059730070.1	XP_059586053.1	85696471	85825950	+	7	downstream	GeneID:102576375	BAG3	87273631	87295526	-	protein_coding	XP_006267278.2	true	1447681	external:NCBI/GCF_030867095.1/genomic.gff	neighborhood_extracted	
alligator_mississippiensis	GCF_030867095.1	NCBI RefSeq (datasets genomic.gff)	rAllMis1	NC_081829.1	GeneID:102564591	XM_006266126.4;XM_059730070.1	XP_059586053.1	85696471	85825950	+	8	downstream	GeneID:102562025	TIAL1	87343570	87369147	+	protein_coding	XP_006267274.1	true	1517620	external:NCBI/GCF_030867095.1/genomic.gff	neighborhood_extracted	
alligator_mississippiensis	GCF_030867095.1	NCBI RefSeq (datasets genomic.gff)	rAllMis1	NC_081829.1	GeneID:102564591	XM_006266126.4;XM_059730070.1	XP_059586053.1	85696471	85825950	+	9	downstream	GeneID:102575301	RGS10	87387549	87415263	+	protein_coding	XP_019341455.1	true	1561599	external:NCBI/GCF_030867095.1/genomic.gff	neighborhood_extracted	
alligator_mississippiensis	GCF_030867095.1	NCBI RefSeq (datasets genomic.gff)	rAllMis1	NC_081829.1	GeneID:102564591	XM_006266126.4;XM_059730070.1	XP_059586053.1	85696471	85825950	+	10	downstream	GeneID:102557717	GRK5	87446774	87697383	-	protein_coding	XP_019341456.1	true	1620824	external:NCBI/GCF_030867095.1/genomic.gff	neighborhood_extracted	
alligator_mississippiensis	GCF_030867095.1	NCBI RefSeq (datasets genomic.gff)	rAllMis1	NC_081829.1	GeneID:102564591	XM_006266126.4;XM_059730070.1	XP_059586053.1	85696471	85825950	+	1	upstream	GeneID:102574359	ATE1	85438063	85615744	+	protein_coding	XP_019341439.1	true	80727	external:NCBI/GCF_030867095.1/genomic.gff	neighborhood_extracted	
alligator_mississippiensis	GCF_030867095.1	NCBI RefSeq (datasets genomic.gff)	rAllMis1	NC_081829.1	GeneID:102564591	XM_006266126.4;XM_059730070.1	XP_059586053.1	85696471	85825950	+	2	upstream	GeneID:102572022	NSMCE4A	85417640	85435312	+	protein_coding	XP_006266192.3	true	261159	external:NCBI/GCF_030867095.1/genomic.gff	neighborhood_extracted	
alligator_mississippiensis	GCF_030867095.1	NCBI RefSeq (datasets genomic.gff)	rAllMis1	NC_081829.1	GeneID:102564591	XM_006266126.4;XM_059730070.1	XP_059586053.1	85696471	85825950	+	3	upstream	GeneID:102568380	TACC2	85149655	85384289	-	protein_coding	XP_019341433.1	true	312182	external:NCBI/GCF_030867095.1/genomic.gff	neighborhood_extracted	
alligator_mississippiensis	GCF_030867095.1	NCBI RefSeq (datasets genomic.gff)	rAllMis1	NC_081829.1	GeneID:102564591	XM_006266126.4;XM_059730070.1	XP_059586053.1	85696471	85825950	+	4	upstream	GeneID:102568611	BTBD16	85092641	85137076	-	protein_coding	XP_059586328.1	true	559395	external:NCBI/GCF_030867095.1/genomic.gff	neighborhood_extracted	
alligator_mississippiensis	GCF_030867095.1	NCBI RefSeq (datasets genomic.gff)	rAllMis1	NC_081829.1	GeneID:102564591	XM_006266126.4;XM_059730070.1	XP_059586053.1	85696471	85825950	+	5	upstream	GeneID:102567994	PLEKHA1	84989292	85054362	-	protein_coding	XP_014450098.1	true	642109	external:NCBI/GCF_030867095.1/genomic.gff	neighborhood_extracted	
alligator_mississippiensis	GCF_030867095.1	NCBI RefSeq (datasets genomic.gff)	rAllMis1	NC_081829.1	GeneID:102564591	XM_006266126.4;XM_059730070.1	XP_059586053.1	85696471	85825950	+	6	upstream	GeneID:102568843	HTRA1	84916500	84974884	-	protein_coding	XP_059586041.1	true	721587	external:NCBI/GCF_030867095.1/genomic.gff	neighborhood_extracted	
alligator_mississippiensis	GCF_030867095.1	NCBI RefSeq (datasets genomic.gff)	rAllMis1	NC_081829.1	GeneID:102564591	XM_006266126.4;XM_059730070.1	XP_059586053.1	85696471	85825950	+	7	upstream	GeneID:106739408	LOC106739408	84755703	84882438	-	protein_coding	XP_059586327.1	true	814033	external:NCBI/GCF_030867095.1/genomic.gff	neighborhood_extracted	
alligator_mississippiensis	GCF_030867095.1	NCBI RefSeq (datasets genomic.gff)	rAllMis1	NC_081829.1	GeneID:102564591	XM_006266126.4;XM_059730070.1	XP_059586053.1	85696471	85825950	+	8	upstream	GeneID:102562942	LOC102562942	84715915	84739138	-	protein_coding	XP_059586326.1	true	957333	external:NCBI/GCF_030867095.1/genomic.gff	neighborhood_extracted	
alligator_mississippiensis	GCF_030867095.1	NCBI RefSeq (datasets genomic.gff)	rAllMis1	NC_081829.1	GeneID:102564591	XM_006266126.4;XM_059730070.1	XP_059586053.1	85696471	85825950	+	9	upstream	GeneID:102566472	LOC102566472	84687186	84699475	-	protein_coding	XP_059586325.1	true	996996	external:NCBI/GCF_030867095.1/genomic.gff	neighborhood_extracted	
alligator_mississippiensis	GCF_030867095.1	NCBI RefSeq (datasets genomic.gff)	rAllMis1	NC_081829.1	GeneID:102564591	XM_006266126.4;XM_059730070.1	XP_059586053.1	85696471	85825950	+	10	upstream	GeneID:102566234	LOC102566234	84584099	84647139	-	protein_coding	XP_059586324.1	true	1049332	external:NCBI/GCF_030867095.1/genomic.gff	neighborhood_extracted	
chrysemys_picta_bellii	GCF_011386835.1	NCBI RefSeq (datasets genomic.gff)	ASM1138683v2	NC_088797.1	GeneID:101933273	XM_024109913.3;XM_065552341.1	XP_005307742.1	110835718	110930076	+	1	downstream	GeneID:101932839	WDR11	111249092	111316393	-	protein_coding	XP_005307739.2	true	319016	external:NCBI/GCF_011386835.1/genomic.gff	neighborhood_extracted	
chrysemys_picta_bellii	GCF_011386835.1	NCBI RefSeq (datasets genomic.gff)	ASM1138683v2	NC_088797.1	GeneID:101933273	XM_024109913.3;XM_065552341.1	XP_005307742.1	110835718	110930076	+	2	downstream	GeneID:101932557	PLPP4	111518470	111615281	-	protein_coding	XP_008171529.1	true	588394	external:NCBI/GCF_011386835.1/genomic.gff	neighborhood_extracted	
chrysemys_picta_bellii	GCF_011386835.1	NCBI RefSeq (datasets genomic.gff)	ASM1138683v2	NC_088797.1	GeneID:101933273	XM_024109913.3;XM_065552341.1	XP_005307742.1	110835718	110930076	+	3	downstream	GeneID:135972950	LOC135972950	111628116	111630942	-	protein_coding	XP_065409710.1	true	698040	external:NCBI/GCF_011386835.1/genomic.gff	neighborhood_extracted	
chrysemys_picta_bellii	GCF_011386835.1	NCBI RefSeq (datasets genomic.gff)	ASM1138683v2	NC_088797.1	GeneID:101933273	XM_024109913.3;XM_065552341.1	XP_005307742.1	110835718	110930076	+	4	downstream	GeneID:101932291	SEC23IP	111956499	112008278	-	protein_coding	XP_005307736.2	true	1026423	external:NCBI/GCF_011386835.1/genomic.gff	neighborhood_extracted	
chrysemys_picta_bellii	GCF_011386835.1	NCBI RefSeq (datasets genomic.gff)	ASM1138683v2	NC_088797.1	GeneID:101933273	XM_024109913.3;XM_065552341.1	XP_005307742.1	110835718	110930076	+	5	downstream	GeneID:101936041	MCMBP	112008314	112041571	+	protein_coding	XP_065408423.1	true	1078238	external:NCBI/GCF_011386835.1/genomic.gff	neighborhood_extracted	
chrysemys_picta_bellii	GCF_011386835.1	NCBI RefSeq (datasets genomic.gff)	ASM1138683v2	NC_088797.1	GeneID:101933273	XM_024109913.3;XM_065552341.1	XP_005307742.1	110835718	110930076	+	6	downstream	GeneID:101932015	INPP5F	112049213	112148419	-	protein_coding	XP_065408426.1	true	1119137	external:NCBI/GCF_011386835.1/genomic.gff	neighborhood_extracted	
chrysemys_picta_bellii	GCF_011386835.1	NCBI RefSeq (datasets genomic.gff)	ASM1138683v2	NC_088797.1	GeneID:101933273	XM_024109913.3;XM_065552341.1	XP_005307742.1	110835718	110930076	+	7	downstream	GeneID:101933274	BAG3	112210067	112237372	-	protein_coding	XP_005284228.2	true	1279991	external:NCBI/GCF_011386835.1/genomic.gff	neighborhood_extracted	
chrysemys_picta_bellii	GCF_011386835.1	NCBI RefSeq (datasets genomic.gff)	ASM1138683v2	NC_088797.1	GeneID:101933273	XM_024109913.3;XM_065552341.1	XP_005307742.1	110835718	110930076	+	8	downstream	GeneID:101932475	TIAL1	112263120	112290834	+	protein_coding	XP_065408435.1	true	1333044	external:NCBI/GCF_011386835.1/genomic.gff	neighborhood_extracted	
chrysemys_picta_bellii	GCF_011386835.1	NCBI RefSeq (datasets genomic.gff)	ASM1138683v2	NC_088797.1	GeneID:101933273	XM_024109913.3;XM_065552341.1	XP_005307742.1	110835718	110930076	+	9	downstream	GeneID:101931816	RGS10	112331463	112362202	+	protein_coding	XP_042711253.1	true	1401387	external:NCBI/GCF_011386835.1/genomic.gff	neighborhood_extracted	
chrysemys_picta_bellii	GCF_011386835.1	NCBI RefSeq (datasets genomic.gff)	ASM1138683v2	NC_088797.1	GeneID:101933273	XM_024109913.3;XM_065552341.1	XP_005307742.1	110835718	110930076	+	10	downstream	GeneID:101931530	GRK5	112400813	112633750	-	protein_coding	XP_065408436.1	true	1470737	external:NCBI/GCF_011386835.1/genomic.gff	neighborhood_extracted	
chrysemys_picta_bellii	GCF_011386835.1	NCBI RefSeq (datasets genomic.gff)	ASM1138683v2	NC_088797.1	GeneID:101933273	XM_024109913.3;XM_065552341.1	XP_005307742.1	110835718	110930076	+	1	upstream	GeneID:135972792	LOC135972792	110653767	110656861	-	protein_coding	XP_065408402.1	true	178857	external:NCBI/GCF_011386835.1/genomic.gff	neighborhood_extracted	
chrysemys_picta_bellii	GCF_011386835.1	NCBI RefSeq (datasets genomic.gff)	ASM1138683v2	NC_088797.1	GeneID:101933273	XM_024109913.3;XM_065552341.1	XP_005307742.1	110835718	110930076	+	2	upstream	GeneID:101934367	ATE1	110588537	110743264	+	protein_coding	XP_065408406.1	true	92454	external:NCBI/GCF_011386835.1/genomic.gff	neighborhood_extracted	
chrysemys_picta_bellii	GCF_011386835.1	NCBI RefSeq (datasets genomic.gff)	ASM1138683v2	NC_088797.1	GeneID:101933273	XM_024109913.3;XM_065552341.1	XP_005307742.1	110835718	110930076	+	3	upstream	GeneID:122172122	NSMCE4A	110563255	110585096	+	protein_coding	XP_042711267.2	true	250622	external:NCBI/GCF_011386835.1/genomic.gff	neighborhood_extracted	
chrysemys_picta_bellii	GCF_011386835.1	NCBI RefSeq (datasets genomic.gff)	ASM1138683v2	NC_088797.1	GeneID:101933273	XM_024109913.3;XM_065552341.1	XP_005307742.1	110835718	110930076	+	4	upstream	GeneID:101935409	TACC2	110330653	110548985	-	protein_coding	XP_065408378.1	true	286733	external:NCBI/GCF_011386835.1/genomic.gff	neighborhood_extracted	
chrysemys_picta_bellii	GCF_011386835.1	NCBI RefSeq (datasets genomic.gff)	ASM1138683v2	NC_088797.1	GeneID:101933273	XM_024109913.3;XM_065552341.1	XP_005307742.1	110835718	110930076	+	5	upstream	GeneID:101936571	BTBD16	110280316	110314523	-	protein_coding	XP_065409702.1	true	521195	external:NCBI/GCF_011386835.1/genomic.gff	neighborhood_extracted	
chrysemys_picta_bellii	GCF_011386835.1	NCBI RefSeq (datasets genomic.gff)	ASM1138683v2	NC_088797.1	GeneID:101933273	XM_024109913.3;XM_065552341.1	XP_005307742.1	110835718	110930076	+	6	upstream	GeneID:101939862	PLEKHA1	110168661	110251575	-	protein_coding	XP_005305952.1	true	584143	external:NCBI/GCF_011386835.1/genomic.gff	neighborhood_extracted	
chrysemys_picta_bellii	GCF_011386835.1	NCBI RefSeq (datasets genomic.gff)	ASM1138683v2	NC_088797.1	GeneID:101933273	XM_024109913.3;XM_065552341.1	XP_005307742.1	110835718	110930076	+	7	upstream	GeneID:101942959	HTRA1	110106701	110154495	-	protein_coding	XP_005305960.1	true	681223	external:NCBI/GCF_011386835.1/genomic.gff	neighborhood_extracted	
chrysemys_picta_bellii	GCF_011386835.1	NCBI RefSeq (datasets genomic.gff)	ASM1138683v2	NC_088797.1	GeneID:101933273	XM_024109913.3;XM_065552341.1	XP_005307742.1	110835718	110930076	+	8	upstream	GeneID:101942678	DMBT1	109900143	110062780	-	protein_coding	XP_065409701.1	true	772938	external:NCBI/GCF_011386835.1/genomic.gff	neighborhood_extracted	
chrysemys_picta_bellii	GCF_011386835.1	NCBI RefSeq (datasets genomic.gff)	ASM1138683v2	NC_088797.1	GeneID:101933273	XM_024109913.3;XM_065552341.1	XP_005307742.1	110835718	110930076	+	9	upstream	GeneID:135972791	LOC135972791	109892611	109894483	+	protein_coding	XP_065408357.1	true	941235	external:NCBI/GCF_011386835.1/genomic.gff	neighborhood_extracted	
chrysemys_picta_bellii	GCF_011386835.1	NCBI RefSeq (datasets genomic.gff)	ASM1138683v2	NC_088797.1	GeneID:101933273	XM_024109913.3;XM_065552341.1	XP_005307742.1	110835718	110930076	+	10	upstream	GeneID:112059256	LOC112059256	109795378	109845476	-	protein_coding	XP_065408356.1	true	990242	external:NCBI/GCF_011386835.1/genomic.gff	neighborhood_extracted	
anolis_carolinensis	GCF_035594765.1	NCBI RefSeq (datasets genomic.gff)	rAnoCar3.1.pri	NC_085843.1	GeneID:100562611	XM_062976011.1;XM_062976012.1	XP_062832086.1	192722535	192911940	-	1	downstream	GeneID:100562809	wdr11	192237590	192300433	+	protein_coding	XP_003218658.1	true	422102	external:NCBI/GCF_035594765.1/genomic.gff	neighborhood_extracted	
anolis_carolinensis	GCF_035594765.1	NCBI RefSeq (datasets genomic.gff)	rAnoCar3.1.pri	NC_085843.1	GeneID:100562611	XM_062976011.1;XM_062976012.1	XP_062832086.1	192722535	192911940	-	2	downstream	GeneID:100565428	plpp4	191787440	191954371	+	protein_coding	XP_008104994.1	true	768164	external:NCBI/GCF_035594765.1/genomic.gff	neighborhood_extracted	
anolis_carolinensis	GCF_035594765.1	NCBI RefSeq (datasets genomic.gff)	rAnoCar3.1.pri	NC_085843.1	GeneID:100562611	XM_062976011.1;XM_062976012.1	XP_062832086.1	192722535	192911940	-	3	downstream	GeneID:100565627	sec23ip	191309516	191349243	+	protein_coding	XP_008104997.1	true	1373292	external:NCBI/GCF_035594765.1/genomic.gff	neighborhood_extracted	
anolis_carolinensis	GCF_035594765.1	NCBI RefSeq (datasets genomic.gff)	rAnoCar3.1.pri	NC_085843.1	GeneID:100562611	XM_062976011.1;XM_062976012.1	XP_062832086.1	192722535	192911940	-	4	downstream	GeneID:100563007	mcmbp	191267783	191309455	-	protein_coding	XP_003218661.2	true	1413080	external:NCBI/GCF_035594765.1/genomic.gff	neighborhood_extracted	
anolis_carolinensis	GCF_035594765.1	NCBI RefSeq (datasets genomic.gff)	rAnoCar3.1.pri	NC_085843.1	GeneID:100562611	XM_062976011.1;XM_062976012.1	XP_062832086.1	192722535	192911940	-	5	downstream	GeneID:100563460	inpp5f	191204356	191266996	+	protein_coding	XP_003218662.4	true	1455539	external:NCBI/GCF_035594765.1/genomic.gff	neighborhood_extracted	
anolis_carolinensis	GCF_035594765.1	NCBI RefSeq (datasets genomic.gff)	rAnoCar3.1.pri	NC_085843.1	GeneID:100562611	XM_062976011.1;XM_062976012.1	XP_062832086.1	192722535	192911940	-	6	downstream	GeneID:100563657	bag3	191129028	191161579	+	protein_coding	XP_016847735.2	true	1560956	external:NCBI/GCF_035594765.1/genomic.gff	neighborhood_extracted	
anolis_carolinensis	GCF_035594765.1	NCBI RefSeq (datasets genomic.gff)	rAnoCar3.1.pri	NC_085843.1	GeneID:100562611	XM_062976011.1;XM_062976012.1	XP_062832086.1	192722535	192911940	-	7	downstream	GeneID:100563854	tial1	191079331	191105958	-	protein_coding	XP_008105001.1	true	1616577	external:NCBI/GCF_035594765.1/genomic.gff	neighborhood_extracted	
anolis_carolinensis	GCF_035594765.1	NCBI RefSeq (datasets genomic.gff)	rAnoCar3.1.pri	NC_085843.1	GeneID:100562611	XM_062976011.1;XM_062976012.1	XP_062832086.1	192722535	192911940	-	8	downstream	GeneID:100565820	rgs10	191014892	191052535	-	protein_coding	XP_062832073.1	true	1670000	external:NCBI/GCF_035594765.1/genomic.gff	neighborhood_extracted	
anolis_carolinensis	GCF_035594765.1	NCBI RefSeq (datasets genomic.gff)	rAnoCar3.1.pri	NC_085843.1	GeneID:100562611	XM_062976011.1;XM_062976012.1	XP_062832086.1	192722535	192911940	-	9	downstream	GeneID:100557719	fgfrl1	190655908	190899121	-	protein_coding	XP_008120154.1	true	1823414	external:NCBI/GCF_035594765.1/genomic.gff	neighborhood_extracted	
anolis_carolinensis	GCF_035594765.1	NCBI RefSeq (datasets genomic.gff)	rAnoCar3.1.pri	NC_085843.1	GeneID:100562611	XM_062976011.1;XM_062976012.1	XP_062832086.1	192722535	192911940	-	10	downstream	GeneID:100556664	spon2	190463941	190485557	+	protein_coding	XP_003227111.1	true	2236978	external:NCBI/GCF_035594765.1/genomic.gff	neighborhood_extracted	
anolis_carolinensis	GCF_035594765.1	NCBI RefSeq (datasets genomic.gff)	rAnoCar3.1.pri	NC_085843.1	GeneID:100562611	XM_062976011.1;XM_062976012.1	XP_062832086.1	192722535	192911940	-	1	upstream	GeneID:100562215	ate1	193042131	193170695	-	protein_coding	XP_003218656.3	true	130191	external:NCBI/GCF_035594765.1/genomic.gff	neighborhood_extracted	
anolis_carolinensis	GCF_035594765.1	NCBI RefSeq (datasets genomic.gff)	rAnoCar3.1.pri	NC_085843.1	GeneID:100562611	XM_062976011.1;XM_062976012.1	XP_062832086.1	192722535	192911940	-	2	upstream	GeneID:100565039	nsmce4a	193174292	193186557	-	protein_coding	XP_003218669.1	true	262352	external:NCBI/GCF_035594765.1/genomic.gff	neighborhood_extracted	
anolis_carolinensis	GCF_035594765.1	NCBI RefSeq (datasets genomic.gff)	rAnoCar3.1.pri	NC_085843.1	GeneID:100562611	XM_062976011.1;XM_062976012.1	XP_062832086.1	192722535	192911940	-	3	upstream	GeneID:100562015	tacc2	193195374	193436645	+	protein_coding	XP_062832092.1	true	283434	external:NCBI/GCF_035594765.1/genomic.gff	neighborhood_extracted	
anolis_carolinensis	GCF_035594765.1	NCBI RefSeq (datasets genomic.gff)	rAnoCar3.1.pri	NC_085843.1	GeneID:100562611	XM_062976011.1;XM_062976012.1	XP_062832086.1	192722535	192911940	-	4	upstream	GeneID:100564644	btbd16	193450436	193524467	+	protein_coding	XP_062832094.1	true	538496	external:NCBI/GCF_035594765.1/genomic.gff	neighborhood_extracted	
anolis_carolinensis	GCF_035594765.1	NCBI RefSeq (datasets genomic.gff)	rAnoCar3.1.pri	NC_085843.1	GeneID:100562611	XM_062976011.1;XM_062976012.1	XP_062832086.1	192722535	192911940	-	5	upstream	GeneID:100564444	plekha1	193548813	193595048	+	protein_coding	XP_062832101.1	true	636873	external:NCBI/GCF_035594765.1/genomic.gff	neighborhood_extracted	
anolis_carolinensis	GCF_035594765.1	NCBI RefSeq (datasets genomic.gff)	rAnoCar3.1.pri	NC_085843.1	GeneID:100562611	XM_062976011.1;XM_062976012.1	XP_062832086.1	192722535	192911940	-	6	upstream	GeneID:100564246	htra1	193609279	193662127	+	protein_coding	XP_003218665.1	true	697339	external:NCBI/GCF_035594765.1/genomic.gff	neighborhood_extracted	
anolis_carolinensis	GCF_035594765.1	NCBI RefSeq (datasets genomic.gff)	rAnoCar3.1.pri	NC_085843.1	GeneID:100562611	XM_062976011.1;XM_062976012.1	XP_062832086.1	192722535	192911940	-	7	upstream	GeneID:103278274	LOC103278274	193661131	193699739	-	protein_coding	XP_008105010.3	true	749191	external:NCBI/GCF_035594765.1/genomic.gff	neighborhood_extracted	
anolis_carolinensis	GCF_035594765.1	NCBI RefSeq (datasets genomic.gff)	rAnoCar3.1.pri	NC_085843.1	GeneID:100562611	XM_062976011.1;XM_062976012.1	XP_062832086.1	192722535	192911940	-	8	upstream	GeneID:103278267	LOC103278267	193700060	193722713	-	protein_coding	XP_008104973.3	true	788120	external:NCBI/GCF_035594765.1/genomic.gff	neighborhood_extracted	
anolis_carolinensis	GCF_035594765.1	NCBI RefSeq (datasets genomic.gff)	rAnoCar3.1.pri	NC_085843.1	GeneID:100562611	XM_062976011.1;XM_062976012.1	XP_062832086.1	192722535	192911940	-	9	upstream	GeneID:100564049	dmbt1	193762188	194041561	+	protein_coding	XP_062833048.1	true	850248	external:NCBI/GCF_035594765.1/genomic.gff	neighborhood_extracted	
anolis_carolinensis	GCF_035594765.1	NCBI RefSeq (datasets genomic.gff)	rAnoCar3.1.pri	NC_085843.1	GeneID:100562611	XM_062976011.1;XM_062976012.1	XP_062832086.1	192722535	192911940	-	10	upstream	GeneID:103277525	LOC103277525	193842915	193872382	+	protein_coding	XP_016848195.2	true	930975	external:NCBI/GCF_035594765.1/genomic.gff	neighborhood_extracted	
ambystoma_mexicanum	GCF_040938575.1	NCBI RefSeq (datasets genomic.gff)	UKY_AmexF1_1	NC_090929.1	GeneID:138473308	XM_069611953.1;XM_069611955.1	XP_069468057.1	1677559848	1677719178	-	1	downstream	GeneID:138473447	LOC138473447	1676018993	1676019490	-	protein_coding	XP_069468200.1	true	1540358	external:NCBI/GCF_040938575.1/genomic.gff	neighborhood_extracted	
ambystoma_mexicanum	GCF_040938575.1	NCBI RefSeq (datasets genomic.gff)	UKY_AmexF1_1	NC_090929.1	GeneID:138473308	XM_069611953.1;XM_069611955.1	XP_069468057.1	1677559848	1677719178	-	2	downstream	GeneID:138473446	LOC138473446	1675284578	1675284907	-	protein_coding	XP_069468199.1	true	2274941	external:NCBI/GCF_040938575.1/genomic.gff	neighborhood_extracted	
ambystoma_mexicanum	GCF_040938575.1	NCBI RefSeq (datasets genomic.gff)	UKY_AmexF1_1	NC_090929.1	GeneID:138473308	XM_069611953.1;XM_069611955.1	XP_069468057.1	1677559848	1677719178	-	3	downstream	GeneID:138473306	WDR11	1673000254	1674001440	+	protein_coding	XP_069468053.1	true	3558408	external:NCBI/GCF_040938575.1/genomic.gff	neighborhood_extracted	
ambystoma_mexicanum	GCF_040938575.1	NCBI RefSeq (datasets genomic.gff)	UKY_AmexF1_1	NC_090929.1	GeneID:138473308	XM_069611953.1;XM_069611955.1	XP_069468057.1	1677559848	1677719178	-	4	downstream	GeneID:138473305	PLPP4	1671049455	1672120510	+	protein_coding	XP_069468051.1	true	5439338	external:NCBI/GCF_040938575.1/genomic.gff	neighborhood_extracted	
ambystoma_mexicanum	GCF_040938575.1	NCBI RefSeq (datasets genomic.gff)	UKY_AmexF1_1	NC_090929.1	GeneID:138473308	XM_069611953.1;XM_069611955.1	XP_069468057.1	1677559848	1677719178	-	5	downstream	GeneID:138473445	LOC138473445	1668651887	1668653269	+	protein_coding	XP_069468198.1	true	8906579	external:NCBI/GCF_040938575.1/genomic.gff	neighborhood_extracted	
ambystoma_mexicanum	GCF_040938575.1	NCBI RefSeq (datasets genomic.gff)	UKY_AmexF1_1	NC_090929.1	GeneID:138473308	XM_069611953.1;XM_069611955.1	XP_069468057.1	1677559848	1677719178	-	6	downstream	GeneID:138473303	SEC23IP	1666460745	1666910661	+	protein_coding	XP_069468050.1	true	10649187	external:NCBI/GCF_040938575.1/genomic.gff	neighborhood_extracted	
ambystoma_mexicanum	GCF_040938575.1	NCBI RefSeq (datasets genomic.gff)	UKY_AmexF1_1	NC_090929.1	GeneID:138473308	XM_069611953.1;XM_069611955.1	XP_069468057.1	1677559848	1677719178	-	7	downstream	GeneID:138473302	MCMBP	1666098858	1666282521	-	protein_coding	XP_069468049.1	true	11277327	external:NCBI/GCF_040938575.1/genomic.gff	neighborhood_extracted	
ambystoma_mexicanum	GCF_040938575.1	NCBI RefSeq (datasets genomic.gff)	UKY_AmexF1_1	NC_090929.1	GeneID:138473308	XM_069611953.1;XM_069611955.1	XP_069468057.1	1677559848	1677719178	-	8	downstream	GeneID:138473300	INPP5F	1663636893	1665881829	+	protein_coding	XP_069468043.1	true	11678019	external:NCBI/GCF_040938575.1/genomic.gff	neighborhood_extracted	
ambystoma_mexicanum	GCF_040938575.1	NCBI RefSeq (datasets genomic.gff)	UKY_AmexF1_1	NC_090929.1	GeneID:138473308	XM_069611953.1;XM_069611955.1	XP_069468057.1	1677559848	1677719178	-	9	downstream	GeneID:138473298	BAG3	1662811803	1662952065	+	protein_coding	XP_069468042.1	true	14607783	external:NCBI/GCF_040938575.1/genomic.gff	neighborhood_extracted	
ambystoma_mexicanum	GCF_040938575.1	NCBI RefSeq (datasets genomic.gff)	UKY_AmexF1_1	NC_090929.1	GeneID:138473308	XM_069611953.1;XM_069611955.1	XP_069468057.1	1677559848	1677719178	-	10	downstream	GeneID:138473443	LOC138473443	1662671196	1662674992	-	protein_coding	XP_069468197.1	true	14884856	external:NCBI/GCF_040938575.1/genomic.gff	neighborhood_extracted	
ambystoma_mexicanum	GCF_040938575.1	NCBI RefSeq (datasets genomic.gff)	UKY_AmexF1_1	NC_090929.1	GeneID:138473308	XM_069611953.1;XM_069611955.1	XP_069468057.1	1677559848	1677719178	-	1	upstream	GeneID:138473309	ATE1	1678086621	1678867910	-	protein_coding	XP_069468062.1	true	367443	external:NCBI/GCF_040938575.1/genomic.gff	neighborhood_extracted	
ambystoma_mexicanum	GCF_040938575.1	NCBI RefSeq (datasets genomic.gff)	UKY_AmexF1_1	NC_090929.1	GeneID:138473308	XM_069611953.1;XM_069611955.1	XP_069468057.1	1677559848	1677719178	-	2	upstream	GeneID:138473448	LOC138473448	1678921457	1678922320	+	protein_coding	XP_069468201.1	true	1202279	external:NCBI/GCF_040938575.1/genomic.gff	neighborhood_extracted	
ambystoma_mexicanum	GCF_040938575.1	NCBI RefSeq (datasets genomic.gff)	UKY_AmexF1_1	NC_090929.1	GeneID:138473308	XM_069611953.1;XM_069611955.1	XP_069468057.1	1677559848	1677719178	-	3	upstream	GeneID:138473311	NSMCE4A	1679187457	1679400794	-	protein_coding	XP_069468069.1	true	1468279	external:NCBI/GCF_040938575.1/genomic.gff	neighborhood_extracted	
ambystoma_mexicanum	GCF_040938575.1	NCBI RefSeq (datasets genomic.gff)	UKY_AmexF1_1	NC_090929.1	GeneID:138473308	XM_069611953.1;XM_069611955.1	XP_069468057.1	1677559848	1677719178	-	4	upstream	GeneID:138473313	TACC2	1679540148	1680524776	+	protein_coding	XP_069468074.1	true	1820970	external:NCBI/GCF_040938575.1/genomic.gff	neighborhood_extracted	
ambystoma_mexicanum	GCF_040938575.1	NCBI RefSeq (datasets genomic.gff)	UKY_AmexF1_1	NC_090929.1	GeneID:138473308	XM_069611953.1;XM_069611955.1	XP_069468057.1	1677559848	1677719178	-	5	upstream	GeneID:138473450	LOC138473450	1679673012	1679690676	-	protein_coding	XP_069468202.1	true	1953834	external:NCBI/GCF_040938575.1/genomic.gff	neighborhood_extracted	
ambystoma_mexicanum	GCF_040938575.1	NCBI RefSeq (datasets genomic.gff)	UKY_AmexF1_1	NC_090929.1	GeneID:138473308	XM_069611953.1;XM_069611955.1	XP_069468057.1	1677559848	1677719178	-	6	upstream	GeneID:138473314	LOC138473314	1680565175	1680607638	+	protein_coding	XP_069468079.1	true	2845997	external:NCBI/GCF_040938575.1/genomic.gff	neighborhood_extracted	
ambystoma_mexicanum	GCF_040938575.1	NCBI RefSeq (datasets genomic.gff)	UKY_AmexF1_1	NC_090929.1	GeneID:138473308	XM_069611953.1;XM_069611955.1	XP_069468057.1	1677559848	1677719178	-	7	upstream	GeneID:138473316	BTBD16	1680736420	1681803096	+	protein_coding	XP_069468080.1	true	3017242	external:NCBI/GCF_040938575.1/genomic.gff	neighborhood_extracted	
ambystoma_mexicanum	GCF_040938575.1	NCBI RefSeq (datasets genomic.gff)	UKY_AmexF1_1	NC_090929.1	GeneID:138473308	XM_069611953.1;XM_069611955.1	XP_069468057.1	1677559848	1677719178	-	8	upstream	GeneID:138473317	PLEKHA1	1681937542	1682686657	+	protein_coding	XP_069468084.1	true	4218364	external:NCBI/GCF_040938575.1/genomic.gff	neighborhood_extracted	
ambystoma_mexicanum	GCF_040938575.1	NCBI RefSeq (datasets genomic.gff)	UKY_AmexF1_1	NC_090929.1	GeneID:138473308	XM_069611953.1;XM_069611955.1	XP_069468057.1	1677559848	1677719178	-	9	upstream	GeneID:138473320	HTRA1	1682910429	1683426180	+	protein_coding	XP_069468086.1	true	5191251	external:NCBI/GCF_040938575.1/genomic.gff	neighborhood_extracted	
ambystoma_mexicanum	GCF_040938575.1	NCBI RefSeq (datasets genomic.gff)	UKY_AmexF1_1	NC_090929.1	GeneID:138473308	XM_069611953.1;XM_069611955.1	XP_069468057.1	1677559848	1677719178	-	10	upstream	GeneID:138473451	LOC138473451	1683619656	1683620885	+	protein_coding	XP_069468203.1	true	5900478	external:NCBI/GCF_040938575.1/genomic.gff	neighborhood_extracted	
xenopus_tropicalis	GCF_000004195.4	NCBI RefSeq (datasets genomic.gff)	UCB_Xtro_10.0	NC_030683.2	GeneID:100124910	ENSXETT00000071733;ENSXETT00000078335	XP_012821350.1	19259481	19327949	+	1	downstream	GeneID:100496077	wdr11	19485089	19520556	-	protein_coding	XP_031761378.1	true	157140	external:NCBI/GCF_000004195.4/genomic.gff	neighborhood_extracted	
xenopus_tropicalis	GCF_000004195.4	NCBI RefSeq (datasets genomic.gff)	UCB_Xtro_10.0	NC_030683.2	GeneID:100124910	ENSXETT00000071733;ENSXETT00000078335	XP_012821350.1	19259481	19327949	+	2	downstream	GeneID:100487728	plpp4	19549255	19627237	-	protein_coding	XP_002937854.2	true	221306	external:NCBI/GCF_000004195.4/genomic.gff	neighborhood_extracted	
xenopus_tropicalis	GCF_000004195.4	NCBI RefSeq (datasets genomic.gff)	UCB_Xtro_10.0	NC_030683.2	GeneID:100124910	ENSXETT00000071733;ENSXETT00000078335	XP_012821350.1	19259481	19327949	+	3	downstream	GeneID:101733728	LOC101733728	19664024	19672210	+	protein_coding	XP_031762271.1	true	336075	external:NCBI/GCF_000004195.4/genomic.gff	neighborhood_extracted	
xenopus_tropicalis	GCF_000004195.4	NCBI RefSeq (datasets genomic.gff)	UCB_Xtro_10.0	NC_030683.2	GeneID:100124910	ENSXETT00000071733;ENSXETT00000078335	XP_012821350.1	19259481	19327949	+	4	downstream	GeneID:549690	oat	19726749	19739375	+	protein_coding	NP_001016936.1	true	398800	external:NCBI/GCF_000004195.4/genomic.gff	neighborhood_extracted	
xenopus_tropicalis	GCF_000004195.4	NCBI RefSeq (datasets genomic.gff)	UCB_Xtro_10.0	NC_030683.2	GeneID:100124910	ENSXETT00000071733;ENSXETT00000078335	XP_012821350.1	19259481	19327949	+	5	downstream	GeneID:101733213	LOC101733213	19742573	19760166	-	protein_coding	XP_004916523.3	true	414624	external:NCBI/GCF_000004195.4/genomic.gff	neighborhood_extracted	
xenopus_tropicalis	GCF_000004195.4	NCBI RefSeq (datasets genomic.gff)	UCB_Xtro_10.0	NC_030683.2	GeneID:100124910	ENSXETT00000071733;ENSXETT00000078335	XP_012821350.1	19259481	19327949	+	6	downstream	GeneID:100487411	chst15	19786580	19799658	+	protein_coding	XP_031762144.1	true	458631	external:NCBI/GCF_000004195.4/genomic.gff	neighborhood_extracted	
xenopus_tropicalis	GCF_000004195.4	NCBI RefSeq (datasets genomic.gff)	UCB_Xtro_10.0	NC_030683.2	GeneID:100124910	ENSXETT00000071733;ENSXETT00000078335	XP_012821350.1	19259481	19327949	+	7	downstream	GeneID:100127849	cpxm2	19816774	19875921	+	protein_coding	XP_031761802.1	true	488825	external:NCBI/GCF_000004195.4/genomic.gff	neighborhood_extracted	
xenopus_tropicalis	GCF_000004195.4	NCBI RefSeq (datasets genomic.gff)	UCB_Xtro_10.0	NC_030683.2	GeneID:100124910	ENSXETT00000071733;ENSXETT00000078335	XP_012821350.1	19259481	19327949	+	8	downstream	GeneID:100487108	gpr26	19879434	19895775	-	protein_coding	XP_002937850.2	true	551485	external:NCBI/GCF_000004195.4/genomic.gff	neighborhood_extracted	
xenopus_tropicalis	GCF_000004195.4	NCBI RefSeq (datasets genomic.gff)	UCB_Xtro_10.0	NC_030683.2	GeneID:100124910	ENSXETT00000071733;ENSXETT00000078335	XP_012821350.1	19259481	19327949	+	9	downstream	GeneID:493224	bub3	20075210	20089339	-	protein_coding	XP_031760869.1	true	747261	external:NCBI/GCF_000004195.4/genomic.gff	neighborhood_extracted	
xenopus_tropicalis	GCF_000004195.4	NCBI RefSeq (datasets genomic.gff)	UCB_Xtro_10.0	NC_030683.2	GeneID:100124910	ENSXETT00000071733;ENSXETT00000078335	XP_012821350.1	19259481	19327949	+	10	downstream	GeneID:100486800	hmx2	20097046	20119365	-	protein_coding	XP_002937849.1	true	769097	external:NCBI/GCF_000004195.4/genomic.gff	neighborhood_extracted	
xenopus_tropicalis	GCF_000004195.4	NCBI RefSeq (datasets genomic.gff)	UCB_Xtro_10.0	NC_030683.2	GeneID:100124910	ENSXETT00000071733;ENSXETT00000078335	XP_012821350.1	19259481	19327949	+	1	upstream	GeneID:100495601	ate1	19168749	19224208	+	protein_coding	XP_031761431.1	true	35273	external:NCBI/GCF_000004195.4/genomic.gff	neighborhood_extracted	
xenopus_tropicalis	GCF_000004195.4	NCBI RefSeq (datasets genomic.gff)	UCB_Xtro_10.0	NC_030683.2	GeneID:100124910	ENSXETT00000071733;ENSXETT00000078335	XP_012821350.1	19259481	19327949	+	2	upstream	GeneID:100495761	nsmce4a	19158230	19165762	+	protein_coding	XP_002939569.1	true	93719	external:NCBI/GCF_000004195.4/genomic.gff	neighborhood_extracted	
xenopus_tropicalis	GCF_000004195.4	NCBI RefSeq (datasets genomic.gff)	UCB_Xtro_10.0	NC_030683.2	GeneID:100124910	ENSXETT00000071733;ENSXETT00000078335	XP_012821350.1	19259481	19327949	+	3	upstream	GeneID:100125117	tacc2	19054132	19153643	-	protein_coding	XP_031761067.1	true	105838	external:NCBI/GCF_000004195.4/genomic.gff	neighborhood_extracted	
xenopus_tropicalis	GCF_000004195.4	NCBI RefSeq (datasets genomic.gff)	UCB_Xtro_10.0	NC_030683.2	GeneID:100124910	ENSXETT00000071733;ENSXETT00000078335	XP_012821350.1	19259481	19327949	+	4	upstream	GeneID:101730888	LOC101730888	19042371	19051904	-	protein_coding	XP_004915863.2	true	207577	external:NCBI/GCF_000004195.4/genomic.gff	neighborhood_extracted	
xenopus_tropicalis	GCF_000004195.4	NCBI RefSeq (datasets genomic.gff)	UCB_Xtro_10.0	NC_030683.2	GeneID:100124910	ENSXETT00000071733;ENSXETT00000078335	XP_012821350.1	19259481	19327949	+	5	upstream	GeneID:549587	plekha1	18982158	19027005	-	protein_coding	XP_012822091.1	true	232476	external:NCBI/GCF_000004195.4/genomic.gff	neighborhood_extracted	
xenopus_tropicalis	GCF_000004195.4	NCBI RefSeq (datasets genomic.gff)	UCB_Xtro_10.0	NC_030683.2	GeneID:100124910	ENSXETT00000071733;ENSXETT00000078335	XP_012821350.1	19259481	19327949	+	6	upstream	GeneID:780187	htra1	18949413	18970483	-	protein_coding	NP_001072730.2	true	288998	external:NCBI/GCF_000004195.4/genomic.gff	neighborhood_extracted	
xenopus_tropicalis	GCF_000004195.4	NCBI RefSeq (datasets genomic.gff)	UCB_Xtro_10.0	NC_030683.2	GeneID:100124910	ENSXETT00000071733;ENSXETT00000078335	XP_012821350.1	19259481	19327949	+	7	upstream	GeneID:116412077	LOC116412077	18928374	18943577	-	protein_coding	XP_031761357.1	true	315904	external:NCBI/GCF_000004195.4/genomic.gff	neighborhood_extracted	
xenopus_tropicalis	GCF_000004195.4	NCBI RefSeq (datasets genomic.gff)	UCB_Xtro_10.0	NC_030683.2	GeneID:100124910	ENSXETT00000071733;ENSXETT00000078335	XP_012821350.1	19259481	19327949	+	8	upstream	GeneID:100335067	t2r15	18861902	18862864	+	protein_coding	NP_001165475.1	true	396617	external:NCBI/GCF_000004195.4/genomic.gff	neighborhood_extracted	
xenopus_tropicalis	GCF_000004195.4	NCBI RefSeq (datasets genomic.gff)	UCB_Xtro_10.0	NC_030683.2	GeneID:100124910	ENSXETT00000071733;ENSXETT00000078335	XP_012821350.1	19259481	19327949	+	9	upstream	GeneID:100335068	tas2r13	18855792	18856757	+	protein_coding	NP_001165476.1	true	402724	external:NCBI/GCF_000004195.4/genomic.gff	neighborhood_extracted	
xenopus_tropicalis	GCF_000004195.4	NCBI RefSeq (datasets genomic.gff)	UCB_Xtro_10.0	NC_030683.2	GeneID:100124910	ENSXETT00000071733;ENSXETT00000078335	XP_012821350.1	19259481	19327949	+	10	upstream	GeneID:100216258	dmbt1	18837467	18916251	-	protein_coding	XP_031761356.1	true	343230	external:NCBI/GCF_000004195.4/genomic.gff	neighborhood_extracted	
danio_rerio	GCF_049306965.1	NCBI RefSeq (datasets genomic.gff)	GRCz12tu	NC_133188.1	GeneID:352940	XM_068224937.2;XM_068224938.2	NP_001229935.1	49933810	50065346	-	1	downstream	GeneID:141377070	LOC141377070	49814398	49863672	+	protein_coding	XP_073776404.1	true	70138	external:NCBI/GCF_049306965.1/genomic.gff	neighborhood_extracted	
danio_rerio	GCF_049306965.1	NCBI RefSeq (datasets genomic.gff)	GRCz12tu	NC_133188.1	GeneID:352940	XM_068224937.2;XM_068224938.2	NP_001229935.1	49933810	50065346	-	2	downstream	GeneID:793961	ftr69	49777537	49787841	-	protein_coding	XP_073776403.1	true	145969	external:NCBI/GCF_049306965.1/genomic.gff	neighborhood_extracted	
danio_rerio	GCF_049306965.1	NCBI RefSeq (datasets genomic.gff)	GRCz12tu	NC_133188.1	GeneID:352940	XM_068224937.2;XM_068224938.2	NP_001229935.1	49933810	50065346	-	3	downstream	GeneID:793898	ftr70	49764343	49775231	-	protein_coding	XP_021336575.1	true	158579	external:NCBI/GCF_049306965.1/genomic.gff	neighborhood_extracted	
danio_rerio	GCF_049306965.1	NCBI RefSeq (datasets genomic.gff)	GRCz12tu	NC_133188.1	GeneID:352940	XM_068224937.2;XM_068224938.2	NP_001229935.1	49933810	50065346	-	4	downstream	GeneID:406407	marcksl1a	49758664	49761668	+	protein_coding	NP_998298.1	true	172142	external:NCBI/GCF_049306965.1/genomic.gff	neighborhood_extracted	
danio_rerio	GCF_049306965.1	NCBI RefSeq (datasets genomic.gff)	GRCz12tu	NC_133188.1	GeneID:352940	XM_068224937.2;XM_068224938.2	NP_001229935.1	49933810	50065346	-	5	downstream	GeneID:794882	bsdc1	49560941	49580817	+	protein_coding	XP_073776112.1	true	352993	external:NCBI/GCF_049306965.1/genomic.gff	neighborhood_extracted	
danio_rerio	GCF_049306965.1	NCBI RefSeq (datasets genomic.gff)	GRCz12tu	NC_133188.1	GeneID:352940	XM_068224937.2;XM_068224938.2	NP_001229935.1	49933810	50065346	-	6	downstream	GeneID:324857	olig4	49547814	49548877	+	protein_coding	NP_955808.1	true	384933	external:NCBI/GCF_049306965.1/genomic.gff	neighborhood_extracted	
danio_rerio	GCF_049306965.1	NCBI RefSeq (datasets genomic.gff)	GRCz12tu	NC_133188.1	GeneID:352940	XM_068224937.2;XM_068224938.2	NP_001229935.1	49933810	50065346	-	7	downstream	GeneID:795265	fndc5a	49371599	49405580	-	protein_coding	XP_021336574.1	true	528230	external:NCBI/GCF_049306965.1/genomic.gff	neighborhood_extracted	
danio_rerio	GCF_049306965.1	NCBI RefSeq (datasets genomic.gff)	GRCz12tu	NC_133188.1	GeneID:352940	XM_068224937.2;XM_068224938.2	NP_001229935.1	49933810	50065346	-	8	downstream	GeneID:100535278	LOC100535278	49288814	49369977	+	protein_coding	XP_073776398.1	true	563833	external:NCBI/GCF_049306965.1/genomic.gff	neighborhood_extracted	
danio_rerio	GCF_049306965.1	NCBI RefSeq (datasets genomic.gff)	GRCz12tu	NC_133188.1	GeneID:352940	XM_068224937.2;XM_068224938.2	NP_001229935.1	49933810	50065346	-	9	downstream	GeneID:493632	kop	49276155	49289344	+	protein_coding	XP_073775634.1	true	644466	external:NCBI/GCF_049306965.1/genomic.gff	neighborhood_extracted	
danio_rerio	GCF_049306965.1	NCBI RefSeq (datasets genomic.gff)	GRCz12tu	NC_133188.1	GeneID:352940	XM_068224937.2;XM_068224938.2	NP_001229935.1	49933810	50065346	-	10	downstream	GeneID:791153	ldlrap1b	49184987	49273587	+	protein_coding	XP_021336346.2	true	660223	external:NCBI/GCF_049306965.1/genomic.gff	neighborhood_extracted	
danio_rerio	GCF_049306965.1	NCBI RefSeq (datasets genomic.gff)	GRCz12tu	NC_133188.1	GeneID:352940	XM_068224937.2;XM_068224938.2	NP_001229935.1	49933810	50065346	-	1	upstream	GeneID:100037311	ate1	50155250	50403234	-	protein_coding	NP_001082937.1	true	89904	external:NCBI/GCF_049306965.1/genomic.gff	neighborhood_extracted	
danio_rerio	GCF_049306965.1	NCBI RefSeq (datasets genomic.gff)	GRCz12tu	NC_133188.1	GeneID:352940	XM_068224937.2;XM_068224938.2	NP_001229935.1	49933810	50065346	-	2	upstream	GeneID:100334023	tmem63ba	50407674	50488601	+	protein_coding	XP_005157122.1	true	342328	external:NCBI/GCF_049306965.1/genomic.gff	neighborhood_extracted	
danio_rerio	GCF_049306965.1	NCBI RefSeq (datasets genomic.gff)	GRCz12tu	NC_133188.1	GeneID:352940	XM_068224937.2;XM_068224938.2	NP_001229935.1	49933810	50065346	-	3	upstream	GeneID:571446	LOC571446	50492161	50507214	+	protein_coding	XP_700128.4	true	426815	external:NCBI/GCF_049306965.1/genomic.gff	neighborhood_extracted	
danio_rerio	GCF_049306965.1	NCBI RefSeq (datasets genomic.gff)	GRCz12tu	NC_133188.1	GeneID:352940	XM_068224937.2;XM_068224938.2	NP_001229935.1	49933810	50065346	-	4	upstream	GeneID:141377073	LOC141377073	50512340	50514385	-	protein_coding	XP_073776407.1	true	446994	external:NCBI/GCF_049306965.1/genomic.gff	neighborhood_extracted	
danio_rerio	GCF_049306965.1	NCBI RefSeq (datasets genomic.gff)	GRCz12tu	NC_133188.1	GeneID:352940	XM_068224937.2;XM_068224938.2	NP_001229935.1	49933810	50065346	-	5	upstream	GeneID:563580	slc29a1a	50520624	50609153	-	protein_coding	XP_009305861.1	true	455278	external:NCBI/GCF_049306965.1/genomic.gff	neighborhood_extracted	
danio_rerio	GCF_049306965.1	NCBI RefSeq (datasets genomic.gff)	GRCz12tu	NC_133188.1	GeneID:352940	XM_068224937.2;XM_068224938.2	NP_001229935.1	49933810	50065346	-	6	upstream	GeneID:100333733	mtrf1l	50619520	50629202	+	protein_coding	XP_002664272.1	true	554174	external:NCBI/GCF_049306965.1/genomic.gff	neighborhood_extracted	
danio_rerio	GCF_049306965.1	NCBI RefSeq (datasets genomic.gff)	GRCz12tu	NC_133188.1	GeneID:352940	XM_068224937.2;XM_068224938.2	NP_001229935.1	49933810	50065346	-	7	upstream	GeneID:445392	fbxo5	50634742	50647967	+	protein_coding	NP_001003869.1	true	569396	external:NCBI/GCF_049306965.1/genomic.gff	neighborhood_extracted	
danio_rerio	GCF_049306965.1	NCBI RefSeq (datasets genomic.gff)	GRCz12tu	NC_133188.1	GeneID:352940	XM_068224937.2;XM_068224938.2	NP_001229935.1	49933810	50065346	-	8	upstream	GeneID:795653	vip	50680766	50684390	-	protein_coding	NP_001108025.2	true	615420	external:NCBI/GCF_049306965.1/genomic.gff	neighborhood_extracted	
danio_rerio	GCF_049306965.1	NCBI RefSeq (datasets genomic.gff)	GRCz12tu	NC_133188.1	GeneID:352940	XM_068224937.2;XM_068224938.2	NP_001229935.1	49933810	50065346	-	9	upstream	GeneID:568795	anapc1	50700004	50869428	+	protein_coding	XP_005157123.1	true	634658	external:NCBI/GCF_049306965.1/genomic.gff	neighborhood_extracted	
danio_rerio	GCF_049306965.1	NCBI RefSeq (datasets genomic.gff)	GRCz12tu	NC_133188.1	GeneID:352940	XM_068224937.2;XM_068224938.2	NP_001229935.1	49933810	50065346	-	10	upstream	GeneID:100190951	bcl2l11	51051176	51113977	-	protein_coding	XP_073775271.1	true	985830	external:NCBI/GCF_049306965.1/genomic.gff	neighborhood_extracted	
oryzias_latipes	GCF_053564925.1	NCBI RefSeq (datasets genomic.gff)	Olatipes_Hd-rR_3.1	NC_136251.1	GeneID:100049483	XM_011484753.4;XM_078931618.1	XP_011483054.1	31415290	31450333	+	1	downstream	GeneID:101173331	wdr11	31523749	31577542	-	protein_coding	XP_078788610.1	true	73416	external:NCBI/GCF_053564925.1/genomic.gff	neighborhood_extracted	
oryzias_latipes	GCF_053564925.1	NCBI RefSeq (datasets genomic.gff)	Olatipes_Hd-rR_3.1	NC_136251.1	GeneID:100049483	XM_011484753.4;XM_078931618.1	XP_011483054.1	31415290	31450333	+	2	downstream	GeneID:101173574	plpp4	31614731	31669590	-	protein_coding	XP_020565451.1	true	164398	external:NCBI/GCF_053564925.1/genomic.gff	neighborhood_extracted	
oryzias_latipes	GCF_053564925.1	NCBI RefSeq (datasets genomic.gff)	Olatipes_Hd-rR_3.1	NC_136251.1	GeneID:100049483	XM_011484753.4;XM_078931618.1	XP_011483054.1	31415290	31450333	+	3	downstream	GeneID:144984233	LOC144984233	31632023	31632898	-	protein_coding	XP_078788627.1	true	181690	external:NCBI/GCF_053564925.1/genomic.gff	neighborhood_extracted	
oryzias_latipes	GCF_053564925.1	NCBI RefSeq (datasets genomic.gff)	Olatipes_Hd-rR_3.1	NC_136251.1	GeneID:100049483	XM_011484753.4;XM_078931618.1	XP_011483054.1	31415290	31450333	+	4	downstream	GeneID:101173809	LOC101173809	31632023	31634849	-	protein_coding	XP_078788624.1	true	181690	external:NCBI/GCF_053564925.1/genomic.gff	neighborhood_extracted	
oryzias_latipes	GCF_053564925.1	NCBI RefSeq (datasets genomic.gff)	Olatipes_Hd-rR_3.1	NC_136251.1	GeneID:100049483	XM_011484753.4;XM_078931618.1	XP_011483054.1	31415290	31450333	+	5	downstream	GeneID:101174529	cdh23	31681072	31859843	+	protein_coding	XP_023819153.1	true	230739	external:NCBI/GCF_053564925.1/genomic.gff	neighborhood_extracted	
oryzias_latipes	GCF_053564925.1	NCBI RefSeq (datasets genomic.gff)	Olatipes_Hd-rR_3.1	NC_136251.1	GeneID:100049483	XM_011484753.4;XM_078931618.1	XP_011483054.1	31415290	31450333	+	6	downstream	GeneID:144984153	LOC144984153	31820511	31823941	-	protein_coding	XP_078788088.1	true	370178	external:NCBI/GCF_053564925.1/genomic.gff	neighborhood_extracted	
oryzias_latipes	GCF_053564925.1	NCBI RefSeq (datasets genomic.gff)	Olatipes_Hd-rR_3.1	NC_136251.1	GeneID:100049483	XM_011484753.4;XM_078931618.1	XP_011483054.1	31415290	31450333	+	7	downstream	GeneID:101174291	vsir	31831286	31841157	-	protein_coding	XP_004077627.1	true	380953	external:NCBI/GCF_053564925.1/genomic.gff	neighborhood_extracted	
oryzias_latipes	GCF_053564925.1	NCBI RefSeq (datasets genomic.gff)	Olatipes_Hd-rR_3.1	NC_136251.1	GeneID:100049483	XM_011484753.4;XM_078931618.1	XP_011483054.1	31415290	31450333	+	8	downstream	GeneID:101173651	eif3s6ip	31859970	31863656	-	protein_coding	XP_004077546.1	true	409637	external:NCBI/GCF_053564925.1/genomic.gff	neighborhood_extracted	
oryzias_latipes	GCF_053564925.1	NCBI RefSeq (datasets genomic.gff)	Olatipes_Hd-rR_3.1	NC_136251.1	GeneID:100049483	XM_011484753.4;XM_078931618.1	XP_011483054.1	31415290	31450333	+	9	downstream	GeneID:101173886	smoc2	31864815	31885955	+	protein_coding	XP_011483064.1	true	414482	external:NCBI/GCF_053564925.1/genomic.gff	neighborhood_extracted	
oryzias_latipes	GCF_053564925.1	NCBI RefSeq (datasets genomic.gff)	Olatipes_Hd-rR_3.1	NC_136251.1	GeneID:100049483	XM_011484753.4;XM_078931618.1	XP_011483054.1	31415290	31450333	+	10	downstream	GeneID:111948802	dact2	31910294	31918379	+	protein_coding	XP_023819312.1	true	459961	external:NCBI/GCF_053564925.1/genomic.gff	neighborhood_extracted	
oryzias_latipes	GCF_053564925.1	NCBI RefSeq (datasets genomic.gff)	Olatipes_Hd-rR_3.1	NC_136251.1	GeneID:100049483	XM_011484753.4;XM_078931618.1	XP_011483054.1	31415290	31450333	+	1	upstream	GeneID:101172758	ate1	31343946	31390547	+	protein_coding	XP_078787741.1	true	24743	external:NCBI/GCF_053564925.1/genomic.gff	neighborhood_extracted	
oryzias_latipes	GCF_053564925.1	NCBI RefSeq (datasets genomic.gff)	Olatipes_Hd-rR_3.1	NC_136251.1	GeneID:100049483	XM_011484753.4;XM_078931618.1	XP_011483054.1	31415290	31450333	+	2	upstream	GeneID:101173087	LOC101173087	31335184	31343727	+	protein_coding	XP_023819141.1	true	71563	external:NCBI/GCF_053564925.1/genomic.gff	neighborhood_extracted	
oryzias_latipes	GCF_053564925.1	NCBI RefSeq (datasets genomic.gff)	Olatipes_Hd-rR_3.1	NC_136251.1	GeneID:100049483	XM_011484753.4;XM_078931618.1	XP_011483054.1	31415290	31450333	+	3	upstream	GeneID:101172841	LOC101172841	31330365	31333904	-	protein_coding	XP_011483051.2	true	81386	external:NCBI/GCF_053564925.1/genomic.gff	neighborhood_extracted	
oryzias_latipes	GCF_053564925.1	NCBI RefSeq (datasets genomic.gff)	Olatipes_Hd-rR_3.1	NC_136251.1	GeneID:100049483	XM_011484753.4;XM_078931618.1	XP_011483054.1	31415290	31450333	+	4	upstream	GeneID:101172520	LOC101172520	31325318	31328708	+	protein_coding	XP_004077541.3	true	86582	external:NCBI/GCF_053564925.1/genomic.gff	neighborhood_extracted	
oryzias_latipes	GCF_053564925.1	NCBI RefSeq (datasets genomic.gff)	Olatipes_Hd-rR_3.1	NC_136251.1	GeneID:100049483	XM_011484753.4;XM_078931618.1	XP_011483054.1	31415290	31450333	+	5	upstream	GeneID:101172603	LOC101172603	31320702	31325082	+	protein_coding	XP_078788536.1	true	90208	external:NCBI/GCF_053564925.1/genomic.gff	neighborhood_extracted	
oryzias_latipes	GCF_053564925.1	NCBI RefSeq (datasets genomic.gff)	Olatipes_Hd-rR_3.1	NC_136251.1	GeneID:100049483	XM_011484753.4;XM_078931618.1	XP_011483054.1	31415290	31450333	+	6	upstream	GeneID:101172270	ablim1a	31280384	31320696	+	protein_coding	XP_078787729.1	true	94594	external:NCBI/GCF_053564925.1/genomic.gff	neighborhood_extracted	
oryzias_latipes	GCF_053564925.1	NCBI RefSeq (datasets genomic.gff)	Olatipes_Hd-rR_3.1	NC_136251.1	GeneID:100049483	XM_011484753.4;XM_078931618.1	XP_011483054.1	31415290	31450333	+	7	upstream	GeneID:101172016	fhip2a	31271705	31281400	-	protein_coding	XP_020565443.1	true	133890	external:NCBI/GCF_053564925.1/genomic.gff	neighborhood_extracted	
oryzias_latipes	GCF_053564925.1	NCBI RefSeq (datasets genomic.gff)	Olatipes_Hd-rR_3.1	NC_136251.1	GeneID:100049483	XM_011484753.4;XM_078931618.1	XP_011483054.1	31415290	31450333	+	8	upstream	GeneID:101171772	srfb	31253564	31271848	+	protein_coding	XP_011483049.1	true	143442	external:NCBI/GCF_053564925.1/genomic.gff	neighborhood_extracted	
oryzias_latipes	GCF_053564925.1	NCBI RefSeq (datasets genomic.gff)	Olatipes_Hd-rR_3.1	NC_136251.1	GeneID:100049483	XM_011484753.4;XM_078931618.1	XP_011483054.1	31415290	31450333	+	9	upstream	GeneID:101172356	ptk7b	31197708	31251786	+	protein_coding	XP_023818847.1	true	163504	external:NCBI/GCF_053564925.1/genomic.gff	neighborhood_extracted	
oryzias_latipes	GCF_053564925.1	NCBI RefSeq (datasets genomic.gff)	Olatipes_Hd-rR_3.1	NC_136251.1	GeneID:100049483	XM_011484753.4;XM_078931618.1	XP_011483054.1	31415290	31450333	+	10	upstream	GeneID:101171520	klc1b	31172712	31194355	+	protein_coding	XP_011483031.1	true	220935	external:NCBI/GCF_053564925.1/genomic.gff	neighborhood_extracted	
gasterosteus_aculeatus	GCF_964276395.1	NCBI RefSeq (datasets genomic.gff)	fGasAcu3.hap1.1	NC_135693.1	GeneID:120820493	ENSGACT00000067656;ENSGACT00000078064	XP_077960647.1	4399750	4433765	-	1	downstream	GeneID:120820697	wdr11	4317342	4352966	+	protein_coding	XP_040034697.1	true	46784	external:NCBI/GCF_964276395.1/genomic.gff	neighborhood_extracted	
gasterosteus_aculeatus	GCF_964276395.1	NCBI RefSeq (datasets genomic.gff)	fGasAcu3.hap1.1	NC_135693.1	GeneID:120820493	ENSGACT00000067656;ENSGACT00000078064	XP_077960647.1	4399750	4433765	-	2	downstream	GeneID:120820760	plpp4	4237046	4267587	+	protein_coding	XP_040034826.1	true	132163	external:NCBI/GCF_964276395.1/genomic.gff	neighborhood_extracted	
gasterosteus_aculeatus	GCF_964276395.1	NCBI RefSeq (datasets genomic.gff)	fGasAcu3.hap1.1	NC_135693.1	GeneID:120820493	ENSGACT00000067656;ENSGACT00000078064	XP_077960647.1	4399750	4433765	-	3	downstream	GeneID:120821008	LOC120821008	4123595	4126200	+	protein_coding	XP_040035266.1	true	273550	external:NCBI/GCF_964276395.1/genomic.gff	neighborhood_extracted	
gasterosteus_aculeatus	GCF_964276395.1	NCBI RefSeq (datasets genomic.gff)	fGasAcu3.hap1.1	NC_135693.1	GeneID:120820493	ENSGACT00000067656;ENSGACT00000078064	XP_077960647.1	4399750	4433765	-	4	downstream	GeneID:120821007	vsir	4108313	4117687	+	protein_coding	XP_040035265.1	true	282063	external:NCBI/GCF_964276395.1/genomic.gff	neighborhood_extracted	
gasterosteus_aculeatus	GCF_964276395.1	NCBI RefSeq (datasets genomic.gff)	fGasAcu3.hap1.1	NC_135693.1	GeneID:120820493	ENSGACT00000067656;ENSGACT00000078064	XP_077960647.1	4399750	4433765	-	5	downstream	GeneID:120821003	cdh23	4090888	4225981	-	protein_coding	XP_077961085.1	true	173769	external:NCBI/GCF_964276395.1/genomic.gff	neighborhood_extracted	
gasterosteus_aculeatus	GCF_964276395.1	NCBI RefSeq (datasets genomic.gff)	fGasAcu3.hap1.1	NC_135693.1	GeneID:120820493	ENSGACT00000067656;ENSGACT00000078064	XP_077960647.1	4399750	4433765	-	6	downstream	GeneID:120821005	eif3s6ip	4082425	4087954	+	protein_coding	XP_040035263.1	true	311796	external:NCBI/GCF_964276395.1/genomic.gff	neighborhood_extracted	
gasterosteus_aculeatus	GCF_964276395.1	NCBI RefSeq (datasets genomic.gff)	fGasAcu3.hap1.1	NC_135693.1	GeneID:120820493	ENSGACT00000067656;ENSGACT00000078064	XP_077960647.1	4399750	4433765	-	7	downstream	GeneID:120820811	smoc2	4060681	4082015	-	protein_coding	XP_077961080.1	true	317735	external:NCBI/GCF_964276395.1/genomic.gff	neighborhood_extracted	
gasterosteus_aculeatus	GCF_964276395.1	NCBI RefSeq (datasets genomic.gff)	fGasAcu3.hap1.1	NC_135693.1	GeneID:120820493	ENSGACT00000067656;ENSGACT00000078064	XP_077960647.1	4399750	4433765	-	8	downstream	GeneID:120821025	dact2	4036342	4040973	-	protein_coding	XP_040035301.2	true	358777	external:NCBI/GCF_964276395.1/genomic.gff	neighborhood_extracted	
gasterosteus_aculeatus	GCF_964276395.1	NCBI RefSeq (datasets genomic.gff)	fGasAcu3.hap1.1	NC_135693.1	GeneID:120820493	ENSGACT00000067656;ENSGACT00000078064	XP_077960647.1	4399750	4433765	-	9	downstream	GeneID:120820864	lrrfip2	4002980	4021260	-	protein_coding	XP_040034982.1	true	378490	external:NCBI/GCF_964276395.1/genomic.gff	neighborhood_extracted	
gasterosteus_aculeatus	GCF_964276395.1	NCBI RefSeq (datasets genomic.gff)	fGasAcu3.hap1.1	NC_135693.1	GeneID:120820493	ENSGACT00000067656;ENSGACT00000078064	XP_077960647.1	4399750	4433765	-	10	downstream	GeneID:120820865	mlh1	3995845	4002435	+	protein_coding	XP_040034983.2	true	397315	external:NCBI/GCF_964276395.1/genomic.gff	neighborhood_extracted	
gasterosteus_aculeatus	GCF_964276395.1	NCBI RefSeq (datasets genomic.gff)	fGasAcu3.hap1.1	NC_135693.1	GeneID:120820493	ENSGACT00000067656;ENSGACT00000078064	XP_077960647.1	4399750	4433765	-	1	upstream	GeneID:120820720	ate1	4453868	4494903	-	protein_coding	XP_040034739.2	true	20103	external:NCBI/GCF_964276395.1/genomic.gff	neighborhood_extracted	
gasterosteus_aculeatus	GCF_964276395.1	NCBI RefSeq (datasets genomic.gff)	fGasAcu3.hap1.1	NC_135693.1	GeneID:120820493	ENSGACT00000067656;ENSGACT00000078064	XP_077960647.1	4399750	4433765	-	2	upstream	GeneID:120820818	LOC120820818	4496034	4502930	-	protein_coding	XP_040034920.1	true	62269	external:NCBI/GCF_964276395.1/genomic.gff	neighborhood_extracted	
gasterosteus_aculeatus	GCF_964276395.1	NCBI RefSeq (datasets genomic.gff)	fGasAcu3.hap1.1	NC_135693.1	GeneID:120820493	ENSGACT00000067656;ENSGACT00000078064	XP_077960647.1	4399750	4433765	-	3	upstream	GeneID:120820812	LOC120820812	4503499	4506428	+	protein_coding	XP_077960994.1	true	69734	external:NCBI/GCF_964276395.1/genomic.gff	neighborhood_extracted	
gasterosteus_aculeatus	GCF_964276395.1	NCBI RefSeq (datasets genomic.gff)	fGasAcu3.hap1.1	NC_135693.1	GeneID:120820493	ENSGACT00000067656;ENSGACT00000078064	XP_077960647.1	4399750	4433765	-	4	upstream	GeneID:120821101	LOC120821101	4508013	4512598	+	protein_coding	XP_077960995.1	true	74248	external:NCBI/GCF_964276395.1/genomic.gff	neighborhood_extracted	
gasterosteus_aculeatus	GCF_964276395.1	NCBI RefSeq (datasets genomic.gff)	fGasAcu3.hap1.1	NC_135693.1	GeneID:120820493	ENSGACT00000067656;ENSGACT00000078064	XP_077960647.1	4399750	4433765	-	5	upstream	GeneID:120820254	dnajc12	4520681	4523484	-	protein_coding	XP_040033730.2	true	86916	external:NCBI/GCF_964276395.1/genomic.gff	neighborhood_extracted	
gasterosteus_aculeatus	GCF_964276395.1	NCBI RefSeq (datasets genomic.gff)	fGasAcu3.hap1.1	NC_135693.1	GeneID:120820493	ENSGACT00000067656;ENSGACT00000078064	XP_077960647.1	4399750	4433765	-	6	upstream	GeneID:120820236	sirt1	4523724	4529747	+	protein_coding	XP_040033704.1	true	89959	external:NCBI/GCF_964276395.1/genomic.gff	neighborhood_extracted	
gasterosteus_aculeatus	GCF_964276395.1	NCBI RefSeq (datasets genomic.gff)	fGasAcu3.hap1.1	NC_135693.1	GeneID:120820493	ENSGACT00000067656;ENSGACT00000078064	XP_077960647.1	4399750	4433765	-	7	upstream	GeneID:120820248	cacul1	4530073	4533499	+	protein_coding	XP_040033719.2	true	96308	external:NCBI/GCF_964276395.1/genomic.gff	neighborhood_extracted	
gasterosteus_aculeatus	GCF_964276395.1	NCBI RefSeq (datasets genomic.gff)	fGasAcu3.hap1.1	NC_135693.1	GeneID:120820493	ENSGACT00000067656;ENSGACT00000078064	XP_077960647.1	4399750	4433765	-	8	upstream	GeneID:120820227	mypn	4533964	4548908	+	protein_coding	XP_040033684.2	true	100199	external:NCBI/GCF_964276395.1/genomic.gff	neighborhood_extracted	
gasterosteus_aculeatus	GCF_964276395.1	NCBI RefSeq (datasets genomic.gff)	fGasAcu3.hap1.1	NC_135693.1	GeneID:120820493	ENSGACT00000067656;ENSGACT00000078064	XP_077960647.1	4399750	4433765	-	9	upstream	GeneID:120820257	atoh7	4551901	4552986	+	protein_coding	XP_040033734.1	true	118136	external:NCBI/GCF_964276395.1/genomic.gff	neighborhood_extracted	
gasterosteus_aculeatus	GCF_964276395.1	NCBI RefSeq (datasets genomic.gff)	fGasAcu3.hap1.1	NC_135693.1	GeneID:120820493	ENSGACT00000067656;ENSGACT00000078064	XP_077960647.1	4399750	4433765	-	10	upstream	GeneID:120820235	pkd2l1	4554971	4560786	+	protein_coding	XP_040033702.2	true	121206	external:NCBI/GCF_964276395.1/genomic.gff	neighborhood_extracted	
oreochromis_niloticus	GCF_001858045.2	NCBI RefSeq (datasets genomic.gff)	O_niloticus_UMD_NMBU	NC_031978.2	GeneID:100699731	ENSONIT00000047381;ENSONIT00000055812	XP_005473930.1	24663369	24701573	+	1	downstream	GeneID:100698296	wdr11	24763379	24819257	-	protein_coding	XP_005473925.1	true	61806	external:NCBI/GCF_001858045.2/genomic.gff	neighborhood_extracted	
oreochromis_niloticus	GCF_001858045.2	NCBI RefSeq (datasets genomic.gff)	O_niloticus_UMD_NMBU	NC_031978.2	GeneID:100699731	ENSONIT00000047381;ENSONIT00000055812	XP_005473930.1	24663369	24701573	+	2	downstream	GeneID:100698558	plpp4	24868855	24925381	-	protein_coding	XP_005473924.1	true	167282	external:NCBI/GCF_001858045.2/genomic.gff	neighborhood_extracted	
oreochromis_niloticus	GCF_001858045.2	NCBI RefSeq (datasets genomic.gff)	O_niloticus_UMD_NMBU	NC_031978.2	GeneID:100699731	ENSONIT00000047381;ENSONIT00000055812	XP_005473930.1	24663369	24701573	+	3	downstream	GeneID:100698828	cdh23	24941897	25121223	+	protein_coding	XP_025753109.1	true	240324	external:NCBI/GCF_001858045.2/genomic.gff	neighborhood_extracted	
oreochromis_niloticus	GCF_001858045.2	NCBI RefSeq (datasets genomic.gff)	O_niloticus_UMD_NMBU	NC_031978.2	GeneID:100699731	ENSONIT00000047381;ENSONIT00000055812	XP_005473930.1	24663369	24701573	+	4	downstream	GeneID:102083045	LOC102083045	25080594	25083226	-	protein_coding	XP_005473922.1	true	379021	external:NCBI/GCF_001858045.2/genomic.gff	neighborhood_extracted	
oreochromis_niloticus	GCF_001858045.2	NCBI RefSeq (datasets genomic.gff)	O_niloticus_UMD_NMBU	NC_031978.2	GeneID:100699731	ENSONIT00000047381;ENSONIT00000055812	XP_005473930.1	24663369	24701573	+	5	downstream	GeneID:102083124	vsir	25090637	25102633	-	protein_coding	XP_005473923.1	true	389064	external:NCBI/GCF_001858045.2/genomic.gff	neighborhood_extracted	
oreochromis_niloticus	GCF_001858045.2	NCBI RefSeq (datasets genomic.gff)	O_niloticus_UMD_NMBU	NC_031978.2	GeneID:100699731	ENSONIT00000047381;ENSONIT00000055812	XP_005473930.1	24663369	24701573	+	6	downstream	GeneID:100699995	eif3s6ip	25121409	25126380	-	protein_coding	XP_003441099.1	true	419836	external:NCBI/GCF_001858045.2/genomic.gff	neighborhood_extracted	
oreochromis_niloticus	GCF_001858045.2	NCBI RefSeq (datasets genomic.gff)	O_niloticus_UMD_NMBU	NC_031978.2	GeneID:100699731	ENSONIT00000047381;ENSONIT00000055812	XP_005473930.1	24663369	24701573	+	7	downstream	GeneID:100699100	smoc2	25127627	25149310	+	protein_coding	XP_025753110.1	true	426054	external:NCBI/GCF_001858045.2/genomic.gff	neighborhood_extracted	
oreochromis_niloticus	GCF_001858045.2	NCBI RefSeq (datasets genomic.gff)	O_niloticus_UMD_NMBU	NC_031978.2	GeneID:100699731	ENSONIT00000047381;ENSONIT00000055812	XP_005473930.1	24663369	24701573	+	8	downstream	GeneID:100699640	dact2	25180263	25184946	+	protein_coding	XP_003441263.1	true	478690	external:NCBI/GCF_001858045.2/genomic.gff	neighborhood_extracted	
oreochromis_niloticus	GCF_001858045.2	NCBI RefSeq (datasets genomic.gff)	O_niloticus_UMD_NMBU	NC_031978.2	GeneID:100699731	ENSONIT00000047381;ENSONIT00000055812	XP_005473930.1	24663369	24701573	+	9	downstream	GeneID:100700265	lrrfip2	25204386	25223954	+	protein_coding	XP_005473915.1	true	502813	external:NCBI/GCF_001858045.2/genomic.gff	neighborhood_extracted	
oreochromis_niloticus	GCF_001858045.2	NCBI RefSeq (datasets genomic.gff)	O_niloticus_UMD_NMBU	NC_031978.2	GeneID:100699731	ENSONIT00000047381;ENSONIT00000055812	XP_005473930.1	24663369	24701573	+	10	downstream	GeneID:100699904	mlh1	25226134	25235055	-	protein_coding	XP_003441264.1	true	524561	external:NCBI/GCF_001858045.2/genomic.gff	neighborhood_extracted	
oreochromis_niloticus	GCF_001858045.2	NCBI RefSeq (datasets genomic.gff)	O_niloticus_UMD_NMBU	NC_031978.2	GeneID:100699731	ENSONIT00000047381;ENSONIT00000055812	XP_005473930.1	24663369	24701573	+	1	upstream	GeneID:100698029	ate1	24582353	24634928	+	protein_coding	XP_005473935.1	true	28441	external:NCBI/GCF_001858045.2/genomic.gff	neighborhood_extracted	
oreochromis_niloticus	GCF_001858045.2	NCBI RefSeq (datasets genomic.gff)	O_niloticus_UMD_NMBU	NC_031978.2	GeneID:100699731	ENSONIT00000047381;ENSONIT00000055812	XP_005473930.1	24663369	24701573	+	2	upstream	GeneID:100697766	LOC100697766	24575527	24581769	+	protein_coding	XP_003441257.1	true	81600	external:NCBI/GCF_001858045.2/genomic.gff	neighborhood_extracted	
oreochromis_niloticus	GCF_001858045.2	NCBI RefSeq (datasets genomic.gff)	O_niloticus_UMD_NMBU	NC_031978.2	GeneID:100699731	ENSONIT00000047381;ENSONIT00000055812	XP_005473930.1	24663369	24701573	+	3	upstream	GeneID:102076876	LOC102076876	24571808	24575521	-	protein_coding	XP_005473941.1	true	87848	external:NCBI/GCF_001858045.2/genomic.gff	neighborhood_extracted	
oreochromis_niloticus	GCF_001858045.2	NCBI RefSeq (datasets genomic.gff)	O_niloticus_UMD_NMBU	NC_031978.2	GeneID:100699731	ENSONIT00000047381;ENSONIT00000055812	XP_005473930.1	24663369	24701573	+	4	upstream	GeneID:100697495	LOC100697495	24567750	24571983	+	protein_coding	XP_005473942.1	true	91386	external:NCBI/GCF_001858045.2/genomic.gff	neighborhood_extracted	
oreochromis_niloticus	GCF_001858045.2	NCBI RefSeq (datasets genomic.gff)	O_niloticus_UMD_NMBU	NC_031978.2	GeneID:100699731	ENSONIT00000047381;ENSONIT00000055812	XP_005473930.1	24663369	24701573	+	5	upstream	GeneID:100697230	LOC100697230	24562396	24566678	+	protein_coding	XP_025753285.1	true	96691	external:NCBI/GCF_001858045.2/genomic.gff	neighborhood_extracted	
oreochromis_niloticus	GCF_001858045.2	NCBI RefSeq (datasets genomic.gff)	O_niloticus_UMD_NMBU	NC_031978.2	GeneID:100699731	ENSONIT00000047381;ENSONIT00000055812	XP_005473930.1	24663369	24701573	+	6	upstream	GeneID:100699271	ablim1a	24519958	24561846	+	protein_coding	XP_025753270.1	true	101523	external:NCBI/GCF_001858045.2/genomic.gff	neighborhood_extracted	
oreochromis_niloticus	GCF_001858045.2	NCBI RefSeq (datasets genomic.gff)	O_niloticus_UMD_NMBU	NC_031978.2	GeneID:100699731	ENSONIT00000047381;ENSONIT00000055812	XP_005473930.1	24663369	24701573	+	7	upstream	GeneID:100696962	fhip2a	24506545	24520176	-	protein_coding	XP_025753282.1	true	143193	external:NCBI/GCF_001858045.2/genomic.gff	neighborhood_extracted	
oreochromis_niloticus	GCF_001858045.2	NCBI RefSeq (datasets genomic.gff)	O_niloticus_UMD_NMBU	NC_031978.2	GeneID:100699731	ENSONIT00000047381;ENSONIT00000055812	XP_005473930.1	24663369	24701573	+	8	upstream	GeneID:100696697	srfb	24482220	24507057	+	protein_coding	XP_025753284.1	true	156312	external:NCBI/GCF_001858045.2/genomic.gff	neighborhood_extracted	
oreochromis_niloticus	GCF_001858045.2	NCBI RefSeq (datasets genomic.gff)	O_niloticus_UMD_NMBU	NC_031978.2	GeneID:100699731	ENSONIT00000047381;ENSONIT00000055812	XP_005473930.1	24663369	24701573	+	9	upstream	GeneID:100696430	ptk7b	24410456	24480362	+	protein_coding	XP_005473954.1	true	183007	external:NCBI/GCF_001858045.2/genomic.gff	neighborhood_extracted	
oreochromis_niloticus	GCF_001858045.2	NCBI RefSeq (datasets genomic.gff)	O_niloticus_UMD_NMBU	NC_031978.2	GeneID:100699731	ENSONIT00000047381;ENSONIT00000055812	XP_005473930.1	24663369	24701573	+	10	upstream	GeneID:100698656	klc1b	24386448	24408952	+	protein_coding	XP_013124530.1	true	254417	external:NCBI/GCF_001858045.2/genomic.gff	neighborhood_extracted	
takifugu_rubripes	GCF_901000725.3	NCBI RefSeq (datasets genomic.gff)	fTakRub1.3	NC_042288.1	GeneID:101073665	ENSTRUT00000045297;ENSTRUT00000045298	XP_011601192.1	3777467	3813845	-	1	downstream	GeneID:101073890	wdr11	3670438	3708942	+	protein_coding	XP_003963749.1	true	68525	external:NCBI/GCF_901000725.3/genomic.gff	neighborhood_extracted	
takifugu_rubripes	GCF_901000725.3	NCBI RefSeq (datasets genomic.gff)	fTakRub1.3	NC_042288.1	GeneID:101073665	ENSTRUT00000045297;ENSTRUT00000045298	XP_011601192.1	3777467	3813845	-	2	downstream	GeneID:101074109	plpp4	3575030	3614817	+	protein_coding	XP_029691419.1	true	162650	external:NCBI/GCF_901000725.3/genomic.gff	neighborhood_extracted	
takifugu_rubripes	GCF_901000725.3	NCBI RefSeq (datasets genomic.gff)	fTakRub1.3	NC_042288.1	GeneID:101073665	ENSTRUT00000045297;ENSTRUT00000045298	XP_011601192.1	3777467	3813845	-	3	downstream	GeneID:101066703	cdh23	3392625	3565537	-	protein_coding	XP_029690635.1	true	211930	external:NCBI/GCF_901000725.3/genomic.gff	neighborhood_extracted	
takifugu_rubripes	GCF_901000725.3	NCBI RefSeq (datasets genomic.gff)	fTakRub1.3	NC_042288.1	GeneID:101073665	ENSTRUT00000045297;ENSTRUT00000045298	XP_011601192.1	3777467	3813845	-	4	downstream	GeneID:101066932	eif3s6ip	3387209	3392199	+	protein_coding	XP_003963717.1	true	385268	external:NCBI/GCF_901000725.3/genomic.gff	neighborhood_extracted	
takifugu_rubripes	GCF_901000725.3	NCBI RefSeq (datasets genomic.gff)	fTakRub1.3	NC_042288.1	GeneID:101073665	ENSTRUT00000045297;ENSTRUT00000045298	XP_011601192.1	3777467	3813845	-	5	downstream	GeneID:101074557	smoc2	3367571	3386276	-	protein_coding	XP_029691441.1	true	391191	external:NCBI/GCF_901000725.3/genomic.gff	neighborhood_extracted	
takifugu_rubripes	GCF_901000725.3	NCBI RefSeq (datasets genomic.gff)	fTakRub1.3	NC_042288.1	GeneID:101073665	ENSTRUT00000045297;ENSTRUT00000045298	XP_011601192.1	3777467	3813845	-	6	downstream	GeneID:101074776	dact2	3335195	3339568	-	protein_coding	XP_003963752.3	true	437899	external:NCBI/GCF_901000725.3/genomic.gff	neighborhood_extracted	
takifugu_rubripes	GCF_901000725.3	NCBI RefSeq (datasets genomic.gff)	fTakRub1.3	NC_042288.1	GeneID:101073665	ENSTRUT00000045297;ENSTRUT00000045298	XP_011601192.1	3777467	3813845	-	7	downstream	GeneID:101067157	lrrfip2	3301593	3319673	-	protein_coding	XP_029690871.1	true	457794	external:NCBI/GCF_901000725.3/genomic.gff	neighborhood_extracted	
takifugu_rubripes	GCF_901000725.3	NCBI RefSeq (datasets genomic.gff)	fTakRub1.3	NC_042288.1	GeneID:101073665	ENSTRUT00000045297;ENSTRUT00000045298	XP_011601192.1	3777467	3813845	-	8	downstream	GeneID:101074999	mlh1	3295827	3301282	+	protein_coding	XP_029690890.1	true	476185	external:NCBI/GCF_901000725.3/genomic.gff	neighborhood_extracted	
takifugu_rubripes	GCF_901000725.3	NCBI RefSeq (datasets genomic.gff)	fTakRub1.3	NC_042288.1	GeneID:101073665	ENSTRUT00000045297;ENSTRUT00000045298	XP_011601192.1	3777467	3813845	-	9	downstream	GeneID:101075220	fam83ha	3281336	3289850	-	protein_coding	XP_029690484.1	true	487617	external:NCBI/GCF_901000725.3/genomic.gff	neighborhood_extracted	
takifugu_rubripes	GCF_901000725.3	NCBI RefSeq (datasets genomic.gff)	fTakRub1.3	NC_042288.1	GeneID:101073665	ENSTRUT00000045297;ENSTRUT00000045298	XP_011601192.1	3777467	3813845	-	10	downstream	GeneID:101075440	LOC101075440	3278868	3281247	-	protein_coding	XP_011601213.2	true	496220	external:NCBI/GCF_901000725.3/genomic.gff	neighborhood_extracted	
takifugu_rubripes	GCF_901000725.3	NCBI RefSeq (datasets genomic.gff)	fTakRub1.3	NC_042288.1	GeneID:101073665	ENSTRUT00000045297;ENSTRUT00000045298	XP_011601192.1	3777467	3813845	-	1	upstream	GeneID:101073436	ate1	3846233	3903158	-	protein_coding	XP_011601186.1	true	32388	external:NCBI/GCF_901000725.3/genomic.gff	neighborhood_extracted	
takifugu_rubripes	GCF_901000725.3	NCBI RefSeq (datasets genomic.gff)	fTakRub1.3	NC_042288.1	GeneID:101073665	ENSTRUT00000045297;ENSTRUT00000045298	XP_011601192.1	3777467	3813845	-	2	upstream	GeneID:101073205	LOC101073205	3903538	3910615	-	protein_coding	XP_029691451.1	true	89693	external:NCBI/GCF_901000725.3/genomic.gff	neighborhood_extracted	
takifugu_rubripes	GCF_901000725.3	NCBI RefSeq (datasets genomic.gff)	fTakRub1.3	NC_042288.1	GeneID:101073665	ENSTRUT00000045297;ENSTRUT00000045298	XP_011601192.1	3777467	3813845	-	3	upstream	GeneID:101072985	LOC101072985	3910778	3916728	-	protein_coding	XP_003963745.2	true	96933	external:NCBI/GCF_901000725.3/genomic.gff	neighborhood_extracted	
takifugu_rubripes	GCF_901000725.3	NCBI RefSeq (datasets genomic.gff)	fTakRub1.3	NC_042288.1	GeneID:101073665	ENSTRUT00000045297;ENSTRUT00000045298	XP_011601192.1	3777467	3813845	-	4	upstream	GeneID:115249696	LOC115249696	3920819	3927098	+	protein_coding	XP_029691676.1	true	106974	external:NCBI/GCF_901000725.3/genomic.gff	neighborhood_extracted	
takifugu_rubripes	GCF_901000725.3	NCBI RefSeq (datasets genomic.gff)	fTakRub1.3	NC_042288.1	GeneID:101073665	ENSTRUT00000045297;ENSTRUT00000045298	XP_011601192.1	3777467	3813845	-	5	upstream	GeneID:101072764	ablim1a	3928723	3972250	-	protein_coding	XP_029691174.1	true	114878	external:NCBI/GCF_901000725.3/genomic.gff	neighborhood_extracted	
takifugu_rubripes	GCF_901000725.3	NCBI RefSeq (datasets genomic.gff)	fTakRub1.3	NC_042288.1	GeneID:101073665	ENSTRUT00000045297;ENSTRUT00000045298	XP_011601192.1	3777467	3813845	-	6	upstream	GeneID:115249478	LOC115249478	3996434	4000100	-	protein_coding	XP_029690512.1	true	182589	external:NCBI/GCF_901000725.3/genomic.gff	neighborhood_extracted	
takifugu_rubripes	GCF_901000725.3	NCBI RefSeq (datasets genomic.gff)	fTakRub1.3	NC_042288.1	GeneID:101073665	ENSTRUT00000045297;ENSTRUT00000045298	XP_011601192.1	3777467	3813845	-	7	upstream	GeneID:101072314	fhip2a	4011441	4021740	+	protein_coding	XP_003963743.2	true	197596	external:NCBI/GCF_901000725.3/genomic.gff	neighborhood_extracted	
takifugu_rubripes	GCF_901000725.3	NCBI RefSeq (datasets genomic.gff)	fTakRub1.3	NC_042288.1	GeneID:101073665	ENSTRUT00000045297;ENSTRUT00000045298	XP_011601192.1	3777467	3813845	-	8	upstream	GeneID:101072098	LOC101072098	4021763	4042755	-	protein_coding	XP_029690513.1	true	207918	external:NCBI/GCF_901000725.3/genomic.gff	neighborhood_extracted	
takifugu_rubripes	GCF_901000725.3	NCBI RefSeq (datasets genomic.gff)	fTakRub1.3	NC_042288.1	GeneID:101073665	ENSTRUT00000045297;ENSTRUT00000045298	XP_011601192.1	3777467	3813845	-	9	upstream	GeneID:101071871	ptk7b	4043916	4094714	-	protein_coding	XP_003963741.3	true	230071	external:NCBI/GCF_901000725.3/genomic.gff	neighborhood_extracted	
takifugu_rubripes	GCF_901000725.3	NCBI RefSeq (datasets genomic.gff)	fTakRub1.3	NC_042288.1	GeneID:101073665	ENSTRUT00000045297;ENSTRUT00000045298	XP_011601192.1	3777467	3813845	-	10	upstream	GeneID:101071647	klc1b	4095221	4119115	-	protein_coding	XP_029690504.1	true	281376	external:NCBI/GCF_901000725.3/genomic.gff	neighborhood_extracted	
