species	isoform	transcript_id	protein_id	protein_length	feature_type	feature_label	start_aa	end_aa	track	source	status
alligator_mississippiensis	IIIb	XM_059730070.1	XP_059586053.1	869	ig_like_domain	Ig1	67	131	domain	interproscan	representative
alligator_mississippiensis	IIIb	XM_059730070.1	XP_059586053.1	869	ig_like_domain	Ig2	192	269	domain	interproscan	representative
alligator_mississippiensis	IIIb	XM_059730070.1	XP_059586053.1	869	ig_like_domain	Ig3	284	378	domain	interproscan	representative
alligator_mississippiensis	IIIb	XM_059730070.1	XP_059586053.1	869	transmembrane_pytmhmm	TM	396	418	domain	pyTMHMM	receptor_tm
alligator_mississippiensis	IIIb	XM_059730070.1	XP_059586053.1	869	transmembrane_pytmhmm	sig. anchor	19	41	domain	pyTMHMM	n_terminal_signal_anchor
alligator_mississippiensis	IIIb	XM_059730070.1	XP_059586053.1	869	kinase_domain	kinase	459	792	domain	interproscan	representative
alligator_mississippiensis	IIIb	XM_059730070.1	XP_059586053.1	869	other_domain	FGFR family fingerprint	28	820	domain	interproscan	family_level
alligator_mississippiensis	IIIb	XM_059730070.1	XP_059586053.1	869	coding_exon	exon 1 (CDS1)	1	59	exon	figure3C	coordinate_mapped
alligator_mississippiensis	IIIb	XM_059730070.1	XP_059586053.1	869	coding_exon	exon 2 (CDS2)	59	148	exon	figure3C	coordinate_mapped
alligator_mississippiensis	IIIb	XM_059730070.1	XP_059586053.1	869	coding_exon	exon 3 (CDS3)	148	173	exon	figure3C	coordinate_mapped
alligator_mississippiensis	IIIb	XM_059730070.1	XP_059586053.1	869	coding_exon	exon 4 (CDS4)	173	229	exon	figure3C	coordinate_mapped
alligator_mississippiensis	IIIb	XM_059730070.1	XP_059586053.1	869	coding_exon	exon 5 (CDS5)	230	271	exon	figure3C	coordinate_mapped
alligator_mississippiensis	IIIb	XM_059730070.1	XP_059586053.1	869	coding_exon	exon 6 (CDS6)	271	334	exon	figure3C	coordinate_mapped
alligator_mississippiensis	IIIb	XM_059730070.1	XP_059586053.1	869	IIIb_slot	exon 7 (IIIb cassette)	335	383	cassette	figure3C	coordinate_mapped
alligator_mississippiensis	IIIb	XM_059730070.1	XP_059586053.1	869	coding_exon	exon 8 (CDS8)	383	450	exon	figure3C	coordinate_mapped
alligator_mississippiensis	IIIb	XM_059730070.1	XP_059586053.1	869	coding_exon	exon 9 (CDS9)	451	501	exon	figure3C	coordinate_mapped
alligator_mississippiensis	IIIb	XM_059730070.1	XP_059586053.1	869	coding_exon	exon 10 (CDS10)	501	542	exon	figure3C	coordinate_mapped
alligator_mississippiensis	IIIb	XM_059730070.1	XP_059586053.1	869	coding_exon	exon 11 (CDS11)	542	579	exon	figure3C	coordinate_mapped
alligator_mississippiensis	IIIb	XM_059730070.1	XP_059586053.1	869	coding_exon	exon 12 (CDS12)	579	642	exon	figure3C	coordinate_mapped
alligator_mississippiensis	IIIb	XM_059730070.1	XP_059586053.1	869	coding_exon	exon 13 (CDS13)	643	683	exon	figure3C	coordinate_mapped
alligator_mississippiensis	IIIb	XM_059730070.1	XP_059586053.1	869	coding_exon	exon 14 (CDS14)	684	707	exon	figure3C	coordinate_mapped
alligator_mississippiensis	IIIb	XM_059730070.1	XP_059586053.1	869	coding_exon	exon 15 (CDS15)	707	753	exon	figure3C	coordinate_mapped
alligator_mississippiensis	IIIb	XM_059730070.1	XP_059586053.1	869	coding_exon	exon 16 (CDS16)	753	788	exon	figure3C	coordinate_mapped
alligator_mississippiensis	IIIb	XM_059730070.1	XP_059586053.1	869	coding_exon	exon 17 (CDS17)	789	814	exon	figure3C	coordinate_mapped
alligator_mississippiensis	IIIb	XM_059730070.1	XP_059586053.1	869	coding_exon	exon 18 (CDS18)	814	869	exon	figure3C	coordinate_mapped
alligator_mississippiensis	IIIb	XM_059730070.1	XP_059586053.1	869	warning	signal region supported by N-terminal pyTMHMM anchor (no dedicated signal-peptide predictor)			warning	qc	architecture_supported
alligator_mississippiensis	IIIb	XM_059730070.1	XP_059586053.1	869	warning	Ig1/Ig2/Ig3 numbering positional only (no CDD FGFR-specific Ig numbering)			warning	qc	architecture_supported
alligator_mississippiensis	IIIc	XM_006266126.4	XP_006266188.1	868	ig_like_domain	Ig1	67	131	domain	interproscan	representative
alligator_mississippiensis	IIIc	XM_006266126.4	XP_006266188.1	868	ig_like_domain	Ig2	192	269	domain	interproscan	representative
alligator_mississippiensis	IIIc	XM_006266126.4	XP_006266188.1	868	ig_like_domain	Ig3	284	380	domain	interproscan	representative
alligator_mississippiensis	IIIc	XM_006266126.4	XP_006266188.1	868	transmembrane_pytmhmm	TM	395	417	domain	pyTMHMM	receptor_tm
alligator_mississippiensis	IIIc	XM_006266126.4	XP_006266188.1	868	transmembrane_pytmhmm	sig. anchor	19	41	domain	pyTMHMM	n_terminal_signal_anchor
alligator_mississippiensis	IIIc	XM_006266126.4	XP_006266188.1	868	kinase_domain	kinase	458	791	domain	interproscan	representative
alligator_mississippiensis	IIIc	XM_006266126.4	XP_006266188.1	868	other_domain	FGFR family fingerprint	28	819	domain	interproscan	family_level
alligator_mississippiensis	IIIc	XM_006266126.4	XP_006266188.1	868	coding_exon	exon 1 (CDS1)	1	59	exon	figure3C	coordinate_mapped
alligator_mississippiensis	IIIc	XM_006266126.4	XP_006266188.1	868	coding_exon	exon 2 (CDS2)	59	148	exon	figure3C	coordinate_mapped
alligator_mississippiensis	IIIc	XM_006266126.4	XP_006266188.1	868	coding_exon	exon 3 (CDS3)	148	173	exon	figure3C	coordinate_mapped
alligator_mississippiensis	IIIc	XM_006266126.4	XP_006266188.1	868	coding_exon	exon 4 (CDS4)	173	229	exon	figure3C	coordinate_mapped
alligator_mississippiensis	IIIc	XM_006266126.4	XP_006266188.1	868	coding_exon	exon 5 (CDS5)	230	271	exon	figure3C	coordinate_mapped
alligator_mississippiensis	IIIc	XM_006266126.4	XP_006266188.1	868	coding_exon	exon 6 (CDS6)	271	334	exon	figure3C	coordinate_mapped
alligator_mississippiensis	IIIc	XM_006266126.4	XP_006266188.1	868	IIIc_slot	exon 7 (IIIc cassette)	335	384	cassette	figure3C	coordinate_mapped
alligator_mississippiensis	IIIc	XM_006266126.4	XP_006266188.1	868	coding_exon	exon 8 (CDS8)	384	451	exon	figure3C	coordinate_mapped
alligator_mississippiensis	IIIc	XM_006266126.4	XP_006266188.1	868	coding_exon	exon 9 (CDS9)	452	502	exon	figure3C	coordinate_mapped
alligator_mississippiensis	IIIc	XM_006266126.4	XP_006266188.1	868	coding_exon	exon 10 (CDS10)	502	543	exon	figure3C	coordinate_mapped
alligator_mississippiensis	IIIc	XM_006266126.4	XP_006266188.1	868	coding_exon	exon 11 (CDS11)	543	580	exon	figure3C	coordinate_mapped
alligator_mississippiensis	IIIc	XM_006266126.4	XP_006266188.1	868	coding_exon	exon 12 (CDS12)	580	643	exon	figure3C	coordinate_mapped
alligator_mississippiensis	IIIc	XM_006266126.4	XP_006266188.1	868	coding_exon	exon 13 (CDS13)	644	684	exon	figure3C	coordinate_mapped
alligator_mississippiensis	IIIc	XM_006266126.4	XP_006266188.1	868	coding_exon	exon 14 (CDS14)	685	708	exon	figure3C	coordinate_mapped
alligator_mississippiensis	IIIc	XM_006266126.4	XP_006266188.1	868	coding_exon	exon 15 (CDS15)	708	754	exon	figure3C	coordinate_mapped
alligator_mississippiensis	IIIc	XM_006266126.4	XP_006266188.1	868	coding_exon	exon 16 (CDS16)	754	789	exon	figure3C	coordinate_mapped
alligator_mississippiensis	IIIc	XM_006266126.4	XP_006266188.1	868	coding_exon	exon 17 (CDS17)	790	815	exon	figure3C	coordinate_mapped
alligator_mississippiensis	IIIc	XM_006266126.4	XP_006266188.1	868	coding_exon	exon 18 (CDS18)	815	868	exon	figure3C	coordinate_mapped
alligator_mississippiensis	IIIc	XM_006266126.4	XP_006266188.1	868	warning	signal region supported by N-terminal pyTMHMM anchor (no dedicated signal-peptide predictor)			warning	qc	architecture_supported
alligator_mississippiensis	IIIc	XM_006266126.4	XP_006266188.1	868	warning	Ig1/Ig2/Ig3 numbering positional only (no CDD FGFR-specific Ig numbering)			warning	qc	architecture_supported
alligator_mississippiensis	IIIc	XM_006266126.4	XP_006266188.1	868	warning	final coding-exon block end clamped to protein length (+1/+2 aa codon-boundary rounding)			warning	qc	architecture_supported
alligator_mississippiensis	IIIc	XM_006266126.4	XP_006266188.1	868	warning	coordinates otherwise unchanged			warning	qc	architecture_supported
ambystoma_mexicanum	IIIb	XM_069611953.1	XP_069468054.1	840	ig_like_domain	Ig1	58	144	domain	interproscan	representative
ambystoma_mexicanum	IIIb	XM_069611953.1	XP_069468054.1	840	ig_like_domain	Ig2	189	266	domain	interproscan	representative
ambystoma_mexicanum	IIIb	XM_069611953.1	XP_069468054.1	840	ig_like_domain	Ig3	281	375	domain	interproscan	representative
ambystoma_mexicanum	IIIb	XM_069611953.1	XP_069468054.1	840	transmembrane_pytmhmm	TM	393	415	domain	pyTMHMM	receptor_tm
ambystoma_mexicanum	IIIb	XM_069611953.1	XP_069468054.1	840	transmembrane_pytmhmm	sig. anchor	20	39	domain	pyTMHMM	n_terminal_signal_anchor
ambystoma_mexicanum	IIIb	XM_069611953.1	XP_069468054.1	840	kinase_domain	kinase	456	789	domain	interproscan	representative
ambystoma_mexicanum	IIIb	XM_069611953.1	XP_069468054.1	840	other_domain	FGFR family fingerprint	27	834	domain	interproscan	family_level
ambystoma_mexicanum	IIIb	XM_069611953.1	XP_069468054.1	840	coding_exon	exon 1 (CDS1)	1	56	exon	figure3C	coordinate_mapped
ambystoma_mexicanum	IIIb	XM_069611953.1	XP_069468054.1	840	coding_exon	exon 2 (CDS2)	56	145	exon	figure3C	coordinate_mapped
ambystoma_mexicanum	IIIb	XM_069611953.1	XP_069468054.1	840	coding_exon	exon 3 (CDS3)	145	170	exon	figure3C	coordinate_mapped
ambystoma_mexicanum	IIIb	XM_069611953.1	XP_069468054.1	840	coding_exon	exon 4 (CDS4)	170	226	exon	figure3C	coordinate_mapped
ambystoma_mexicanum	IIIb	XM_069611953.1	XP_069468054.1	840	coding_exon	exon 5 (CDS5)	227	268	exon	figure3C	coordinate_mapped
ambystoma_mexicanum	IIIb	XM_069611953.1	XP_069468054.1	840	coding_exon	exon 6 (CDS6)	268	331	exon	figure3C	coordinate_mapped
ambystoma_mexicanum	IIIb	XM_069611953.1	XP_069468054.1	840	IIIb_slot	exon 7 (IIIb cassette)	332	380	cassette	figure3C	coordinate_mapped
ambystoma_mexicanum	IIIb	XM_069611953.1	XP_069468054.1	840	coding_exon	exon 8 (CDS8)	380	447	exon	figure3C	coordinate_mapped
ambystoma_mexicanum	IIIb	XM_069611953.1	XP_069468054.1	840	coding_exon	exon 9 (CDS9)	447	497	exon	figure3C	coordinate_mapped
ambystoma_mexicanum	IIIb	XM_069611953.1	XP_069468054.1	840	coding_exon	exon 10 (CDS10)	497	538	exon	figure3C	coordinate_mapped
ambystoma_mexicanum	IIIb	XM_069611953.1	XP_069468054.1	840	coding_exon	exon 11 (CDS11)	538	575	exon	figure3C	coordinate_mapped
ambystoma_mexicanum	IIIb	XM_069611953.1	XP_069468054.1	840	coding_exon	exon 12 (CDS12)	575	638	exon	figure3C	coordinate_mapped
ambystoma_mexicanum	IIIb	XM_069611953.1	XP_069468054.1	840	coding_exon	exon 13 (CDS13)	639	679	exon	figure3C	coordinate_mapped
ambystoma_mexicanum	IIIb	XM_069611953.1	XP_069468054.1	840	coding_exon	exon 14 (CDS14)	680	703	exon	figure3C	coordinate_mapped
ambystoma_mexicanum	IIIb	XM_069611953.1	XP_069468054.1	840	coding_exon	exon 15 (CDS15)	703	749	exon	figure3C	coordinate_mapped
ambystoma_mexicanum	IIIb	XM_069611953.1	XP_069468054.1	840	coding_exon	exon 16 (CDS16)	749	784	exon	figure3C	coordinate_mapped
ambystoma_mexicanum	IIIb	XM_069611953.1	XP_069468054.1	840	coding_exon	exon 17 (CDS17)	785	839	exon	figure3C	coordinate_mapped
ambystoma_mexicanum	IIIb	XM_069611953.1	XP_069468054.1	840	warning	signal region supported by N-terminal pyTMHMM anchor (no dedicated signal-peptide predictor)			warning	qc	architecture_supported
ambystoma_mexicanum	IIIb	XM_069611953.1	XP_069468054.1	840	warning	Ig1/Ig2/Ig3 numbering positional only (no CDD FGFR-specific Ig numbering)			warning	qc	architecture_supported
ambystoma_mexicanum	IIIc	XM_069611955.1	XP_069468056.1	838	ig_like_domain	Ig1	58	144	domain	interproscan	representative
ambystoma_mexicanum	IIIc	XM_069611955.1	XP_069468056.1	838	ig_like_domain	Ig2	189	266	domain	interproscan	representative
ambystoma_mexicanum	IIIc	XM_069611955.1	XP_069468056.1	838	ig_like_domain	Ig3	281	377	domain	interproscan	representative
ambystoma_mexicanum	IIIc	XM_069611955.1	XP_069468056.1	838	transmembrane_pytmhmm	TM	391	413	domain	pyTMHMM	receptor_tm
ambystoma_mexicanum	IIIc	XM_069611955.1	XP_069468056.1	838	transmembrane_pytmhmm	sig. anchor	20	39	domain	pyTMHMM	n_terminal_signal_anchor
ambystoma_mexicanum	IIIc	XM_069611955.1	XP_069468056.1	838	kinase_domain	kinase	454	787	domain	interproscan	representative
ambystoma_mexicanum	IIIc	XM_069611955.1	XP_069468056.1	838	other_domain	FGFR family fingerprint	27	832	domain	interproscan	family_level
ambystoma_mexicanum	IIIc	XM_069611955.1	XP_069468056.1	838	coding_exon	exon 1 (CDS1)	1	56	exon	cds_features_native (XM_069611955.1)	native_reconstructed
ambystoma_mexicanum	IIIc	XM_069611955.1	XP_069468056.1	838	coding_exon	exon 2 (CDS2)	56	145	exon	cds_features_native (XM_069611955.1)	native_reconstructed
ambystoma_mexicanum	IIIc	XM_069611955.1	XP_069468056.1	838	coding_exon	exon 3 (CDS3)	145	170	exon	cds_features_native (XM_069611955.1)	native_reconstructed
ambystoma_mexicanum	IIIc	XM_069611955.1	XP_069468056.1	838	coding_exon	exon 4 (CDS4)	170	226	exon	cds_features_native (XM_069611955.1)	native_reconstructed
ambystoma_mexicanum	IIIc	XM_069611955.1	XP_069468056.1	838	coding_exon	exon 5 (CDS5)	227	268	exon	cds_features_native (XM_069611955.1)	native_reconstructed
ambystoma_mexicanum	IIIc	XM_069611955.1	XP_069468056.1	838	coding_exon	exon 6 (CDS6)	268	331	exon	cds_features_native (XM_069611955.1)	native_reconstructed
ambystoma_mexicanum	IIIc	XM_069611955.1	XP_069468056.1	838	IIIc_slot	exon 7 (CDS7)	332	380	cassette	figure3C	coordinate_mapped
ambystoma_mexicanum	IIIc	XM_069611955.1	XP_069468056.1	838	coding_exon	exon 8 (CDS8)	380	447	exon	cds_features_native (XM_069611955.1)	native_reconstructed
ambystoma_mexicanum	IIIc	XM_069611955.1	XP_069468056.1	838	coding_exon	exon 9 (CDS9)	447	497	exon	cds_features_native (XM_069611955.1)	native_reconstructed
ambystoma_mexicanum	IIIc	XM_069611955.1	XP_069468056.1	838	coding_exon	exon 10 (CDS10)	497	538	exon	cds_features_native (XM_069611955.1)	native_reconstructed
ambystoma_mexicanum	IIIc	XM_069611955.1	XP_069468056.1	838	coding_exon	exon 11 (CDS11)	538	575	exon	cds_features_native (XM_069611955.1)	native_reconstructed
ambystoma_mexicanum	IIIc	XM_069611955.1	XP_069468056.1	838	coding_exon	exon 12 (CDS12)	575	638	exon	cds_features_native (XM_069611955.1)	native_reconstructed
ambystoma_mexicanum	IIIc	XM_069611955.1	XP_069468056.1	838	coding_exon	exon 13 (CDS13)	639	679	exon	cds_features_native (XM_069611955.1)	native_reconstructed
ambystoma_mexicanum	IIIc	XM_069611955.1	XP_069468056.1	838	coding_exon	exon 14 (CDS14)	680	703	exon	cds_features_native (XM_069611955.1)	native_reconstructed
ambystoma_mexicanum	IIIc	XM_069611955.1	XP_069468056.1	838	coding_exon	exon 15 (CDS15)	703	749	exon	cds_features_native (XM_069611955.1)	native_reconstructed
ambystoma_mexicanum	IIIc	XM_069611955.1	XP_069468056.1	838	coding_exon	exon 16 (CDS16)	749	784	exon	cds_features_native (XM_069611955.1)	native_reconstructed
ambystoma_mexicanum	IIIc	XM_069611955.1	XP_069468056.1	838	coding_exon	exon 17 (CDS17)	785	838	exon	cds_features_native (XM_069611955.1)	native_reconstructed
ambystoma_mexicanum	IIIc	XM_069611955.1	XP_069468056.1	838	warning	signal region supported by N-terminal pyTMHMM anchor (no dedicated signal-peptide predictor)			warning	qc	architecture_supported
ambystoma_mexicanum	IIIc	XM_069611955.1	XP_069468056.1	838	warning	Ig1/Ig2/Ig3 numbering positional only (no CDD FGFR-specific Ig numbering)			warning	qc	architecture_supported
ambystoma_mexicanum	IIIc	XM_069611955.1	XP_069468056.1	838	warning	coding-exon blocks reconstructed from native CDS (display-coordinate sanitation)			warning	qc	architecture_supported
ambystoma_mexicanum	IIIc	XM_069611955.1	XP_069468056.1	838	warning	biology unchanged			warning	qc	architecture_supported
anolis_carolinensis	IIIb	XM_062976012.1	XP_062832082.1	873	ig_like_domain	Ig1	102	166	domain	interproscan	representative
anolis_carolinensis	IIIb	XM_062976012.1	XP_062832082.1	873	ig_like_domain	Ig2	223	300	domain	interproscan	representative
anolis_carolinensis	IIIb	XM_062976012.1	XP_062832082.1	873	ig_like_domain	Ig3	315	396	domain	interproscan	representative
anolis_carolinensis	IIIb	XM_062976012.1	XP_062832082.1	873	transmembrane_pytmhmm	TM	426	448	domain	pyTMHMM	receptor_tm
anolis_carolinensis	IIIb	XM_062976012.1	XP_062832082.1	873	kinase_domain	kinase	489	822	domain	interproscan	representative
anolis_carolinensis	IIIb	XM_062976012.1	XP_062832082.1	873	other_domain	FGFR family fingerprint	62	868	domain	interproscan	family_level
anolis_carolinensis	IIIb	XM_062976012.1	XP_062832082.1	873	coding_exon	exon 1 (CDS1)	1	7	exon	figure3C	coordinate_mapped
anolis_carolinensis	IIIb	XM_062976012.1	XP_062832082.1	873	coding_exon	exon 2 (CDS2)	7	94	exon	figure3C	coordinate_mapped
anolis_carolinensis	IIIb	XM_062976012.1	XP_062832082.1	873	coding_exon	exon 3 (CDS3)	94	179	exon	figure3C	coordinate_mapped
anolis_carolinensis	IIIb	XM_062976012.1	XP_062832082.1	873	coding_exon	exon 4 (CDS4)	179	204	exon	figure3C	coordinate_mapped
anolis_carolinensis	IIIb	XM_062976012.1	XP_062832082.1	873	coding_exon	exon 5 (CDS5)	204	260	exon	figure3C	coordinate_mapped
anolis_carolinensis	IIIb	XM_062976012.1	XP_062832082.1	873	coding_exon	exon 6 (CDS6)	261	302	exon	figure3C	coordinate_mapped
anolis_carolinensis	IIIb	XM_062976012.1	XP_062832082.1	873	coding_exon	exon 7 (CDS7)	302	365	exon	figure3C	coordinate_mapped
anolis_carolinensis	IIIb	XM_062976012.1	XP_062832082.1	873	IIIb_slot	exon 8 (IIIb cassette)	366	414	cassette	figure3C	coordinate_mapped
anolis_carolinensis	IIIb	XM_062976012.1	XP_062832082.1	873	coding_exon	exon 9 (CDS9)	414	482	exon	figure3C	coordinate_mapped
anolis_carolinensis	IIIb	XM_062976012.1	XP_062832082.1	873	coding_exon	exon 10 (CDS10)	482	532	exon	figure3C	coordinate_mapped
anolis_carolinensis	IIIb	XM_062976012.1	XP_062832082.1	873	coding_exon	exon 11 (CDS11)	532	573	exon	figure3C	coordinate_mapped
anolis_carolinensis	IIIb	XM_062976012.1	XP_062832082.1	873	coding_exon	exon 12 (CDS12)	573	610	exon	figure3C	coordinate_mapped
anolis_carolinensis	IIIb	XM_062976012.1	XP_062832082.1	873	coding_exon	exon 13 (CDS13)	610	673	exon	figure3C	coordinate_mapped
anolis_carolinensis	IIIb	XM_062976012.1	XP_062832082.1	873	coding_exon	exon 14 (CDS14)	674	714	exon	figure3C	coordinate_mapped
anolis_carolinensis	IIIb	XM_062976012.1	XP_062832082.1	873	coding_exon	exon 15 (CDS15)	715	738	exon	figure3C	coordinate_mapped
anolis_carolinensis	IIIb	XM_062976012.1	XP_062832082.1	873	coding_exon	exon 16 (CDS16)	738	784	exon	figure3C	coordinate_mapped
anolis_carolinensis	IIIb	XM_062976012.1	XP_062832082.1	873	coding_exon	exon 17 (CDS17)	784	819	exon	figure3C	coordinate_mapped
anolis_carolinensis	IIIb	XM_062976012.1	XP_062832082.1	873	coding_exon	exon 18 (CDS18)	820	873	exon	figure3C	coordinate_mapped
anolis_carolinensis	IIIb	XM_062976012.1	XP_062832082.1	873	warning	signal peptide not annotated (no signal-peptide predictor)			warning	qc	architecture_supported_with_minor_flags
anolis_carolinensis	IIIb	XM_062976012.1	XP_062832082.1	873	warning	Ig1/Ig2/Ig3 numbering positional only (no CDD FGFR-specific Ig numbering)			warning	qc	architecture_supported_with_minor_flags
anolis_carolinensis	IIIb	XM_062976012.1	XP_062832082.1	873	warning	final coding-exon block end clamped to protein length (+1/+2 aa codon-boundary rounding)			warning	qc	architecture_supported_with_minor_flags
anolis_carolinensis	IIIb	XM_062976012.1	XP_062832082.1	873	warning	coordinates otherwise unchanged			warning	qc	architecture_supported_with_minor_flags
anolis_carolinensis	IIIc	XM_062976011.1	XP_062832081.1	873	ig_like_domain	Ig1	102	166	domain	interproscan	representative
anolis_carolinensis	IIIc	XM_062976011.1	XP_062832081.1	873	ig_like_domain	Ig2	223	300	domain	interproscan	representative
anolis_carolinensis	IIIc	XM_062976011.1	XP_062832081.1	873	ig_like_domain	Ig3	315	411	domain	interproscan	representative
anolis_carolinensis	IIIc	XM_062976011.1	XP_062832081.1	873	transmembrane_pytmhmm	TM	426	448	domain	pyTMHMM	receptor_tm
anolis_carolinensis	IIIc	XM_062976011.1	XP_062832081.1	873	kinase_domain	kinase	489	822	domain	interproscan	representative
anolis_carolinensis	IIIc	XM_062976011.1	XP_062832081.1	873	other_domain	FGFR family fingerprint	62	868	domain	interproscan	family_level
anolis_carolinensis	IIIc	XM_062976011.1	XP_062832081.1	873	coding_exon	exon 1 (CDS1)	1	7	exon	figure3C	coordinate_mapped
anolis_carolinensis	IIIc	XM_062976011.1	XP_062832081.1	873	coding_exon	exon 2 (CDS2)	7	94	exon	figure3C	coordinate_mapped
anolis_carolinensis	IIIc	XM_062976011.1	XP_062832081.1	873	coding_exon	exon 3 (CDS3)	94	179	exon	figure3C	coordinate_mapped
anolis_carolinensis	IIIc	XM_062976011.1	XP_062832081.1	873	coding_exon	exon 4 (CDS4)	179	204	exon	figure3C	coordinate_mapped
anolis_carolinensis	IIIc	XM_062976011.1	XP_062832081.1	873	coding_exon	exon 5 (CDS5)	204	260	exon	figure3C	coordinate_mapped
anolis_carolinensis	IIIc	XM_062976011.1	XP_062832081.1	873	coding_exon	exon 6 (CDS6)	261	302	exon	figure3C	coordinate_mapped
anolis_carolinensis	IIIc	XM_062976011.1	XP_062832081.1	873	coding_exon	exon 7 (CDS7)	302	365	exon	figure3C	coordinate_mapped
anolis_carolinensis	IIIc	XM_062976011.1	XP_062832081.1	873	IIIc_slot	exon 8 (IIIc cassette)	366	414	cassette	figure3C	coordinate_mapped
anolis_carolinensis	IIIc	XM_062976011.1	XP_062832081.1	873	coding_exon	exon 9 (CDS9)	414	482	exon	figure3C	coordinate_mapped
anolis_carolinensis	IIIc	XM_062976011.1	XP_062832081.1	873	coding_exon	exon 10 (CDS10)	482	532	exon	figure3C	coordinate_mapped
anolis_carolinensis	IIIc	XM_062976011.1	XP_062832081.1	873	coding_exon	exon 11 (CDS11)	532	573	exon	figure3C	coordinate_mapped
anolis_carolinensis	IIIc	XM_062976011.1	XP_062832081.1	873	coding_exon	exon 12 (CDS12)	573	610	exon	figure3C	coordinate_mapped
anolis_carolinensis	IIIc	XM_062976011.1	XP_062832081.1	873	coding_exon	exon 13 (CDS13)	610	673	exon	figure3C	coordinate_mapped
anolis_carolinensis	IIIc	XM_062976011.1	XP_062832081.1	873	coding_exon	exon 14 (CDS14)	674	714	exon	figure3C	coordinate_mapped
anolis_carolinensis	IIIc	XM_062976011.1	XP_062832081.1	873	coding_exon	exon 15 (CDS15)	715	738	exon	figure3C	coordinate_mapped
anolis_carolinensis	IIIc	XM_062976011.1	XP_062832081.1	873	coding_exon	exon 16 (CDS16)	738	784	exon	figure3C	coordinate_mapped
anolis_carolinensis	IIIc	XM_062976011.1	XP_062832081.1	873	coding_exon	exon 17 (CDS17)	784	819	exon	figure3C	coordinate_mapped
anolis_carolinensis	IIIc	XM_062976011.1	XP_062832081.1	873	coding_exon	exon 18 (CDS18)	820	873	exon	figure3C	coordinate_mapped
anolis_carolinensis	IIIc	XM_062976011.1	XP_062832081.1	873	warning	signal peptide not annotated (no signal-peptide predictor)			warning	qc	architecture_supported_with_minor_flags
anolis_carolinensis	IIIc	XM_062976011.1	XP_062832081.1	873	warning	Ig1/Ig2/Ig3 numbering positional only (no CDD FGFR-specific Ig numbering)			warning	qc	architecture_supported_with_minor_flags
anolis_carolinensis	IIIc	XM_062976011.1	XP_062832081.1	873	warning	final coding-exon block end clamped to protein length (+1/+2 aa codon-boundary rounding)			warning	qc	architecture_supported_with_minor_flags
anolis_carolinensis	IIIc	XM_062976011.1	XP_062832081.1	873	warning	coordinates otherwise unchanged			warning	qc	architecture_supported_with_minor_flags
bos_taurus	IIIb	XM_059881740.1	XP_059737723.1	841	ig_like_domain	Ig1	64	128	domain	interproscan	representative
bos_taurus	IIIb	XM_059881740.1	XP_059737723.1	841	ig_like_domain	Ig2	190	267	domain	interproscan	representative
bos_taurus	IIIb	XM_059881740.1	XP_059737723.1	841	ig_like_domain	Ig3	282	376	domain	interproscan	representative
bos_taurus	IIIb	XM_059881740.1	XP_059737723.1	841	transmembrane_pytmhmm	TM	394	416	domain	pyTMHMM	receptor_tm
bos_taurus	IIIb	XM_059881740.1	XP_059737723.1	841	transmembrane_pytmhmm	sig. anchor	20	39	domain	pyTMHMM	n_terminal_signal_anchor
bos_taurus	IIIb	XM_059881740.1	XP_059737723.1	841	kinase_domain	kinase	457	790	domain	interproscan	representative
bos_taurus	IIIb	XM_059881740.1	XP_059737723.1	841	other_domain	FGFR family fingerprint	27	836	domain	interproscan	family_level
bos_taurus	IIIb	XM_059881740.1	XP_059737723.1	841	coding_exon	exon 1 (CDS1)	1	56	exon	figure3C	coordinate_mapped
bos_taurus	IIIb	XM_059881740.1	XP_059737723.1	841	coding_exon	exon 2 (CDS2)	56	145	exon	figure3C	coordinate_mapped
bos_taurus	IIIb	XM_059881740.1	XP_059737723.1	841	coding_exon	exon 3 (CDS3)	145	171	exon	figure3C	coordinate_mapped
bos_taurus	IIIb	XM_059881740.1	XP_059737723.1	841	coding_exon	exon 4 (CDS4)	171	227	exon	figure3C	coordinate_mapped
bos_taurus	IIIb	XM_059881740.1	XP_059737723.1	841	coding_exon	exon 5 (CDS5)	228	269	exon	figure3C	coordinate_mapped
bos_taurus	IIIb	XM_059881740.1	XP_059737723.1	841	coding_exon	exon 6 (CDS6)	269	332	exon	figure3C	coordinate_mapped
bos_taurus	IIIb	XM_059881740.1	XP_059737723.1	841	IIIb_slot	exon 7 (IIIb cassette)	333	381	cassette	figure3C	coordinate_mapped
bos_taurus	IIIb	XM_059881740.1	XP_059737723.1	841	coding_exon	exon 8 (CDS8)	381	449	exon	figure3C	coordinate_mapped
bos_taurus	IIIb	XM_059881740.1	XP_059737723.1	841	coding_exon	exon 9 (CDS9)	449	499	exon	figure3C	coordinate_mapped
bos_taurus	IIIb	XM_059881740.1	XP_059737723.1	841	coding_exon	exon 10 (CDS10)	499	540	exon	figure3C	coordinate_mapped
bos_taurus	IIIb	XM_059881740.1	XP_059737723.1	841	coding_exon	exon 11 (CDS11)	540	577	exon	figure3C	coordinate_mapped
bos_taurus	IIIb	XM_059881740.1	XP_059737723.1	841	coding_exon	exon 12 (CDS12)	577	640	exon	figure3C	coordinate_mapped
bos_taurus	IIIb	XM_059881740.1	XP_059737723.1	841	coding_exon	exon 13 (CDS13)	641	681	exon	figure3C	coordinate_mapped
bos_taurus	IIIb	XM_059881740.1	XP_059737723.1	841	coding_exon	exon 14 (CDS14)	682	705	exon	figure3C	coordinate_mapped
bos_taurus	IIIb	XM_059881740.1	XP_059737723.1	841	coding_exon	exon 15 (CDS15)	705	751	exon	figure3C	coordinate_mapped
bos_taurus	IIIb	XM_059881740.1	XP_059737723.1	841	coding_exon	exon 16 (CDS16)	751	786	exon	figure3C	coordinate_mapped
bos_taurus	IIIb	XM_059881740.1	XP_059737723.1	841	coding_exon	exon 17 (CDS17)	787	841	exon	figure3C	coordinate_mapped
bos_taurus	IIIb	XM_059881740.1	XP_059737723.1	841	warning	signal region supported by N-terminal pyTMHMM anchor (no dedicated signal-peptide predictor)			warning	qc	architecture_supported
bos_taurus	IIIb	XM_059881740.1	XP_059737723.1	841	warning	Ig1/Ig2/Ig3 numbering positional only (no CDD FGFR-specific Ig numbering)			warning	qc	architecture_supported
bos_taurus	IIIc	XM_059881741.1	XP_059737724.1	840	ig_like_domain	Ig1	64	128	domain	interproscan	representative
bos_taurus	IIIc	XM_059881741.1	XP_059737724.1	840	ig_like_domain	Ig2	190	267	domain	interproscan	representative
bos_taurus	IIIc	XM_059881741.1	XP_059737724.1	840	ig_like_domain	Ig3	285	365	domain	interproscan	representative
bos_taurus	IIIc	XM_059881741.1	XP_059737724.1	840	transmembrane_pytmhmm	TM	393	415	domain	pyTMHMM	receptor_tm
bos_taurus	IIIc	XM_059881741.1	XP_059737724.1	840	transmembrane_pytmhmm	sig. anchor	20	39	domain	pyTMHMM	n_terminal_signal_anchor
bos_taurus	IIIc	XM_059881741.1	XP_059737724.1	840	kinase_domain	kinase	456	789	domain	interproscan	representative
bos_taurus	IIIc	XM_059881741.1	XP_059737724.1	840	other_domain	FGFR family fingerprint	27	835	domain	interproscan	family_level
bos_taurus	IIIc	XM_059881741.1	XP_059737724.1	840	coding_exon	exon 1 (CDS1)	1	56	exon	figure3C	coordinate_mapped
bos_taurus	IIIc	XM_059881741.1	XP_059737724.1	840	coding_exon	exon 2 (CDS2)	56	145	exon	figure3C	coordinate_mapped
bos_taurus	IIIc	XM_059881741.1	XP_059737724.1	840	coding_exon	exon 3 (CDS3)	145	171	exon	figure3C	coordinate_mapped
bos_taurus	IIIc	XM_059881741.1	XP_059737724.1	840	coding_exon	exon 4 (CDS4)	171	227	exon	figure3C	coordinate_mapped
bos_taurus	IIIc	XM_059881741.1	XP_059737724.1	840	coding_exon	exon 5 (CDS5)	228	269	exon	figure3C	coordinate_mapped
bos_taurus	IIIc	XM_059881741.1	XP_059737724.1	840	coding_exon	exon 6 (CDS6)	269	332	exon	figure3C	coordinate_mapped
bos_taurus	IIIc	XM_059881741.1	XP_059737724.1	840	IIIc_slot	exon 7 (IIIc cassette)	333	382	cassette	figure3C	coordinate_mapped
bos_taurus	IIIc	XM_059881741.1	XP_059737724.1	840	coding_exon	exon 8 (CDS8)	382	450	exon	figure3C	coordinate_mapped
bos_taurus	IIIc	XM_059881741.1	XP_059737724.1	840	coding_exon	exon 9 (CDS9)	450	500	exon	figure3C	coordinate_mapped
bos_taurus	IIIc	XM_059881741.1	XP_059737724.1	840	coding_exon	exon 10 (CDS10)	500	541	exon	figure3C	coordinate_mapped
bos_taurus	IIIc	XM_059881741.1	XP_059737724.1	840	coding_exon	exon 11 (CDS11)	541	578	exon	figure3C	coordinate_mapped
bos_taurus	IIIc	XM_059881741.1	XP_059737724.1	840	coding_exon	exon 12 (CDS12)	578	641	exon	figure3C	coordinate_mapped
bos_taurus	IIIc	XM_059881741.1	XP_059737724.1	840	coding_exon	exon 13 (CDS13)	642	682	exon	figure3C	coordinate_mapped
bos_taurus	IIIc	XM_059881741.1	XP_059737724.1	840	coding_exon	exon 14 (CDS14)	683	706	exon	figure3C	coordinate_mapped
bos_taurus	IIIc	XM_059881741.1	XP_059737724.1	840	coding_exon	exon 15 (CDS15)	706	752	exon	figure3C	coordinate_mapped
bos_taurus	IIIc	XM_059881741.1	XP_059737724.1	840	coding_exon	exon 16 (CDS16)	752	787	exon	figure3C	coordinate_mapped
bos_taurus	IIIc	XM_059881741.1	XP_059737724.1	840	coding_exon	exon 17 (CDS17)	788	840	exon	figure3C	coordinate_mapped
bos_taurus	IIIc	XM_059881741.1	XP_059737724.1	840	warning	signal region supported by N-terminal pyTMHMM anchor (no dedicated signal-peptide predictor)			warning	qc	architecture_supported
bos_taurus	IIIc	XM_059881741.1	XP_059737724.1	840	warning	Ig1/Ig2/Ig3 numbering positional only (no CDD FGFR-specific Ig numbering)			warning	qc	architecture_supported
bos_taurus	IIIc	XM_059881741.1	XP_059737724.1	840	warning	final coding-exon block end clamped to protein length (+1/+2 aa codon-boundary rounding)			warning	qc	architecture_supported
bos_taurus	IIIc	XM_059881741.1	XP_059737724.1	840	warning	coordinates otherwise unchanged			warning	qc	architecture_supported
callithrix_jacchus	IIIb	XM_078346634.1	XP_078202760.1	841	ig_like_domain	Ig1	64	129	domain	interproscan	representative
callithrix_jacchus	IIIb	XM_078346634.1	XP_078202760.1	841	ig_like_domain	Ig2	190	267	domain	interproscan	representative
callithrix_jacchus	IIIb	XM_078346634.1	XP_078202760.1	841	ig_like_domain	Ig3	282	376	domain	interproscan	representative
callithrix_jacchus	IIIb	XM_078346634.1	XP_078202760.1	841	transmembrane_pytmhmm	TM	394	416	domain	pyTMHMM	receptor_tm
callithrix_jacchus	IIIb	XM_078346634.1	XP_078202760.1	841	transmembrane_pytmhmm	sig. anchor	20	39	domain	pyTMHMM	n_terminal_signal_anchor
callithrix_jacchus	IIIb	XM_078346634.1	XP_078202760.1	841	kinase_domain	kinase	457	790	domain	interproscan	representative
callithrix_jacchus	IIIb	XM_078346634.1	XP_078202760.1	841	other_domain	FGFR family fingerprint	27	836	domain	interproscan	family_level
callithrix_jacchus	IIIb	XM_078346634.1	XP_078202760.1	841	coding_exon	exon 1 (CDS1)	1	56	exon	figure3C	coordinate_mapped
callithrix_jacchus	IIIb	XM_078346634.1	XP_078202760.1	841	coding_exon	exon 2 (CDS2)	56	145	exon	figure3C	coordinate_mapped
callithrix_jacchus	IIIb	XM_078346634.1	XP_078202760.1	841	coding_exon	exon 3 (CDS3)	145	171	exon	figure3C	coordinate_mapped
callithrix_jacchus	IIIb	XM_078346634.1	XP_078202760.1	841	coding_exon	exon 4 (CDS4)	171	227	exon	figure3C	coordinate_mapped
callithrix_jacchus	IIIb	XM_078346634.1	XP_078202760.1	841	coding_exon	exon 5 (CDS5)	228	269	exon	figure3C	coordinate_mapped
callithrix_jacchus	IIIb	XM_078346634.1	XP_078202760.1	841	coding_exon	exon 6 (CDS6)	269	332	exon	figure3C	coordinate_mapped
callithrix_jacchus	IIIb	XM_078346634.1	XP_078202760.1	841	IIIb_slot	exon 7 (IIIb cassette)	333	381	cassette	figure3C	coordinate_mapped
callithrix_jacchus	IIIb	XM_078346634.1	XP_078202760.1	841	coding_exon	exon 8 (CDS8)	381	449	exon	figure3C	coordinate_mapped
callithrix_jacchus	IIIb	XM_078346634.1	XP_078202760.1	841	coding_exon	exon 9 (CDS9)	449	499	exon	figure3C	coordinate_mapped
callithrix_jacchus	IIIb	XM_078346634.1	XP_078202760.1	841	coding_exon	exon 10 (CDS10)	499	540	exon	figure3C	coordinate_mapped
callithrix_jacchus	IIIb	XM_078346634.1	XP_078202760.1	841	coding_exon	exon 11 (CDS11)	540	577	exon	figure3C	coordinate_mapped
callithrix_jacchus	IIIb	XM_078346634.1	XP_078202760.1	841	coding_exon	exon 12 (CDS12)	577	640	exon	figure3C	coordinate_mapped
callithrix_jacchus	IIIb	XM_078346634.1	XP_078202760.1	841	coding_exon	exon 13 (CDS13)	641	681	exon	figure3C	coordinate_mapped
callithrix_jacchus	IIIb	XM_078346634.1	XP_078202760.1	841	coding_exon	exon 14 (CDS14)	682	705	exon	figure3C	coordinate_mapped
callithrix_jacchus	IIIb	XM_078346634.1	XP_078202760.1	841	coding_exon	exon 15 (CDS15)	705	751	exon	figure3C	coordinate_mapped
callithrix_jacchus	IIIb	XM_078346634.1	XP_078202760.1	841	coding_exon	exon 16 (CDS16)	751	786	exon	figure3C	coordinate_mapped
callithrix_jacchus	IIIb	XM_078346634.1	XP_078202760.1	841	coding_exon	exon 17 (CDS17)	787	841	exon	figure3C	coordinate_mapped
callithrix_jacchus	IIIb	XM_078346634.1	XP_078202760.1	841	warning	signal region supported by N-terminal pyTMHMM anchor (no dedicated signal-peptide predictor)			warning	qc	architecture_supported
callithrix_jacchus	IIIb	XM_078346634.1	XP_078202760.1	841	warning	Ig1/Ig2/Ig3 numbering positional only (no CDD FGFR-specific Ig numbering)			warning	qc	architecture_supported
callithrix_jacchus	IIIc	XM_078346639.1	XP_078202765.1	840	ig_like_domain	Ig1	64	129	domain	interproscan	representative
callithrix_jacchus	IIIc	XM_078346639.1	XP_078202765.1	840	ig_like_domain	Ig2	190	267	domain	interproscan	representative
callithrix_jacchus	IIIc	XM_078346639.1	XP_078202765.1	840	ig_like_domain	Ig3	285	365	domain	interproscan	representative
callithrix_jacchus	IIIc	XM_078346639.1	XP_078202765.1	840	transmembrane_pytmhmm	TM	393	415	domain	pyTMHMM	receptor_tm
callithrix_jacchus	IIIc	XM_078346639.1	XP_078202765.1	840	transmembrane_pytmhmm	sig. anchor	20	39	domain	pyTMHMM	n_terminal_signal_anchor
callithrix_jacchus	IIIc	XM_078346639.1	XP_078202765.1	840	kinase_domain	kinase	456	789	domain	interproscan	representative
callithrix_jacchus	IIIc	XM_078346639.1	XP_078202765.1	840	other_domain	FGFR family fingerprint	27	835	domain	interproscan	family_level
callithrix_jacchus	IIIc	XM_078346639.1	XP_078202765.1	840	coding_exon	exon 1 (CDS1)	1	56	exon	figure3C	coordinate_mapped
callithrix_jacchus	IIIc	XM_078346639.1	XP_078202765.1	840	coding_exon	exon 2 (CDS2)	56	145	exon	figure3C	coordinate_mapped
callithrix_jacchus	IIIc	XM_078346639.1	XP_078202765.1	840	coding_exon	exon 3 (CDS3)	145	171	exon	figure3C	coordinate_mapped
callithrix_jacchus	IIIc	XM_078346639.1	XP_078202765.1	840	coding_exon	exon 4 (CDS4)	171	227	exon	figure3C	coordinate_mapped
callithrix_jacchus	IIIc	XM_078346639.1	XP_078202765.1	840	coding_exon	exon 5 (CDS5)	228	269	exon	figure3C	coordinate_mapped
callithrix_jacchus	IIIc	XM_078346639.1	XP_078202765.1	840	coding_exon	exon 6 (CDS6)	269	332	exon	figure3C	coordinate_mapped
callithrix_jacchus	IIIc	XM_078346639.1	XP_078202765.1	840	IIIc_slot	exon 7 (IIIc cassette)	333	382	cassette	figure3C	coordinate_mapped
callithrix_jacchus	IIIc	XM_078346639.1	XP_078202765.1	840	coding_exon	exon 8 (CDS8)	382	450	exon	figure3C	coordinate_mapped
callithrix_jacchus	IIIc	XM_078346639.1	XP_078202765.1	840	coding_exon	exon 9 (CDS9)	450	500	exon	figure3C	coordinate_mapped
callithrix_jacchus	IIIc	XM_078346639.1	XP_078202765.1	840	coding_exon	exon 10 (CDS10)	500	541	exon	figure3C	coordinate_mapped
callithrix_jacchus	IIIc	XM_078346639.1	XP_078202765.1	840	coding_exon	exon 11 (CDS11)	541	578	exon	figure3C	coordinate_mapped
callithrix_jacchus	IIIc	XM_078346639.1	XP_078202765.1	840	coding_exon	exon 12 (CDS12)	578	641	exon	figure3C	coordinate_mapped
callithrix_jacchus	IIIc	XM_078346639.1	XP_078202765.1	840	coding_exon	exon 13 (CDS13)	642	682	exon	figure3C	coordinate_mapped
callithrix_jacchus	IIIc	XM_078346639.1	XP_078202765.1	840	coding_exon	exon 14 (CDS14)	683	706	exon	figure3C	coordinate_mapped
callithrix_jacchus	IIIc	XM_078346639.1	XP_078202765.1	840	coding_exon	exon 15 (CDS15)	706	752	exon	figure3C	coordinate_mapped
callithrix_jacchus	IIIc	XM_078346639.1	XP_078202765.1	840	coding_exon	exon 16 (CDS16)	752	787	exon	figure3C	coordinate_mapped
callithrix_jacchus	IIIc	XM_078346639.1	XP_078202765.1	840	coding_exon	exon 17 (CDS17)	788	840	exon	figure3C	coordinate_mapped
callithrix_jacchus	IIIc	XM_078346639.1	XP_078202765.1	840	warning	signal region supported by N-terminal pyTMHMM anchor (no dedicated signal-peptide predictor)			warning	qc	architecture_supported
callithrix_jacchus	IIIc	XM_078346639.1	XP_078202765.1	840	warning	Ig1/Ig2/Ig3 numbering positional only (no CDD FGFR-specific Ig numbering)			warning	qc	architecture_supported
callithrix_jacchus	IIIc	XM_078346639.1	XP_078202765.1	840	warning	final coding-exon block end clamped to protein length (+1/+2 aa codon-boundary rounding)			warning	qc	architecture_supported
callithrix_jacchus	IIIc	XM_078346639.1	XP_078202765.1	840	warning	coordinates otherwise unchanged			warning	qc	architecture_supported
canis_lupus_familiaris	IIIb	NP_001003336.1	NP_001003336.1	707	ig_like_domain	Ig1	56	133	domain	interproscan	representative
canis_lupus_familiaris	IIIb	NP_001003336.1	NP_001003336.1	707	ig_like_domain	Ig2	150	242	domain	interproscan	representative
canis_lupus_familiaris	IIIb	NP_001003336.1	NP_001003336.1	707	transmembrane_pytmhmm	TM	260	282	domain	pyTMHMM	receptor_tm
canis_lupus_familiaris	IIIb	NP_001003336.1	NP_001003336.1	707	kinase_domain	kinase	323	656	domain	interproscan	representative
canis_lupus_familiaris	IIIb	NP_001003336.1	NP_001003336.1	707	other_domain	FGFR family fingerprint	29	702	domain	interproscan	family_level
canis_lupus_familiaris	IIIb	NP_001003336.1	NP_001003336.1	707	IIIb_slot	IIIb cassette (validated reference)	199	244	cassette	validated_reference_coordinate	cassette_only_high_confidence
canis_lupus_familiaris	IIIb	NP_001003336.1	NP_001003336.1	707	warning	signal peptide not annotated (no signal-peptide predictor)			warning	qc	architecture_supported_with_minor_flags
canis_lupus_familiaris	IIIb	NP_001003336.1	NP_001003336.1	707	warning	only 2 Ig-like region(s) detected (FGFR2 expects ~3)			warning	qc	architecture_supported_with_minor_flags
canis_lupus_familiaris	IIIb	NP_001003336.1	NP_001003336.1	707	warning	Ig1/Ig2/Ig3 numbering positional only (no CDD FGFR-specific Ig numbering)			warning	qc	architecture_supported_with_minor_flags
canis_lupus_familiaris	IIIb	NP_001003336.1	NP_001003336.1	707	warning	cassette boundary precision: unknown_codon_phase			warning	qc	architecture_supported_with_minor_flags
canis_lupus_familiaris	IIIb	NP_001003336.1	NP_001003336.1	707	warning	native exon-block display low-confidence			warning	qc	architecture_supported_with_minor_flags
canis_lupus_familiaris	IIIb	NP_001003336.1	NP_001003336.1	707	warning	cassette coordinate validated separately			warning	qc	architecture_supported_with_minor_flags
chrysemys_picta_bellii	IIIb	XM_024109913.3	XP_023965681.1	838	ig_like_domain	Ig1	67	129	domain	interproscan	representative
chrysemys_picta_bellii	IIIb	XM_024109913.3	XP_023965681.1	838	ig_like_domain	Ig2	190	267	domain	interproscan	representative
chrysemys_picta_bellii	IIIb	XM_024109913.3	XP_023965681.1	838	ig_like_domain	Ig3	282	376	domain	interproscan	representative
chrysemys_picta_bellii	IIIb	XM_024109913.3	XP_023965681.1	838	transmembrane_pytmhmm	TM	391	413	domain	pyTMHMM	receptor_tm
chrysemys_picta_bellii	IIIb	XM_024109913.3	XP_023965681.1	838	transmembrane_pytmhmm	sig. anchor	19	41	domain	pyTMHMM	n_terminal_signal_anchor
chrysemys_picta_bellii	IIIb	XM_024109913.3	XP_023965681.1	838	kinase_domain	kinase	454	787	domain	interproscan	representative
chrysemys_picta_bellii	IIIb	XM_024109913.3	XP_023965681.1	838	other_domain	FGFR family fingerprint	28	833	domain	interproscan	family_level
chrysemys_picta_bellii	IIIb	XM_024109913.3	XP_023965681.1	838	coding_exon	exon 1 (CDS1)	1	59	exon	cds_features_native (XM_024109913.3)	native_reconstructed
chrysemys_picta_bellii	IIIb	XM_024109913.3	XP_023965681.1	838	coding_exon	exon 2 (CDS2)	59	146	exon	cds_features_native (XM_024109913.3)	native_reconstructed
chrysemys_picta_bellii	IIIb	XM_024109913.3	XP_023965681.1	838	coding_exon	exon 3 (CDS3)	146	171	exon	cds_features_native (XM_024109913.3)	native_reconstructed
chrysemys_picta_bellii	IIIb	XM_024109913.3	XP_023965681.1	838	coding_exon	exon 4 (CDS4)	171	227	exon	cds_features_native (XM_024109913.3)	native_reconstructed
chrysemys_picta_bellii	IIIb	XM_024109913.3	XP_023965681.1	838	coding_exon	exon 5 (CDS5)	228	269	exon	cds_features_native (XM_024109913.3)	native_reconstructed
chrysemys_picta_bellii	IIIb	XM_024109913.3	XP_023965681.1	838	coding_exon	exon 6 (CDS6)	269	332	exon	cds_features_native (XM_024109913.3)	native_reconstructed
chrysemys_picta_bellii	IIIb	XM_024109913.3	XP_023965681.1	838	IIIb_slot	exon 7 (CDS7)	333	379	cassette	figure3C	coordinate_mapped
chrysemys_picta_bellii	IIIb	XM_024109913.3	XP_023965681.1	838	coding_exon	exon 8 (CDS8)	379	446	exon	cds_features_native (XM_024109913.3)	native_reconstructed
chrysemys_picta_bellii	IIIb	XM_024109913.3	XP_023965681.1	838	coding_exon	exon 9 (CDS9)	447	497	exon	cds_features_native (XM_024109913.3)	native_reconstructed
chrysemys_picta_bellii	IIIb	XM_024109913.3	XP_023965681.1	838	coding_exon	exon 10 (CDS10)	497	538	exon	cds_features_native (XM_024109913.3)	native_reconstructed
chrysemys_picta_bellii	IIIb	XM_024109913.3	XP_023965681.1	838	coding_exon	exon 11 (CDS11)	538	575	exon	cds_features_native (XM_024109913.3)	native_reconstructed
chrysemys_picta_bellii	IIIb	XM_024109913.3	XP_023965681.1	838	coding_exon	exon 12 (CDS12)	575	638	exon	cds_features_native (XM_024109913.3)	native_reconstructed
chrysemys_picta_bellii	IIIb	XM_024109913.3	XP_023965681.1	838	coding_exon	exon 13 (CDS13)	639	679	exon	cds_features_native (XM_024109913.3)	native_reconstructed
chrysemys_picta_bellii	IIIb	XM_024109913.3	XP_023965681.1	838	coding_exon	exon 14 (CDS14)	680	703	exon	cds_features_native (XM_024109913.3)	native_reconstructed
chrysemys_picta_bellii	IIIb	XM_024109913.3	XP_023965681.1	838	coding_exon	exon 15 (CDS15)	703	749	exon	cds_features_native (XM_024109913.3)	native_reconstructed
chrysemys_picta_bellii	IIIb	XM_024109913.3	XP_023965681.1	838	coding_exon	exon 16 (CDS16)	749	784	exon	cds_features_native (XM_024109913.3)	native_reconstructed
chrysemys_picta_bellii	IIIb	XM_024109913.3	XP_023965681.1	838	coding_exon	exon 17 (CDS17)	785	838	exon	cds_features_native (XM_024109913.3)	native_reconstructed
chrysemys_picta_bellii	IIIb	XM_024109913.3	XP_023965681.1	838	warning	signal region supported by N-terminal pyTMHMM anchor (no dedicated signal-peptide predictor)			warning	qc	architecture_supported
chrysemys_picta_bellii	IIIb	XM_024109913.3	XP_023965681.1	838	warning	Ig1/Ig2/Ig3 numbering positional only (no CDD FGFR-specific Ig numbering)			warning	qc	architecture_supported
chrysemys_picta_bellii	IIIb	XM_024109913.3	XP_023965681.1	838	warning	coding-exon blocks reconstructed from native CDS (display-coordinate sanitation)			warning	qc	architecture_supported
chrysemys_picta_bellii	IIIb	XM_024109913.3	XP_023965681.1	838	warning	biology unchanged			warning	qc	architecture_supported
chrysemys_picta_bellii	IIIc	XM_065552341.1	XP_065408413.1	840	ig_like_domain	Ig1	67	129	domain	interproscan	representative
chrysemys_picta_bellii	IIIc	XM_065552341.1	XP_065408413.1	840	ig_like_domain	Ig2	190	267	domain	interproscan	representative
chrysemys_picta_bellii	IIIc	XM_065552341.1	XP_065408413.1	840	ig_like_domain	Ig3	284	365	domain	interproscan	representative
chrysemys_picta_bellii	IIIc	XM_065552341.1	XP_065408413.1	840	transmembrane_pytmhmm	TM	393	415	domain	pyTMHMM	receptor_tm
chrysemys_picta_bellii	IIIc	XM_065552341.1	XP_065408413.1	840	transmembrane_pytmhmm	sig. anchor	19	41	domain	pyTMHMM	n_terminal_signal_anchor
chrysemys_picta_bellii	IIIc	XM_065552341.1	XP_065408413.1	840	kinase_domain	kinase	456	789	domain	interproscan	representative
chrysemys_picta_bellii	IIIc	XM_065552341.1	XP_065408413.1	840	other_domain	FGFR family fingerprint	28	835	domain	interproscan	family_level
chrysemys_picta_bellii	IIIc	XM_065552341.1	XP_065408413.1	840	coding_exon	exon 1 (CDS1)	1	59	exon	figure3C	coordinate_mapped
chrysemys_picta_bellii	IIIc	XM_065552341.1	XP_065408413.1	840	coding_exon	exon 2 (CDS2)	59	146	exon	figure3C	coordinate_mapped
chrysemys_picta_bellii	IIIc	XM_065552341.1	XP_065408413.1	840	coding_exon	exon 3 (CDS3)	146	171	exon	figure3C	coordinate_mapped
chrysemys_picta_bellii	IIIc	XM_065552341.1	XP_065408413.1	840	coding_exon	exon 4 (CDS4)	171	227	exon	figure3C	coordinate_mapped
chrysemys_picta_bellii	IIIc	XM_065552341.1	XP_065408413.1	840	coding_exon	exon 5 (CDS5)	228	269	exon	figure3C	coordinate_mapped
chrysemys_picta_bellii	IIIc	XM_065552341.1	XP_065408413.1	840	coding_exon	exon 6 (CDS6)	269	332	exon	figure3C	coordinate_mapped
chrysemys_picta_bellii	IIIc	XM_065552341.1	XP_065408413.1	840	IIIc_slot	exon 7 (IIIc cassette)	333	379	cassette	figure3C	coordinate_mapped
chrysemys_picta_bellii	IIIc	XM_065552341.1	XP_065408413.1	840	coding_exon	exon 8 (CDS8)	379	446	exon	figure3C	coordinate_mapped
chrysemys_picta_bellii	IIIc	XM_065552341.1	XP_065408413.1	840	coding_exon	exon 9 (CDS9)	447	497	exon	figure3C	coordinate_mapped
chrysemys_picta_bellii	IIIc	XM_065552341.1	XP_065408413.1	840	coding_exon	exon 10 (CDS10)	497	538	exon	figure3C	coordinate_mapped
chrysemys_picta_bellii	IIIc	XM_065552341.1	XP_065408413.1	840	coding_exon	exon 11 (CDS11)	538	575	exon	figure3C	coordinate_mapped
chrysemys_picta_bellii	IIIc	XM_065552341.1	XP_065408413.1	840	coding_exon	exon 12 (CDS12)	575	638	exon	figure3C	coordinate_mapped
chrysemys_picta_bellii	IIIc	XM_065552341.1	XP_065408413.1	840	coding_exon	exon 13 (CDS13)	639	679	exon	figure3C	coordinate_mapped
chrysemys_picta_bellii	IIIc	XM_065552341.1	XP_065408413.1	840	coding_exon	exon 14 (CDS14)	680	703	exon	figure3C	coordinate_mapped
chrysemys_picta_bellii	IIIc	XM_065552341.1	XP_065408413.1	840	coding_exon	exon 15 (CDS15)	703	749	exon	figure3C	coordinate_mapped
chrysemys_picta_bellii	IIIc	XM_065552341.1	XP_065408413.1	840	coding_exon	exon 16 (CDS16)	749	784	exon	figure3C	coordinate_mapped
chrysemys_picta_bellii	IIIc	XM_065552341.1	XP_065408413.1	840	coding_exon	exon 17 (CDS17)	785	839	exon	figure3C	coordinate_mapped
chrysemys_picta_bellii	IIIc	XM_065552341.1	XP_065408413.1	840	warning	signal region supported by N-terminal pyTMHMM anchor (no dedicated signal-peptide predictor)			warning	qc	architecture_supported
chrysemys_picta_bellii	IIIc	XM_065552341.1	XP_065408413.1	840	warning	Ig1/Ig2/Ig3 numbering positional only (no CDD FGFR-specific Ig numbering)			warning	qc	architecture_supported
danio_rerio	IIIb	XM_068224938.2	XP_068081039.1	838	ig_like_domain	Ig1	75	137	domain	interproscan	representative
danio_rerio	IIIb	XM_068224938.2	XP_068081039.1	838	ig_like_domain	Ig2	193	271	domain	interproscan	representative
danio_rerio	IIIb	XM_068224938.2	XP_068081039.1	838	ig_like_domain	Ig3	286	380	domain	interproscan	representative
danio_rerio	IIIb	XM_068224938.2	XP_068081039.1	838	transmembrane_pytmhmm	TM	395	417	domain	pyTMHMM	receptor_tm
danio_rerio	IIIb	XM_068224938.2	XP_068081039.1	838	kinase_domain	kinase	458	787	domain	interproscan	representative
danio_rerio	IIIb	XM_068224938.2	XP_068081039.1	838	other_domain	FGFR family fingerprint	32	831	domain	interproscan	family_level
danio_rerio	IIIb	XM_068224938.2	XP_068081039.1	838	coding_exon	exon 1 (CDS1)	1	61	exon	cds_features_native (XM_068224938.2)	native_reconstructed
danio_rerio	IIIb	XM_068224938.2	XP_068081039.1	838	coding_exon	exon 2 (CDS2)	61	150	exon	cds_features_native (XM_068224938.2)	native_reconstructed
danio_rerio	IIIb	XM_068224938.2	XP_068081039.1	838	coding_exon	exon 3 (CDS3)	150	175	exon	cds_features_native (XM_068224938.2)	native_reconstructed
danio_rerio	IIIb	XM_068224938.2	XP_068081039.1	838	coding_exon	exon 4 (CDS4)	175	231	exon	cds_features_native (XM_068224938.2)	native_reconstructed
danio_rerio	IIIb	XM_068224938.2	XP_068081039.1	838	coding_exon	exon 5 (CDS5)	232	273	exon	cds_features_native (XM_068224938.2)	native_reconstructed
danio_rerio	IIIb	XM_068224938.2	XP_068081039.1	838	coding_exon	exon 6 (CDS6)	273	336	exon	cds_features_native (XM_068224938.2)	native_reconstructed
danio_rerio	IIIb	XM_068224938.2	XP_068081039.1	838	IIIb_slot	exon 7 (CDS7)	337	383	cassette	figure3C	coordinate_mapped
danio_rerio	IIIb	XM_068224938.2	XP_068081039.1	838	coding_exon	exon 8 (CDS8)	383	451	exon	cds_features_native (XM_068224938.2)	native_reconstructed
danio_rerio	IIIb	XM_068224938.2	XP_068081039.1	838	coding_exon	exon 9 (CDS9)	451	497	exon	cds_features_native (XM_068224938.2)	native_reconstructed
danio_rerio	IIIb	XM_068224938.2	XP_068081039.1	838	coding_exon	exon 10 (CDS10)	497	538	exon	cds_features_native (XM_068224938.2)	native_reconstructed
danio_rerio	IIIb	XM_068224938.2	XP_068081039.1	838	coding_exon	exon 11 (CDS11)	538	575	exon	cds_features_native (XM_068224938.2)	native_reconstructed
danio_rerio	IIIb	XM_068224938.2	XP_068081039.1	838	coding_exon	exon 12 (CDS12)	575	638	exon	cds_features_native (XM_068224938.2)	native_reconstructed
danio_rerio	IIIb	XM_068224938.2	XP_068081039.1	838	coding_exon	exon 13 (CDS13)	639	679	exon	cds_features_native (XM_068224938.2)	native_reconstructed
danio_rerio	IIIb	XM_068224938.2	XP_068081039.1	838	coding_exon	exon 14 (CDS14)	680	703	exon	cds_features_native (XM_068224938.2)	native_reconstructed
danio_rerio	IIIb	XM_068224938.2	XP_068081039.1	838	coding_exon	exon 15 (CDS15)	703	749	exon	cds_features_native (XM_068224938.2)	native_reconstructed
danio_rerio	IIIb	XM_068224938.2	XP_068081039.1	838	coding_exon	exon 16 (CDS16)	749	784	exon	cds_features_native (XM_068224938.2)	native_reconstructed
danio_rerio	IIIb	XM_068224938.2	XP_068081039.1	838	coding_exon	exon 17 (CDS17)	785	838	exon	cds_features_native (XM_068224938.2)	native_reconstructed
danio_rerio	IIIb	XM_068224938.2	XP_068081039.1	838	warning	signal peptide not annotated (no signal-peptide predictor)			warning	qc	architecture_supported_with_minor_flags
danio_rerio	IIIb	XM_068224938.2	XP_068081039.1	838	warning	Ig1/Ig2/Ig3 numbering positional only (no CDD FGFR-specific Ig numbering)			warning	qc	architecture_supported_with_minor_flags
danio_rerio	IIIb	XM_068224938.2	XP_068081039.1	838	warning	coding-exon blocks reconstructed from native CDS (display-coordinate sanitation)			warning	qc	architecture_supported_with_minor_flags
danio_rerio	IIIb	XM_068224938.2	XP_068081039.1	838	warning	biology unchanged			warning	qc	architecture_supported_with_minor_flags
danio_rerio	IIIc	XM_068224937.2	XP_068081038.1	840	ig_like_domain	Ig1	75	137	domain	interproscan	representative
danio_rerio	IIIc	XM_068224937.2	XP_068081038.1	840	ig_like_domain	Ig2	193	271	domain	interproscan	representative
danio_rerio	IIIc	XM_068224937.2	XP_068081038.1	840	ig_like_domain	Ig3	286	382	domain	interproscan	representative
danio_rerio	IIIc	XM_068224937.2	XP_068081038.1	840	transmembrane_pytmhmm	TM	397	419	domain	pyTMHMM	receptor_tm
danio_rerio	IIIc	XM_068224937.2	XP_068081038.1	840	kinase_domain	kinase	460	789	domain	interproscan	representative
danio_rerio	IIIc	XM_068224937.2	XP_068081038.1	840	other_domain	FGFR family fingerprint	32	833	domain	interproscan	family_level
danio_rerio	IIIc	XM_068224937.2	XP_068081038.1	840	coding_exon	exon 1 (CDS1)	1	61	exon	figure3C	coordinate_mapped
danio_rerio	IIIc	XM_068224937.2	XP_068081038.1	840	coding_exon	exon 2 (CDS2)	61	150	exon	figure3C	coordinate_mapped
danio_rerio	IIIc	XM_068224937.2	XP_068081038.1	840	coding_exon	exon 3 (CDS3)	150	175	exon	figure3C	coordinate_mapped
danio_rerio	IIIc	XM_068224937.2	XP_068081038.1	840	coding_exon	exon 4 (CDS4)	175	231	exon	figure3C	coordinate_mapped
danio_rerio	IIIc	XM_068224937.2	XP_068081038.1	840	coding_exon	exon 5 (CDS5)	232	273	exon	figure3C	coordinate_mapped
danio_rerio	IIIc	XM_068224937.2	XP_068081038.1	840	coding_exon	exon 6 (CDS6)	273	336	exon	figure3C	coordinate_mapped
danio_rerio	IIIc	XM_068224937.2	XP_068081038.1	840	IIIc_slot	exon 7 (IIIc cassette)	337	383	cassette	figure3C	coordinate_mapped
danio_rerio	IIIc	XM_068224937.2	XP_068081038.1	840	coding_exon	exon 8 (CDS8)	383	451	exon	figure3C	coordinate_mapped
danio_rerio	IIIc	XM_068224937.2	XP_068081038.1	840	coding_exon	exon 9 (CDS9)	451	497	exon	figure3C	coordinate_mapped
danio_rerio	IIIc	XM_068224937.2	XP_068081038.1	840	coding_exon	exon 10 (CDS10)	497	538	exon	figure3C	coordinate_mapped
danio_rerio	IIIc	XM_068224937.2	XP_068081038.1	840	coding_exon	exon 11 (CDS11)	538	575	exon	figure3C	coordinate_mapped
danio_rerio	IIIc	XM_068224937.2	XP_068081038.1	840	coding_exon	exon 12 (CDS12)	575	638	exon	figure3C	coordinate_mapped
danio_rerio	IIIc	XM_068224937.2	XP_068081038.1	840	coding_exon	exon 13 (CDS13)	639	679	exon	figure3C	coordinate_mapped
danio_rerio	IIIc	XM_068224937.2	XP_068081038.1	840	coding_exon	exon 14 (CDS14)	680	703	exon	figure3C	coordinate_mapped
danio_rerio	IIIc	XM_068224937.2	XP_068081038.1	840	coding_exon	exon 15 (CDS15)	703	749	exon	figure3C	coordinate_mapped
danio_rerio	IIIc	XM_068224937.2	XP_068081038.1	840	coding_exon	exon 16 (CDS16)	749	784	exon	figure3C	coordinate_mapped
danio_rerio	IIIc	XM_068224937.2	XP_068081038.1	840	coding_exon	exon 17 (CDS17)	785	839	exon	figure3C	coordinate_mapped
danio_rerio	IIIc	XM_068224937.2	XP_068081038.1	840	warning	signal peptide not annotated (no signal-peptide predictor)			warning	qc	architecture_supported_with_minor_flags
danio_rerio	IIIc	XM_068224937.2	XP_068081038.1	840	warning	Ig1/Ig2/Ig3 numbering positional only (no CDD FGFR-specific Ig numbering)			warning	qc	architecture_supported_with_minor_flags
equus_caballus	IIIb	XM_014732943.3	XP_014588429.1	887	ig_like_domain	Ig1	114	178	domain	interproscan	representative
equus_caballus	IIIb	XM_014732943.3	XP_014588429.1	887	ig_like_domain	Ig2	240	317	domain	interproscan	representative
equus_caballus	IIIb	XM_014732943.3	XP_014588429.1	887	ig_like_domain	Ig3	332	426	domain	interproscan	representative
equus_caballus	IIIb	XM_014732943.3	XP_014588429.1	887	transmembrane_pytmhmm	TM	444	466	domain	pyTMHMM	receptor_tm
equus_caballus	IIIb	XM_014732943.3	XP_014588429.1	887	kinase_domain	kinase	507	840	domain	interproscan	representative
equus_caballus	IIIb	XM_014732943.3	XP_014588429.1	887	other_domain	FGFR family fingerprint	77	869	domain	interproscan	family_level
equus_caballus	IIIb	XM_014732943.3	XP_014588429.1	887	coding_exon	exon 1 (CDS1)	1	9	exon	figure3C	coordinate_mapped
equus_caballus	IIIb	XM_014732943.3	XP_014588429.1	887	coding_exon	exon 2 (CDS2)	9	106	exon	figure3C	coordinate_mapped
equus_caballus	IIIb	XM_014732943.3	XP_014588429.1	887	coding_exon	exon 3 (CDS3)	106	195	exon	figure3C	coordinate_mapped
equus_caballus	IIIb	XM_014732943.3	XP_014588429.1	887	coding_exon	exon 4 (CDS4)	195	221	exon	figure3C	coordinate_mapped
equus_caballus	IIIb	XM_014732943.3	XP_014588429.1	887	coding_exon	exon 5 (CDS5)	221	277	exon	figure3C	coordinate_mapped
equus_caballus	IIIb	XM_014732943.3	XP_014588429.1	887	coding_exon	exon 6 (CDS6)	278	319	exon	figure3C	coordinate_mapped
equus_caballus	IIIb	XM_014732943.3	XP_014588429.1	887	coding_exon	exon 7 (CDS7)	319	382	exon	figure3C	coordinate_mapped
equus_caballus	IIIb	XM_014732943.3	XP_014588429.1	887	IIIb_slot	exon 8 (IIIb cassette)	383	431	cassette	figure3C	coordinate_mapped
equus_caballus	IIIb	XM_014732943.3	XP_014588429.1	887	coding_exon	exon 9 (CDS9)	431	498	exon	figure3C	coordinate_mapped
equus_caballus	IIIb	XM_014732943.3	XP_014588429.1	887	coding_exon	exon 10 (CDS10)	499	549	exon	figure3C	coordinate_mapped
equus_caballus	IIIb	XM_014732943.3	XP_014588429.1	887	coding_exon	exon 11 (CDS11)	549	590	exon	figure3C	coordinate_mapped
equus_caballus	IIIb	XM_014732943.3	XP_014588429.1	887	coding_exon	exon 12 (CDS12)	590	627	exon	figure3C	coordinate_mapped
equus_caballus	IIIb	XM_014732943.3	XP_014588429.1	887	coding_exon	exon 13 (CDS13)	627	690	exon	figure3C	coordinate_mapped
equus_caballus	IIIb	XM_014732943.3	XP_014588429.1	887	coding_exon	exon 14 (CDS14)	691	731	exon	figure3C	coordinate_mapped
equus_caballus	IIIb	XM_014732943.3	XP_014588429.1	887	coding_exon	exon 15 (CDS15)	732	755	exon	figure3C	coordinate_mapped
equus_caballus	IIIb	XM_014732943.3	XP_014588429.1	887	coding_exon	exon 16 (CDS16)	755	801	exon	figure3C	coordinate_mapped
equus_caballus	IIIb	XM_014732943.3	XP_014588429.1	887	coding_exon	exon 17 (CDS17)	801	836	exon	figure3C	coordinate_mapped
equus_caballus	IIIb	XM_014732943.3	XP_014588429.1	887	coding_exon	exon 18 (CDS18)	837	887	exon	figure3C	coordinate_mapped
equus_caballus	IIIb	XM_014732943.3	XP_014588429.1	887	warning	signal peptide not annotated (no signal-peptide predictor)			warning	qc	architecture_supported_with_minor_flags
equus_caballus	IIIb	XM_014732943.3	XP_014588429.1	887	warning	Ig1/Ig2/Ig3 numbering positional only (no CDD FGFR-specific Ig numbering)			warning	qc	architecture_supported_with_minor_flags
equus_caballus	IIIc	XM_014732944.3	XP_014588430.1	886	ig_like_domain	Ig1	114	178	domain	interproscan	representative
equus_caballus	IIIc	XM_014732944.3	XP_014588430.1	886	ig_like_domain	Ig2	240	317	domain	interproscan	representative
equus_caballus	IIIc	XM_014732944.3	XP_014588430.1	886	ig_like_domain	Ig3	335	415	domain	interproscan	representative
equus_caballus	IIIc	XM_014732944.3	XP_014588430.1	886	transmembrane_pytmhmm	TM	443	465	domain	pyTMHMM	receptor_tm
equus_caballus	IIIc	XM_014732944.3	XP_014588430.1	886	kinase_domain	kinase	506	839	domain	interproscan	representative
equus_caballus	IIIc	XM_014732944.3	XP_014588430.1	886	other_domain	FGFR family fingerprint	77	868	domain	interproscan	family_level
equus_caballus	IIIc	XM_014732944.3	XP_014588430.1	886	coding_exon	exon 1 (CDS1)	1	9	exon	figure3C	coordinate_mapped
equus_caballus	IIIc	XM_014732944.3	XP_014588430.1	886	coding_exon	exon 2 (CDS2)	9	106	exon	figure3C	coordinate_mapped
equus_caballus	IIIc	XM_014732944.3	XP_014588430.1	886	coding_exon	exon 3 (CDS3)	106	195	exon	figure3C	coordinate_mapped
equus_caballus	IIIc	XM_014732944.3	XP_014588430.1	886	coding_exon	exon 4 (CDS4)	195	221	exon	figure3C	coordinate_mapped
equus_caballus	IIIc	XM_014732944.3	XP_014588430.1	886	coding_exon	exon 5 (CDS5)	221	277	exon	figure3C	coordinate_mapped
equus_caballus	IIIc	XM_014732944.3	XP_014588430.1	886	coding_exon	exon 6 (CDS6)	278	319	exon	figure3C	coordinate_mapped
equus_caballus	IIIc	XM_014732944.3	XP_014588430.1	886	coding_exon	exon 7 (CDS7)	319	382	exon	figure3C	coordinate_mapped
equus_caballus	IIIc	XM_014732944.3	XP_014588430.1	886	IIIc_slot	exon 8 (IIIc cassette)	383	432	cassette	figure3C	coordinate_mapped
equus_caballus	IIIc	XM_014732944.3	XP_014588430.1	886	coding_exon	exon 9 (CDS9)	432	499	exon	figure3C	coordinate_mapped
equus_caballus	IIIc	XM_014732944.3	XP_014588430.1	886	coding_exon	exon 10 (CDS10)	500	550	exon	figure3C	coordinate_mapped
equus_caballus	IIIc	XM_014732944.3	XP_014588430.1	886	coding_exon	exon 11 (CDS11)	550	591	exon	figure3C	coordinate_mapped
equus_caballus	IIIc	XM_014732944.3	XP_014588430.1	886	coding_exon	exon 12 (CDS12)	591	628	exon	figure3C	coordinate_mapped
equus_caballus	IIIc	XM_014732944.3	XP_014588430.1	886	coding_exon	exon 13 (CDS13)	628	691	exon	figure3C	coordinate_mapped
equus_caballus	IIIc	XM_014732944.3	XP_014588430.1	886	coding_exon	exon 14 (CDS14)	692	732	exon	figure3C	coordinate_mapped
equus_caballus	IIIc	XM_014732944.3	XP_014588430.1	886	coding_exon	exon 15 (CDS15)	733	756	exon	figure3C	coordinate_mapped
equus_caballus	IIIc	XM_014732944.3	XP_014588430.1	886	coding_exon	exon 16 (CDS16)	756	802	exon	figure3C	coordinate_mapped
equus_caballus	IIIc	XM_014732944.3	XP_014588430.1	886	coding_exon	exon 17 (CDS17)	802	837	exon	figure3C	coordinate_mapped
equus_caballus	IIIc	XM_014732944.3	XP_014588430.1	886	coding_exon	exon 18 (CDS18)	838	886	exon	figure3C	coordinate_mapped
equus_caballus	IIIc	XM_014732944.3	XP_014588430.1	886	warning	signal peptide not annotated (no signal-peptide predictor)			warning	qc	architecture_supported_with_minor_flags
equus_caballus	IIIc	XM_014732944.3	XP_014588430.1	886	warning	Ig1/Ig2/Ig3 numbering positional only (no CDD FGFR-specific Ig numbering)			warning	qc	architecture_supported_with_minor_flags
equus_caballus	IIIc	XM_014732944.3	XP_014588430.1	886	warning	final coding-exon block end clamped to protein length (+1/+2 aa codon-boundary rounding)			warning	qc	architecture_supported_with_minor_flags
equus_caballus	IIIc	XM_014732944.3	XP_014588430.1	886	warning	coordinates otherwise unchanged			warning	qc	architecture_supported_with_minor_flags
felis_catus	IIIb	XM_045040759.1	XP_044896694.1	841	ig_like_domain	Ig1	65	129	domain	interproscan	representative
felis_catus	IIIb	XM_045040759.1	XP_044896694.1	841	ig_like_domain	Ig2	190	267	domain	interproscan	representative
felis_catus	IIIb	XM_045040759.1	XP_044896694.1	841	ig_like_domain	Ig3	282	376	domain	interproscan	representative
felis_catus	IIIb	XM_045040759.1	XP_044896694.1	841	transmembrane_pytmhmm	TM	394	416	domain	pyTMHMM	receptor_tm
felis_catus	IIIb	XM_045040759.1	XP_044896694.1	841	transmembrane_pytmhmm	sig. anchor	20	39	domain	pyTMHMM	n_terminal_signal_anchor
felis_catus	IIIb	XM_045040759.1	XP_044896694.1	841	kinase_domain	kinase	457	790	domain	interproscan	representative
felis_catus	IIIb	XM_045040759.1	XP_044896694.1	841	other_domain	FGFR family fingerprint	28	836	domain	interproscan	family_level
felis_catus	IIIb	XM_045040759.1	XP_044896694.1	841	coding_exon	exon 1 (CDS1)	1	57	exon	figure3C	coordinate_mapped
felis_catus	IIIb	XM_045040759.1	XP_044896694.1	841	coding_exon	exon 2 (CDS2)	57	146	exon	figure3C	coordinate_mapped
felis_catus	IIIb	XM_045040759.1	XP_044896694.1	841	coding_exon	exon 3 (CDS3)	146	171	exon	figure3C	coordinate_mapped
felis_catus	IIIb	XM_045040759.1	XP_044896694.1	841	coding_exon	exon 4 (CDS4)	171	227	exon	figure3C	coordinate_mapped
felis_catus	IIIb	XM_045040759.1	XP_044896694.1	841	coding_exon	exon 5 (CDS5)	228	269	exon	figure3C	coordinate_mapped
felis_catus	IIIb	XM_045040759.1	XP_044896694.1	841	coding_exon	exon 6 (CDS6)	269	332	exon	figure3C	coordinate_mapped
felis_catus	IIIb	XM_045040759.1	XP_044896694.1	841	IIIb_slot	exon 7 (IIIb cassette)	333	381	cassette	figure3C	coordinate_mapped
felis_catus	IIIb	XM_045040759.1	XP_044896694.1	841	coding_exon	exon 8 (CDS8)	381	448	exon	figure3C	coordinate_mapped
felis_catus	IIIb	XM_045040759.1	XP_044896694.1	841	coding_exon	exon 9 (CDS9)	449	499	exon	figure3C	coordinate_mapped
felis_catus	IIIb	XM_045040759.1	XP_044896694.1	841	coding_exon	exon 10 (CDS10)	499	540	exon	figure3C	coordinate_mapped
felis_catus	IIIb	XM_045040759.1	XP_044896694.1	841	coding_exon	exon 11 (CDS11)	540	577	exon	figure3C	coordinate_mapped
felis_catus	IIIb	XM_045040759.1	XP_044896694.1	841	coding_exon	exon 12 (CDS12)	577	640	exon	figure3C	coordinate_mapped
felis_catus	IIIb	XM_045040759.1	XP_044896694.1	841	coding_exon	exon 13 (CDS13)	641	681	exon	figure3C	coordinate_mapped
felis_catus	IIIb	XM_045040759.1	XP_044896694.1	841	coding_exon	exon 14 (CDS14)	682	705	exon	figure3C	coordinate_mapped
felis_catus	IIIb	XM_045040759.1	XP_044896694.1	841	coding_exon	exon 15 (CDS15)	705	751	exon	figure3C	coordinate_mapped
felis_catus	IIIb	XM_045040759.1	XP_044896694.1	841	coding_exon	exon 16 (CDS16)	751	786	exon	figure3C	coordinate_mapped
felis_catus	IIIb	XM_045040759.1	XP_044896694.1	841	coding_exon	exon 17 (CDS17)	787	841	exon	figure3C	coordinate_mapped
felis_catus	IIIb	XM_045040759.1	XP_044896694.1	841	warning	signal region supported by N-terminal pyTMHMM anchor (no dedicated signal-peptide predictor)			warning	qc	architecture_supported
felis_catus	IIIb	XM_045040759.1	XP_044896694.1	841	warning	Ig1/Ig2/Ig3 numbering positional only (no CDD FGFR-specific Ig numbering)			warning	qc	architecture_supported
felis_catus	IIIc	XM_045040760.1	XP_044896695.1	840	ig_like_domain	Ig1	65	129	domain	interproscan	representative
felis_catus	IIIc	XM_045040760.1	XP_044896695.1	840	ig_like_domain	Ig2	190	267	domain	interproscan	representative
felis_catus	IIIc	XM_045040760.1	XP_044896695.1	840	ig_like_domain	Ig3	285	365	domain	interproscan	representative
felis_catus	IIIc	XM_045040760.1	XP_044896695.1	840	transmembrane_pytmhmm	TM	393	415	domain	pyTMHMM	receptor_tm
felis_catus	IIIc	XM_045040760.1	XP_044896695.1	840	transmembrane_pytmhmm	sig. anchor	20	39	domain	pyTMHMM	n_terminal_signal_anchor
felis_catus	IIIc	XM_045040760.1	XP_044896695.1	840	kinase_domain	kinase	456	789	domain	interproscan	representative
felis_catus	IIIc	XM_045040760.1	XP_044896695.1	840	other_domain	FGFR family fingerprint	28	835	domain	interproscan	family_level
felis_catus	IIIc	XM_045040760.1	XP_044896695.1	840	coding_exon	exon 1 (CDS1)	1	57	exon	figure3C	coordinate_mapped
felis_catus	IIIc	XM_045040760.1	XP_044896695.1	840	coding_exon	exon 2 (CDS2)	57	146	exon	figure3C	coordinate_mapped
felis_catus	IIIc	XM_045040760.1	XP_044896695.1	840	coding_exon	exon 3 (CDS3)	146	171	exon	figure3C	coordinate_mapped
felis_catus	IIIc	XM_045040760.1	XP_044896695.1	840	coding_exon	exon 4 (CDS4)	171	227	exon	figure3C	coordinate_mapped
felis_catus	IIIc	XM_045040760.1	XP_044896695.1	840	coding_exon	exon 5 (CDS5)	228	269	exon	figure3C	coordinate_mapped
felis_catus	IIIc	XM_045040760.1	XP_044896695.1	840	coding_exon	exon 6 (CDS6)	269	332	exon	figure3C	coordinate_mapped
felis_catus	IIIc	XM_045040760.1	XP_044896695.1	840	IIIc_slot	exon 7 (IIIc cassette)	333	382	cassette	figure3C	coordinate_mapped
felis_catus	IIIc	XM_045040760.1	XP_044896695.1	840	coding_exon	exon 8 (CDS8)	382	449	exon	figure3C	coordinate_mapped
felis_catus	IIIc	XM_045040760.1	XP_044896695.1	840	coding_exon	exon 9 (CDS9)	450	500	exon	figure3C	coordinate_mapped
felis_catus	IIIc	XM_045040760.1	XP_044896695.1	840	coding_exon	exon 10 (CDS10)	500	541	exon	figure3C	coordinate_mapped
felis_catus	IIIc	XM_045040760.1	XP_044896695.1	840	coding_exon	exon 11 (CDS11)	541	578	exon	figure3C	coordinate_mapped
felis_catus	IIIc	XM_045040760.1	XP_044896695.1	840	coding_exon	exon 12 (CDS12)	578	641	exon	figure3C	coordinate_mapped
felis_catus	IIIc	XM_045040760.1	XP_044896695.1	840	coding_exon	exon 13 (CDS13)	642	682	exon	figure3C	coordinate_mapped
felis_catus	IIIc	XM_045040760.1	XP_044896695.1	840	coding_exon	exon 14 (CDS14)	683	706	exon	figure3C	coordinate_mapped
felis_catus	IIIc	XM_045040760.1	XP_044896695.1	840	coding_exon	exon 15 (CDS15)	706	752	exon	figure3C	coordinate_mapped
felis_catus	IIIc	XM_045040760.1	XP_044896695.1	840	coding_exon	exon 16 (CDS16)	752	787	exon	figure3C	coordinate_mapped
felis_catus	IIIc	XM_045040760.1	XP_044896695.1	840	coding_exon	exon 17 (CDS17)	788	840	exon	figure3C	coordinate_mapped
felis_catus	IIIc	XM_045040760.1	XP_044896695.1	840	warning	signal region supported by N-terminal pyTMHMM anchor (no dedicated signal-peptide predictor)			warning	qc	architecture_supported
felis_catus	IIIc	XM_045040760.1	XP_044896695.1	840	warning	Ig1/Ig2/Ig3 numbering positional only (no CDD FGFR-specific Ig numbering)			warning	qc	architecture_supported
felis_catus	IIIc	XM_045040760.1	XP_044896695.1	840	warning	final coding-exon block end clamped to protein length (+1/+2 aa codon-boundary rounding)			warning	qc	architecture_supported
felis_catus	IIIc	XM_045040760.1	XP_044896695.1	840	warning	coordinates otherwise unchanged			warning	qc	architecture_supported
gallus_gallus	IIIb	XM_046942740.1	XP_046798696.1	843	ig_like_domain	Ig1	67	131	domain	interproscan	representative
gallus_gallus	IIIb	XM_046942740.1	XP_046798696.1	843	ig_like_domain	Ig2	192	269	domain	interproscan	representative
gallus_gallus	IIIb	XM_046942740.1	XP_046798696.1	843	ig_like_domain	Ig3	284	378	domain	interproscan	representative
gallus_gallus	IIIb	XM_046942740.1	XP_046798696.1	843	transmembrane_pytmhmm	TM	396	418	domain	pyTMHMM	receptor_tm
gallus_gallus	IIIb	XM_046942740.1	XP_046798696.1	843	transmembrane_pytmhmm	sig. anchor	19	41	domain	pyTMHMM	n_terminal_signal_anchor
gallus_gallus	IIIb	XM_046942740.1	XP_046798696.1	843	kinase_domain	kinase	459	792	domain	interproscan	representative
gallus_gallus	IIIb	XM_046942740.1	XP_046798696.1	843	other_domain	FGFR family fingerprint	28	838	domain	interproscan	family_level
gallus_gallus	IIIb	XM_046942740.1	XP_046798696.1	843	coding_exon	exon 1 (CDS1)	1	59	exon	figure3C	coordinate_mapped
gallus_gallus	IIIb	XM_046942740.1	XP_046798696.1	843	coding_exon	exon 2 (CDS2)	59	148	exon	figure3C	coordinate_mapped
gallus_gallus	IIIb	XM_046942740.1	XP_046798696.1	843	coding_exon	exon 3 (CDS3)	148	173	exon	figure3C	coordinate_mapped
gallus_gallus	IIIb	XM_046942740.1	XP_046798696.1	843	coding_exon	exon 4 (CDS4)	173	229	exon	figure3C	coordinate_mapped
gallus_gallus	IIIb	XM_046942740.1	XP_046798696.1	843	coding_exon	exon 5 (CDS5)	230	271	exon	figure3C	coordinate_mapped
gallus_gallus	IIIb	XM_046942740.1	XP_046798696.1	843	coding_exon	exon 6 (CDS6)	271	334	exon	figure3C	coordinate_mapped
gallus_gallus	IIIb	XM_046942740.1	XP_046798696.1	843	IIIb_slot	exon 7 (IIIb cassette)	335	383	cassette	figure3C	coordinate_mapped
gallus_gallus	IIIb	XM_046942740.1	XP_046798696.1	843	coding_exon	exon 8 (CDS8)	383	450	exon	figure3C	coordinate_mapped
gallus_gallus	IIIb	XM_046942740.1	XP_046798696.1	843	coding_exon	exon 9 (CDS9)	451	501	exon	figure3C	coordinate_mapped
gallus_gallus	IIIb	XM_046942740.1	XP_046798696.1	843	coding_exon	exon 10 (CDS10)	501	542	exon	figure3C	coordinate_mapped
gallus_gallus	IIIb	XM_046942740.1	XP_046798696.1	843	coding_exon	exon 11 (CDS11)	542	579	exon	figure3C	coordinate_mapped
gallus_gallus	IIIb	XM_046942740.1	XP_046798696.1	843	coding_exon	exon 12 (CDS12)	579	642	exon	figure3C	coordinate_mapped
gallus_gallus	IIIb	XM_046942740.1	XP_046798696.1	843	coding_exon	exon 13 (CDS13)	643	683	exon	figure3C	coordinate_mapped
gallus_gallus	IIIb	XM_046942740.1	XP_046798696.1	843	coding_exon	exon 14 (CDS14)	684	707	exon	figure3C	coordinate_mapped
gallus_gallus	IIIb	XM_046942740.1	XP_046798696.1	843	coding_exon	exon 15 (CDS15)	707	753	exon	figure3C	coordinate_mapped
gallus_gallus	IIIb	XM_046942740.1	XP_046798696.1	843	coding_exon	exon 16 (CDS16)	753	788	exon	figure3C	coordinate_mapped
gallus_gallus	IIIb	XM_046942740.1	XP_046798696.1	843	coding_exon	exon 17 (CDS17)	789	843	exon	figure3C	coordinate_mapped
gallus_gallus	IIIb	XM_046942740.1	XP_046798696.1	843	warning	signal region supported by N-terminal pyTMHMM anchor (no dedicated signal-peptide predictor)			warning	qc	architecture_supported
gallus_gallus	IIIb	XM_046942740.1	XP_046798696.1	843	warning	Ig1/Ig2/Ig3 numbering positional only (no CDD FGFR-specific Ig numbering)			warning	qc	architecture_supported
gallus_gallus	IIIc	NM_205319.4	NP_990650.2	842	ig_like_domain	Ig1	67	131	domain	interproscan	representative
gallus_gallus	IIIc	NM_205319.4	NP_990650.2	842	ig_like_domain	Ig2	192	269	domain	interproscan	representative
gallus_gallus	IIIc	NM_205319.4	NP_990650.2	842	ig_like_domain	Ig3	286	367	domain	interproscan	representative
gallus_gallus	IIIc	NM_205319.4	NP_990650.2	842	transmembrane_pytmhmm	TM	395	417	domain	pyTMHMM	receptor_tm
gallus_gallus	IIIc	NM_205319.4	NP_990650.2	842	transmembrane_pytmhmm	sig. anchor	19	41	domain	pyTMHMM	n_terminal_signal_anchor
gallus_gallus	IIIc	NM_205319.4	NP_990650.2	842	kinase_domain	kinase	458	791	domain	interproscan	representative
gallus_gallus	IIIc	NM_205319.4	NP_990650.2	842	other_domain	FGFR family fingerprint	28	837	domain	interproscan	family_level
gallus_gallus	IIIc	NM_205319.4	NP_990650.2	842	coding_exon	exon 1 (CDS1)	1	59	exon	figure3C	coordinate_mapped
gallus_gallus	IIIc	NM_205319.4	NP_990650.2	842	coding_exon	exon 2 (CDS2)	59	148	exon	figure3C	coordinate_mapped
gallus_gallus	IIIc	NM_205319.4	NP_990650.2	842	coding_exon	exon 3 (CDS3)	148	173	exon	figure3C	coordinate_mapped
gallus_gallus	IIIc	NM_205319.4	NP_990650.2	842	coding_exon	exon 4 (CDS4)	173	229	exon	figure3C	coordinate_mapped
gallus_gallus	IIIc	NM_205319.4	NP_990650.2	842	coding_exon	exon 5 (CDS5)	230	271	exon	figure3C	coordinate_mapped
gallus_gallus	IIIc	NM_205319.4	NP_990650.2	842	coding_exon	exon 6 (CDS6)	271	334	exon	figure3C	coordinate_mapped
gallus_gallus	IIIc	NM_205319.4	NP_990650.2	842	IIIc_slot	exon 7 (IIIc cassette)	335	384	cassette	figure3C	coordinate_mapped
gallus_gallus	IIIc	NM_205319.4	NP_990650.2	842	coding_exon	exon 8 (CDS8)	384	451	exon	figure3C	coordinate_mapped
gallus_gallus	IIIc	NM_205319.4	NP_990650.2	842	coding_exon	exon 9 (CDS9)	452	502	exon	figure3C	coordinate_mapped
gallus_gallus	IIIc	NM_205319.4	NP_990650.2	842	coding_exon	exon 10 (CDS10)	502	543	exon	figure3C	coordinate_mapped
gallus_gallus	IIIc	NM_205319.4	NP_990650.2	842	coding_exon	exon 11 (CDS11)	543	580	exon	figure3C	coordinate_mapped
gallus_gallus	IIIc	NM_205319.4	NP_990650.2	842	coding_exon	exon 12 (CDS12)	580	643	exon	figure3C	coordinate_mapped
gallus_gallus	IIIc	NM_205319.4	NP_990650.2	842	coding_exon	exon 13 (CDS13)	644	684	exon	figure3C	coordinate_mapped
gallus_gallus	IIIc	NM_205319.4	NP_990650.2	842	coding_exon	exon 14 (CDS14)	685	708	exon	figure3C	coordinate_mapped
gallus_gallus	IIIc	NM_205319.4	NP_990650.2	842	coding_exon	exon 15 (CDS15)	708	754	exon	figure3C	coordinate_mapped
gallus_gallus	IIIc	NM_205319.4	NP_990650.2	842	coding_exon	exon 16 (CDS16)	754	789	exon	figure3C	coordinate_mapped
gallus_gallus	IIIc	NM_205319.4	NP_990650.2	842	coding_exon	exon 17 (CDS17)	790	842	exon	figure3C	coordinate_mapped
gallus_gallus	IIIc	NM_205319.4	NP_990650.2	842	warning	signal region supported by N-terminal pyTMHMM anchor (no dedicated signal-peptide predictor)			warning	qc	architecture_supported
gallus_gallus	IIIc	NM_205319.4	NP_990650.2	842	warning	Ig1/Ig2/Ig3 numbering positional only (no CDD FGFR-specific Ig numbering)			warning	qc	architecture_supported
gallus_gallus	IIIc	NM_205319.4	NP_990650.2	842	warning	final coding-exon block end clamped to protein length (+1/+2 aa codon-boundary rounding)			warning	qc	architecture_supported
gallus_gallus	IIIc	NM_205319.4	NP_990650.2	842	warning	coordinates otherwise unchanged			warning	qc	architecture_supported
gasterosteus_aculeatus	IIIb	ENSGACT00000078064	ENSGACP00000047216	915	ig_like_domain	Ig1	74	168	domain	interproscan	representative
gasterosteus_aculeatus	IIIb	ENSGACT00000078064	ENSGACP00000047216	915	ig_like_domain	Ig2	299	376	domain	interproscan	representative
gasterosteus_aculeatus	IIIb	ENSGACT00000078064	ENSGACP00000047216	915	ig_like_domain	Ig3	391	485	domain	interproscan	representative
gasterosteus_aculeatus	IIIb	ENSGACT00000078064	ENSGACP00000047216	915	transmembrane_pytmhmm	TM	499	521	domain	pyTMHMM	receptor_tm
gasterosteus_aculeatus	IIIb	ENSGACT00000078064	ENSGACP00000047216	915	transmembrane_pytmhmm	sig. anchor	12	34	domain	pyTMHMM	n_terminal_signal_anchor
gasterosteus_aculeatus	IIIb	ENSGACT00000078064	ENSGACP00000047216	915	kinase_domain	kinase	559	880	domain	interproscan	representative
gasterosteus_aculeatus	IIIb	ENSGACT00000078064	ENSGACP00000047216	915	other_domain	FGFR family fingerprint	63	886	domain	interproscan	family_level
gasterosteus_aculeatus	IIIb	ENSGACT00000078064	ENSGACP00000047216	915	coding_exon	exon 1 (CDS1)	1	66	exon	cds_features_native (ENSGACT00000078064)	native_reconstructed
gasterosteus_aculeatus	IIIb	ENSGACT00000078064	ENSGACP00000047216	915	coding_exon	exon 2 (CDS2)	66	112	exon	cds_features_native (ENSGACT00000078064)	native_reconstructed
gasterosteus_aculeatus	IIIb	ENSGACT00000078064	ENSGACP00000047216	915	coding_exon	exon 3 (CDS3)	112	135	exon	cds_features_native (ENSGACT00000078064)	native_reconstructed
gasterosteus_aculeatus	IIIb	ENSGACT00000078064	ENSGACP00000047216	915	coding_exon	exon 4 (CDS4)	136	176	exon	cds_features_native (ENSGACT00000078064)	native_reconstructed
gasterosteus_aculeatus	IIIb	ENSGACT00000078064	ENSGACP00000047216	915	coding_exon	exon 5 (CDS5)	177	240	exon	cds_features_native (ENSGACT00000078064)	native_reconstructed
gasterosteus_aculeatus	IIIb	ENSGACT00000078064	ENSGACP00000047216	915	coding_exon	exon 6 (CDS6)	240	277	exon	cds_features_native (ENSGACT00000078064)	native_reconstructed
gasterosteus_aculeatus	IIIb	ENSGACT00000078064	ENSGACP00000047216	915	coding_exon	exon 7 (CDS7)	277	318	exon	cds_features_native (ENSGACT00000078064)	native_reconstructed
gasterosteus_aculeatus	IIIb	ENSGACT00000078064	ENSGACP00000047216	915	coding_exon	exon 8 (CDS8)	318	364	exon	cds_features_native (ENSGACT00000078064)	native_reconstructed
gasterosteus_aculeatus	IIIb	ENSGACT00000078064	ENSGACP00000047216	915	coding_exon	exon 9 (CDS9)	365	429	exon	cds_features_native (ENSGACT00000078064)	native_reconstructed
gasterosteus_aculeatus	IIIb	ENSGACT00000078064	ENSGACP00000047216	915	IIIb_slot	exon 10 (CDS10)	429	475	cassette	figure3C	coordinate_mapped
gasterosteus_aculeatus	IIIb	ENSGACT00000078064	ENSGACP00000047216	915	coding_exon	exon 11 (CDS11)	476	539	exon	cds_features_native (ENSGACT00000078064)	native_reconstructed
gasterosteus_aculeatus	IIIb	ENSGACT00000078064	ENSGACP00000047216	915	coding_exon	exon 12 (CDS12)	539	580	exon	cds_features_native (ENSGACT00000078064)	native_reconstructed
gasterosteus_aculeatus	IIIb	ENSGACT00000078064	ENSGACP00000047216	915	coding_exon	exon 13 (CDS13)	581	637	exon	cds_features_native (ENSGACT00000078064)	native_reconstructed
gasterosteus_aculeatus	IIIb	ENSGACT00000078064	ENSGACP00000047216	915	coding_exon	exon 14 (CDS14)	637	662	exon	cds_features_native (ENSGACT00000078064)	native_reconstructed
gasterosteus_aculeatus	IIIb	ENSGACT00000078064	ENSGACP00000047216	915	coding_exon	exon 15 (CDS15)	662	746	exon	cds_features_native (ENSGACT00000078064)	native_reconstructed
gasterosteus_aculeatus	IIIb	ENSGACT00000078064	ENSGACP00000047216	915	coding_exon	exon 16 (CDS16)	746	792	exon	cds_features_native (ENSGACT00000078064)	native_reconstructed
gasterosteus_aculeatus	IIIb	ENSGACT00000078064	ENSGACP00000047216	915	coding_exon	exon 17 (CDS17)	793	856	exon	cds_features_native (ENSGACT00000078064)	native_reconstructed
gasterosteus_aculeatus	IIIb	ENSGACT00000078064	ENSGACP00000047216	915	coding_exon	exon 18 (CDS18)	856	915	exon	cds_features_native (ENSGACT00000078064)	native_reconstructed
gasterosteus_aculeatus	IIIb	ENSGACT00000078064	ENSGACP00000047216	915	warning	signal region supported by N-terminal pyTMHMM anchor (no dedicated signal-peptide predictor)			warning	qc	architecture_supported_with_minor_flags
gasterosteus_aculeatus	IIIb	ENSGACT00000078064	ENSGACP00000047216	915	warning	Ig1/Ig2/Ig3 numbering positional only (no CDD FGFR-specific Ig numbering)			warning	qc	architecture_supported_with_minor_flags
gasterosteus_aculeatus	IIIb	ENSGACT00000078064	ENSGACP00000047216	915	warning	cassette boundary precision: unknown_codon_phase			warning	qc	architecture_supported_with_minor_flags
gasterosteus_aculeatus	IIIb	ENSGACT00000078064	ENSGACP00000047216	915	warning	coding-exon blocks reconstructed from native CDS (display-coordinate sanitation)			warning	qc	architecture_supported_with_minor_flags
gasterosteus_aculeatus	IIIb	ENSGACT00000078064	ENSGACP00000047216	915	warning	biology unchanged			warning	qc	architecture_supported_with_minor_flags
gasterosteus_aculeatus	IIIc	ENSGACT00000067656	ENSGACP00000061458	917	ig_like_domain	Ig1	74	168	domain	interproscan	representative
gasterosteus_aculeatus	IIIc	ENSGACT00000067656	ENSGACP00000061458	917	ig_like_domain	Ig2	299	376	domain	interproscan	representative
gasterosteus_aculeatus	IIIc	ENSGACT00000067656	ENSGACP00000061458	917	ig_like_domain	Ig3	391	487	domain	interproscan	representative
gasterosteus_aculeatus	IIIc	ENSGACT00000067656	ENSGACP00000061458	917	transmembrane_pytmhmm	TM	501	523	domain	pyTMHMM	receptor_tm
gasterosteus_aculeatus	IIIc	ENSGACT00000067656	ENSGACP00000061458	917	transmembrane_pytmhmm	sig. anchor	12	34	domain	pyTMHMM	n_terminal_signal_anchor
gasterosteus_aculeatus	IIIc	ENSGACT00000067656	ENSGACP00000061458	917	kinase_domain	kinase	561	882	domain	interproscan	representative
gasterosteus_aculeatus	IIIc	ENSGACT00000067656	ENSGACP00000061458	917	other_domain	FGFR family fingerprint	63	888	domain	interproscan	family_level
gasterosteus_aculeatus	IIIc	ENSGACT00000067656	ENSGACP00000061458	917	coding_exon	exon 1 (CDS1)	1	66	exon	figure3C	coordinate_mapped
gasterosteus_aculeatus	IIIc	ENSGACT00000067656	ENSGACP00000061458	917	coding_exon	exon 2 (CDS2)	66	112	exon	figure3C	coordinate_mapped
gasterosteus_aculeatus	IIIc	ENSGACT00000067656	ENSGACP00000061458	917	coding_exon	exon 3 (CDS3)	112	135	exon	figure3C	coordinate_mapped
gasterosteus_aculeatus	IIIc	ENSGACT00000067656	ENSGACP00000061458	917	IIIc_slot	exon 4 (IIIc cassette)	136	176	cassette	figure3C	coordinate_mapped
gasterosteus_aculeatus	IIIc	ENSGACT00000067656	ENSGACP00000061458	917	coding_exon	exon 5 (CDS5)	177	240	exon	figure3C	coordinate_mapped
gasterosteus_aculeatus	IIIc	ENSGACT00000067656	ENSGACP00000061458	917	coding_exon	exon 6 (CDS6)	240	277	exon	figure3C	coordinate_mapped
gasterosteus_aculeatus	IIIc	ENSGACT00000067656	ENSGACP00000061458	917	coding_exon	exon 7 (CDS7)	277	318	exon	figure3C	coordinate_mapped
gasterosteus_aculeatus	IIIc	ENSGACT00000067656	ENSGACP00000061458	917	coding_exon	exon 8 (CDS8)	318	364	exon	figure3C	coordinate_mapped
gasterosteus_aculeatus	IIIc	ENSGACT00000067656	ENSGACP00000061458	917	coding_exon	exon 9 (CDS9)	365	429	exon	figure3C	coordinate_mapped
gasterosteus_aculeatus	IIIc	ENSGACT00000067656	ENSGACP00000061458	917	coding_exon	exon 10 (CDS10)	429	475	exon	figure3C	coordinate_mapped
gasterosteus_aculeatus	IIIc	ENSGACT00000067656	ENSGACP00000061458	917	coding_exon	exon 11 (CDS11)	476	539	exon	figure3C	coordinate_mapped
gasterosteus_aculeatus	IIIc	ENSGACT00000067656	ENSGACP00000061458	917	coding_exon	exon 12 (CDS12)	539	580	exon	figure3C	coordinate_mapped
gasterosteus_aculeatus	IIIc	ENSGACT00000067656	ENSGACP00000061458	917	coding_exon	exon 13 (CDS13)	581	637	exon	figure3C	coordinate_mapped
gasterosteus_aculeatus	IIIc	ENSGACT00000067656	ENSGACP00000061458	917	coding_exon	exon 14 (CDS14)	637	662	exon	figure3C	coordinate_mapped
gasterosteus_aculeatus	IIIc	ENSGACT00000067656	ENSGACP00000061458	917	coding_exon	exon 15 (CDS15)	662	746	exon	figure3C	coordinate_mapped
gasterosteus_aculeatus	IIIc	ENSGACT00000067656	ENSGACP00000061458	917	coding_exon	exon 16 (CDS16)	746	792	exon	figure3C	coordinate_mapped
gasterosteus_aculeatus	IIIc	ENSGACT00000067656	ENSGACP00000061458	917	coding_exon	exon 17 (CDS17)	793	856	exon	figure3C	coordinate_mapped
gasterosteus_aculeatus	IIIc	ENSGACT00000067656	ENSGACP00000061458	917	coding_exon	exon 18 (CDS18)	856	916	exon	figure3C	coordinate_mapped
gasterosteus_aculeatus	IIIc	ENSGACT00000067656	ENSGACP00000061458	917	warning	signal region supported by N-terminal pyTMHMM anchor (no dedicated signal-peptide predictor)			warning	qc	architecture_supported_with_minor_flags
gasterosteus_aculeatus	IIIc	ENSGACT00000067656	ENSGACP00000061458	917	warning	Ig1/Ig2/Ig3 numbering positional only (no CDD FGFR-specific Ig numbering)			warning	qc	architecture_supported_with_minor_flags
gasterosteus_aculeatus	IIIc	ENSGACT00000067656	ENSGACP00000061458	917	warning	cassette boundary precision: unknown_codon_phase			warning	qc	architecture_supported_with_minor_flags
gorilla_gorilla_gorilla	IIIb	ENSGGOT00000059958	ENSGGOP00000051435	670	ig_like_domain	Ig1	82	159	domain	interproscan	representative
gorilla_gorilla_gorilla	IIIb	ENSGGOT00000059958	ENSGGOP00000051435	670	ig_like_domain	Ig2	174	268	domain	interproscan	representative
gorilla_gorilla_gorilla	IIIb	ENSGGOT00000059958	ENSGGOP00000051435	670	transmembrane_pytmhmm	TM	286	308	domain	pyTMHMM	receptor_tm
gorilla_gorilla_gorilla	IIIb	ENSGGOT00000059958	ENSGGOP00000051435	670	kinase_domain	kinase	304	619	domain	interproscan	representative
gorilla_gorilla_gorilla	IIIb	ENSGGOT00000059958	ENSGGOP00000051435	670	other_domain	FGFR family fingerprint	31	665	domain	interproscan	family_level
gorilla_gorilla_gorilla	IIIb	ENSGGOT00000059958	ENSGGOP00000051435	670	coding_exon	exon 1 (CDS1)	1	55	exon	cds_features_native (ENSGGOT00000059958)	native_reconstructed
gorilla_gorilla_gorilla	IIIb	ENSGGOT00000059958	ENSGGOP00000051435	670	coding_exon	exon 2 (CDS2)	56	91	exon	cds_features_native (ENSGGOT00000059958)	native_reconstructed
gorilla_gorilla_gorilla	IIIb	ENSGGOT00000059958	ENSGGOP00000051435	670	coding_exon	exon 3 (CDS3)	91	137	exon	cds_features_native (ENSGGOT00000059958)	native_reconstructed
gorilla_gorilla_gorilla	IIIb	ENSGGOT00000059958	ENSGGOP00000051435	670	coding_exon	exon 4 (CDS4)	137	160	exon	cds_features_native (ENSGGOT00000059958)	native_reconstructed
gorilla_gorilla_gorilla	IIIb	ENSGGOT00000059958	ENSGGOP00000051435	670	coding_exon	exon 5 (CDS5)	161	201	exon	cds_features_native (ENSGGOT00000059958)	native_reconstructed
gorilla_gorilla_gorilla	IIIb	ENSGGOT00000059958	ENSGGOP00000051435	670	coding_exon	exon 6 (CDS6)	202	265	exon	cds_features_native (ENSGGOT00000059958)	native_reconstructed
gorilla_gorilla_gorilla	IIIb	ENSGGOT00000059958	ENSGGOP00000051435	670	coding_exon	exon 7 (CDS7)	265	302	exon	cds_features_native (ENSGGOT00000059958)	native_reconstructed
gorilla_gorilla_gorilla	IIIb	ENSGGOT00000059958	ENSGGOP00000051435	670	coding_exon	exon 8 (CDS8)	302	343	exon	cds_features_native (ENSGGOT00000059958)	native_reconstructed
gorilla_gorilla_gorilla	IIIb	ENSGGOT00000059958	ENSGGOP00000051435	670	coding_exon	exon 9 (CDS9)	343	398	exon	cds_features_native (ENSGGOT00000059958)	native_reconstructed
gorilla_gorilla_gorilla	IIIb	ENSGGOT00000059958	ENSGGOP00000051435	670	coding_exon	exon 10 (CDS10)	398	447	exon	cds_features_native (ENSGGOT00000059958)	native_reconstructed
gorilla_gorilla_gorilla	IIIb	ENSGGOT00000059958	ENSGGOP00000051435	670	coding_exon	exon 11 (CDS11)	448	511	exon	cds_features_native (ENSGGOT00000059958)	native_reconstructed
gorilla_gorilla_gorilla	IIIb	ENSGGOT00000059958	ENSGGOP00000051435	670	coding_exon	exon 12 (CDS12)	511	552	exon	cds_features_native (ENSGGOT00000059958)	native_reconstructed
gorilla_gorilla_gorilla	IIIb	ENSGGOT00000059958	ENSGGOP00000051435	670	coding_exon	exon 13 (CDS13)	553	609	exon	cds_features_native (ENSGGOT00000059958)	native_reconstructed
gorilla_gorilla_gorilla	IIIb	ENSGGOT00000059958	ENSGGOP00000051435	670	coding_exon	exon 14 (CDS14)	609	635	exon	cds_features_native (ENSGGOT00000059958)	native_reconstructed
gorilla_gorilla_gorilla	IIIb	ENSGGOT00000059958	ENSGGOP00000051435	670	coding_exon	exon 15 (CDS15)	635	670	exon	cds_features_native (ENSGGOT00000059958)	native_reconstructed
gorilla_gorilla_gorilla	IIIb	ENSGGOT00000059958	ENSGGOP00000051435	670	IIIb_slot	IIIb cassette (validated reference)	225	270	cassette	validated_reference_coordinate	native_exon_blocks_reconstructed
gorilla_gorilla_gorilla	IIIb	ENSGGOT00000059958	ENSGGOP00000051435	670	warning	signal peptide not annotated (no signal-peptide predictor)			warning	qc	architecture_supported_with_minor_flags
gorilla_gorilla_gorilla	IIIb	ENSGGOT00000059958	ENSGGOP00000051435	670	warning	only 2 Ig-like region(s) detected (FGFR2 expects ~3)			warning	qc	architecture_supported_with_minor_flags
gorilla_gorilla_gorilla	IIIb	ENSGGOT00000059958	ENSGGOP00000051435	670	warning	Ig1/Ig2/Ig3 numbering positional only (no CDD FGFR-specific Ig numbering)			warning	qc	architecture_supported_with_minor_flags
gorilla_gorilla_gorilla	IIIb	ENSGGOT00000059958	ENSGGOP00000051435	670	warning	cassette boundary precision: unknown_codon_phase			warning	qc	architecture_supported_with_minor_flags
gorilla_gorilla_gorilla	IIIb	ENSGGOT00000059958	ENSGGOP00000051435	670	warning	native coding-exon blocks reconstructed			warning	qc	architecture_supported_with_minor_flags
gorilla_gorilla_gorilla	IIIb	ENSGGOT00000059958	ENSGGOP00000051435	670	warning	cassette coordinate validated separately (reference cassette upstream of TM/kinase)			warning	qc	architecture_supported_with_minor_flags
gorilla_gorilla_gorilla	IIIc	XP_004050253.1	XP_004050253.1	723	ig_like_domain	Ig1	75	152	domain	interproscan	representative
gorilla_gorilla_gorilla	IIIc	XP_004050253.1	XP_004050253.1	723	ig_like_domain	Ig2	170	250	domain	interproscan	representative
gorilla_gorilla_gorilla	IIIc	XP_004050253.1	XP_004050253.1	723	transmembrane_pytmhmm	TM	278	300	domain	pyTMHMM	receptor_tm
gorilla_gorilla_gorilla	IIIc	XP_004050253.1	XP_004050253.1	723	transmembrane_pytmhmm	sig. anchor	14	36	domain	pyTMHMM	n_terminal_signal_anchor
gorilla_gorilla_gorilla	IIIc	XP_004050253.1	XP_004050253.1	723	kinase_domain	kinase	339	672	domain	interproscan	representative
gorilla_gorilla_gorilla	IIIc	XP_004050253.1	XP_004050253.1	723	other_domain	FGFR family fingerprint	48	718	domain	interproscan	family_level
gorilla_gorilla_gorilla	IIIc	XP_004050253.1	XP_004050253.1	723	coding_exon	exon 1 (CDS1)	1	55	exon	figure3C	coordinate_mapped
gorilla_gorilla_gorilla	IIIc	XP_004050253.1	XP_004050253.1	723	coding_exon	exon 2 (CDS2)	56	91	exon	figure3C	coordinate_mapped
gorilla_gorilla_gorilla	IIIc	XP_004050253.1	XP_004050253.1	723	coding_exon	exon 3 (CDS3)	91	137	exon	figure3C	coordinate_mapped
gorilla_gorilla_gorilla	IIIc	XP_004050253.1	XP_004050253.1	723	coding_exon	exon 4 (CDS4)	137	160	exon	figure3C	coordinate_mapped
gorilla_gorilla_gorilla	IIIc	XP_004050253.1	XP_004050253.1	723	coding_exon	exon 5 (CDS5)	161	201	exon	figure3C	coordinate_mapped
gorilla_gorilla_gorilla	IIIc	XP_004050253.1	XP_004050253.1	723	IIIc_slot	exon 6 (IIIc cassette)	202	265	cassette	figure3C	coordinate_mapped
gorilla_gorilla_gorilla	IIIc	XP_004050253.1	XP_004050253.1	723	coding_exon	exon 7 (CDS7)	265	302	exon	figure3C	coordinate_mapped
gorilla_gorilla_gorilla	IIIc	XP_004050253.1	XP_004050253.1	723	coding_exon	exon 8 (CDS8)	302	343	exon	figure3C	coordinate_mapped
gorilla_gorilla_gorilla	IIIc	XP_004050253.1	XP_004050253.1	723	coding_exon	exon 9 (CDS9)	343	398	exon	figure3C	coordinate_mapped
gorilla_gorilla_gorilla	IIIc	XP_004050253.1	XP_004050253.1	723	coding_exon	exon 10 (CDS10)	398	447	exon	figure3C	coordinate_mapped
gorilla_gorilla_gorilla	IIIc	XP_004050253.1	XP_004050253.1	723	coding_exon	exon 11 (CDS11)	448	511	exon	figure3C	coordinate_mapped
gorilla_gorilla_gorilla	IIIc	XP_004050253.1	XP_004050253.1	723	coding_exon	exon 12 (CDS12)	511	552	exon	figure3C	coordinate_mapped
gorilla_gorilla_gorilla	IIIc	XP_004050253.1	XP_004050253.1	723	coding_exon	exon 13 (CDS13)	553	609	exon	figure3C	coordinate_mapped
gorilla_gorilla_gorilla	IIIc	XP_004050253.1	XP_004050253.1	723	coding_exon	exon 14 (CDS14)	609	635	exon	figure3C	coordinate_mapped
gorilla_gorilla_gorilla	IIIc	XP_004050253.1	XP_004050253.1	723	coding_exon	exon 15 (CDS15)	635	671	exon	figure3C	coordinate_mapped
gorilla_gorilla_gorilla	IIIc	XP_004050253.1	XP_004050253.1	723	warning	signal region supported by N-terminal pyTMHMM anchor (no dedicated signal-peptide predictor)			warning	qc	architecture_supported_with_minor_flags
gorilla_gorilla_gorilla	IIIc	XP_004050253.1	XP_004050253.1	723	warning	only 2 Ig-like region(s) detected (FGFR2 expects ~3)			warning	qc	architecture_supported_with_minor_flags
gorilla_gorilla_gorilla	IIIc	XP_004050253.1	XP_004050253.1	723	warning	Ig1/Ig2/Ig3 numbering positional only (no CDD FGFR-specific Ig numbering)			warning	qc	architecture_supported_with_minor_flags
gorilla_gorilla_gorilla	IIIc	XP_004050253.1	XP_004050253.1	723	warning	cassette boundary precision: unknown_codon_phase			warning	qc	architecture_supported_with_minor_flags
homo_sapiens	IIIb	ENST00001142305	ENSP00000813085	822	ig_like_domain	Ig1	45	110	domain	interproscan	representative
homo_sapiens	IIIb	ENST00001142305	ENSP00000813085	822	ig_like_domain	Ig2	171	248	domain	interproscan	representative
homo_sapiens	IIIb	ENST00001142305	ENSP00000813085	822	ig_like_domain	Ig3	263	357	domain	interproscan	representative
homo_sapiens	IIIb	ENST00001142305	ENSP00000813085	822	transmembrane_pytmhmm	TM	375	397	domain	pyTMHMM	receptor_tm
homo_sapiens	IIIb	ENST00001142305	ENSP00000813085	822	kinase_domain	kinase	438	771	domain	interproscan	representative
homo_sapiens	IIIb	ENST00001142305	ENSP00000813085	822	other_domain	FGFR family fingerprint	8	817	domain	interproscan	family_level
homo_sapiens	IIIb	ENST00001142305	ENSP00000813085	822	coding_exon	exon 1 (CDS1)	1	55	exon	figure3C	coordinate_mapped
homo_sapiens	IIIb	ENST00001142305	ENSP00000813085	822	coding_exon	exon 2 (CDS2)	56	91	exon	figure3C	coordinate_mapped
homo_sapiens	IIIb	ENST00001142305	ENSP00000813085	822	coding_exon	exon 3 (CDS3)	91	137	exon	figure3C	coordinate_mapped
homo_sapiens	IIIb	ENST00001142305	ENSP00000813085	822	coding_exon	exon 4 (CDS4)	137	160	exon	figure3C	coordinate_mapped
homo_sapiens	IIIb	ENST00001142305	ENSP00000813085	822	coding_exon	exon 5 (CDS5)	161	201	exon	figure3C	coordinate_mapped
homo_sapiens	IIIb	ENST00001142305	ENSP00000813085	822	coding_exon	exon 6 (CDS6)	202	265	exon	figure3C	coordinate_mapped
homo_sapiens	IIIb	ENST00001142305	ENSP00000813085	822	coding_exon	exon 7 (CDS7)	265	302	exon	figure3C	coordinate_mapped
homo_sapiens	IIIb	ENST00001142305	ENSP00000813085	822	coding_exon	exon 8 (CDS8)	302	343	exon	figure3C	coordinate_mapped
homo_sapiens	IIIb	ENST00001142305	ENSP00000813085	822	IIIb_slot	exon 9 (IIIb cassette)	343	393	cassette	figure3C	coordinate_mapped
homo_sapiens	IIIb	ENST00001142305	ENSP00000813085	822	coding_exon	exon 10 (CDS10)	394	461	exon	figure3C	coordinate_mapped
homo_sapiens	IIIb	ENST00001142305	ENSP00000813085	822	coding_exon	exon 11 (CDS11)	461	509	exon	figure3C	coordinate_mapped
homo_sapiens	IIIb	ENST00001142305	ENSP00000813085	822	coding_exon	exon 12 (CDS12)	510	573	exon	figure3C	coordinate_mapped
homo_sapiens	IIIb	ENST00001142305	ENSP00000813085	822	coding_exon	exon 13 (CDS13)	573	614	exon	figure3C	coordinate_mapped
homo_sapiens	IIIb	ENST00001142305	ENSP00000813085	822	coding_exon	exon 14 (CDS14)	615	671	exon	figure3C	coordinate_mapped
homo_sapiens	IIIb	ENST00001142305	ENSP00000813085	822	coding_exon	exon 15 (CDS15)	671	697	exon	figure3C	coordinate_mapped
homo_sapiens	IIIb	ENST00001142305	ENSP00000813085	822	coding_exon	exon 16 (CDS16)	697	786	exon	figure3C	coordinate_mapped
homo_sapiens	IIIb	ENST00001142305	ENSP00000813085	822	coding_exon	exon 17 (CDS17)	786	822	exon	figure3C	coordinate_mapped
homo_sapiens	IIIb	ENST00001142305	ENSP00000813085	822	warning	signal peptide not annotated (no signal-peptide predictor)			warning	qc	architecture_supported_with_minor_flags
homo_sapiens	IIIb	ENST00001142305	ENSP00000813085	822	warning	Ig1/Ig2/Ig3 numbering positional only (no CDD FGFR-specific Ig numbering)			warning	qc	architecture_supported_with_minor_flags
homo_sapiens	IIIb	ENST00001142305	ENSP00000813085	822	warning	cassette boundary precision: unknown_codon_phase			warning	qc	architecture_supported_with_minor_flags
homo_sapiens	IIIc	ENST00000358487	ENSP00000351276	821	ig_like_domain	Ig1	45	110	domain	interproscan	representative
homo_sapiens	IIIc	ENST00000358487	ENSP00000351276	821	ig_like_domain	Ig2	171	248	domain	interproscan	representative
homo_sapiens	IIIc	ENST00000358487	ENSP00000351276	821	ig_like_domain	Ig3	266	346	domain	interproscan	representative
homo_sapiens	IIIc	ENST00000358487	ENSP00000351276	821	transmembrane_pytmhmm	TM	374	396	domain	pyTMHMM	receptor_tm
homo_sapiens	IIIc	ENST00000358487	ENSP00000351276	821	kinase_domain	kinase	437	770	domain	interproscan	representative
homo_sapiens	IIIc	ENST00000358487	ENSP00000351276	821	other_domain	FGFR family fingerprint	8	816	domain	interproscan	family_level
homo_sapiens	IIIc	ENST00000358487	ENSP00000351276	821	coding_exon	exon 1 (CDS1)	1	55	exon	figure3C	coordinate_mapped
homo_sapiens	IIIc	ENST00000358487	ENSP00000351276	821	coding_exon	exon 2 (CDS2)	56	91	exon	figure3C	coordinate_mapped
homo_sapiens	IIIc	ENST00000358487	ENSP00000351276	821	coding_exon	exon 3 (CDS3)	91	137	exon	figure3C	coordinate_mapped
homo_sapiens	IIIc	ENST00000358487	ENSP00000351276	821	coding_exon	exon 4 (CDS4)	137	160	exon	figure3C	coordinate_mapped
homo_sapiens	IIIc	ENST00000358487	ENSP00000351276	821	coding_exon	exon 5 (CDS5)	161	201	exon	figure3C	coordinate_mapped
homo_sapiens	IIIc	ENST00000358487	ENSP00000351276	821	coding_exon	exon 6 (CDS6)	202	265	exon	figure3C	coordinate_mapped
homo_sapiens	IIIc	ENST00000358487	ENSP00000351276	821	coding_exon	exon 7 (CDS7)	265	302	exon	figure3C	coordinate_mapped
homo_sapiens	IIIc	ENST00000358487	ENSP00000351276	821	IIIc_slot	exon 8 (IIIc cassette)	302	343	cassette	figure3C	coordinate_mapped
homo_sapiens	IIIc	ENST00000358487	ENSP00000351276	821	coding_exon	exon 9 (CDS9)	343	393	exon	figure3C	coordinate_mapped
homo_sapiens	IIIc	ENST00000358487	ENSP00000351276	821	coding_exon	exon 10 (CDS10)	394	461	exon	figure3C	coordinate_mapped
homo_sapiens	IIIc	ENST00000358487	ENSP00000351276	821	coding_exon	exon 11 (CDS11)	461	510	exon	figure3C	coordinate_mapped
homo_sapiens	IIIc	ENST00000358487	ENSP00000351276	821	coding_exon	exon 12 (CDS12)	511	574	exon	figure3C	coordinate_mapped
homo_sapiens	IIIc	ENST00000358487	ENSP00000351276	821	coding_exon	exon 13 (CDS13)	574	615	exon	figure3C	coordinate_mapped
homo_sapiens	IIIc	ENST00000358487	ENSP00000351276	821	coding_exon	exon 14 (CDS14)	616	672	exon	figure3C	coordinate_mapped
homo_sapiens	IIIc	ENST00000358487	ENSP00000351276	821	coding_exon	exon 15 (CDS15)	672	698	exon	figure3C	coordinate_mapped
homo_sapiens	IIIc	ENST00000358487	ENSP00000351276	821	coding_exon	exon 16 (CDS16)	698	787	exon	figure3C	coordinate_mapped
homo_sapiens	IIIc	ENST00000358487	ENSP00000351276	821	coding_exon	exon 17 (CDS17)	787	821	exon	figure3C	coordinate_mapped
homo_sapiens	IIIc	ENST00000358487	ENSP00000351276	821	warning	signal peptide not annotated (no signal-peptide predictor)			warning	qc	architecture_supported_with_minor_flags
homo_sapiens	IIIc	ENST00000358487	ENSP00000351276	821	warning	Ig1/Ig2/Ig3 numbering positional only (no CDD FGFR-specific Ig numbering)			warning	qc	architecture_supported_with_minor_flags
homo_sapiens	IIIc	ENST00000358487	ENSP00000351276	821	warning	cassette boundary precision: unknown_codon_phase			warning	qc	architecture_supported_with_minor_flags
homo_sapiens	IIIc	ENST00000358487	ENSP00000351276	821	warning	final coding-exon block end clamped to protein length (+1/+2 aa codon-boundary rounding)			warning	qc	architecture_supported_with_minor_flags
homo_sapiens	IIIc	ENST00000358487	ENSP00000351276	821	warning	coordinates otherwise unchanged			warning	qc	architecture_supported_with_minor_flags
macaca_mulatta	IIIb	XM_015148329.3	XP_015003815.1	839	ig_like_domain	Ig1	64	129	domain	interproscan	representative
macaca_mulatta	IIIb	XM_015148329.3	XP_015003815.1	839	ig_like_domain	Ig2	190	267	domain	interproscan	representative
macaca_mulatta	IIIb	XM_015148329.3	XP_015003815.1	839	ig_like_domain	Ig3	282	376	domain	interproscan	representative
macaca_mulatta	IIIb	XM_015148329.3	XP_015003815.1	839	transmembrane_pytmhmm	TM	394	416	domain	pyTMHMM	receptor_tm
macaca_mulatta	IIIb	XM_015148329.3	XP_015003815.1	839	transmembrane_pytmhmm	sig. anchor	20	39	domain	pyTMHMM	n_terminal_signal_anchor
macaca_mulatta	IIIb	XM_015148329.3	XP_015003815.1	839	kinase_domain	kinase	455	788	domain	interproscan	representative
macaca_mulatta	IIIb	XM_015148329.3	XP_015003815.1	839	other_domain	FGFR family fingerprint	27	834	domain	interproscan	family_level
macaca_mulatta	IIIb	XM_015148329.3	XP_015003815.1	839	coding_exon	exon 1 (CDS1)	1	56	exon	figure3C	coordinate_mapped
macaca_mulatta	IIIb	XM_015148329.3	XP_015003815.1	839	coding_exon	exon 2 (CDS2)	56	145	exon	figure3C	coordinate_mapped
macaca_mulatta	IIIb	XM_015148329.3	XP_015003815.1	839	coding_exon	exon 3 (CDS3)	145	171	exon	figure3C	coordinate_mapped
macaca_mulatta	IIIb	XM_015148329.3	XP_015003815.1	839	coding_exon	exon 4 (CDS4)	171	227	exon	figure3C	coordinate_mapped
macaca_mulatta	IIIb	XM_015148329.3	XP_015003815.1	839	coding_exon	exon 5 (CDS5)	228	269	exon	figure3C	coordinate_mapped
macaca_mulatta	IIIb	XM_015148329.3	XP_015003815.1	839	coding_exon	exon 6 (CDS6)	269	332	exon	figure3C	coordinate_mapped
macaca_mulatta	IIIb	XM_015148329.3	XP_015003815.1	839	IIIb_slot	exon 7 (IIIb cassette)	333	381	cassette	figure3C	coordinate_mapped
macaca_mulatta	IIIb	XM_015148329.3	XP_015003815.1	839	coding_exon	exon 8 (CDS8)	381	446	exon	figure3C	coordinate_mapped
macaca_mulatta	IIIb	XM_015148329.3	XP_015003815.1	839	coding_exon	exon 9 (CDS9)	447	497	exon	figure3C	coordinate_mapped
macaca_mulatta	IIIb	XM_015148329.3	XP_015003815.1	839	coding_exon	exon 10 (CDS10)	497	538	exon	figure3C	coordinate_mapped
macaca_mulatta	IIIb	XM_015148329.3	XP_015003815.1	839	coding_exon	exon 11 (CDS11)	538	575	exon	figure3C	coordinate_mapped
macaca_mulatta	IIIb	XM_015148329.3	XP_015003815.1	839	coding_exon	exon 12 (CDS12)	575	638	exon	figure3C	coordinate_mapped
macaca_mulatta	IIIb	XM_015148329.3	XP_015003815.1	839	coding_exon	exon 13 (CDS13)	639	679	exon	figure3C	coordinate_mapped
macaca_mulatta	IIIb	XM_015148329.3	XP_015003815.1	839	coding_exon	exon 14 (CDS14)	680	703	exon	figure3C	coordinate_mapped
macaca_mulatta	IIIb	XM_015148329.3	XP_015003815.1	839	coding_exon	exon 15 (CDS15)	703	749	exon	figure3C	coordinate_mapped
macaca_mulatta	IIIb	XM_015148329.3	XP_015003815.1	839	coding_exon	exon 16 (CDS16)	749	784	exon	figure3C	coordinate_mapped
macaca_mulatta	IIIb	XM_015148329.3	XP_015003815.1	839	coding_exon	exon 17 (CDS17)	785	839	exon	figure3C	coordinate_mapped
macaca_mulatta	IIIb	XM_015148329.3	XP_015003815.1	839	warning	signal region supported by N-terminal pyTMHMM anchor (no dedicated signal-peptide predictor)			warning	qc	architecture_supported
macaca_mulatta	IIIb	XM_015148329.3	XP_015003815.1	839	warning	Ig1/Ig2/Ig3 numbering positional only (no CDD FGFR-specific Ig numbering)			warning	qc	architecture_supported
macaca_mulatta	IIIc	XM_077947649.1	XP_077803775.1	838	ig_like_domain	Ig1	64	129	domain	interproscan	representative
macaca_mulatta	IIIc	XM_077947649.1	XP_077803775.1	838	ig_like_domain	Ig2	190	267	domain	interproscan	representative
macaca_mulatta	IIIc	XM_077947649.1	XP_077803775.1	838	ig_like_domain	Ig3	285	365	domain	interproscan	representative
macaca_mulatta	IIIc	XM_077947649.1	XP_077803775.1	838	transmembrane_pytmhmm	TM	393	415	domain	pyTMHMM	receptor_tm
macaca_mulatta	IIIc	XM_077947649.1	XP_077803775.1	838	transmembrane_pytmhmm	sig. anchor	20	39	domain	pyTMHMM	n_terminal_signal_anchor
macaca_mulatta	IIIc	XM_077947649.1	XP_077803775.1	838	kinase_domain	kinase	454	787	domain	interproscan	representative
macaca_mulatta	IIIc	XM_077947649.1	XP_077803775.1	838	other_domain	FGFR family fingerprint	27	833	domain	interproscan	family_level
macaca_mulatta	IIIc	XM_077947649.1	XP_077803775.1	838	coding_exon	exon 1 (CDS1)	1	56	exon	figure3C	coordinate_mapped
macaca_mulatta	IIIc	XM_077947649.1	XP_077803775.1	838	coding_exon	exon 2 (CDS2)	56	145	exon	figure3C	coordinate_mapped
macaca_mulatta	IIIc	XM_077947649.1	XP_077803775.1	838	coding_exon	exon 3 (CDS3)	145	171	exon	figure3C	coordinate_mapped
macaca_mulatta	IIIc	XM_077947649.1	XP_077803775.1	838	coding_exon	exon 4 (CDS4)	171	227	exon	figure3C	coordinate_mapped
macaca_mulatta	IIIc	XM_077947649.1	XP_077803775.1	838	coding_exon	exon 5 (CDS5)	228	269	exon	figure3C	coordinate_mapped
macaca_mulatta	IIIc	XM_077947649.1	XP_077803775.1	838	coding_exon	exon 6 (CDS6)	269	332	exon	figure3C	coordinate_mapped
macaca_mulatta	IIIc	XM_077947649.1	XP_077803775.1	838	IIIc_slot	exon 7 (IIIc cassette)	333	382	cassette	figure3C	coordinate_mapped
macaca_mulatta	IIIc	XM_077947649.1	XP_077803775.1	838	coding_exon	exon 8 (CDS8)	382	447	exon	figure3C	coordinate_mapped
macaca_mulatta	IIIc	XM_077947649.1	XP_077803775.1	838	coding_exon	exon 9 (CDS9)	448	498	exon	figure3C	coordinate_mapped
macaca_mulatta	IIIc	XM_077947649.1	XP_077803775.1	838	coding_exon	exon 10 (CDS10)	498	539	exon	figure3C	coordinate_mapped
macaca_mulatta	IIIc	XM_077947649.1	XP_077803775.1	838	coding_exon	exon 11 (CDS11)	539	576	exon	figure3C	coordinate_mapped
macaca_mulatta	IIIc	XM_077947649.1	XP_077803775.1	838	coding_exon	exon 12 (CDS12)	576	639	exon	figure3C	coordinate_mapped
macaca_mulatta	IIIc	XM_077947649.1	XP_077803775.1	838	coding_exon	exon 13 (CDS13)	640	680	exon	figure3C	coordinate_mapped
macaca_mulatta	IIIc	XM_077947649.1	XP_077803775.1	838	coding_exon	exon 14 (CDS14)	681	704	exon	figure3C	coordinate_mapped
macaca_mulatta	IIIc	XM_077947649.1	XP_077803775.1	838	coding_exon	exon 15 (CDS15)	704	750	exon	figure3C	coordinate_mapped
macaca_mulatta	IIIc	XM_077947649.1	XP_077803775.1	838	coding_exon	exon 16 (CDS16)	750	785	exon	figure3C	coordinate_mapped
macaca_mulatta	IIIc	XM_077947649.1	XP_077803775.1	838	coding_exon	exon 17 (CDS17)	786	838	exon	figure3C	coordinate_mapped
macaca_mulatta	IIIc	XM_077947649.1	XP_077803775.1	838	warning	signal region supported by N-terminal pyTMHMM anchor (no dedicated signal-peptide predictor)			warning	qc	architecture_supported
macaca_mulatta	IIIc	XM_077947649.1	XP_077803775.1	838	warning	Ig1/Ig2/Ig3 numbering positional only (no CDD FGFR-specific Ig numbering)			warning	qc	architecture_supported
macaca_mulatta	IIIc	XM_077947649.1	XP_077803775.1	838	warning	final coding-exon block end clamped to protein length (+1/+2 aa codon-boundary rounding)			warning	qc	architecture_supported
macaca_mulatta	IIIc	XM_077947649.1	XP_077803775.1	838	warning	coordinates otherwise unchanged			warning	qc	architecture_supported
meleagris_gallopavo	IIIb	ENSMGAT00000037037	ENSMGAP00000031353	631	ig_like_domain	Ig1	65	142	domain	interproscan	representative
meleagris_gallopavo	IIIb	ENSMGAT00000037037	ENSMGAP00000031353	631	ig_like_domain	Ig2	157	251	domain	interproscan	representative
meleagris_gallopavo	IIIb	ENSMGAT00000037037	ENSMGAP00000031353	631	transmembrane_pytmhmm	TM	269	291	domain	pyTMHMM	receptor_tm
meleagris_gallopavo	IIIb	ENSMGAT00000037037	ENSMGAP00000031353	631	kinase_domain	kinase	330	631	domain	interproscan	representative
meleagris_gallopavo	IIIb	ENSMGAT00000037037	ENSMGAP00000031353	631	other_domain	FGFR family fingerprint	23	579	domain	interproscan	family_level
meleagris_gallopavo	IIIb	ENSMGAT00000037037	ENSMGAP00000031353	631	coding_exon	exon 1 (CDS1)	1	103	exon	figure3C	coordinate_mapped
meleagris_gallopavo	IIIb	ENSMGAT00000037037	ENSMGAP00000031353	631	coding_exon	exon 2 (CDS2)	104	167	exon	figure3C	coordinate_mapped
meleagris_gallopavo	IIIb	ENSMGAT00000037037	ENSMGAP00000031353	631	coding_exon	exon 3 (CDS3)	167	204	exon	figure3C	coordinate_mapped
meleagris_gallopavo	IIIb	ENSMGAT00000037037	ENSMGAP00000031353	631	coding_exon	exon 4 (CDS4)	204	245	exon	figure3C	coordinate_mapped
meleagris_gallopavo	IIIb	ENSMGAT00000037037	ENSMGAP00000031353	631	IIIb_slot	exon 5 (IIIb cassette)	245	295	cassette	figure3C	coordinate_mapped
meleagris_gallopavo	IIIb	ENSMGAT00000037037	ENSMGAP00000031353	631	coding_exon	exon 6 (CDS6)	296	361	exon	figure3C	coordinate_mapped
meleagris_gallopavo	IIIb	ENSMGAT00000037037	ENSMGAP00000031353	631	coding_exon	exon 7 (CDS7)	361	409	exon	figure3C	coordinate_mapped
meleagris_gallopavo	IIIb	ENSMGAT00000037037	ENSMGAP00000031353	631	coding_exon	exon 8 (CDS8)	410	473	exon	figure3C	coordinate_mapped
meleagris_gallopavo	IIIb	ENSMGAT00000037037	ENSMGAP00000031353	631	coding_exon	exon 9 (CDS9)	473	514	exon	figure3C	coordinate_mapped
meleagris_gallopavo	IIIb	ENSMGAT00000037037	ENSMGAP00000031353	631	coding_exon	exon 10 (CDS10)	515	571	exon	figure3C	coordinate_mapped
meleagris_gallopavo	IIIb	ENSMGAT00000037037	ENSMGAP00000031353	631	coding_exon	exon 11 (CDS11)	571	628	exon	figure3C	coordinate_mapped
meleagris_gallopavo	IIIb	ENSMGAT00000037037	ENSMGAP00000031353	631	warning	signal peptide not annotated (no signal-peptide predictor)			warning	qc	architecture_supported_with_minor_flags
meleagris_gallopavo	IIIb	ENSMGAT00000037037	ENSMGAP00000031353	631	warning	only 2 Ig-like region(s) detected (FGFR2 expects ~3)			warning	qc	architecture_supported_with_minor_flags
meleagris_gallopavo	IIIb	ENSMGAT00000037037	ENSMGAP00000031353	631	warning	Ig1/Ig2/Ig3 numbering positional only (no CDD FGFR-specific Ig numbering)			warning	qc	architecture_supported_with_minor_flags
meleagris_gallopavo	IIIb	ENSMGAT00000037037	ENSMGAP00000031353	631	warning	cassette boundary precision: unknown_codon_phase			warning	qc	architecture_supported_with_minor_flags
meleagris_gallopavo	IIIc	ENSMGAT00000021846	ENSMGAP00000031571	627	ig_like_domain	Ig1	77	154	domain	interproscan	representative
meleagris_gallopavo	IIIc	ENSMGAT00000021846	ENSMGAP00000031571	627	ig_like_domain	Ig2	171	252	domain	interproscan	representative
meleagris_gallopavo	IIIc	ENSMGAT00000021846	ENSMGAP00000031571	627	transmembrane_pytmhmm	TM	280	302	domain	pyTMHMM	receptor_tm
meleagris_gallopavo	IIIc	ENSMGAT00000021846	ENSMGAP00000031571	627	kinase_domain	kinase	341	627	domain	interproscan	representative
meleagris_gallopavo	IIIc	ENSMGAT00000021846	ENSMGAP00000031571	627	other_domain	FGFR family fingerprint	48	534	domain	interproscan	family_level
meleagris_gallopavo	IIIc	ENSMGAT00000021846	ENSMGAP00000031571	627	coding_exon	exon 1 (CDS1)	1	103	exon	cds_features_native (ENSMGAT00000021846)	native_reconstructed
meleagris_gallopavo	IIIc	ENSMGAT00000021846	ENSMGAP00000031571	627	coding_exon	exon 2 (CDS2)	104	167	exon	cds_features_native (ENSMGAT00000021846)	native_reconstructed
meleagris_gallopavo	IIIc	ENSMGAT00000021846	ENSMGAP00000031571	627	coding_exon	exon 3 (CDS3)	167	204	exon	cds_features_native (ENSMGAT00000021846)	native_reconstructed
meleagris_gallopavo	IIIc	ENSMGAT00000021846	ENSMGAP00000031571	627	IIIc_slot	exon 4 (CDS4)	204	245	cassette	figure3C	coordinate_mapped
meleagris_gallopavo	IIIc	ENSMGAT00000021846	ENSMGAP00000031571	627	coding_exon	exon 5 (CDS5)	245	295	exon	cds_features_native (ENSMGAT00000021846)	native_reconstructed
meleagris_gallopavo	IIIc	ENSMGAT00000021846	ENSMGAP00000031571	627	coding_exon	exon 6 (CDS6)	296	361	exon	cds_features_native (ENSMGAT00000021846)	native_reconstructed
meleagris_gallopavo	IIIc	ENSMGAT00000021846	ENSMGAP00000031571	627	coding_exon	exon 7 (CDS7)	361	409	exon	cds_features_native (ENSMGAT00000021846)	native_reconstructed
meleagris_gallopavo	IIIc	ENSMGAT00000021846	ENSMGAP00000031571	627	coding_exon	exon 8 (CDS8)	410	473	exon	cds_features_native (ENSMGAT00000021846)	native_reconstructed
meleagris_gallopavo	IIIc	ENSMGAT00000021846	ENSMGAP00000031571	627	coding_exon	exon 9 (CDS9)	473	514	exon	cds_features_native (ENSMGAT00000021846)	native_reconstructed
meleagris_gallopavo	IIIc	ENSMGAT00000021846	ENSMGAP00000031571	627	coding_exon	exon 10 (CDS10)	515	571	exon	cds_features_native (ENSMGAT00000021846)	native_reconstructed
meleagris_gallopavo	IIIc	ENSMGAT00000021846	ENSMGAP00000031571	627	coding_exon	exon 11 (CDS11)	571	627	exon	cds_features_native (ENSMGAT00000021846)	native_reconstructed
meleagris_gallopavo	IIIc	ENSMGAT00000021846	ENSMGAP00000031571	627	warning	signal peptide not annotated (no signal-peptide predictor)			warning	qc	architecture_supported_with_minor_flags
meleagris_gallopavo	IIIc	ENSMGAT00000021846	ENSMGAP00000031571	627	warning	only 2 Ig-like region(s) detected (FGFR2 expects ~3)			warning	qc	architecture_supported_with_minor_flags
meleagris_gallopavo	IIIc	ENSMGAT00000021846	ENSMGAP00000031571	627	warning	Ig1/Ig2/Ig3 numbering positional only (no CDD FGFR-specific Ig numbering)			warning	qc	architecture_supported_with_minor_flags
meleagris_gallopavo	IIIc	ENSMGAT00000021846	ENSMGAP00000031571	627	warning	cassette boundary precision: unknown_codon_phase			warning	qc	architecture_supported_with_minor_flags
meleagris_gallopavo	IIIc	ENSMGAT00000021846	ENSMGAP00000031571	627	warning	coding-exon blocks reconstructed from native CDS (display-coordinate sanitation)			warning	qc	architecture_supported_with_minor_flags
meleagris_gallopavo	IIIc	ENSMGAT00000021846	ENSMGAP00000031571	627	warning	biology unchanged			warning	qc	architecture_supported_with_minor_flags
monodelphis_domestica	IIIb	XM_056803261.1	XP_056659239.1	840	ig_like_domain	Ig1	65	142	domain	interproscan	representative
monodelphis_domestica	IIIb	XM_056803261.1	XP_056659239.1	840	ig_like_domain	Ig2	189	266	domain	interproscan	representative
monodelphis_domestica	IIIb	XM_056803261.1	XP_056659239.1	840	ig_like_domain	Ig3	281	375	domain	interproscan	representative
monodelphis_domestica	IIIb	XM_056803261.1	XP_056659239.1	840	transmembrane_pytmhmm	TM	393	415	domain	pyTMHMM	receptor_tm
monodelphis_domestica	IIIb	XM_056803261.1	XP_056659239.1	840	transmembrane_pytmhmm	sig. anchor	20	39	domain	pyTMHMM	n_terminal_signal_anchor
monodelphis_domestica	IIIb	XM_056803261.1	XP_056659239.1	840	kinase_domain	kinase	456	789	domain	interproscan	representative
monodelphis_domestica	IIIb	XM_056803261.1	XP_056659239.1	840	other_domain	FGFR family fingerprint	27	835	domain	interproscan	family_level
monodelphis_domestica	IIIb	XM_056803261.1	XP_056659239.1	840	coding_exon	exon 1 (CDS1)	1	56	exon	figure3C	coordinate_mapped
monodelphis_domestica	IIIb	XM_056803261.1	XP_056659239.1	840	coding_exon	exon 2 (CDS2)	56	145	exon	figure3C	coordinate_mapped
monodelphis_domestica	IIIb	XM_056803261.1	XP_056659239.1	840	coding_exon	exon 3 (CDS3)	145	170	exon	figure3C	coordinate_mapped
monodelphis_domestica	IIIb	XM_056803261.1	XP_056659239.1	840	coding_exon	exon 4 (CDS4)	170	226	exon	figure3C	coordinate_mapped
monodelphis_domestica	IIIb	XM_056803261.1	XP_056659239.1	840	coding_exon	exon 5 (CDS5)	227	268	exon	figure3C	coordinate_mapped
monodelphis_domestica	IIIb	XM_056803261.1	XP_056659239.1	840	coding_exon	exon 6 (CDS6)	268	331	exon	figure3C	coordinate_mapped
monodelphis_domestica	IIIb	XM_056803261.1	XP_056659239.1	840	IIIb_slot	exon 7 (IIIb cassette)	332	380	cassette	figure3C	coordinate_mapped
monodelphis_domestica	IIIb	XM_056803261.1	XP_056659239.1	840	coding_exon	exon 8 (CDS8)	380	447	exon	figure3C	coordinate_mapped
monodelphis_domestica	IIIb	XM_056803261.1	XP_056659239.1	840	coding_exon	exon 9 (CDS9)	448	498	exon	figure3C	coordinate_mapped
monodelphis_domestica	IIIb	XM_056803261.1	XP_056659239.1	840	coding_exon	exon 10 (CDS10)	498	539	exon	figure3C	coordinate_mapped
monodelphis_domestica	IIIb	XM_056803261.1	XP_056659239.1	840	coding_exon	exon 11 (CDS11)	539	576	exon	figure3C	coordinate_mapped
monodelphis_domestica	IIIb	XM_056803261.1	XP_056659239.1	840	coding_exon	exon 12 (CDS12)	576	639	exon	figure3C	coordinate_mapped
monodelphis_domestica	IIIb	XM_056803261.1	XP_056659239.1	840	coding_exon	exon 13 (CDS13)	640	680	exon	figure3C	coordinate_mapped
monodelphis_domestica	IIIb	XM_056803261.1	XP_056659239.1	840	coding_exon	exon 14 (CDS14)	681	704	exon	figure3C	coordinate_mapped
monodelphis_domestica	IIIb	XM_056803261.1	XP_056659239.1	840	coding_exon	exon 15 (CDS15)	704	750	exon	figure3C	coordinate_mapped
monodelphis_domestica	IIIb	XM_056803261.1	XP_056659239.1	840	coding_exon	exon 16 (CDS16)	750	785	exon	figure3C	coordinate_mapped
monodelphis_domestica	IIIb	XM_056803261.1	XP_056659239.1	840	coding_exon	exon 17 (CDS17)	786	840	exon	figure3C	coordinate_mapped
monodelphis_domestica	IIIb	XM_056803261.1	XP_056659239.1	840	warning	signal region supported by N-terminal pyTMHMM anchor (no dedicated signal-peptide predictor)			warning	qc	architecture_supported
monodelphis_domestica	IIIb	XM_056803261.1	XP_056659239.1	840	warning	Ig1/Ig2/Ig3 numbering positional only (no CDD FGFR-specific Ig numbering)			warning	qc	architecture_supported
monodelphis_domestica	IIIc	XM_056803264.1	XP_056659242.1	839	ig_like_domain	Ig1	65	142	domain	interproscan	representative
monodelphis_domestica	IIIc	XM_056803264.1	XP_056659242.1	839	ig_like_domain	Ig2	189	266	domain	interproscan	representative
monodelphis_domestica	IIIc	XM_056803264.1	XP_056659242.1	839	ig_like_domain	Ig3	284	364	domain	interproscan	representative
monodelphis_domestica	IIIc	XM_056803264.1	XP_056659242.1	839	transmembrane_pytmhmm	TM	392	414	domain	pyTMHMM	receptor_tm
monodelphis_domestica	IIIc	XM_056803264.1	XP_056659242.1	839	transmembrane_pytmhmm	sig. anchor	20	39	domain	pyTMHMM	n_terminal_signal_anchor
monodelphis_domestica	IIIc	XM_056803264.1	XP_056659242.1	839	kinase_domain	kinase	455	788	domain	interproscan	representative
monodelphis_domestica	IIIc	XM_056803264.1	XP_056659242.1	839	other_domain	FGFR family fingerprint	27	834	domain	interproscan	family_level
monodelphis_domestica	IIIc	XM_056803264.1	XP_056659242.1	839	coding_exon	exon 1 (CDS1)	1	56	exon	figure3C	coordinate_mapped
monodelphis_domestica	IIIc	XM_056803264.1	XP_056659242.1	839	coding_exon	exon 2 (CDS2)	56	145	exon	figure3C	coordinate_mapped
monodelphis_domestica	IIIc	XM_056803264.1	XP_056659242.1	839	coding_exon	exon 3 (CDS3)	145	170	exon	figure3C	coordinate_mapped
monodelphis_domestica	IIIc	XM_056803264.1	XP_056659242.1	839	coding_exon	exon 4 (CDS4)	170	226	exon	figure3C	coordinate_mapped
monodelphis_domestica	IIIc	XM_056803264.1	XP_056659242.1	839	coding_exon	exon 5 (CDS5)	227	268	exon	figure3C	coordinate_mapped
monodelphis_domestica	IIIc	XM_056803264.1	XP_056659242.1	839	coding_exon	exon 6 (CDS6)	268	331	exon	figure3C	coordinate_mapped
monodelphis_domestica	IIIc	XM_056803264.1	XP_056659242.1	839	IIIc_slot	exon 7 (IIIc cassette)	332	381	cassette	figure3C	coordinate_mapped
monodelphis_domestica	IIIc	XM_056803264.1	XP_056659242.1	839	coding_exon	exon 8 (CDS8)	381	448	exon	figure3C	coordinate_mapped
monodelphis_domestica	IIIc	XM_056803264.1	XP_056659242.1	839	coding_exon	exon 9 (CDS9)	449	499	exon	figure3C	coordinate_mapped
monodelphis_domestica	IIIc	XM_056803264.1	XP_056659242.1	839	coding_exon	exon 10 (CDS10)	499	540	exon	figure3C	coordinate_mapped
monodelphis_domestica	IIIc	XM_056803264.1	XP_056659242.1	839	coding_exon	exon 11 (CDS11)	540	577	exon	figure3C	coordinate_mapped
monodelphis_domestica	IIIc	XM_056803264.1	XP_056659242.1	839	coding_exon	exon 12 (CDS12)	577	640	exon	figure3C	coordinate_mapped
monodelphis_domestica	IIIc	XM_056803264.1	XP_056659242.1	839	coding_exon	exon 13 (CDS13)	641	681	exon	figure3C	coordinate_mapped
monodelphis_domestica	IIIc	XM_056803264.1	XP_056659242.1	839	coding_exon	exon 14 (CDS14)	682	705	exon	figure3C	coordinate_mapped
monodelphis_domestica	IIIc	XM_056803264.1	XP_056659242.1	839	coding_exon	exon 15 (CDS15)	705	751	exon	figure3C	coordinate_mapped
monodelphis_domestica	IIIc	XM_056803264.1	XP_056659242.1	839	coding_exon	exon 16 (CDS16)	751	786	exon	figure3C	coordinate_mapped
monodelphis_domestica	IIIc	XM_056803264.1	XP_056659242.1	839	coding_exon	exon 17 (CDS17)	787	839	exon	figure3C	coordinate_mapped
monodelphis_domestica	IIIc	XM_056803264.1	XP_056659242.1	839	warning	signal region supported by N-terminal pyTMHMM anchor (no dedicated signal-peptide predictor)			warning	qc	architecture_supported
monodelphis_domestica	IIIc	XM_056803264.1	XP_056659242.1	839	warning	Ig1/Ig2/Ig3 numbering positional only (no CDD FGFR-specific Ig numbering)			warning	qc	architecture_supported
monodelphis_domestica	IIIc	XM_056803264.1	XP_056659242.1	839	warning	final coding-exon block end clamped to protein length (+1/+2 aa codon-boundary rounding)			warning	qc	architecture_supported
monodelphis_domestica	IIIc	XM_056803264.1	XP_056659242.1	839	warning	coordinates otherwise unchanged			warning	qc	architecture_supported
mus_musculus	IIIb	ENSMUST00000117691	ENSMUSP00000113180	822	ig_like_domain	Ig1	45	109	domain	interproscan	representative
mus_musculus	IIIb	ENSMUST00000117691	ENSMUSP00000113180	822	ig_like_domain	Ig2	171	248	domain	interproscan	representative
mus_musculus	IIIb	ENSMUST00000117691	ENSMUSP00000113180	822	ig_like_domain	Ig3	263	357	domain	interproscan	representative
mus_musculus	IIIb	ENSMUST00000117691	ENSMUSP00000113180	822	transmembrane_pytmhmm	TM	375	397	domain	pyTMHMM	receptor_tm
mus_musculus	IIIb	ENSMUST00000117691	ENSMUSP00000113180	822	kinase_domain	kinase	438	771	domain	interproscan	representative
mus_musculus	IIIb	ENSMUST00000117691	ENSMUSP00000113180	822	other_domain	FGFR family fingerprint	8	817	domain	interproscan	family_level
mus_musculus	IIIb	ENSMUST00000117691	ENSMUSP00000113180	822	coding_exon	exon 1 (CDS1)	1	55	exon	cds_features_native (ENSMUST00000117691)	native_reconstructed
mus_musculus	IIIb	ENSMUST00000117691	ENSMUSP00000113180	822	coding_exon	exon 2 (CDS2)	56	91	exon	cds_features_native (ENSMUST00000117691)	native_reconstructed
mus_musculus	IIIb	ENSMUST00000117691	ENSMUSP00000113180	822	coding_exon	exon 3 (CDS3)	91	137	exon	cds_features_native (ENSMUST00000117691)	native_reconstructed
mus_musculus	IIIb	ENSMUST00000117691	ENSMUSP00000113180	822	coding_exon	exon 4 (CDS4)	137	160	exon	cds_features_native (ENSMUST00000117691)	native_reconstructed
mus_musculus	IIIb	ENSMUST00000117691	ENSMUSP00000113180	822	coding_exon	exon 5 (CDS5)	161	201	exon	cds_features_native (ENSMUST00000117691)	native_reconstructed
mus_musculus	IIIb	ENSMUST00000117691	ENSMUSP00000113180	822	coding_exon	exon 6 (CDS6)	202	265	exon	cds_features_native (ENSMUST00000117691)	native_reconstructed
mus_musculus	IIIb	ENSMUST00000117691	ENSMUSP00000113180	822	coding_exon	exon 7 (CDS7)	265	302	exon	cds_features_native (ENSMUST00000117691)	native_reconstructed
mus_musculus	IIIb	ENSMUST00000117691	ENSMUSP00000113180	822	coding_exon	exon 8 (CDS8)	302	343	exon	cds_features_native (ENSMUST00000117691)	native_reconstructed
mus_musculus	IIIb	ENSMUST00000117691	ENSMUSP00000113180	822	IIIb_slot	exon 9 (CDS9)	343	393	cassette	figure3C	coordinate_mapped
mus_musculus	IIIb	ENSMUST00000117691	ENSMUSP00000113180	822	coding_exon	exon 10 (CDS10)	394	461	exon	cds_features_native (ENSMUST00000117691)	native_reconstructed
mus_musculus	IIIb	ENSMUST00000117691	ENSMUSP00000113180	822	coding_exon	exon 11 (CDS11)	461	510	exon	cds_features_native (ENSMUST00000117691)	native_reconstructed
mus_musculus	IIIb	ENSMUST00000117691	ENSMUSP00000113180	822	coding_exon	exon 12 (CDS12)	511	574	exon	cds_features_native (ENSMUST00000117691)	native_reconstructed
mus_musculus	IIIb	ENSMUST00000117691	ENSMUSP00000113180	822	coding_exon	exon 13 (CDS13)	574	615	exon	cds_features_native (ENSMUST00000117691)	native_reconstructed
mus_musculus	IIIb	ENSMUST00000117691	ENSMUSP00000113180	822	coding_exon	exon 14 (CDS14)	616	672	exon	cds_features_native (ENSMUST00000117691)	native_reconstructed
mus_musculus	IIIb	ENSMUST00000117691	ENSMUSP00000113180	822	coding_exon	exon 15 (CDS15)	672	698	exon	cds_features_native (ENSMUST00000117691)	native_reconstructed
mus_musculus	IIIb	ENSMUST00000117691	ENSMUSP00000113180	822	coding_exon	exon 16 (CDS16)	698	787	exon	cds_features_native (ENSMUST00000117691)	native_reconstructed
mus_musculus	IIIb	ENSMUST00000117691	ENSMUSP00000113180	822	coding_exon	exon 17 (CDS17)	787	822	exon	cds_features_native (ENSMUST00000117691)	native_reconstructed
mus_musculus	IIIb	ENSMUST00000117691	ENSMUSP00000113180	822	warning	signal peptide not annotated (no signal-peptide predictor)			warning	qc	architecture_supported_with_minor_flags
mus_musculus	IIIb	ENSMUST00000117691	ENSMUSP00000113180	822	warning	Ig1/Ig2/Ig3 numbering positional only (no CDD FGFR-specific Ig numbering)			warning	qc	architecture_supported_with_minor_flags
mus_musculus	IIIb	ENSMUST00000117691	ENSMUSP00000113180	822	warning	cassette boundary precision: unknown_codon_phase			warning	qc	architecture_supported_with_minor_flags
mus_musculus	IIIb	ENSMUST00000117691	ENSMUSP00000113180	822	warning	coding-exon blocks reconstructed from native CDS (display-coordinate sanitation)			warning	qc	architecture_supported_with_minor_flags
mus_musculus	IIIb	ENSMUST00000117691	ENSMUSP00000113180	822	warning	biology unchanged			warning	qc	architecture_supported_with_minor_flags
mus_musculus	IIIc	ENSMUST00000122054	ENSMUSP00000112430	840	ig_like_domain	Ig1	64	128	domain	interproscan	representative
mus_musculus	IIIc	ENSMUST00000122054	ENSMUSP00000112430	840	ig_like_domain	Ig2	190	267	domain	interproscan	representative
mus_musculus	IIIc	ENSMUST00000122054	ENSMUSP00000112430	840	ig_like_domain	Ig3	285	365	domain	interproscan	representative
mus_musculus	IIIc	ENSMUST00000122054	ENSMUSP00000112430	840	transmembrane_pytmhmm	TM	393	415	domain	pyTMHMM	receptor_tm
mus_musculus	IIIc	ENSMUST00000122054	ENSMUSP00000112430	840	transmembrane_pytmhmm	sig. anchor	14	36	domain	pyTMHMM	n_terminal_signal_anchor
mus_musculus	IIIc	ENSMUST00000122054	ENSMUSP00000112430	840	kinase_domain	kinase	456	789	domain	interproscan	representative
mus_musculus	IIIc	ENSMUST00000122054	ENSMUSP00000112430	840	other_domain	FGFR family fingerprint	27	835	domain	interproscan	family_level
mus_musculus	IIIc	ENSMUST00000122054	ENSMUSP00000112430	840	coding_exon	exon 1 (CDS1)	1	55	exon	figure3C	coordinate_mapped
mus_musculus	IIIc	ENSMUST00000122054	ENSMUSP00000112430	840	coding_exon	exon 2 (CDS2)	56	91	exon	figure3C	coordinate_mapped
mus_musculus	IIIc	ENSMUST00000122054	ENSMUSP00000112430	840	coding_exon	exon 3 (CDS3)	91	137	exon	figure3C	coordinate_mapped
mus_musculus	IIIc	ENSMUST00000122054	ENSMUSP00000112430	840	coding_exon	exon 4 (CDS4)	137	160	exon	figure3C	coordinate_mapped
mus_musculus	IIIc	ENSMUST00000122054	ENSMUSP00000112430	840	coding_exon	exon 5 (CDS5)	161	201	exon	figure3C	coordinate_mapped
mus_musculus	IIIc	ENSMUST00000122054	ENSMUSP00000112430	840	coding_exon	exon 6 (CDS6)	202	265	exon	figure3C	coordinate_mapped
mus_musculus	IIIc	ENSMUST00000122054	ENSMUSP00000112430	840	coding_exon	exon 7 (CDS7)	265	302	exon	figure3C	coordinate_mapped
mus_musculus	IIIc	ENSMUST00000122054	ENSMUSP00000112430	840	IIIc_slot	exon 8 (IIIc cassette)	302	343	cassette	figure3C	coordinate_mapped
mus_musculus	IIIc	ENSMUST00000122054	ENSMUSP00000112430	840	coding_exon	exon 9 (CDS9)	343	393	exon	figure3C	coordinate_mapped
mus_musculus	IIIc	ENSMUST00000122054	ENSMUSP00000112430	840	coding_exon	exon 10 (CDS10)	394	461	exon	figure3C	coordinate_mapped
mus_musculus	IIIc	ENSMUST00000122054	ENSMUSP00000112430	840	coding_exon	exon 11 (CDS11)	461	510	exon	figure3C	coordinate_mapped
mus_musculus	IIIc	ENSMUST00000122054	ENSMUSP00000112430	840	coding_exon	exon 12 (CDS12)	511	574	exon	figure3C	coordinate_mapped
mus_musculus	IIIc	ENSMUST00000122054	ENSMUSP00000112430	840	coding_exon	exon 13 (CDS13)	574	615	exon	figure3C	coordinate_mapped
mus_musculus	IIIc	ENSMUST00000122054	ENSMUSP00000112430	840	coding_exon	exon 14 (CDS14)	616	672	exon	figure3C	coordinate_mapped
mus_musculus	IIIc	ENSMUST00000122054	ENSMUSP00000112430	840	coding_exon	exon 15 (CDS15)	672	698	exon	figure3C	coordinate_mapped
mus_musculus	IIIc	ENSMUST00000122054	ENSMUSP00000112430	840	coding_exon	exon 16 (CDS16)	698	787	exon	figure3C	coordinate_mapped
mus_musculus	IIIc	ENSMUST00000122054	ENSMUSP00000112430	840	coding_exon	exon 17 (CDS17)	787	823	exon	figure3C	coordinate_mapped
mus_musculus	IIIc	ENSMUST00000122054	ENSMUSP00000112430	840	warning	signal region supported by N-terminal pyTMHMM anchor (no dedicated signal-peptide predictor)			warning	qc	architecture_supported_with_minor_flags
mus_musculus	IIIc	ENSMUST00000122054	ENSMUSP00000112430	840	warning	Ig1/Ig2/Ig3 numbering positional only (no CDD FGFR-specific Ig numbering)			warning	qc	architecture_supported_with_minor_flags
mus_musculus	IIIc	ENSMUST00000122054	ENSMUSP00000112430	840	warning	cassette boundary precision: unknown_codon_phase			warning	qc	architecture_supported_with_minor_flags
oreochromis_niloticus	IIIb	ENSONIT00000055812	ENSONIP00000060910	865	ig_like_domain	Ig1	104	165	domain	interproscan	representative
oreochromis_niloticus	IIIb	ENSONIT00000055812	ENSONIP00000060910	865	ig_like_domain	Ig2	223	301	domain	interproscan	representative
oreochromis_niloticus	IIIb	ENSONIT00000055812	ENSONIP00000060910	865	ig_like_domain	Ig3	316	410	domain	interproscan	representative
oreochromis_niloticus	IIIb	ENSONIT00000055812	ENSONIP00000060910	865	transmembrane_pytmhmm	TM	424	446	domain	pyTMHMM	receptor_tm
oreochromis_niloticus	IIIb	ENSONIT00000055812	ENSONIP00000060910	865	kinase_domain	kinase	484	814	domain	interproscan	representative
oreochromis_niloticus	IIIb	ENSONIT00000055812	ENSONIP00000060910	865	other_domain	FGFR family fingerprint	83	860	domain	interproscan	family_level
oreochromis_niloticus	IIIb	ENSONIT00000055812	ENSONIP00000060910	865	coding_exon	exon 1 (CDS1)	1	39	exon	figure3C	coordinate_mapped
oreochromis_niloticus	IIIb	ENSONIT00000055812	ENSONIP00000060910	865	coding_exon	exon 2 (CDS2)	40	125	exon	figure3C	coordinate_mapped
oreochromis_niloticus	IIIb	ENSONIT00000055812	ENSONIP00000060910	865	coding_exon	exon 3 (CDS3)	125	150	exon	figure3C	coordinate_mapped
oreochromis_niloticus	IIIb	ENSONIT00000055812	ENSONIP00000060910	865	coding_exon	exon 4 (CDS4)	150	206	exon	figure3C	coordinate_mapped
oreochromis_niloticus	IIIb	ENSONIT00000055812	ENSONIP00000060910	865	coding_exon	exon 5 (CDS5)	207	248	exon	figure3C	coordinate_mapped
oreochromis_niloticus	IIIb	ENSONIT00000055812	ENSONIP00000060910	865	coding_exon	exon 6 (CDS6)	248	311	exon	figure3C	coordinate_mapped
oreochromis_niloticus	IIIb	ENSONIT00000055812	ENSONIP00000060910	865	IIIb_slot	exon 7 (IIIb cassette)	312	360	cassette	figure3C	coordinate_mapped
oreochromis_niloticus	IIIb	ENSONIT00000055812	ENSONIP00000060910	865	coding_exon	exon 8 (CDS8)	360	424	exon	figure3C	coordinate_mapped
oreochromis_niloticus	IIIb	ENSONIT00000055812	ENSONIP00000060910	865	coding_exon	exon 9 (CDS9)	425	471	exon	figure3C	coordinate_mapped
oreochromis_niloticus	IIIb	ENSONIT00000055812	ENSONIP00000060910	865	coding_exon	exon 10 (CDS10)	471	512	exon	figure3C	coordinate_mapped
oreochromis_niloticus	IIIb	ENSONIT00000055812	ENSONIP00000060910	865	coding_exon	exon 11 (CDS11)	512	549	exon	figure3C	coordinate_mapped
oreochromis_niloticus	IIIb	ENSONIT00000055812	ENSONIP00000060910	865	coding_exon	exon 12 (CDS12)	549	612	exon	figure3C	coordinate_mapped
oreochromis_niloticus	IIIb	ENSONIT00000055812	ENSONIP00000060910	865	coding_exon	exon 13 (CDS13)	613	653	exon	figure3C	coordinate_mapped
oreochromis_niloticus	IIIb	ENSONIT00000055812	ENSONIP00000060910	865	coding_exon	exon 14 (CDS14)	654	677	exon	figure3C	coordinate_mapped
oreochromis_niloticus	IIIb	ENSONIT00000055812	ENSONIP00000060910	865	coding_exon	exon 15 (CDS15)	677	723	exon	figure3C	coordinate_mapped
oreochromis_niloticus	IIIb	ENSONIT00000055812	ENSONIP00000060910	865	coding_exon	exon 16 (CDS16)	723	758	exon	figure3C	coordinate_mapped
oreochromis_niloticus	IIIb	ENSONIT00000055812	ENSONIP00000060910	865	coding_exon	exon 17 (CDS17)	759	813	exon	figure3C	coordinate_mapped
oreochromis_niloticus	IIIb	ENSONIT00000055812	ENSONIP00000060910	865	warning	signal peptide not annotated (no signal-peptide predictor)			warning	qc	architecture_supported_with_minor_flags
oreochromis_niloticus	IIIb	ENSONIT00000055812	ENSONIP00000060910	865	warning	Ig1/Ig2/Ig3 numbering positional only (no CDD FGFR-specific Ig numbering)			warning	qc	architecture_supported_with_minor_flags
oreochromis_niloticus	IIIb	ENSONIT00000055812	ENSONIP00000060910	865	warning	cassette boundary precision: unknown_codon_phase			warning	qc	architecture_supported_with_minor_flags
oreochromis_niloticus	IIIc	ENSONIT00000047381	ENSONIP00000063320	812	ig_like_domain	Ig1	49	110	domain	interproscan	representative
oreochromis_niloticus	IIIc	ENSONIT00000047381	ENSONIP00000063320	812	ig_like_domain	Ig2	168	246	domain	interproscan	representative
oreochromis_niloticus	IIIc	ENSONIT00000047381	ENSONIP00000063320	812	ig_like_domain	Ig3	261	357	domain	interproscan	representative
oreochromis_niloticus	IIIc	ENSONIT00000047381	ENSONIP00000063320	812	transmembrane_pytmhmm	TM	371	393	domain	pyTMHMM	receptor_tm
oreochromis_niloticus	IIIc	ENSONIT00000047381	ENSONIP00000063320	812	kinase_domain	kinase	431	761	domain	interproscan	representative
oreochromis_niloticus	IIIc	ENSONIT00000047381	ENSONIP00000063320	812	other_domain	FGFR family fingerprint	43	807	domain	interproscan	family_level
oreochromis_niloticus	IIIc	ENSONIT00000047381	ENSONIP00000063320	812	coding_exon	exon 1 (CDS1)	1	39	exon	cds_features_native (ENSONIT00000047381)	native_reconstructed
oreochromis_niloticus	IIIc	ENSONIT00000047381	ENSONIP00000063320	812	coding_exon	exon 2 (CDS2)	40	125	exon	cds_features_native (ENSONIT00000047381)	native_reconstructed
oreochromis_niloticus	IIIc	ENSONIT00000047381	ENSONIP00000063320	812	coding_exon	exon 3 (CDS3)	125	150	exon	cds_features_native (ENSONIT00000047381)	native_reconstructed
oreochromis_niloticus	IIIc	ENSONIT00000047381	ENSONIP00000063320	812	coding_exon	exon 4 (CDS4)	150	206	exon	cds_features_native (ENSONIT00000047381)	native_reconstructed
oreochromis_niloticus	IIIc	ENSONIT00000047381	ENSONIP00000063320	812	coding_exon	exon 5 (CDS5)	207	248	exon	cds_features_native (ENSONIT00000047381)	native_reconstructed
oreochromis_niloticus	IIIc	ENSONIT00000047381	ENSONIP00000063320	812	coding_exon	exon 6 (CDS6)	248	311	exon	cds_features_native (ENSONIT00000047381)	native_reconstructed
oreochromis_niloticus	IIIc	ENSONIT00000047381	ENSONIP00000063320	812	coding_exon	exon 7 (CDS7)	312	360	exon	cds_features_native (ENSONIT00000047381)	native_reconstructed
oreochromis_niloticus	IIIc	ENSONIT00000047381	ENSONIP00000063320	812	IIIc_slot	exon 8 (CDS8)	360	424	cassette	figure3C	coordinate_mapped
oreochromis_niloticus	IIIc	ENSONIT00000047381	ENSONIP00000063320	812	coding_exon	exon 9 (CDS9)	425	471	exon	cds_features_native (ENSONIT00000047381)	native_reconstructed
oreochromis_niloticus	IIIc	ENSONIT00000047381	ENSONIP00000063320	812	coding_exon	exon 10 (CDS10)	471	512	exon	cds_features_native (ENSONIT00000047381)	native_reconstructed
oreochromis_niloticus	IIIc	ENSONIT00000047381	ENSONIP00000063320	812	coding_exon	exon 11 (CDS11)	512	549	exon	cds_features_native (ENSONIT00000047381)	native_reconstructed
oreochromis_niloticus	IIIc	ENSONIT00000047381	ENSONIP00000063320	812	coding_exon	exon 12 (CDS12)	549	612	exon	cds_features_native (ENSONIT00000047381)	native_reconstructed
oreochromis_niloticus	IIIc	ENSONIT00000047381	ENSONIP00000063320	812	coding_exon	exon 13 (CDS13)	613	653	exon	cds_features_native (ENSONIT00000047381)	native_reconstructed
oreochromis_niloticus	IIIc	ENSONIT00000047381	ENSONIP00000063320	812	coding_exon	exon 14 (CDS14)	654	677	exon	cds_features_native (ENSONIT00000047381)	native_reconstructed
oreochromis_niloticus	IIIc	ENSONIT00000047381	ENSONIP00000063320	812	coding_exon	exon 15 (CDS15)	677	723	exon	cds_features_native (ENSONIT00000047381)	native_reconstructed
oreochromis_niloticus	IIIc	ENSONIT00000047381	ENSONIP00000063320	812	coding_exon	exon 16 (CDS16)	723	758	exon	cds_features_native (ENSONIT00000047381)	native_reconstructed
oreochromis_niloticus	IIIc	ENSONIT00000047381	ENSONIP00000063320	812	coding_exon	exon 17 (CDS17)	759	812	exon	cds_features_native (ENSONIT00000047381)	native_reconstructed
oreochromis_niloticus	IIIc	ENSONIT00000047381	ENSONIP00000063320	812	warning	signal peptide not annotated (no signal-peptide predictor)			warning	qc	architecture_supported_with_minor_flags
oreochromis_niloticus	IIIc	ENSONIT00000047381	ENSONIP00000063320	812	warning	Ig1/Ig2/Ig3 numbering positional only (no CDD FGFR-specific Ig numbering)			warning	qc	architecture_supported_with_minor_flags
oreochromis_niloticus	IIIc	ENSONIT00000047381	ENSONIP00000063320	812	warning	cassette boundary precision: unknown_codon_phase			warning	qc	architecture_supported_with_minor_flags
oreochromis_niloticus	IIIc	ENSONIT00000047381	ENSONIP00000063320	812	warning	coding-exon blocks reconstructed from native CDS (display-coordinate sanitation)			warning	qc	architecture_supported_with_minor_flags
oreochromis_niloticus	IIIc	ENSONIT00000047381	ENSONIP00000063320	812	warning	biology unchanged			warning	qc	architecture_supported_with_minor_flags
ornithorhynchus_anatinus	IIIb	XM_029080810.2	XP_028936643.1	840	ig_like_domain	Ig1	69	137	domain	interproscan	representative
ornithorhynchus_anatinus	IIIb	XM_029080810.2	XP_028936643.1	840	ig_like_domain	Ig2	189	266	domain	interproscan	representative
ornithorhynchus_anatinus	IIIb	XM_029080810.2	XP_028936643.1	840	ig_like_domain	Ig3	281	375	domain	interproscan	representative
ornithorhynchus_anatinus	IIIb	XM_029080810.2	XP_028936643.1	840	transmembrane_pytmhmm	TM	393	415	domain	pyTMHMM	receptor_tm
ornithorhynchus_anatinus	IIIb	XM_029080810.2	XP_028936643.1	840	kinase_domain	kinase	456	789	domain	interproscan	representative
ornithorhynchus_anatinus	IIIb	XM_029080810.2	XP_028936643.1	840	other_domain	FGFR family fingerprint	26	835	domain	interproscan	family_level
ornithorhynchus_anatinus	IIIb	XM_029080810.2	XP_028936643.1	840	coding_exon	exon 1 (CDS1)	1	56	exon	figure3C	coordinate_mapped
ornithorhynchus_anatinus	IIIb	XM_029080810.2	XP_028936643.1	840	coding_exon	exon 2 (CDS2)	56	145	exon	figure3C	coordinate_mapped
ornithorhynchus_anatinus	IIIb	XM_029080810.2	XP_028936643.1	840	coding_exon	exon 3 (CDS3)	145	170	exon	figure3C	coordinate_mapped
ornithorhynchus_anatinus	IIIb	XM_029080810.2	XP_028936643.1	840	coding_exon	exon 4 (CDS4)	170	226	exon	figure3C	coordinate_mapped
ornithorhynchus_anatinus	IIIb	XM_029080810.2	XP_028936643.1	840	coding_exon	exon 5 (CDS5)	227	268	exon	figure3C	coordinate_mapped
ornithorhynchus_anatinus	IIIb	XM_029080810.2	XP_028936643.1	840	coding_exon	exon 6 (CDS6)	268	331	exon	figure3C	coordinate_mapped
ornithorhynchus_anatinus	IIIb	XM_029080810.2	XP_028936643.1	840	IIIb_slot	exon 7 (IIIb cassette)	332	380	cassette	figure3C	coordinate_mapped
ornithorhynchus_anatinus	IIIb	XM_029080810.2	XP_028936643.1	840	coding_exon	exon 8 (CDS8)	380	447	exon	figure3C	coordinate_mapped
ornithorhynchus_anatinus	IIIb	XM_029080810.2	XP_028936643.1	840	coding_exon	exon 9 (CDS9)	448	498	exon	figure3C	coordinate_mapped
ornithorhynchus_anatinus	IIIb	XM_029080810.2	XP_028936643.1	840	coding_exon	exon 10 (CDS10)	498	539	exon	figure3C	coordinate_mapped
ornithorhynchus_anatinus	IIIb	XM_029080810.2	XP_028936643.1	840	coding_exon	exon 11 (CDS11)	539	576	exon	figure3C	coordinate_mapped
ornithorhynchus_anatinus	IIIb	XM_029080810.2	XP_028936643.1	840	coding_exon	exon 12 (CDS12)	576	639	exon	figure3C	coordinate_mapped
ornithorhynchus_anatinus	IIIb	XM_029080810.2	XP_028936643.1	840	coding_exon	exon 13 (CDS13)	640	680	exon	figure3C	coordinate_mapped
ornithorhynchus_anatinus	IIIb	XM_029080810.2	XP_028936643.1	840	coding_exon	exon 14 (CDS14)	681	704	exon	figure3C	coordinate_mapped
ornithorhynchus_anatinus	IIIb	XM_029080810.2	XP_028936643.1	840	coding_exon	exon 15 (CDS15)	704	750	exon	figure3C	coordinate_mapped
ornithorhynchus_anatinus	IIIb	XM_029080810.2	XP_028936643.1	840	coding_exon	exon 16 (CDS16)	750	785	exon	figure3C	coordinate_mapped
ornithorhynchus_anatinus	IIIb	XM_029080810.2	XP_028936643.1	840	coding_exon	exon 17 (CDS17)	786	840	exon	figure3C	coordinate_mapped
ornithorhynchus_anatinus	IIIb	XM_029080810.2	XP_028936643.1	840	warning	signal peptide not annotated (no signal-peptide predictor)			warning	qc	architecture_supported_with_minor_flags
ornithorhynchus_anatinus	IIIb	XM_029080810.2	XP_028936643.1	840	warning	Ig1/Ig2/Ig3 numbering positional only (no CDD FGFR-specific Ig numbering)			warning	qc	architecture_supported_with_minor_flags
ornithorhynchus_anatinus	IIIc	XM_029080811.2	XP_028936644.1	839	ig_like_domain	Ig1	69	137	domain	interproscan	representative
ornithorhynchus_anatinus	IIIc	XM_029080811.2	XP_028936644.1	839	ig_like_domain	Ig2	189	266	domain	interproscan	representative
ornithorhynchus_anatinus	IIIc	XM_029080811.2	XP_028936644.1	839	ig_like_domain	Ig3	284	364	domain	interproscan	representative
ornithorhynchus_anatinus	IIIc	XM_029080811.2	XP_028936644.1	839	transmembrane_pytmhmm	TM	392	414	domain	pyTMHMM	receptor_tm
ornithorhynchus_anatinus	IIIc	XM_029080811.2	XP_028936644.1	839	kinase_domain	kinase	455	788	domain	interproscan	representative
ornithorhynchus_anatinus	IIIc	XM_029080811.2	XP_028936644.1	839	other_domain	FGFR family fingerprint	26	834	domain	interproscan	family_level
ornithorhynchus_anatinus	IIIc	XM_029080811.2	XP_028936644.1	839	coding_exon	exon 1 (CDS1)	1	56	exon	figure3C	coordinate_mapped
ornithorhynchus_anatinus	IIIc	XM_029080811.2	XP_028936644.1	839	coding_exon	exon 2 (CDS2)	56	145	exon	figure3C	coordinate_mapped
ornithorhynchus_anatinus	IIIc	XM_029080811.2	XP_028936644.1	839	coding_exon	exon 3 (CDS3)	145	170	exon	figure3C	coordinate_mapped
ornithorhynchus_anatinus	IIIc	XM_029080811.2	XP_028936644.1	839	coding_exon	exon 4 (CDS4)	170	226	exon	figure3C	coordinate_mapped
ornithorhynchus_anatinus	IIIc	XM_029080811.2	XP_028936644.1	839	coding_exon	exon 5 (CDS5)	227	268	exon	figure3C	coordinate_mapped
ornithorhynchus_anatinus	IIIc	XM_029080811.2	XP_028936644.1	839	coding_exon	exon 6 (CDS6)	268	331	exon	figure3C	coordinate_mapped
ornithorhynchus_anatinus	IIIc	XM_029080811.2	XP_028936644.1	839	IIIc_slot	exon 7 (IIIc cassette)	332	381	cassette	figure3C	coordinate_mapped
ornithorhynchus_anatinus	IIIc	XM_029080811.2	XP_028936644.1	839	coding_exon	exon 8 (CDS8)	381	448	exon	figure3C	coordinate_mapped
ornithorhynchus_anatinus	IIIc	XM_029080811.2	XP_028936644.1	839	coding_exon	exon 9 (CDS9)	449	499	exon	figure3C	coordinate_mapped
ornithorhynchus_anatinus	IIIc	XM_029080811.2	XP_028936644.1	839	coding_exon	exon 10 (CDS10)	499	540	exon	figure3C	coordinate_mapped
ornithorhynchus_anatinus	IIIc	XM_029080811.2	XP_028936644.1	839	coding_exon	exon 11 (CDS11)	540	577	exon	figure3C	coordinate_mapped
ornithorhynchus_anatinus	IIIc	XM_029080811.2	XP_028936644.1	839	coding_exon	exon 12 (CDS12)	577	640	exon	figure3C	coordinate_mapped
ornithorhynchus_anatinus	IIIc	XM_029080811.2	XP_028936644.1	839	coding_exon	exon 13 (CDS13)	641	681	exon	figure3C	coordinate_mapped
ornithorhynchus_anatinus	IIIc	XM_029080811.2	XP_028936644.1	839	coding_exon	exon 14 (CDS14)	682	705	exon	figure3C	coordinate_mapped
ornithorhynchus_anatinus	IIIc	XM_029080811.2	XP_028936644.1	839	coding_exon	exon 15 (CDS15)	705	751	exon	figure3C	coordinate_mapped
ornithorhynchus_anatinus	IIIc	XM_029080811.2	XP_028936644.1	839	coding_exon	exon 16 (CDS16)	751	786	exon	figure3C	coordinate_mapped
ornithorhynchus_anatinus	IIIc	XM_029080811.2	XP_028936644.1	839	coding_exon	exon 17 (CDS17)	787	839	exon	figure3C	coordinate_mapped
ornithorhynchus_anatinus	IIIc	XM_029080811.2	XP_028936644.1	839	warning	signal peptide not annotated (no signal-peptide predictor)			warning	qc	architecture_supported_with_minor_flags
ornithorhynchus_anatinus	IIIc	XM_029080811.2	XP_028936644.1	839	warning	Ig1/Ig2/Ig3 numbering positional only (no CDD FGFR-specific Ig numbering)			warning	qc	architecture_supported_with_minor_flags
ornithorhynchus_anatinus	IIIc	XM_029080811.2	XP_028936644.1	839	warning	final coding-exon block end clamped to protein length (+1/+2 aa codon-boundary rounding)			warning	qc	architecture_supported_with_minor_flags
ornithorhynchus_anatinus	IIIc	XM_029080811.2	XP_028936644.1	839	warning	coordinates otherwise unchanged			warning	qc	architecture_supported_with_minor_flags
oryctolagus_cuniculus	IIIb	XM_070056999.1	XP_069913100.1	841	ig_like_domain	Ig1	64	128	domain	interproscan	representative
oryctolagus_cuniculus	IIIb	XM_070056999.1	XP_069913100.1	841	ig_like_domain	Ig2	190	267	domain	interproscan	representative
oryctolagus_cuniculus	IIIb	XM_070056999.1	XP_069913100.1	841	ig_like_domain	Ig3	282	376	domain	interproscan	representative
oryctolagus_cuniculus	IIIb	XM_070056999.1	XP_069913100.1	841	transmembrane_pytmhmm	TM	394	416	domain	pyTMHMM	receptor_tm
oryctolagus_cuniculus	IIIb	XM_070056999.1	XP_069913100.1	841	transmembrane_pytmhmm	sig. anchor	14	36	domain	pyTMHMM	n_terminal_signal_anchor
oryctolagus_cuniculus	IIIb	XM_070056999.1	XP_069913100.1	841	kinase_domain	kinase	457	790	domain	interproscan	representative
oryctolagus_cuniculus	IIIb	XM_070056999.1	XP_069913100.1	841	other_domain	FGFR family fingerprint	27	835	domain	interproscan	family_level
oryctolagus_cuniculus	IIIb	XM_070056999.1	XP_069913100.1	841	coding_exon	exon 1 (CDS1)	1	56	exon	figure3C	coordinate_mapped
oryctolagus_cuniculus	IIIb	XM_070056999.1	XP_069913100.1	841	coding_exon	exon 2 (CDS2)	56	145	exon	figure3C	coordinate_mapped
oryctolagus_cuniculus	IIIb	XM_070056999.1	XP_069913100.1	841	coding_exon	exon 3 (CDS3)	145	171	exon	figure3C	coordinate_mapped
oryctolagus_cuniculus	IIIb	XM_070056999.1	XP_069913100.1	841	coding_exon	exon 4 (CDS4)	171	227	exon	figure3C	coordinate_mapped
oryctolagus_cuniculus	IIIb	XM_070056999.1	XP_069913100.1	841	coding_exon	exon 5 (CDS5)	228	269	exon	figure3C	coordinate_mapped
oryctolagus_cuniculus	IIIb	XM_070056999.1	XP_069913100.1	841	coding_exon	exon 6 (CDS6)	269	332	exon	figure3C	coordinate_mapped
oryctolagus_cuniculus	IIIb	XM_070056999.1	XP_069913100.1	841	IIIb_slot	exon 7 (IIIb cassette)	333	381	cassette	figure3C	coordinate_mapped
oryctolagus_cuniculus	IIIb	XM_070056999.1	XP_069913100.1	841	coding_exon	exon 8 (CDS8)	381	448	exon	figure3C	coordinate_mapped
oryctolagus_cuniculus	IIIb	XM_070056999.1	XP_069913100.1	841	coding_exon	exon 9 (CDS9)	449	499	exon	figure3C	coordinate_mapped
oryctolagus_cuniculus	IIIb	XM_070056999.1	XP_069913100.1	841	coding_exon	exon 10 (CDS10)	499	540	exon	figure3C	coordinate_mapped
oryctolagus_cuniculus	IIIb	XM_070056999.1	XP_069913100.1	841	coding_exon	exon 11 (CDS11)	540	577	exon	figure3C	coordinate_mapped
oryctolagus_cuniculus	IIIb	XM_070056999.1	XP_069913100.1	841	coding_exon	exon 12 (CDS12)	577	640	exon	figure3C	coordinate_mapped
oryctolagus_cuniculus	IIIb	XM_070056999.1	XP_069913100.1	841	coding_exon	exon 13 (CDS13)	641	681	exon	figure3C	coordinate_mapped
oryctolagus_cuniculus	IIIb	XM_070056999.1	XP_069913100.1	841	coding_exon	exon 14 (CDS14)	682	705	exon	figure3C	coordinate_mapped
oryctolagus_cuniculus	IIIb	XM_070056999.1	XP_069913100.1	841	coding_exon	exon 15 (CDS15)	705	751	exon	figure3C	coordinate_mapped
oryctolagus_cuniculus	IIIb	XM_070056999.1	XP_069913100.1	841	coding_exon	exon 16 (CDS16)	751	786	exon	figure3C	coordinate_mapped
oryctolagus_cuniculus	IIIb	XM_070056999.1	XP_069913100.1	841	coding_exon	exon 17 (CDS17)	787	841	exon	figure3C	coordinate_mapped
oryctolagus_cuniculus	IIIb	XM_070056999.1	XP_069913100.1	841	warning	signal region supported by N-terminal pyTMHMM anchor (no dedicated signal-peptide predictor)			warning	qc	architecture_supported
oryctolagus_cuniculus	IIIb	XM_070056999.1	XP_069913100.1	841	warning	Ig1/Ig2/Ig3 numbering positional only (no CDD FGFR-specific Ig numbering)			warning	qc	architecture_supported
oryctolagus_cuniculus	IIIc	XM_070056995.1	XP_069913096.1	840	ig_like_domain	Ig1	64	128	domain	interproscan	representative
oryctolagus_cuniculus	IIIc	XM_070056995.1	XP_069913096.1	840	ig_like_domain	Ig2	190	267	domain	interproscan	representative
oryctolagus_cuniculus	IIIc	XM_070056995.1	XP_069913096.1	840	ig_like_domain	Ig3	285	365	domain	interproscan	representative
oryctolagus_cuniculus	IIIc	XM_070056995.1	XP_069913096.1	840	transmembrane_pytmhmm	TM	393	415	domain	pyTMHMM	receptor_tm
oryctolagus_cuniculus	IIIc	XM_070056995.1	XP_069913096.1	840	transmembrane_pytmhmm	sig. anchor	14	36	domain	pyTMHMM	n_terminal_signal_anchor
oryctolagus_cuniculus	IIIc	XM_070056995.1	XP_069913096.1	840	kinase_domain	kinase	456	789	domain	interproscan	representative
oryctolagus_cuniculus	IIIc	XM_070056995.1	XP_069913096.1	840	other_domain	FGFR family fingerprint	27	834	domain	interproscan	family_level
oryctolagus_cuniculus	IIIc	XM_070056995.1	XP_069913096.1	840	coding_exon	exon 1 (CDS1)	1	56	exon	figure3C	coordinate_mapped
oryctolagus_cuniculus	IIIc	XM_070056995.1	XP_069913096.1	840	coding_exon	exon 2 (CDS2)	56	145	exon	figure3C	coordinate_mapped
oryctolagus_cuniculus	IIIc	XM_070056995.1	XP_069913096.1	840	coding_exon	exon 3 (CDS3)	145	171	exon	figure3C	coordinate_mapped
oryctolagus_cuniculus	IIIc	XM_070056995.1	XP_069913096.1	840	coding_exon	exon 4 (CDS4)	171	227	exon	figure3C	coordinate_mapped
oryctolagus_cuniculus	IIIc	XM_070056995.1	XP_069913096.1	840	coding_exon	exon 5 (CDS5)	228	269	exon	figure3C	coordinate_mapped
oryctolagus_cuniculus	IIIc	XM_070056995.1	XP_069913096.1	840	coding_exon	exon 6 (CDS6)	269	332	exon	figure3C	coordinate_mapped
oryctolagus_cuniculus	IIIc	XM_070056995.1	XP_069913096.1	840	IIIc_slot	exon 7 (IIIc cassette)	333	382	cassette	figure3C	coordinate_mapped
oryctolagus_cuniculus	IIIc	XM_070056995.1	XP_069913096.1	840	coding_exon	exon 8 (CDS8)	382	449	exon	figure3C	coordinate_mapped
oryctolagus_cuniculus	IIIc	XM_070056995.1	XP_069913096.1	840	coding_exon	exon 9 (CDS9)	450	500	exon	figure3C	coordinate_mapped
oryctolagus_cuniculus	IIIc	XM_070056995.1	XP_069913096.1	840	coding_exon	exon 10 (CDS10)	500	541	exon	figure3C	coordinate_mapped
oryctolagus_cuniculus	IIIc	XM_070056995.1	XP_069913096.1	840	coding_exon	exon 11 (CDS11)	541	578	exon	figure3C	coordinate_mapped
oryctolagus_cuniculus	IIIc	XM_070056995.1	XP_069913096.1	840	coding_exon	exon 12 (CDS12)	578	641	exon	figure3C	coordinate_mapped
oryctolagus_cuniculus	IIIc	XM_070056995.1	XP_069913096.1	840	coding_exon	exon 13 (CDS13)	642	682	exon	figure3C	coordinate_mapped
oryctolagus_cuniculus	IIIc	XM_070056995.1	XP_069913096.1	840	coding_exon	exon 14 (CDS14)	683	706	exon	figure3C	coordinate_mapped
oryctolagus_cuniculus	IIIc	XM_070056995.1	XP_069913096.1	840	coding_exon	exon 15 (CDS15)	706	752	exon	figure3C	coordinate_mapped
oryctolagus_cuniculus	IIIc	XM_070056995.1	XP_069913096.1	840	coding_exon	exon 16 (CDS16)	752	787	exon	figure3C	coordinate_mapped
oryctolagus_cuniculus	IIIc	XM_070056995.1	XP_069913096.1	840	coding_exon	exon 17 (CDS17)	788	840	exon	figure3C	coordinate_mapped
oryctolagus_cuniculus	IIIc	XM_070056995.1	XP_069913096.1	840	warning	signal region supported by N-terminal pyTMHMM anchor (no dedicated signal-peptide predictor)			warning	qc	architecture_supported
oryctolagus_cuniculus	IIIc	XM_070056995.1	XP_069913096.1	840	warning	Ig1/Ig2/Ig3 numbering positional only (no CDD FGFR-specific Ig numbering)			warning	qc	architecture_supported
oryctolagus_cuniculus	IIIc	XM_070056995.1	XP_069913096.1	840	warning	final coding-exon block end clamped to protein length (+1/+2 aa codon-boundary rounding)			warning	qc	architecture_supported
oryctolagus_cuniculus	IIIc	XM_070056995.1	XP_069913096.1	840	warning	coordinates otherwise unchanged			warning	qc	architecture_supported
oryzias_latipes	IIIb	XM_011484753.4	XP_011483055.1	830	ig_like_domain	Ig1	67	128	domain	interproscan	representative
oryzias_latipes	IIIb	XM_011484753.4	XP_011483055.1	830	ig_like_domain	Ig2	187	264	domain	interproscan	representative
oryzias_latipes	IIIb	XM_011484753.4	XP_011483055.1	830	ig_like_domain	Ig3	279	373	domain	interproscan	representative
oryzias_latipes	IIIb	XM_011484753.4	XP_011483055.1	830	transmembrane_pytmhmm	TM	387	409	domain	pyTMHMM	receptor_tm
oryzias_latipes	IIIb	XM_011484753.4	XP_011483055.1	830	transmembrane_pytmhmm	sig. anchor	20	39	domain	pyTMHMM	n_terminal_signal_anchor
oryzias_latipes	IIIb	XM_011484753.4	XP_011483055.1	830	kinase_domain	kinase	448	779	domain	interproscan	representative
oryzias_latipes	IIIb	XM_011484753.4	XP_011483055.1	830	other_domain	FGFR family fingerprint	32	824	domain	interproscan	family_level
oryzias_latipes	IIIb	XM_011484753.4	XP_011483055.1	830	coding_exon	exon 1 (CDS1)	1	57	exon	cds_features_native (XM_011484753.4)	native_reconstructed
oryzias_latipes	IIIb	XM_011484753.4	XP_011483055.1	830	coding_exon	exon 2 (CDS2)	57	143	exon	cds_features_native (XM_011484753.4)	native_reconstructed
oryzias_latipes	IIIb	XM_011484753.4	XP_011483055.1	830	coding_exon	exon 3 (CDS3)	143	168	exon	cds_features_native (XM_011484753.4)	native_reconstructed
oryzias_latipes	IIIb	XM_011484753.4	XP_011483055.1	830	coding_exon	exon 4 (CDS4)	168	224	exon	cds_features_native (XM_011484753.4)	native_reconstructed
oryzias_latipes	IIIb	XM_011484753.4	XP_011483055.1	830	coding_exon	exon 5 (CDS5)	225	266	exon	cds_features_native (XM_011484753.4)	native_reconstructed
oryzias_latipes	IIIb	XM_011484753.4	XP_011483055.1	830	coding_exon	exon 6 (CDS6)	266	329	exon	cds_features_native (XM_011484753.4)	native_reconstructed
oryzias_latipes	IIIb	XM_011484753.4	XP_011483055.1	830	IIIb_slot	exon 7 (CDS7)	330	376	cassette	figure3C	coordinate_mapped
oryzias_latipes	IIIb	XM_011484753.4	XP_011483055.1	830	coding_exon	exon 8 (CDS8)	376	442	exon	cds_features_native (XM_011484753.4)	native_reconstructed
oryzias_latipes	IIIb	XM_011484753.4	XP_011483055.1	830	coding_exon	exon 9 (CDS9)	443	489	exon	cds_features_native (XM_011484753.4)	native_reconstructed
oryzias_latipes	IIIb	XM_011484753.4	XP_011483055.1	830	coding_exon	exon 10 (CDS10)	489	530	exon	cds_features_native (XM_011484753.4)	native_reconstructed
oryzias_latipes	IIIb	XM_011484753.4	XP_011483055.1	830	coding_exon	exon 11 (CDS11)	530	567	exon	cds_features_native (XM_011484753.4)	native_reconstructed
oryzias_latipes	IIIb	XM_011484753.4	XP_011483055.1	830	coding_exon	exon 12 (CDS12)	567	630	exon	cds_features_native (XM_011484753.4)	native_reconstructed
oryzias_latipes	IIIb	XM_011484753.4	XP_011483055.1	830	coding_exon	exon 13 (CDS13)	631	671	exon	cds_features_native (XM_011484753.4)	native_reconstructed
oryzias_latipes	IIIb	XM_011484753.4	XP_011483055.1	830	coding_exon	exon 14 (CDS14)	672	695	exon	cds_features_native (XM_011484753.4)	native_reconstructed
oryzias_latipes	IIIb	XM_011484753.4	XP_011483055.1	830	coding_exon	exon 15 (CDS15)	695	741	exon	cds_features_native (XM_011484753.4)	native_reconstructed
oryzias_latipes	IIIb	XM_011484753.4	XP_011483055.1	830	coding_exon	exon 16 (CDS16)	741	776	exon	cds_features_native (XM_011484753.4)	native_reconstructed
oryzias_latipes	IIIb	XM_011484753.4	XP_011483055.1	830	coding_exon	exon 17 (CDS17)	777	830	exon	cds_features_native (XM_011484753.4)	native_reconstructed
oryzias_latipes	IIIb	XM_011484753.4	XP_011483055.1	830	warning	signal region supported by N-terminal pyTMHMM anchor (no dedicated signal-peptide predictor)			warning	qc	architecture_supported
oryzias_latipes	IIIb	XM_011484753.4	XP_011483055.1	830	warning	Ig1/Ig2/Ig3 numbering positional only (no CDD FGFR-specific Ig numbering)			warning	qc	architecture_supported
oryzias_latipes	IIIb	XM_011484753.4	XP_011483055.1	830	warning	coding-exon blocks reconstructed from native CDS (display-coordinate sanitation)			warning	qc	architecture_supported
oryzias_latipes	IIIb	XM_011484753.4	XP_011483055.1	830	warning	biology unchanged			warning	qc	architecture_supported
oryzias_latipes	IIIc	XM_078931618.1	XP_078787744.1	832	ig_like_domain	Ig1	67	128	domain	interproscan	representative
oryzias_latipes	IIIc	XM_078931618.1	XP_078787744.1	832	ig_like_domain	Ig2	187	264	domain	interproscan	representative
oryzias_latipes	IIIc	XM_078931618.1	XP_078787744.1	832	ig_like_domain	Ig3	279	375	domain	interproscan	representative
oryzias_latipes	IIIc	XM_078931618.1	XP_078787744.1	832	transmembrane_pytmhmm	TM	389	411	domain	pyTMHMM	receptor_tm
oryzias_latipes	IIIc	XM_078931618.1	XP_078787744.1	832	transmembrane_pytmhmm	sig. anchor	20	39	domain	pyTMHMM	n_terminal_signal_anchor
oryzias_latipes	IIIc	XM_078931618.1	XP_078787744.1	832	kinase_domain	kinase	450	781	domain	interproscan	representative
oryzias_latipes	IIIc	XM_078931618.1	XP_078787744.1	832	other_domain	FGFR family fingerprint	32	826	domain	interproscan	family_level
oryzias_latipes	IIIc	XM_078931618.1	XP_078787744.1	832	coding_exon	exon 1 (CDS1)	1	57	exon	figure3C	coordinate_mapped
oryzias_latipes	IIIc	XM_078931618.1	XP_078787744.1	832	coding_exon	exon 2 (CDS2)	57	143	exon	figure3C	coordinate_mapped
oryzias_latipes	IIIc	XM_078931618.1	XP_078787744.1	832	coding_exon	exon 3 (CDS3)	143	168	exon	figure3C	coordinate_mapped
oryzias_latipes	IIIc	XM_078931618.1	XP_078787744.1	832	coding_exon	exon 4 (CDS4)	168	224	exon	figure3C	coordinate_mapped
oryzias_latipes	IIIc	XM_078931618.1	XP_078787744.1	832	coding_exon	exon 5 (CDS5)	225	266	exon	figure3C	coordinate_mapped
oryzias_latipes	IIIc	XM_078931618.1	XP_078787744.1	832	coding_exon	exon 6 (CDS6)	266	329	exon	figure3C	coordinate_mapped
oryzias_latipes	IIIc	XM_078931618.1	XP_078787744.1	832	IIIc_slot	exon 7 (IIIc cassette)	330	376	cassette	figure3C	coordinate_mapped
oryzias_latipes	IIIc	XM_078931618.1	XP_078787744.1	832	coding_exon	exon 8 (CDS8)	376	442	exon	figure3C	coordinate_mapped
oryzias_latipes	IIIc	XM_078931618.1	XP_078787744.1	832	coding_exon	exon 9 (CDS9)	443	489	exon	figure3C	coordinate_mapped
oryzias_latipes	IIIc	XM_078931618.1	XP_078787744.1	832	coding_exon	exon 10 (CDS10)	489	530	exon	figure3C	coordinate_mapped
oryzias_latipes	IIIc	XM_078931618.1	XP_078787744.1	832	coding_exon	exon 11 (CDS11)	530	567	exon	figure3C	coordinate_mapped
oryzias_latipes	IIIc	XM_078931618.1	XP_078787744.1	832	coding_exon	exon 12 (CDS12)	567	630	exon	figure3C	coordinate_mapped
oryzias_latipes	IIIc	XM_078931618.1	XP_078787744.1	832	coding_exon	exon 13 (CDS13)	631	671	exon	figure3C	coordinate_mapped
oryzias_latipes	IIIc	XM_078931618.1	XP_078787744.1	832	coding_exon	exon 14 (CDS14)	672	695	exon	figure3C	coordinate_mapped
oryzias_latipes	IIIc	XM_078931618.1	XP_078787744.1	832	coding_exon	exon 15 (CDS15)	695	741	exon	figure3C	coordinate_mapped
oryzias_latipes	IIIc	XM_078931618.1	XP_078787744.1	832	coding_exon	exon 16 (CDS16)	741	776	exon	figure3C	coordinate_mapped
oryzias_latipes	IIIc	XM_078931618.1	XP_078787744.1	832	coding_exon	exon 17 (CDS17)	777	831	exon	figure3C	coordinate_mapped
oryzias_latipes	IIIc	XM_078931618.1	XP_078787744.1	832	warning	signal region supported by N-terminal pyTMHMM anchor (no dedicated signal-peptide predictor)			warning	qc	architecture_supported
oryzias_latipes	IIIc	XM_078931618.1	XP_078787744.1	832	warning	Ig1/Ig2/Ig3 numbering positional only (no CDD FGFR-specific Ig numbering)			warning	qc	architecture_supported
ovis_aries	IIIb	XM_060404505.1	XP_060260488.1	841	ig_like_domain	Ig1	64	128	domain	interproscan	representative
ovis_aries	IIIb	XM_060404505.1	XP_060260488.1	841	ig_like_domain	Ig2	190	267	domain	interproscan	representative
ovis_aries	IIIb	XM_060404505.1	XP_060260488.1	841	ig_like_domain	Ig3	282	376	domain	interproscan	representative
ovis_aries	IIIb	XM_060404505.1	XP_060260488.1	841	transmembrane_pytmhmm	TM	394	416	domain	pyTMHMM	receptor_tm
ovis_aries	IIIb	XM_060404505.1	XP_060260488.1	841	transmembrane_pytmhmm	sig. anchor	20	39	domain	pyTMHMM	n_terminal_signal_anchor
ovis_aries	IIIb	XM_060404505.1	XP_060260488.1	841	kinase_domain	kinase	457	790	domain	interproscan	representative
ovis_aries	IIIb	XM_060404505.1	XP_060260488.1	841	other_domain	FGFR family fingerprint	27	836	domain	interproscan	family_level
ovis_aries	IIIb	XM_060404505.1	XP_060260488.1	841	coding_exon	exon 1 (CDS1)	1	56	exon	figure3C	coordinate_mapped
ovis_aries	IIIb	XM_060404505.1	XP_060260488.1	841	coding_exon	exon 2 (CDS2)	56	145	exon	figure3C	coordinate_mapped
ovis_aries	IIIb	XM_060404505.1	XP_060260488.1	841	coding_exon	exon 3 (CDS3)	145	171	exon	figure3C	coordinate_mapped
ovis_aries	IIIb	XM_060404505.1	XP_060260488.1	841	coding_exon	exon 4 (CDS4)	171	227	exon	figure3C	coordinate_mapped
ovis_aries	IIIb	XM_060404505.1	XP_060260488.1	841	coding_exon	exon 5 (CDS5)	228	269	exon	figure3C	coordinate_mapped
ovis_aries	IIIb	XM_060404505.1	XP_060260488.1	841	coding_exon	exon 6 (CDS6)	269	332	exon	figure3C	coordinate_mapped
ovis_aries	IIIb	XM_060404505.1	XP_060260488.1	841	IIIb_slot	exon 7 (IIIb cassette)	333	381	cassette	figure3C	coordinate_mapped
ovis_aries	IIIb	XM_060404505.1	XP_060260488.1	841	coding_exon	exon 8 (CDS8)	381	449	exon	figure3C	coordinate_mapped
ovis_aries	IIIb	XM_060404505.1	XP_060260488.1	841	coding_exon	exon 9 (CDS9)	449	499	exon	figure3C	coordinate_mapped
ovis_aries	IIIb	XM_060404505.1	XP_060260488.1	841	coding_exon	exon 10 (CDS10)	499	540	exon	figure3C	coordinate_mapped
ovis_aries	IIIb	XM_060404505.1	XP_060260488.1	841	coding_exon	exon 11 (CDS11)	540	577	exon	figure3C	coordinate_mapped
ovis_aries	IIIb	XM_060404505.1	XP_060260488.1	841	coding_exon	exon 12 (CDS12)	577	640	exon	figure3C	coordinate_mapped
ovis_aries	IIIb	XM_060404505.1	XP_060260488.1	841	coding_exon	exon 13 (CDS13)	641	681	exon	figure3C	coordinate_mapped
ovis_aries	IIIb	XM_060404505.1	XP_060260488.1	841	coding_exon	exon 14 (CDS14)	682	705	exon	figure3C	coordinate_mapped
ovis_aries	IIIb	XM_060404505.1	XP_060260488.1	841	coding_exon	exon 15 (CDS15)	705	751	exon	figure3C	coordinate_mapped
ovis_aries	IIIb	XM_060404505.1	XP_060260488.1	841	coding_exon	exon 16 (CDS16)	751	786	exon	figure3C	coordinate_mapped
ovis_aries	IIIb	XM_060404505.1	XP_060260488.1	841	coding_exon	exon 17 (CDS17)	787	841	exon	figure3C	coordinate_mapped
ovis_aries	IIIb	XM_060404505.1	XP_060260488.1	841	warning	signal region supported by N-terminal pyTMHMM anchor (no dedicated signal-peptide predictor)			warning	qc	architecture_supported
ovis_aries	IIIb	XM_060404505.1	XP_060260488.1	841	warning	Ig1/Ig2/Ig3 numbering positional only (no CDD FGFR-specific Ig numbering)			warning	qc	architecture_supported
ovis_aries	IIIc	XM_060404507.1	XP_060260490.1	840	ig_like_domain	Ig1	64	128	domain	interproscan	representative
ovis_aries	IIIc	XM_060404507.1	XP_060260490.1	840	ig_like_domain	Ig2	190	267	domain	interproscan	representative
ovis_aries	IIIc	XM_060404507.1	XP_060260490.1	840	ig_like_domain	Ig3	285	365	domain	interproscan	representative
ovis_aries	IIIc	XM_060404507.1	XP_060260490.1	840	transmembrane_pytmhmm	TM	393	415	domain	pyTMHMM	receptor_tm
ovis_aries	IIIc	XM_060404507.1	XP_060260490.1	840	transmembrane_pytmhmm	sig. anchor	20	39	domain	pyTMHMM	n_terminal_signal_anchor
ovis_aries	IIIc	XM_060404507.1	XP_060260490.1	840	kinase_domain	kinase	456	789	domain	interproscan	representative
ovis_aries	IIIc	XM_060404507.1	XP_060260490.1	840	other_domain	FGFR family fingerprint	27	835	domain	interproscan	family_level
ovis_aries	IIIc	XM_060404507.1	XP_060260490.1	840	coding_exon	exon 1 (CDS1)	1	56	exon	figure3C	coordinate_mapped
ovis_aries	IIIc	XM_060404507.1	XP_060260490.1	840	coding_exon	exon 2 (CDS2)	56	145	exon	figure3C	coordinate_mapped
ovis_aries	IIIc	XM_060404507.1	XP_060260490.1	840	coding_exon	exon 3 (CDS3)	145	171	exon	figure3C	coordinate_mapped
ovis_aries	IIIc	XM_060404507.1	XP_060260490.1	840	coding_exon	exon 4 (CDS4)	171	227	exon	figure3C	coordinate_mapped
ovis_aries	IIIc	XM_060404507.1	XP_060260490.1	840	coding_exon	exon 5 (CDS5)	228	269	exon	figure3C	coordinate_mapped
ovis_aries	IIIc	XM_060404507.1	XP_060260490.1	840	coding_exon	exon 6 (CDS6)	269	332	exon	figure3C	coordinate_mapped
ovis_aries	IIIc	XM_060404507.1	XP_060260490.1	840	IIIc_slot	exon 7 (IIIc cassette)	333	382	cassette	figure3C	coordinate_mapped
ovis_aries	IIIc	XM_060404507.1	XP_060260490.1	840	coding_exon	exon 8 (CDS8)	382	450	exon	figure3C	coordinate_mapped
ovis_aries	IIIc	XM_060404507.1	XP_060260490.1	840	coding_exon	exon 9 (CDS9)	450	500	exon	figure3C	coordinate_mapped
ovis_aries	IIIc	XM_060404507.1	XP_060260490.1	840	coding_exon	exon 10 (CDS10)	500	541	exon	figure3C	coordinate_mapped
ovis_aries	IIIc	XM_060404507.1	XP_060260490.1	840	coding_exon	exon 11 (CDS11)	541	578	exon	figure3C	coordinate_mapped
ovis_aries	IIIc	XM_060404507.1	XP_060260490.1	840	coding_exon	exon 12 (CDS12)	578	641	exon	figure3C	coordinate_mapped
ovis_aries	IIIc	XM_060404507.1	XP_060260490.1	840	coding_exon	exon 13 (CDS13)	642	682	exon	figure3C	coordinate_mapped
ovis_aries	IIIc	XM_060404507.1	XP_060260490.1	840	coding_exon	exon 14 (CDS14)	683	706	exon	figure3C	coordinate_mapped
ovis_aries	IIIc	XM_060404507.1	XP_060260490.1	840	coding_exon	exon 15 (CDS15)	706	752	exon	figure3C	coordinate_mapped
ovis_aries	IIIc	XM_060404507.1	XP_060260490.1	840	coding_exon	exon 16 (CDS16)	752	787	exon	figure3C	coordinate_mapped
ovis_aries	IIIc	XM_060404507.1	XP_060260490.1	840	coding_exon	exon 17 (CDS17)	788	840	exon	figure3C	coordinate_mapped
ovis_aries	IIIc	XM_060404507.1	XP_060260490.1	840	warning	signal region supported by N-terminal pyTMHMM anchor (no dedicated signal-peptide predictor)			warning	qc	architecture_supported
ovis_aries	IIIc	XM_060404507.1	XP_060260490.1	840	warning	Ig1/Ig2/Ig3 numbering positional only (no CDD FGFR-specific Ig numbering)			warning	qc	architecture_supported
ovis_aries	IIIc	XM_060404507.1	XP_060260490.1	840	warning	final coding-exon block end clamped to protein length (+1/+2 aa codon-boundary rounding)			warning	qc	architecture_supported
ovis_aries	IIIc	XM_060404507.1	XP_060260490.1	840	warning	coordinates otherwise unchanged			warning	qc	architecture_supported
pan_troglodytes	IIIb	XM_054660538.2	XP_054516513.1	841	ig_like_domain	Ig1	64	129	domain	interproscan	representative
pan_troglodytes	IIIb	XM_054660538.2	XP_054516513.1	841	ig_like_domain	Ig2	190	267	domain	interproscan	representative
pan_troglodytes	IIIb	XM_054660538.2	XP_054516513.1	841	ig_like_domain	Ig3	282	376	domain	interproscan	representative
pan_troglodytes	IIIb	XM_054660538.2	XP_054516513.1	841	transmembrane_pytmhmm	TM	394	416	domain	pyTMHMM	receptor_tm
pan_troglodytes	IIIb	XM_054660538.2	XP_054516513.1	841	transmembrane_pytmhmm	sig. anchor	20	39	domain	pyTMHMM	n_terminal_signal_anchor
pan_troglodytes	IIIb	XM_054660538.2	XP_054516513.1	841	kinase_domain	kinase	457	790	domain	interproscan	representative
pan_troglodytes	IIIb	XM_054660538.2	XP_054516513.1	841	other_domain	FGFR family fingerprint	27	836	domain	interproscan	family_level
pan_troglodytes	IIIb	XM_054660538.2	XP_054516513.1	841	coding_exon	exon 1 (CDS1)	1	56	exon	figure3C	coordinate_mapped
pan_troglodytes	IIIb	XM_054660538.2	XP_054516513.1	841	coding_exon	exon 2 (CDS2)	56	145	exon	figure3C	coordinate_mapped
pan_troglodytes	IIIb	XM_054660538.2	XP_054516513.1	841	coding_exon	exon 3 (CDS3)	145	171	exon	figure3C	coordinate_mapped
pan_troglodytes	IIIb	XM_054660538.2	XP_054516513.1	841	coding_exon	exon 4 (CDS4)	171	227	exon	figure3C	coordinate_mapped
pan_troglodytes	IIIb	XM_054660538.2	XP_054516513.1	841	coding_exon	exon 5 (CDS5)	228	269	exon	figure3C	coordinate_mapped
pan_troglodytes	IIIb	XM_054660538.2	XP_054516513.1	841	coding_exon	exon 6 (CDS6)	269	332	exon	figure3C	coordinate_mapped
pan_troglodytes	IIIb	XM_054660538.2	XP_054516513.1	841	IIIb_slot	exon 7 (IIIb cassette)	333	381	cassette	figure3C	coordinate_mapped
pan_troglodytes	IIIb	XM_054660538.2	XP_054516513.1	841	coding_exon	exon 8 (CDS8)	381	449	exon	figure3C	coordinate_mapped
pan_troglodytes	IIIb	XM_054660538.2	XP_054516513.1	841	coding_exon	exon 9 (CDS9)	449	499	exon	figure3C	coordinate_mapped
pan_troglodytes	IIIb	XM_054660538.2	XP_054516513.1	841	coding_exon	exon 10 (CDS10)	499	540	exon	figure3C	coordinate_mapped
pan_troglodytes	IIIb	XM_054660538.2	XP_054516513.1	841	coding_exon	exon 11 (CDS11)	540	577	exon	figure3C	coordinate_mapped
pan_troglodytes	IIIb	XM_054660538.2	XP_054516513.1	841	coding_exon	exon 12 (CDS12)	577	640	exon	figure3C	coordinate_mapped
pan_troglodytes	IIIb	XM_054660538.2	XP_054516513.1	841	coding_exon	exon 13 (CDS13)	641	681	exon	figure3C	coordinate_mapped
pan_troglodytes	IIIb	XM_054660538.2	XP_054516513.1	841	coding_exon	exon 14 (CDS14)	682	705	exon	figure3C	coordinate_mapped
pan_troglodytes	IIIb	XM_054660538.2	XP_054516513.1	841	coding_exon	exon 15 (CDS15)	705	751	exon	figure3C	coordinate_mapped
pan_troglodytes	IIIb	XM_054660538.2	XP_054516513.1	841	coding_exon	exon 16 (CDS16)	751	786	exon	figure3C	coordinate_mapped
pan_troglodytes	IIIb	XM_054660538.2	XP_054516513.1	841	coding_exon	exon 17 (CDS17)	787	841	exon	figure3C	coordinate_mapped
pan_troglodytes	IIIb	XM_054660538.2	XP_054516513.1	841	warning	signal region supported by N-terminal pyTMHMM anchor (no dedicated signal-peptide predictor)			warning	qc	architecture_supported
pan_troglodytes	IIIb	XM_054660538.2	XP_054516513.1	841	warning	Ig1/Ig2/Ig3 numbering positional only (no CDD FGFR-specific Ig numbering)			warning	qc	architecture_supported
pan_troglodytes	IIIc	XM_054660539.2	XP_054516514.1	840	ig_like_domain	Ig1	64	129	domain	interproscan	representative
pan_troglodytes	IIIc	XM_054660539.2	XP_054516514.1	840	ig_like_domain	Ig2	190	267	domain	interproscan	representative
pan_troglodytes	IIIc	XM_054660539.2	XP_054516514.1	840	ig_like_domain	Ig3	285	365	domain	interproscan	representative
pan_troglodytes	IIIc	XM_054660539.2	XP_054516514.1	840	transmembrane_pytmhmm	TM	393	415	domain	pyTMHMM	receptor_tm
pan_troglodytes	IIIc	XM_054660539.2	XP_054516514.1	840	transmembrane_pytmhmm	sig. anchor	20	39	domain	pyTMHMM	n_terminal_signal_anchor
pan_troglodytes	IIIc	XM_054660539.2	XP_054516514.1	840	kinase_domain	kinase	456	789	domain	interproscan	representative
pan_troglodytes	IIIc	XM_054660539.2	XP_054516514.1	840	other_domain	FGFR family fingerprint	27	835	domain	interproscan	family_level
pan_troglodytes	IIIc	XM_054660539.2	XP_054516514.1	840	coding_exon	exon 1 (CDS1)	1	56	exon	figure3C	coordinate_mapped
pan_troglodytes	IIIc	XM_054660539.2	XP_054516514.1	840	coding_exon	exon 2 (CDS2)	56	145	exon	figure3C	coordinate_mapped
pan_troglodytes	IIIc	XM_054660539.2	XP_054516514.1	840	coding_exon	exon 3 (CDS3)	145	171	exon	figure3C	coordinate_mapped
pan_troglodytes	IIIc	XM_054660539.2	XP_054516514.1	840	coding_exon	exon 4 (CDS4)	171	227	exon	figure3C	coordinate_mapped
pan_troglodytes	IIIc	XM_054660539.2	XP_054516514.1	840	coding_exon	exon 5 (CDS5)	228	269	exon	figure3C	coordinate_mapped
pan_troglodytes	IIIc	XM_054660539.2	XP_054516514.1	840	coding_exon	exon 6 (CDS6)	269	332	exon	figure3C	coordinate_mapped
pan_troglodytes	IIIc	XM_054660539.2	XP_054516514.1	840	IIIc_slot	exon 7 (IIIc cassette)	333	382	cassette	figure3C	coordinate_mapped
pan_troglodytes	IIIc	XM_054660539.2	XP_054516514.1	840	coding_exon	exon 8 (CDS8)	382	450	exon	figure3C	coordinate_mapped
pan_troglodytes	IIIc	XM_054660539.2	XP_054516514.1	840	coding_exon	exon 9 (CDS9)	450	500	exon	figure3C	coordinate_mapped
pan_troglodytes	IIIc	XM_054660539.2	XP_054516514.1	840	coding_exon	exon 10 (CDS10)	500	541	exon	figure3C	coordinate_mapped
pan_troglodytes	IIIc	XM_054660539.2	XP_054516514.1	840	coding_exon	exon 11 (CDS11)	541	578	exon	figure3C	coordinate_mapped
pan_troglodytes	IIIc	XM_054660539.2	XP_054516514.1	840	coding_exon	exon 12 (CDS12)	578	641	exon	figure3C	coordinate_mapped
pan_troglodytes	IIIc	XM_054660539.2	XP_054516514.1	840	coding_exon	exon 13 (CDS13)	642	682	exon	figure3C	coordinate_mapped
pan_troglodytes	IIIc	XM_054660539.2	XP_054516514.1	840	coding_exon	exon 14 (CDS14)	683	706	exon	figure3C	coordinate_mapped
pan_troglodytes	IIIc	XM_054660539.2	XP_054516514.1	840	coding_exon	exon 15 (CDS15)	706	752	exon	figure3C	coordinate_mapped
pan_troglodytes	IIIc	XM_054660539.2	XP_054516514.1	840	coding_exon	exon 16 (CDS16)	752	787	exon	figure3C	coordinate_mapped
pan_troglodytes	IIIc	XM_054660539.2	XP_054516514.1	840	coding_exon	exon 17 (CDS17)	788	840	exon	figure3C	coordinate_mapped
pan_troglodytes	IIIc	XM_054660539.2	XP_054516514.1	840	warning	signal region supported by N-terminal pyTMHMM anchor (no dedicated signal-peptide predictor)			warning	qc	architecture_supported
pan_troglodytes	IIIc	XM_054660539.2	XP_054516514.1	840	warning	Ig1/Ig2/Ig3 numbering positional only (no CDD FGFR-specific Ig numbering)			warning	qc	architecture_supported
pan_troglodytes	IIIc	XM_054660539.2	XP_054516514.1	840	warning	final coding-exon block end clamped to protein length (+1/+2 aa codon-boundary rounding)			warning	qc	architecture_supported
pan_troglodytes	IIIc	XM_054660539.2	XP_054516514.1	840	warning	coordinates otherwise unchanged			warning	qc	architecture_supported
pongo_abelii	IIIc	XM_024252936	XP_024108704.1	838	ig_like_domain	Ig1	64	129	domain	interproscan	representative
pongo_abelii	IIIc	XM_024252936	XP_024108704.1	838	ig_like_domain	Ig2	190	267	domain	interproscan	representative
pongo_abelii	IIIc	XM_024252936	XP_024108704.1	838	ig_like_domain	Ig3	285	365	domain	interproscan	representative
pongo_abelii	IIIc	XM_024252936	XP_024108704.1	838	transmembrane_pytmhmm	TM	393	415	domain	pyTMHMM	receptor_tm
pongo_abelii	IIIc	XM_024252936	XP_024108704.1	838	transmembrane_pytmhmm	sig. anchor	20	39	domain	pyTMHMM	n_terminal_signal_anchor
pongo_abelii	IIIc	XM_024252936	XP_024108704.1	838	kinase_domain	kinase	454	787	domain	interproscan	representative
pongo_abelii	IIIc	XM_024252936	XP_024108704.1	838	other_domain	FGFR family fingerprint	27	833	domain	interproscan	family_level
pongo_abelii	IIIc	XM_024252936	XP_024108704.1	838	coding_exon	exon 1 (CDS1)	1	56	exon	cds_features_native (XM_024252936)	native_reconstructed
pongo_abelii	IIIc	XM_024252936	XP_024108704.1	838	coding_exon	exon 2 (CDS2)	56	145	exon	cds_features_native (XM_024252936)	native_reconstructed
pongo_abelii	IIIc	XM_024252936	XP_024108704.1	838	coding_exon	exon 3 (CDS3)	145	171	exon	cds_features_native (XM_024252936)	native_reconstructed
pongo_abelii	IIIc	XM_024252936	XP_024108704.1	838	coding_exon	exon 4 (CDS4)	171	227	exon	cds_features_native (XM_024252936)	native_reconstructed
pongo_abelii	IIIc	XM_024252936	XP_024108704.1	838	coding_exon	exon 5 (CDS5)	228	269	exon	cds_features_native (XM_024252936)	native_reconstructed
pongo_abelii	IIIc	XM_024252936	XP_024108704.1	838	coding_exon	exon 6 (CDS6)	269	332	exon	cds_features_native (XM_024252936)	native_reconstructed
pongo_abelii	IIIc	XM_024252936	XP_024108704.1	838	coding_exon	exon 7 (CDS7)	333	381	exon	cds_features_native (XM_024252936)	native_reconstructed
pongo_abelii	IIIc	XM_024252936	XP_024108704.1	838	IIIc_slot	exon 8 (CDS8)	381	446	cassette	figure3C	coordinate_mapped
pongo_abelii	IIIc	XM_024252936	XP_024108704.1	838	coding_exon	exon 9 (CDS9)	447	497	exon	cds_features_native (XM_024252936)	native_reconstructed
pongo_abelii	IIIc	XM_024252936	XP_024108704.1	838	coding_exon	exon 10 (CDS10)	497	538	exon	cds_features_native (XM_024252936)	native_reconstructed
pongo_abelii	IIIc	XM_024252936	XP_024108704.1	838	coding_exon	exon 11 (CDS11)	538	575	exon	cds_features_native (XM_024252936)	native_reconstructed
pongo_abelii	IIIc	XM_024252936	XP_024108704.1	838	coding_exon	exon 12 (CDS12)	575	638	exon	cds_features_native (XM_024252936)	native_reconstructed
pongo_abelii	IIIc	XM_024252936	XP_024108704.1	838	coding_exon	exon 13 (CDS13)	639	679	exon	cds_features_native (XM_024252936)	native_reconstructed
pongo_abelii	IIIc	XM_024252936	XP_024108704.1	838	coding_exon	exon 14 (CDS14)	680	703	exon	cds_features_native (XM_024252936)	native_reconstructed
pongo_abelii	IIIc	XM_024252936	XP_024108704.1	838	coding_exon	exon 15 (CDS15)	703	749	exon	cds_features_native (XM_024252936)	native_reconstructed
pongo_abelii	IIIc	XM_024252936	XP_024108704.1	838	coding_exon	exon 16 (CDS16)	749	784	exon	cds_features_native (XM_024252936)	native_reconstructed
pongo_abelii	IIIc	XM_024252936	XP_024108704.1	838	coding_exon	exon 17 (CDS17)	785	838	exon	cds_features_native (XM_024252936)	native_reconstructed
pongo_abelii	IIIc	XM_024252936	XP_024108704.1	838	warning	signal region supported by N-terminal pyTMHMM anchor (no dedicated signal-peptide predictor)			warning	qc	architecture_supported
pongo_abelii	IIIc	XM_024252936	XP_024108704.1	838	warning	Ig1/Ig2/Ig3 numbering positional only (no CDD FGFR-specific Ig numbering)			warning	qc	architecture_supported
pongo_abelii	IIIc	XM_024252936	XP_024108704.1	838	warning	coding-exon blocks reconstructed from native CDS (display-coordinate sanitation)			warning	qc	architecture_supported
pongo_abelii	IIIc	XM_024252936	XP_024108704.1	838	warning	biology unchanged			warning	qc	architecture_supported
rattus_norvegicus	IIIb	XM_063281078.1	XP_063137148.1	841	ig_like_domain	Ig1	64	128	domain	interproscan	representative
rattus_norvegicus	IIIb	XM_063281078.1	XP_063137148.1	841	ig_like_domain	Ig2	190	267	domain	interproscan	representative
rattus_norvegicus	IIIb	XM_063281078.1	XP_063137148.1	841	ig_like_domain	Ig3	282	376	domain	interproscan	representative
rattus_norvegicus	IIIb	XM_063281078.1	XP_063137148.1	841	transmembrane_pytmhmm	TM	394	416	domain	pyTMHMM	receptor_tm
rattus_norvegicus	IIIb	XM_063281078.1	XP_063137148.1	841	transmembrane_pytmhmm	sig. anchor	9	31	domain	pyTMHMM	n_terminal_signal_anchor
rattus_norvegicus	IIIb	XM_063281078.1	XP_063137148.1	841	kinase_domain	kinase	457	790	domain	interproscan	representative
rattus_norvegicus	IIIb	XM_063281078.1	XP_063137148.1	841	other_domain	FGFR family fingerprint	27	836	domain	interproscan	family_level
rattus_norvegicus	IIIb	XM_063281078.1	XP_063137148.1	841	coding_exon	exon 1 (CDS1)	1	56	exon	figure3C	coordinate_mapped
rattus_norvegicus	IIIb	XM_063281078.1	XP_063137148.1	841	coding_exon	exon 2 (CDS2)	56	145	exon	figure3C	coordinate_mapped
rattus_norvegicus	IIIb	XM_063281078.1	XP_063137148.1	841	coding_exon	exon 3 (CDS3)	145	171	exon	figure3C	coordinate_mapped
rattus_norvegicus	IIIb	XM_063281078.1	XP_063137148.1	841	coding_exon	exon 4 (CDS4)	171	227	exon	figure3C	coordinate_mapped
rattus_norvegicus	IIIb	XM_063281078.1	XP_063137148.1	841	coding_exon	exon 5 (CDS5)	228	269	exon	figure3C	coordinate_mapped
rattus_norvegicus	IIIb	XM_063281078.1	XP_063137148.1	841	coding_exon	exon 6 (CDS6)	269	332	exon	figure3C	coordinate_mapped
rattus_norvegicus	IIIb	XM_063281078.1	XP_063137148.1	841	IIIb_slot	exon 7 (IIIb cassette)	333	381	cassette	figure3C	coordinate_mapped
rattus_norvegicus	IIIb	XM_063281078.1	XP_063137148.1	841	coding_exon	exon 8 (CDS8)	381	449	exon	figure3C	coordinate_mapped
rattus_norvegicus	IIIb	XM_063281078.1	XP_063137148.1	841	coding_exon	exon 9 (CDS9)	449	499	exon	figure3C	coordinate_mapped
rattus_norvegicus	IIIb	XM_063281078.1	XP_063137148.1	841	coding_exon	exon 10 (CDS10)	499	540	exon	figure3C	coordinate_mapped
rattus_norvegicus	IIIb	XM_063281078.1	XP_063137148.1	841	coding_exon	exon 11 (CDS11)	540	577	exon	figure3C	coordinate_mapped
rattus_norvegicus	IIIb	XM_063281078.1	XP_063137148.1	841	coding_exon	exon 12 (CDS12)	577	640	exon	figure3C	coordinate_mapped
rattus_norvegicus	IIIb	XM_063281078.1	XP_063137148.1	841	coding_exon	exon 13 (CDS13)	641	681	exon	figure3C	coordinate_mapped
rattus_norvegicus	IIIb	XM_063281078.1	XP_063137148.1	841	coding_exon	exon 14 (CDS14)	682	705	exon	figure3C	coordinate_mapped
rattus_norvegicus	IIIb	XM_063281078.1	XP_063137148.1	841	coding_exon	exon 15 (CDS15)	705	751	exon	figure3C	coordinate_mapped
rattus_norvegicus	IIIb	XM_063281078.1	XP_063137148.1	841	coding_exon	exon 16 (CDS16)	751	786	exon	figure3C	coordinate_mapped
rattus_norvegicus	IIIb	XM_063281078.1	XP_063137148.1	841	coding_exon	exon 17 (CDS17)	787	841	exon	figure3C	coordinate_mapped
rattus_norvegicus	IIIb	XM_063281078.1	XP_063137148.1	841	warning	signal region supported by N-terminal pyTMHMM anchor (no dedicated signal-peptide predictor)			warning	qc	architecture_supported
rattus_norvegicus	IIIb	XM_063281078.1	XP_063137148.1	841	warning	Ig1/Ig2/Ig3 numbering positional only (no CDD FGFR-specific Ig numbering)			warning	qc	architecture_supported
rattus_norvegicus	IIIc	XM_063281079.1	XP_063137149.1	840	ig_like_domain	Ig1	64	128	domain	interproscan	representative
rattus_norvegicus	IIIc	XM_063281079.1	XP_063137149.1	840	ig_like_domain	Ig2	190	267	domain	interproscan	representative
rattus_norvegicus	IIIc	XM_063281079.1	XP_063137149.1	840	ig_like_domain	Ig3	285	365	domain	interproscan	representative
rattus_norvegicus	IIIc	XM_063281079.1	XP_063137149.1	840	transmembrane_pytmhmm	TM	393	415	domain	pyTMHMM	receptor_tm
rattus_norvegicus	IIIc	XM_063281079.1	XP_063137149.1	840	transmembrane_pytmhmm	sig. anchor	9	31	domain	pyTMHMM	n_terminal_signal_anchor
rattus_norvegicus	IIIc	XM_063281079.1	XP_063137149.1	840	kinase_domain	kinase	456	789	domain	interproscan	representative
rattus_norvegicus	IIIc	XM_063281079.1	XP_063137149.1	840	other_domain	FGFR family fingerprint	27	835	domain	interproscan	family_level
rattus_norvegicus	IIIc	XM_063281079.1	XP_063137149.1	840	coding_exon	exon 1 (CDS1)	1	56	exon	figure3C	coordinate_mapped
rattus_norvegicus	IIIc	XM_063281079.1	XP_063137149.1	840	coding_exon	exon 2 (CDS2)	56	145	exon	figure3C	coordinate_mapped
rattus_norvegicus	IIIc	XM_063281079.1	XP_063137149.1	840	coding_exon	exon 3 (CDS3)	145	171	exon	figure3C	coordinate_mapped
rattus_norvegicus	IIIc	XM_063281079.1	XP_063137149.1	840	coding_exon	exon 4 (CDS4)	171	227	exon	figure3C	coordinate_mapped
rattus_norvegicus	IIIc	XM_063281079.1	XP_063137149.1	840	coding_exon	exon 5 (CDS5)	228	269	exon	figure3C	coordinate_mapped
rattus_norvegicus	IIIc	XM_063281079.1	XP_063137149.1	840	coding_exon	exon 6 (CDS6)	269	332	exon	figure3C	coordinate_mapped
rattus_norvegicus	IIIc	XM_063281079.1	XP_063137149.1	840	IIIc_slot	exon 7 (IIIc cassette)	333	382	cassette	figure3C	coordinate_mapped
rattus_norvegicus	IIIc	XM_063281079.1	XP_063137149.1	840	coding_exon	exon 8 (CDS8)	382	450	exon	figure3C	coordinate_mapped
rattus_norvegicus	IIIc	XM_063281079.1	XP_063137149.1	840	coding_exon	exon 9 (CDS9)	450	500	exon	figure3C	coordinate_mapped
rattus_norvegicus	IIIc	XM_063281079.1	XP_063137149.1	840	coding_exon	exon 10 (CDS10)	500	541	exon	figure3C	coordinate_mapped
rattus_norvegicus	IIIc	XM_063281079.1	XP_063137149.1	840	coding_exon	exon 11 (CDS11)	541	578	exon	figure3C	coordinate_mapped
rattus_norvegicus	IIIc	XM_063281079.1	XP_063137149.1	840	coding_exon	exon 12 (CDS12)	578	641	exon	figure3C	coordinate_mapped
rattus_norvegicus	IIIc	XM_063281079.1	XP_063137149.1	840	coding_exon	exon 13 (CDS13)	642	682	exon	figure3C	coordinate_mapped
rattus_norvegicus	IIIc	XM_063281079.1	XP_063137149.1	840	coding_exon	exon 14 (CDS14)	683	706	exon	figure3C	coordinate_mapped
rattus_norvegicus	IIIc	XM_063281079.1	XP_063137149.1	840	coding_exon	exon 15 (CDS15)	706	752	exon	figure3C	coordinate_mapped
rattus_norvegicus	IIIc	XM_063281079.1	XP_063137149.1	840	coding_exon	exon 16 (CDS16)	752	787	exon	figure3C	coordinate_mapped
rattus_norvegicus	IIIc	XM_063281079.1	XP_063137149.1	840	coding_exon	exon 17 (CDS17)	788	840	exon	figure3C	coordinate_mapped
rattus_norvegicus	IIIc	XM_063281079.1	XP_063137149.1	840	warning	signal region supported by N-terminal pyTMHMM anchor (no dedicated signal-peptide predictor)			warning	qc	architecture_supported
rattus_norvegicus	IIIc	XM_063281079.1	XP_063137149.1	840	warning	Ig1/Ig2/Ig3 numbering positional only (no CDD FGFR-specific Ig numbering)			warning	qc	architecture_supported
rattus_norvegicus	IIIc	XM_063281079.1	XP_063137149.1	840	warning	final coding-exon block end clamped to protein length (+1/+2 aa codon-boundary rounding)			warning	qc	architecture_supported
rattus_norvegicus	IIIc	XM_063281079.1	XP_063137149.1	840	warning	coordinates otherwise unchanged			warning	qc	architecture_supported
sus_scrofa	IIIb	XM_084993068.1	XP_084849194.1	841	ig_like_domain	Ig1	64	128	domain	interproscan	representative
sus_scrofa	IIIb	XM_084993068.1	XP_084849194.1	841	ig_like_domain	Ig2	190	267	domain	interproscan	representative
sus_scrofa	IIIb	XM_084993068.1	XP_084849194.1	841	ig_like_domain	Ig3	282	376	domain	interproscan	representative
sus_scrofa	IIIb	XM_084993068.1	XP_084849194.1	841	transmembrane_pytmhmm	TM	394	416	domain	pyTMHMM	receptor_tm
sus_scrofa	IIIb	XM_084993068.1	XP_084849194.1	841	transmembrane_pytmhmm	sig. anchor	20	39	domain	pyTMHMM	n_terminal_signal_anchor
sus_scrofa	IIIb	XM_084993068.1	XP_084849194.1	841	kinase_domain	kinase	457	781	domain	interproscan	representative
sus_scrofa	IIIb	XM_084993068.1	XP_084849194.1	841	other_domain	FGFR family fingerprint	27	836	domain	interproscan	family_level
sus_scrofa	IIIb	XM_084993068.1	XP_084849194.1	841	coding_exon	exon 1 (CDS1)	1	56	exon	figure3C	coordinate_mapped
sus_scrofa	IIIb	XM_084993068.1	XP_084849194.1	841	coding_exon	exon 2 (CDS2)	56	145	exon	figure3C	coordinate_mapped
sus_scrofa	IIIb	XM_084993068.1	XP_084849194.1	841	coding_exon	exon 3 (CDS3)	145	171	exon	figure3C	coordinate_mapped
sus_scrofa	IIIb	XM_084993068.1	XP_084849194.1	841	coding_exon	exon 4 (CDS4)	171	227	exon	figure3C	coordinate_mapped
sus_scrofa	IIIb	XM_084993068.1	XP_084849194.1	841	coding_exon	exon 5 (CDS5)	228	269	exon	figure3C	coordinate_mapped
sus_scrofa	IIIb	XM_084993068.1	XP_084849194.1	841	coding_exon	exon 6 (CDS6)	269	332	exon	figure3C	coordinate_mapped
sus_scrofa	IIIb	XM_084993068.1	XP_084849194.1	841	IIIb_slot	exon 7 (IIIb cassette)	333	381	cassette	figure3C	coordinate_mapped
sus_scrofa	IIIb	XM_084993068.1	XP_084849194.1	841	coding_exon	exon 8 (CDS8)	381	449	exon	figure3C	coordinate_mapped
sus_scrofa	IIIb	XM_084993068.1	XP_084849194.1	841	coding_exon	exon 9 (CDS9)	449	499	exon	figure3C	coordinate_mapped
sus_scrofa	IIIb	XM_084993068.1	XP_084849194.1	841	coding_exon	exon 10 (CDS10)	499	540	exon	figure3C	coordinate_mapped
sus_scrofa	IIIb	XM_084993068.1	XP_084849194.1	841	coding_exon	exon 11 (CDS11)	540	577	exon	figure3C	coordinate_mapped
sus_scrofa	IIIb	XM_084993068.1	XP_084849194.1	841	coding_exon	exon 12 (CDS12)	577	640	exon	figure3C	coordinate_mapped
sus_scrofa	IIIb	XM_084993068.1	XP_084849194.1	841	coding_exon	exon 13 (CDS13)	641	681	exon	figure3C	coordinate_mapped
sus_scrofa	IIIb	XM_084993068.1	XP_084849194.1	841	coding_exon	exon 14 (CDS14)	682	705	exon	figure3C	coordinate_mapped
sus_scrofa	IIIb	XM_084993068.1	XP_084849194.1	841	coding_exon	exon 15 (CDS15)	705	751	exon	figure3C	coordinate_mapped
sus_scrofa	IIIb	XM_084993068.1	XP_084849194.1	841	coding_exon	exon 16 (CDS16)	751	786	exon	figure3C	coordinate_mapped
sus_scrofa	IIIb	XM_084993068.1	XP_084849194.1	841	coding_exon	exon 17 (CDS17)	787	841	exon	figure3C	coordinate_mapped
sus_scrofa	IIIb	XM_084993068.1	XP_084849194.1	841	warning	signal region supported by N-terminal pyTMHMM anchor (no dedicated signal-peptide predictor)			warning	qc	architecture_supported
sus_scrofa	IIIb	XM_084993068.1	XP_084849194.1	841	warning	Ig1/Ig2/Ig3 numbering positional only (no CDD FGFR-specific Ig numbering)			warning	qc	architecture_supported
sus_scrofa	IIIc	XM_084993071.1	XP_084849197.1	840	ig_like_domain	Ig1	64	128	domain	interproscan	representative
sus_scrofa	IIIc	XM_084993071.1	XP_084849197.1	840	ig_like_domain	Ig2	190	267	domain	interproscan	representative
sus_scrofa	IIIc	XM_084993071.1	XP_084849197.1	840	ig_like_domain	Ig3	285	365	domain	interproscan	representative
sus_scrofa	IIIc	XM_084993071.1	XP_084849197.1	840	transmembrane_pytmhmm	TM	393	415	domain	pyTMHMM	receptor_tm
sus_scrofa	IIIc	XM_084993071.1	XP_084849197.1	840	transmembrane_pytmhmm	sig. anchor	20	39	domain	pyTMHMM	n_terminal_signal_anchor
sus_scrofa	IIIc	XM_084993071.1	XP_084849197.1	840	kinase_domain	kinase	456	780	domain	interproscan	representative
sus_scrofa	IIIc	XM_084993071.1	XP_084849197.1	840	other_domain	FGFR family fingerprint	27	835	domain	interproscan	family_level
sus_scrofa	IIIc	XM_084993071.1	XP_084849197.1	840	coding_exon	exon 1 (CDS1)	1	56	exon	figure3C	coordinate_mapped
sus_scrofa	IIIc	XM_084993071.1	XP_084849197.1	840	coding_exon	exon 2 (CDS2)	56	145	exon	figure3C	coordinate_mapped
sus_scrofa	IIIc	XM_084993071.1	XP_084849197.1	840	coding_exon	exon 3 (CDS3)	145	171	exon	figure3C	coordinate_mapped
sus_scrofa	IIIc	XM_084993071.1	XP_084849197.1	840	coding_exon	exon 4 (CDS4)	171	227	exon	figure3C	coordinate_mapped
sus_scrofa	IIIc	XM_084993071.1	XP_084849197.1	840	coding_exon	exon 5 (CDS5)	228	269	exon	figure3C	coordinate_mapped
sus_scrofa	IIIc	XM_084993071.1	XP_084849197.1	840	coding_exon	exon 6 (CDS6)	269	332	exon	figure3C	coordinate_mapped
sus_scrofa	IIIc	XM_084993071.1	XP_084849197.1	840	IIIc_slot	exon 7 (IIIc cassette)	333	382	cassette	figure3C	coordinate_mapped
sus_scrofa	IIIc	XM_084993071.1	XP_084849197.1	840	coding_exon	exon 8 (CDS8)	382	450	exon	figure3C	coordinate_mapped
sus_scrofa	IIIc	XM_084993071.1	XP_084849197.1	840	coding_exon	exon 9 (CDS9)	450	500	exon	figure3C	coordinate_mapped
sus_scrofa	IIIc	XM_084993071.1	XP_084849197.1	840	coding_exon	exon 10 (CDS10)	500	541	exon	figure3C	coordinate_mapped
sus_scrofa	IIIc	XM_084993071.1	XP_084849197.1	840	coding_exon	exon 11 (CDS11)	541	578	exon	figure3C	coordinate_mapped
sus_scrofa	IIIc	XM_084993071.1	XP_084849197.1	840	coding_exon	exon 12 (CDS12)	578	641	exon	figure3C	coordinate_mapped
sus_scrofa	IIIc	XM_084993071.1	XP_084849197.1	840	coding_exon	exon 13 (CDS13)	642	682	exon	figure3C	coordinate_mapped
sus_scrofa	IIIc	XM_084993071.1	XP_084849197.1	840	coding_exon	exon 14 (CDS14)	683	706	exon	figure3C	coordinate_mapped
sus_scrofa	IIIc	XM_084993071.1	XP_084849197.1	840	coding_exon	exon 15 (CDS15)	706	752	exon	figure3C	coordinate_mapped
sus_scrofa	IIIc	XM_084993071.1	XP_084849197.1	840	coding_exon	exon 16 (CDS16)	752	787	exon	figure3C	coordinate_mapped
sus_scrofa	IIIc	XM_084993071.1	XP_084849197.1	840	coding_exon	exon 17 (CDS17)	788	840	exon	figure3C	coordinate_mapped
sus_scrofa	IIIc	XM_084993071.1	XP_084849197.1	840	warning	signal region supported by N-terminal pyTMHMM anchor (no dedicated signal-peptide predictor)			warning	qc	architecture_supported
sus_scrofa	IIIc	XM_084993071.1	XP_084849197.1	840	warning	Ig1/Ig2/Ig3 numbering positional only (no CDD FGFR-specific Ig numbering)			warning	qc	architecture_supported
sus_scrofa	IIIc	XM_084993071.1	XP_084849197.1	840	warning	final coding-exon block end clamped to protein length (+1/+2 aa codon-boundary rounding)			warning	qc	architecture_supported
sus_scrofa	IIIc	XM_084993071.1	XP_084849197.1	840	warning	coordinates otherwise unchanged			warning	qc	architecture_supported
taeniopygia_guttata	IIIb	XM_072931307.1	XP_072787408.1	891	ig_like_domain	Ig1	115	179	domain	interproscan	representative
taeniopygia_guttata	IIIb	XM_072931307.1	XP_072787408.1	891	ig_like_domain	Ig2	240	317	domain	interproscan	representative
taeniopygia_guttata	IIIb	XM_072931307.1	XP_072787408.1	891	ig_like_domain	Ig3	332	426	domain	interproscan	representative
taeniopygia_guttata	IIIb	XM_072931307.1	XP_072787408.1	891	transmembrane_pytmhmm	TM	444	466	domain	pyTMHMM	receptor_tm
taeniopygia_guttata	IIIb	XM_072931307.1	XP_072787408.1	891	kinase_domain	kinase	507	840	domain	interproscan	representative
taeniopygia_guttata	IIIb	XM_072931307.1	XP_072787408.1	891	other_domain	FGFR family fingerprint	76	886	domain	interproscan	family_level
taeniopygia_guttata	IIIb	XM_072931307.1	XP_072787408.1	891	coding_exon	exon 1 (CDS1)	1	21	exon	figure3C	coordinate_mapped
taeniopygia_guttata	IIIb	XM_072931307.1	XP_072787408.1	891	coding_exon	exon 2 (CDS2)	21	107	exon	figure3C	coordinate_mapped
taeniopygia_guttata	IIIb	XM_072931307.1	XP_072787408.1	891	coding_exon	exon 3 (CDS3)	107	196	exon	figure3C	coordinate_mapped
taeniopygia_guttata	IIIb	XM_072931307.1	XP_072787408.1	891	coding_exon	exon 4 (CDS4)	196	221	exon	figure3C	coordinate_mapped
taeniopygia_guttata	IIIb	XM_072931307.1	XP_072787408.1	891	coding_exon	exon 5 (CDS5)	221	277	exon	figure3C	coordinate_mapped
taeniopygia_guttata	IIIb	XM_072931307.1	XP_072787408.1	891	coding_exon	exon 6 (CDS6)	278	319	exon	figure3C	coordinate_mapped
taeniopygia_guttata	IIIb	XM_072931307.1	XP_072787408.1	891	coding_exon	exon 7 (CDS7)	319	382	exon	figure3C	coordinate_mapped
taeniopygia_guttata	IIIb	XM_072931307.1	XP_072787408.1	891	IIIb_slot	exon 8 (IIIb cassette)	383	431	cassette	figure3C	coordinate_mapped
taeniopygia_guttata	IIIb	XM_072931307.1	XP_072787408.1	891	coding_exon	exon 9 (CDS9)	431	499	exon	figure3C	coordinate_mapped
taeniopygia_guttata	IIIb	XM_072931307.1	XP_072787408.1	891	coding_exon	exon 10 (CDS10)	499	549	exon	figure3C	coordinate_mapped
taeniopygia_guttata	IIIb	XM_072931307.1	XP_072787408.1	891	coding_exon	exon 11 (CDS11)	549	590	exon	figure3C	coordinate_mapped
taeniopygia_guttata	IIIb	XM_072931307.1	XP_072787408.1	891	coding_exon	exon 12 (CDS12)	590	627	exon	figure3C	coordinate_mapped
taeniopygia_guttata	IIIb	XM_072931307.1	XP_072787408.1	891	coding_exon	exon 13 (CDS13)	627	690	exon	figure3C	coordinate_mapped
taeniopygia_guttata	IIIb	XM_072931307.1	XP_072787408.1	891	coding_exon	exon 14 (CDS14)	691	731	exon	figure3C	coordinate_mapped
taeniopygia_guttata	IIIb	XM_072931307.1	XP_072787408.1	891	coding_exon	exon 15 (CDS15)	732	755	exon	figure3C	coordinate_mapped
taeniopygia_guttata	IIIb	XM_072931307.1	XP_072787408.1	891	coding_exon	exon 16 (CDS16)	755	801	exon	figure3C	coordinate_mapped
taeniopygia_guttata	IIIb	XM_072931307.1	XP_072787408.1	891	coding_exon	exon 17 (CDS17)	801	836	exon	figure3C	coordinate_mapped
taeniopygia_guttata	IIIb	XM_072931307.1	XP_072787408.1	891	coding_exon	exon 18 (CDS18)	837	891	exon	figure3C	coordinate_mapped
taeniopygia_guttata	IIIb	XM_072931307.1	XP_072787408.1	891	warning	signal peptide not annotated (no signal-peptide predictor)			warning	qc	architecture_supported_with_minor_flags
taeniopygia_guttata	IIIb	XM_072931307.1	XP_072787408.1	891	warning	Ig1/Ig2/Ig3 numbering positional only (no CDD FGFR-specific Ig numbering)			warning	qc	architecture_supported_with_minor_flags
taeniopygia_guttata	IIIc	XM_072931308.1	XP_072787409.1	890	ig_like_domain	Ig1	115	179	domain	interproscan	representative
taeniopygia_guttata	IIIc	XM_072931308.1	XP_072787409.1	890	ig_like_domain	Ig2	240	317	domain	interproscan	representative
taeniopygia_guttata	IIIc	XM_072931308.1	XP_072787409.1	890	ig_like_domain	Ig3	334	415	domain	interproscan	representative
taeniopygia_guttata	IIIc	XM_072931308.1	XP_072787409.1	890	transmembrane_pytmhmm	TM	443	465	domain	pyTMHMM	receptor_tm
taeniopygia_guttata	IIIc	XM_072931308.1	XP_072787409.1	890	kinase_domain	kinase	506	839	domain	interproscan	representative
taeniopygia_guttata	IIIc	XM_072931308.1	XP_072787409.1	890	other_domain	FGFR family fingerprint	76	885	domain	interproscan	family_level
taeniopygia_guttata	IIIc	XM_072931308.1	XP_072787409.1	890	coding_exon	exon 1 (CDS1)	1	21	exon	figure3C	coordinate_mapped
taeniopygia_guttata	IIIc	XM_072931308.1	XP_072787409.1	890	coding_exon	exon 2 (CDS2)	21	107	exon	figure3C	coordinate_mapped
taeniopygia_guttata	IIIc	XM_072931308.1	XP_072787409.1	890	coding_exon	exon 3 (CDS3)	107	196	exon	figure3C	coordinate_mapped
taeniopygia_guttata	IIIc	XM_072931308.1	XP_072787409.1	890	coding_exon	exon 4 (CDS4)	196	221	exon	figure3C	coordinate_mapped
taeniopygia_guttata	IIIc	XM_072931308.1	XP_072787409.1	890	coding_exon	exon 5 (CDS5)	221	277	exon	figure3C	coordinate_mapped
taeniopygia_guttata	IIIc	XM_072931308.1	XP_072787409.1	890	coding_exon	exon 6 (CDS6)	278	319	exon	figure3C	coordinate_mapped
taeniopygia_guttata	IIIc	XM_072931308.1	XP_072787409.1	890	coding_exon	exon 7 (CDS7)	319	382	exon	figure3C	coordinate_mapped
taeniopygia_guttata	IIIc	XM_072931308.1	XP_072787409.1	890	IIIc_slot	exon 8 (IIIc cassette)	383	432	cassette	figure3C	coordinate_mapped
taeniopygia_guttata	IIIc	XM_072931308.1	XP_072787409.1	890	coding_exon	exon 9 (CDS9)	432	500	exon	figure3C	coordinate_mapped
taeniopygia_guttata	IIIc	XM_072931308.1	XP_072787409.1	890	coding_exon	exon 10 (CDS10)	500	550	exon	figure3C	coordinate_mapped
taeniopygia_guttata	IIIc	XM_072931308.1	XP_072787409.1	890	coding_exon	exon 11 (CDS11)	550	591	exon	figure3C	coordinate_mapped
taeniopygia_guttata	IIIc	XM_072931308.1	XP_072787409.1	890	coding_exon	exon 12 (CDS12)	591	628	exon	figure3C	coordinate_mapped
taeniopygia_guttata	IIIc	XM_072931308.1	XP_072787409.1	890	coding_exon	exon 13 (CDS13)	628	691	exon	figure3C	coordinate_mapped
taeniopygia_guttata	IIIc	XM_072931308.1	XP_072787409.1	890	coding_exon	exon 14 (CDS14)	692	732	exon	figure3C	coordinate_mapped
taeniopygia_guttata	IIIc	XM_072931308.1	XP_072787409.1	890	coding_exon	exon 15 (CDS15)	733	756	exon	figure3C	coordinate_mapped
taeniopygia_guttata	IIIc	XM_072931308.1	XP_072787409.1	890	coding_exon	exon 16 (CDS16)	756	802	exon	figure3C	coordinate_mapped
taeniopygia_guttata	IIIc	XM_072931308.1	XP_072787409.1	890	coding_exon	exon 17 (CDS17)	802	837	exon	figure3C	coordinate_mapped
taeniopygia_guttata	IIIc	XM_072931308.1	XP_072787409.1	890	coding_exon	exon 18 (CDS18)	838	890	exon	figure3C	coordinate_mapped
taeniopygia_guttata	IIIc	XM_072931308.1	XP_072787409.1	890	warning	signal peptide not annotated (no signal-peptide predictor)			warning	qc	architecture_supported_with_minor_flags
taeniopygia_guttata	IIIc	XM_072931308.1	XP_072787409.1	890	warning	Ig1/Ig2/Ig3 numbering positional only (no CDD FGFR-specific Ig numbering)			warning	qc	architecture_supported_with_minor_flags
taeniopygia_guttata	IIIc	XM_072931308.1	XP_072787409.1	890	warning	final coding-exon block end clamped to protein length (+1/+2 aa codon-boundary rounding)			warning	qc	architecture_supported_with_minor_flags
taeniopygia_guttata	IIIc	XM_072931308.1	XP_072787409.1	890	warning	coordinates otherwise unchanged			warning	qc	architecture_supported_with_minor_flags
takifugu_rubripes	IIIb	ENSTRUT00000045298	ENSTRUP00000045146	836	ig_like_domain	Ig1	71	132	domain	interproscan	representative
takifugu_rubripes	IIIb	ENSTRUT00000045298	ENSTRUP00000045146	836	ig_like_domain	Ig2	192	270	domain	interproscan	representative
takifugu_rubripes	IIIb	ENSTRUT00000045298	ENSTRUP00000045146	836	ig_like_domain	Ig3	285	379	domain	interproscan	representative
takifugu_rubripes	IIIb	ENSTRUT00000045298	ENSTRUP00000045146	836	transmembrane_pytmhmm	TM	393	415	domain	pyTMHMM	receptor_tm
takifugu_rubripes	IIIb	ENSTRUT00000045298	ENSTRUP00000045146	836	kinase_domain	kinase	454	785	domain	interproscan	representative
takifugu_rubripes	IIIb	ENSTRUT00000045298	ENSTRUP00000045146	836	other_domain	FGFR family fingerprint	34	831	domain	interproscan	family_level
takifugu_rubripes	IIIb	ENSTRUT00000045298	ENSTRUP00000045146	836	coding_exon	exon 1 (CDS1)	1	55	exon	cds_features_native (ENSTRUT00000045298)	native_reconstructed
takifugu_rubripes	IIIb	ENSTRUT00000045298	ENSTRUP00000045146	836	coding_exon	exon 2 (CDS2)	56	91	exon	cds_features_native (ENSTRUT00000045298)	native_reconstructed
takifugu_rubripes	IIIb	ENSTRUT00000045298	ENSTRUP00000045146	836	coding_exon	exon 3 (CDS3)	91	137	exon	cds_features_native (ENSTRUT00000045298)	native_reconstructed
takifugu_rubripes	IIIb	ENSTRUT00000045298	ENSTRUP00000045146	836	coding_exon	exon 4 (CDS4)	137	160	exon	cds_features_native (ENSTRUT00000045298)	native_reconstructed
takifugu_rubripes	IIIb	ENSTRUT00000045298	ENSTRUP00000045146	836	coding_exon	exon 5 (CDS5)	161	201	exon	cds_features_native (ENSTRUT00000045298)	native_reconstructed
takifugu_rubripes	IIIb	ENSTRUT00000045298	ENSTRUP00000045146	836	coding_exon	exon 6 (CDS6)	202	265	exon	cds_features_native (ENSTRUT00000045298)	native_reconstructed
takifugu_rubripes	IIIb	ENSTRUT00000045298	ENSTRUP00000045146	836	coding_exon	exon 7 (CDS7)	265	302	exon	cds_features_native (ENSTRUT00000045298)	native_reconstructed
takifugu_rubripes	IIIb	ENSTRUT00000045298	ENSTRUP00000045146	836	IIIb_slot	exon 8 (CDS8)	302	343	cassette	figure3C	coordinate_mapped
takifugu_rubripes	IIIb	ENSTRUT00000045298	ENSTRUP00000045146	836	coding_exon	exon 9 (CDS9)	343	389	exon	cds_features_native (ENSTRUT00000045298)	native_reconstructed
takifugu_rubripes	IIIb	ENSTRUT00000045298	ENSTRUP00000045146	836	coding_exon	exon 10 (CDS10)	390	456	exon	cds_features_native (ENSTRUT00000045298)	native_reconstructed
takifugu_rubripes	IIIb	ENSTRUT00000045298	ENSTRUP00000045146	836	coding_exon	exon 11 (CDS11)	456	502	exon	cds_features_native (ENSTRUT00000045298)	native_reconstructed
takifugu_rubripes	IIIb	ENSTRUT00000045298	ENSTRUP00000045146	836	coding_exon	exon 12 (CDS12)	503	566	exon	cds_features_native (ENSTRUT00000045298)	native_reconstructed
takifugu_rubripes	IIIb	ENSTRUT00000045298	ENSTRUP00000045146	836	coding_exon	exon 13 (CDS13)	566	607	exon	cds_features_native (ENSTRUT00000045298)	native_reconstructed
takifugu_rubripes	IIIb	ENSTRUT00000045298	ENSTRUP00000045146	836	coding_exon	exon 14 (CDS14)	608	666	exon	cds_features_native (ENSTRUT00000045298)	native_reconstructed
takifugu_rubripes	IIIb	ENSTRUT00000045298	ENSTRUP00000045146	836	coding_exon	exon 15 (CDS15)	666	691	exon	cds_features_native (ENSTRUT00000045298)	native_reconstructed
takifugu_rubripes	IIIb	ENSTRUT00000045298	ENSTRUP00000045146	836	coding_exon	exon 16 (CDS16)	691	777	exon	cds_features_native (ENSTRUT00000045298)	native_reconstructed
takifugu_rubripes	IIIb	ENSTRUT00000045298	ENSTRUP00000045146	836	coding_exon	exon 17 (CDS17)	777	836	exon	cds_features_native (ENSTRUT00000045298)	native_reconstructed
takifugu_rubripes	IIIb	ENSTRUT00000045298	ENSTRUP00000045146	836	warning	signal peptide not annotated (no signal-peptide predictor)			warning	qc	architecture_supported_with_minor_flags
takifugu_rubripes	IIIb	ENSTRUT00000045298	ENSTRUP00000045146	836	warning	Ig1/Ig2/Ig3 numbering positional only (no CDD FGFR-specific Ig numbering)			warning	qc	architecture_supported_with_minor_flags
takifugu_rubripes	IIIb	ENSTRUT00000045298	ENSTRUP00000045146	836	warning	cassette boundary precision: unknown_codon_phase			warning	qc	architecture_supported_with_minor_flags
takifugu_rubripes	IIIb	ENSTRUT00000045298	ENSTRUP00000045146	836	warning	coding-exon blocks reconstructed from native CDS (display-coordinate sanitation)			warning	qc	architecture_supported_with_minor_flags
takifugu_rubripes	IIIb	ENSTRUT00000045298	ENSTRUP00000045146	836	warning	biology unchanged			warning	qc	architecture_supported_with_minor_flags
takifugu_rubripes	IIIc	ENSTRUT00000045297	ENSTRUP00000045145	838	ig_like_domain	Ig1	71	132	domain	interproscan	representative
takifugu_rubripes	IIIc	ENSTRUT00000045297	ENSTRUP00000045145	838	ig_like_domain	Ig2	192	270	domain	interproscan	representative
takifugu_rubripes	IIIc	ENSTRUT00000045297	ENSTRUP00000045145	838	ig_like_domain	Ig3	285	381	domain	interproscan	representative
takifugu_rubripes	IIIc	ENSTRUT00000045297	ENSTRUP00000045145	838	transmembrane_pytmhmm	TM	395	417	domain	pyTMHMM	receptor_tm
takifugu_rubripes	IIIc	ENSTRUT00000045297	ENSTRUP00000045145	838	kinase_domain	kinase	456	787	domain	interproscan	representative
takifugu_rubripes	IIIc	ENSTRUT00000045297	ENSTRUP00000045145	838	other_domain	FGFR family fingerprint	34	833	domain	interproscan	family_level
takifugu_rubripes	IIIc	ENSTRUT00000045297	ENSTRUP00000045145	838	coding_exon	exon 1 (CDS1)	1	55	exon	figure3C	coordinate_mapped
takifugu_rubripes	IIIc	ENSTRUT00000045297	ENSTRUP00000045145	838	coding_exon	exon 2 (CDS2)	56	91	exon	figure3C	coordinate_mapped
takifugu_rubripes	IIIc	ENSTRUT00000045297	ENSTRUP00000045145	838	coding_exon	exon 3 (CDS3)	91	137	exon	figure3C	coordinate_mapped
takifugu_rubripes	IIIc	ENSTRUT00000045297	ENSTRUP00000045145	838	coding_exon	exon 4 (CDS4)	137	160	exon	figure3C	coordinate_mapped
takifugu_rubripes	IIIc	ENSTRUT00000045297	ENSTRUP00000045145	838	coding_exon	exon 5 (CDS5)	161	201	exon	figure3C	coordinate_mapped
takifugu_rubripes	IIIc	ENSTRUT00000045297	ENSTRUP00000045145	838	coding_exon	exon 6 (CDS6)	202	265	exon	figure3C	coordinate_mapped
takifugu_rubripes	IIIc	ENSTRUT00000045297	ENSTRUP00000045145	838	coding_exon	exon 7 (CDS7)	265	302	exon	figure3C	coordinate_mapped
takifugu_rubripes	IIIc	ENSTRUT00000045297	ENSTRUP00000045145	838	coding_exon	exon 8 (CDS8)	302	343	exon	figure3C	coordinate_mapped
takifugu_rubripes	IIIc	ENSTRUT00000045297	ENSTRUP00000045145	838	IIIc_slot	exon 9 (IIIc cassette)	343	389	cassette	figure3C	coordinate_mapped
takifugu_rubripes	IIIc	ENSTRUT00000045297	ENSTRUP00000045145	838	coding_exon	exon 10 (CDS10)	390	456	exon	figure3C	coordinate_mapped
takifugu_rubripes	IIIc	ENSTRUT00000045297	ENSTRUP00000045145	838	coding_exon	exon 11 (CDS11)	456	502	exon	figure3C	coordinate_mapped
takifugu_rubripes	IIIc	ENSTRUT00000045297	ENSTRUP00000045145	838	coding_exon	exon 12 (CDS12)	503	566	exon	figure3C	coordinate_mapped
takifugu_rubripes	IIIc	ENSTRUT00000045297	ENSTRUP00000045145	838	coding_exon	exon 13 (CDS13)	566	607	exon	figure3C	coordinate_mapped
takifugu_rubripes	IIIc	ENSTRUT00000045297	ENSTRUP00000045145	838	coding_exon	exon 14 (CDS14)	608	666	exon	figure3C	coordinate_mapped
takifugu_rubripes	IIIc	ENSTRUT00000045297	ENSTRUP00000045145	838	coding_exon	exon 15 (CDS15)	666	691	exon	figure3C	coordinate_mapped
takifugu_rubripes	IIIc	ENSTRUT00000045297	ENSTRUP00000045145	838	coding_exon	exon 16 (CDS16)	691	777	exon	figure3C	coordinate_mapped
takifugu_rubripes	IIIc	ENSTRUT00000045297	ENSTRUP00000045145	838	coding_exon	exon 17 (CDS17)	777	837	exon	figure3C	coordinate_mapped
takifugu_rubripes	IIIc	ENSTRUT00000045297	ENSTRUP00000045145	838	warning	signal peptide not annotated (no signal-peptide predictor)			warning	qc	architecture_supported_with_minor_flags
takifugu_rubripes	IIIc	ENSTRUT00000045297	ENSTRUP00000045145	838	warning	Ig1/Ig2/Ig3 numbering positional only (no CDD FGFR-specific Ig numbering)			warning	qc	architecture_supported_with_minor_flags
takifugu_rubripes	IIIc	ENSTRUT00000045297	ENSTRUP00000045145	838	warning	cassette boundary precision: unknown_codon_phase			warning	qc	architecture_supported_with_minor_flags
xenopus_tropicalis	IIIb	ENSXETT00000078335	ENSXETP00000087394	832	ig_like_domain	Ig1	68	129	domain	interproscan	representative
xenopus_tropicalis	IIIb	ENSXETT00000078335	ENSXETP00000087394	832	ig_like_domain	Ig2	181	259	domain	interproscan	representative
xenopus_tropicalis	IIIb	ENSXETT00000078335	ENSXETP00000087394	832	ig_like_domain	Ig3	274	368	domain	interproscan	representative
xenopus_tropicalis	IIIb	ENSXETT00000078335	ENSXETP00000087394	832	transmembrane_pytmhmm	TM	388	410	domain	pyTMHMM	receptor_tm
xenopus_tropicalis	IIIb	ENSXETT00000078335	ENSXETP00000087394	832	kinase_domain	kinase	446	779	domain	interproscan	representative
xenopus_tropicalis	IIIb	ENSXETT00000078335	ENSXETP00000087394	832	other_domain	FGFR family fingerprint	24	827	domain	interproscan	family_level
xenopus_tropicalis	IIIb	ENSXETT00000078335	ENSXETP00000087394	832	coding_exon	exon 1 (CDS1)	1	53	exon	cds_features_native (ENSXETT00000078335)	native_reconstructed
xenopus_tropicalis	IIIb	ENSXETT00000078335	ENSXETP00000087394	832	coding_exon	exon 2 (CDS2)	53	138	exon	cds_features_native (ENSXETT00000078335)	native_reconstructed
xenopus_tropicalis	IIIb	ENSXETT00000078335	ENSXETP00000087394	832	coding_exon	exon 3 (CDS3)	138	163	exon	cds_features_native (ENSXETT00000078335)	native_reconstructed
xenopus_tropicalis	IIIb	ENSXETT00000078335	ENSXETP00000087394	832	coding_exon	exon 4 (CDS4)	163	219	exon	cds_features_native (ENSXETT00000078335)	native_reconstructed
xenopus_tropicalis	IIIb	ENSXETT00000078335	ENSXETP00000087394	832	coding_exon	exon 5 (CDS5)	220	261	exon	cds_features_native (ENSXETT00000078335)	native_reconstructed
xenopus_tropicalis	IIIb	ENSXETT00000078335	ENSXETP00000087394	832	coding_exon	exon 6 (CDS6)	261	324	exon	cds_features_native (ENSXETT00000078335)	native_reconstructed
xenopus_tropicalis	IIIb	ENSXETT00000078335	ENSXETP00000087394	832	coding_exon	exon 7 (CDS7)	325	373	exon	cds_features_native (ENSXETT00000078335)	native_reconstructed
xenopus_tropicalis	IIIb	ENSXETT00000078335	ENSXETP00000087394	832	coding_exon	exon 8 (CDS8)	373	438	exon	cds_features_native (ENSXETT00000078335)	native_reconstructed
xenopus_tropicalis	IIIb	ENSXETT00000078335	ENSXETP00000087394	832	coding_exon	exon 9 (CDS9)	439	489	exon	cds_features_native (ENSXETT00000078335)	native_reconstructed
xenopus_tropicalis	IIIb	ENSXETT00000078335	ENSXETP00000087394	832	coding_exon	exon 10 (CDS10)	489	530	exon	cds_features_native (ENSXETT00000078335)	native_reconstructed
xenopus_tropicalis	IIIb	ENSXETT00000078335	ENSXETP00000087394	832	coding_exon	exon 11 (CDS11)	530	567	exon	cds_features_native (ENSXETT00000078335)	native_reconstructed
xenopus_tropicalis	IIIb	ENSXETT00000078335	ENSXETP00000087394	832	coding_exon	exon 12 (CDS12)	567	630	exon	cds_features_native (ENSXETT00000078335)	native_reconstructed
xenopus_tropicalis	IIIb	ENSXETT00000078335	ENSXETP00000087394	832	coding_exon	exon 13 (CDS13)	631	671	exon	cds_features_native (ENSXETT00000078335)	native_reconstructed
xenopus_tropicalis	IIIb	ENSXETT00000078335	ENSXETP00000087394	832	coding_exon	exon 14 (CDS14)	672	695	exon	cds_features_native (ENSXETT00000078335)	native_reconstructed
xenopus_tropicalis	IIIb	ENSXETT00000078335	ENSXETP00000087394	832	coding_exon	exon 15 (CDS15)	695	741	exon	cds_features_native (ENSXETT00000078335)	native_reconstructed
xenopus_tropicalis	IIIb	ENSXETT00000078335	ENSXETP00000087394	832	coding_exon	exon 16 (CDS16)	741	776	exon	cds_features_native (ENSXETT00000078335)	native_reconstructed
xenopus_tropicalis	IIIb	ENSXETT00000078335	ENSXETP00000087394	832	coding_exon	exon 17 (CDS17)	777	832	exon	cds_features_native (ENSXETT00000078335)	native_reconstructed
xenopus_tropicalis	IIIb	ENSXETT00000078335	ENSXETP00000087394	832	IIIb_slot	IIIb cassette (validated reference)	326	368	cassette	validated_reference_coordinate	native_exon_blocks_reconstructed
xenopus_tropicalis	IIIb	ENSXETT00000078335	ENSXETP00000087394	832	warning	signal peptide not annotated (no signal-peptide predictor)			warning	qc	architecture_supported_with_minor_flags
xenopus_tropicalis	IIIb	ENSXETT00000078335	ENSXETP00000087394	832	warning	Ig1/Ig2/Ig3 numbering positional only (no CDD FGFR-specific Ig numbering)			warning	qc	architecture_supported_with_minor_flags
xenopus_tropicalis	IIIb	ENSXETT00000078335	ENSXETP00000087394	832	warning	cassette boundary precision: unknown_codon_phase			warning	qc	architecture_supported_with_minor_flags
xenopus_tropicalis	IIIb	ENSXETT00000078335	ENSXETP00000087394	832	warning	native coding-exon blocks reconstructed			warning	qc	architecture_supported_with_minor_flags
xenopus_tropicalis	IIIb	ENSXETT00000078335	ENSXETP00000087394	832	warning	cassette coordinate validated separately (reference cassette upstream of TM/kinase)			warning	qc	architecture_supported_with_minor_flags
xenopus_tropicalis	IIIc	ENSXETT00000071733	ENSXETP00000069725	910	ig_like_domain	Ig1	144	205	domain	interproscan	representative
xenopus_tropicalis	IIIc	ENSXETT00000071733	ENSXETP00000069725	910	ig_like_domain	Ig2	257	335	domain	interproscan	representative
xenopus_tropicalis	IIIc	ENSXETT00000071733	ENSXETP00000069725	910	ig_like_domain	Ig3	350	446	domain	interproscan	representative
xenopus_tropicalis	IIIc	ENSXETT00000071733	ENSXETP00000069725	910	transmembrane_pytmhmm	TM	464	486	domain	pyTMHMM	receptor_tm
xenopus_tropicalis	IIIc	ENSXETT00000071733	ENSXETP00000069725	910	kinase_domain	kinase	524	857	domain	interproscan	representative
xenopus_tropicalis	IIIc	ENSXETT00000071733	ENSXETP00000069725	910	other_domain	FGFR family fingerprint	100	905	domain	interproscan	family_level
xenopus_tropicalis	IIIc	ENSXETT00000071733	ENSXETP00000069725	910	coding_exon	exon 1 (CDS1)	1	53	exon	figure3C	coordinate_mapped
xenopus_tropicalis	IIIc	ENSXETT00000071733	ENSXETP00000069725	910	coding_exon	exon 2 (CDS2)	53	138	exon	figure3C	coordinate_mapped
xenopus_tropicalis	IIIc	ENSXETT00000071733	ENSXETP00000069725	910	coding_exon	exon 3 (CDS3)	138	163	exon	figure3C	coordinate_mapped
xenopus_tropicalis	IIIc	ENSXETT00000071733	ENSXETP00000069725	910	coding_exon	exon 4 (CDS4)	163	219	exon	figure3C	coordinate_mapped
xenopus_tropicalis	IIIc	ENSXETT00000071733	ENSXETP00000069725	910	coding_exon	exon 5 (CDS5)	220	261	exon	figure3C	coordinate_mapped
xenopus_tropicalis	IIIc	ENSXETT00000071733	ENSXETP00000069725	910	coding_exon	exon 6 (CDS6)	261	324	exon	figure3C	coordinate_mapped
xenopus_tropicalis	IIIc	ENSXETT00000071733	ENSXETP00000069725	910	IIIc_slot	exon 7 (IIIc cassette)	325	373	cassette	figure3C	coordinate_mapped
xenopus_tropicalis	IIIc	ENSXETT00000071733	ENSXETP00000069725	910	coding_exon	exon 8 (CDS8)	373	438	exon	figure3C	coordinate_mapped
xenopus_tropicalis	IIIc	ENSXETT00000071733	ENSXETP00000069725	910	coding_exon	exon 9 (CDS9)	439	489	exon	figure3C	coordinate_mapped
xenopus_tropicalis	IIIc	ENSXETT00000071733	ENSXETP00000069725	910	coding_exon	exon 10 (CDS10)	489	530	exon	figure3C	coordinate_mapped
xenopus_tropicalis	IIIc	ENSXETT00000071733	ENSXETP00000069725	910	coding_exon	exon 11 (CDS11)	530	567	exon	figure3C	coordinate_mapped
xenopus_tropicalis	IIIc	ENSXETT00000071733	ENSXETP00000069725	910	coding_exon	exon 12 (CDS12)	567	630	exon	figure3C	coordinate_mapped
xenopus_tropicalis	IIIc	ENSXETT00000071733	ENSXETP00000069725	910	coding_exon	exon 13 (CDS13)	631	671	exon	figure3C	coordinate_mapped
xenopus_tropicalis	IIIc	ENSXETT00000071733	ENSXETP00000069725	910	coding_exon	exon 14 (CDS14)	672	695	exon	figure3C	coordinate_mapped
xenopus_tropicalis	IIIc	ENSXETT00000071733	ENSXETP00000069725	910	coding_exon	exon 15 (CDS15)	695	741	exon	figure3C	coordinate_mapped
xenopus_tropicalis	IIIc	ENSXETT00000071733	ENSXETP00000069725	910	coding_exon	exon 16 (CDS16)	741	776	exon	figure3C	coordinate_mapped
xenopus_tropicalis	IIIc	ENSXETT00000071733	ENSXETP00000069725	910	coding_exon	exon 17 (CDS17)	777	833	exon	figure3C	coordinate_mapped
xenopus_tropicalis	IIIc	ENSXETT00000071733	ENSXETP00000069725	910	warning	signal peptide not annotated (no signal-peptide predictor)			warning	qc	architecture_supported_with_minor_flags
xenopus_tropicalis	IIIc	ENSXETT00000071733	ENSXETP00000069725	910	warning	Ig1/Ig2/Ig3 numbering positional only (no CDD FGFR-specific Ig numbering)			warning	qc	architecture_supported_with_minor_flags
xenopus_tropicalis	IIIc	ENSXETT00000071733	ENSXETP00000069725	910	warning	cassette boundary precision: unknown_codon_phase			warning	qc	architecture_supported_with_minor_flags
