species	isoform	final_isoform_label	transcript_id	protein_id	protein_length	interpro_accession	interpro_description	member_database	signature_accession	signature_description	domain_class_simplified	domain_start_aa	domain_end_aa	source_file	cassette_start_aa	cassette_end_aa	overlap_start	overlap_end	overlap_aa	cassette_len	overlap_fraction_cassette	end_signed_offset	end_abs_offset	start_signed_offset	near_cassette_end_15	naive_pos_end	naive_pos_start	validated_pos_end	validated_pos_start	naive_start_inside	naive_start_distance_nearest_edge	naive_start_support	naive_end_abs_offset	naive_end_support	validated_start_inside	validated_start_distance_nearest_edge	validated_start_support	validated_end_abs_offset	validated_end_support
alligator_mississippiensis	IIIb	IIIb	XM_059730070.1	XP_059586053.1	869	IPR013783	Immunoglobulin-like fold	Gene3D	G3DSA:2.60.40.10	Immunoglobulins	ig_like_domain	272	384	results/final_30_until_interpro_prepare/14_interproscan_primary/input.fasta.tsv	336	380	336	380	45	45	1.0	4	4	-64	True	383	335	380	336	True	49	True	1	True	True	48	True	4	True
alligator_mississippiensis	IIIb	IIIb	XM_059730070.1	XP_059586053.1	869	IPR007110	Immunoglobulin-like domain	ProSiteProfiles	PS50835	Ig-like domain profile.	ig_like_domain	277	377	results/final_30_until_interpro_prepare/14_interproscan_primary/input.fasta.tsv	336	380	336	377	42	45	0.9333333333333332	-3	3	-59	True	383	335	380	336	True	42	True	6	True	True	41	True	3	True
alligator_mississippiensis	IIIb	IIIb	XM_059730070.1	XP_059586053.1	869	IPR036179	Immunoglobulin-like domain superfamily	SUPERFAMILY	SSF48726	Immunoglobulin	ig_like_domain	277	378	results/final_30_until_interpro_prepare/14_interproscan_primary/input.fasta.tsv	336	380	336	378	43	45	0.9555555555555556	-2	2	-59	True	383	335	380	336	True	43	True	5	True	True	42	True	2	True
alligator_mississippiensis	IIIb	IIIb	XM_059730070.1	XP_059586053.1	869	IPR003599	Immunoglobulin domain subtype	SMART	SM00409	IG_3c	ig_like_domain	284	379	results/final_30_until_interpro_prepare/14_interproscan_primary/input.fasta.tsv	336	380	336	379	44	45	0.9777777777777776	-1	1	-52	True	383	335	380	336	True	44	True	4	True	True	43	True	1	True
alligator_mississippiensis	IIIb	IIIb	XM_059730070.1	XP_059586053.1	869	IPR013098	Immunoglobulin I-set	Pfam	PF07679	Immunoglobulin I-set domain	ig_like_domain	284	378	results/final_30_until_interpro_prepare/14_interproscan_primary/input.fasta.tsv	336	380	336	378	43	45	0.9555555555555556	-2	2	-52	True	383	335	380	336	True	43	True	5	True	True	42	True	2	True
alligator_mississippiensis	IIIb	IIIb	XM_059730070.1	XP_059586053.1	869	IPR003598	Immunoglobulin subtype 2	SMART	SM00408	igc2_5	ig_like_domain	290	368	results/final_30_until_interpro_prepare/14_interproscan_primary/input.fasta.tsv	336	380	336	368	33	45	0.7333333333333333	-12	12	-46	True	383	335	380	336	True	33	True	15	True	True	32	True	12	True
alligator_mississippiensis	IIIc	IIIc	XM_006266126.4	XP_006266188.1	868	IPR013783	Immunoglobulin-like fold	Gene3D	G3DSA:2.60.40.10	Immunoglobulins	ig_like_domain	272	386	results/final_30_until_interpro_prepare/14_interproscan_primary/input.fasta.tsv	335	382	335	382	48	48	1.0	4	4	-63	True	384	335	382	335	True	51	True	2	True	True	51	True	4	True
alligator_mississippiensis	IIIc	IIIc	XM_006266126.4	XP_006266188.1	868	IPR007110	Immunoglobulin-like domain	ProSiteProfiles	PS50835	Ig-like domain profile.	ig_like_domain	277	379	results/final_30_until_interpro_prepare/14_interproscan_primary/input.fasta.tsv	335	382	335	379	45	48	0.9375	-3	3	-58	True	384	335	382	335	True	44	True	5	True	True	44	True	3	True
alligator_mississippiensis	IIIc	IIIc	XM_006266126.4	XP_006266188.1	868	IPR036179	Immunoglobulin-like domain superfamily	SUPERFAMILY	SSF48726	Immunoglobulin	ig_like_domain	277	380	results/final_30_until_interpro_prepare/14_interproscan_primary/input.fasta.tsv	335	382	335	380	46	48	0.9583333333333334	-2	2	-58	True	384	335	382	335	True	45	True	4	True	True	45	True	2	True
alligator_mississippiensis	IIIc	IIIc	XM_006266126.4	XP_006266188.1	868	IPR003599	Immunoglobulin domain subtype	SMART	SM00409	IG_3c	ig_like_domain	284	381	results/final_30_until_interpro_prepare/14_interproscan_primary/input.fasta.tsv	335	382	335	381	47	48	0.9791666666666666	-1	1	-51	True	384	335	382	335	True	46	True	3	True	True	46	True	1	True
alligator_mississippiensis	IIIc	IIIc	XM_006266126.4	XP_006266188.1	868	IPR013098	Immunoglobulin I-set	Pfam	PF07679	Immunoglobulin I-set domain	ig_like_domain	284	380	results/final_30_until_interpro_prepare/14_interproscan_primary/input.fasta.tsv	335	382	335	380	46	48	0.9583333333333334	-2	2	-51	True	384	335	382	335	True	45	True	4	True	True	45	True	2	True
alligator_mississippiensis	IIIc	IIIc	XM_006266126.4	XP_006266188.1	868	IPR003598	Immunoglobulin subtype 2	SMART	SM00408	igc2_5	ig_like_domain	290	370	results/final_30_until_interpro_prepare/14_interproscan_primary/input.fasta.tsv	335	382	335	370	36	48	0.75	-12	12	-45	True	384	335	382	335	True	35	True	14	True	True	35	True	12	True
ambystoma_mexicanum	IIIb	IIIb	XM_069611953.1	XP_069468054.1	840	IPR013783	Immunoglobulin-like fold	Gene3D	G3DSA:2.60.40.10	Immunoglobulins	ig_like_domain	269	379	results/final_30_until_interpro_prepare/14_interproscan_primary/input.fasta.tsv	333	377	333	377	45	45	1.0	2	2	-64	True	380	332	377	333	True	47	True	1	True	True	46	True	2	True
ambystoma_mexicanum	IIIb	IIIb	XM_069611953.1	XP_069468054.1	840	IPR007110	Immunoglobulin-like domain	ProSiteProfiles	PS50835	Ig-like domain profile.	ig_like_domain	274	374	results/final_30_until_interpro_prepare/14_interproscan_primary/input.fasta.tsv	333	377	333	374	42	45	0.9333333333333332	-3	3	-59	True	380	332	377	333	True	42	True	6	True	True	41	True	3	True
ambystoma_mexicanum	IIIb	IIIb	XM_069611953.1	XP_069468054.1	840	IPR036179	Immunoglobulin-like domain superfamily	SUPERFAMILY	SSF48726	Immunoglobulin	ig_like_domain	274	375	results/final_30_until_interpro_prepare/14_interproscan_primary/input.fasta.tsv	333	377	333	375	43	45	0.9555555555555556	-2	2	-59	True	380	332	377	333	True	43	True	5	True	True	42	True	2	True
ambystoma_mexicanum	IIIb	IIIb	XM_069611953.1	XP_069468054.1	840	IPR003599	Immunoglobulin domain subtype	SMART	SM00409	IG_3c	ig_like_domain	281	376	results/final_30_until_interpro_prepare/14_interproscan_primary/input.fasta.tsv	333	377	333	376	44	45	0.9777777777777776	-1	1	-52	True	380	332	377	333	True	44	True	4	True	True	43	True	1	True
ambystoma_mexicanum	IIIb	IIIb	XM_069611953.1	XP_069468054.1	840	IPR013098	Immunoglobulin I-set	Pfam	PF07679	Immunoglobulin I-set domain	ig_like_domain	281	375	results/final_30_until_interpro_prepare/14_interproscan_primary/input.fasta.tsv	333	377	333	375	43	45	0.9555555555555556	-2	2	-52	True	380	332	377	333	True	43	True	5	True	True	42	True	2	True
ambystoma_mexicanum	IIIb	IIIb	XM_069611953.1	XP_069468054.1	840	IPR003598	Immunoglobulin subtype 2	SMART	SM00408	igc2_5	ig_like_domain	287	365	results/final_30_until_interpro_prepare/14_interproscan_primary/input.fasta.tsv	333	377	333	365	33	45	0.7333333333333333	-12	12	-46	True	380	332	377	333	True	33	True	15	True	True	32	True	12	True
ambystoma_mexicanum	IIIc	IIIc	XM_069611955.1	XP_069468056.1	838	IPR013783	Immunoglobulin-like fold	Gene3D	G3DSA:2.60.40.10	Immunoglobulins	ig_like_domain	269	386	results/final_30_until_interpro_prepare/14_interproscan_primary/input.fasta.tsv	332	379	332	379	48	48	1.0	7	7	-63	True	380	332	379	332	True	54	True	6	True	True	54	True	7	True
ambystoma_mexicanum	IIIc	IIIc	XM_069611955.1	XP_069468056.1	838	IPR007110	Immunoglobulin-like domain	ProSiteProfiles	PS50835	Ig-like domain profile.	ig_like_domain	274	376	results/final_30_until_interpro_prepare/14_interproscan_primary/input.fasta.tsv	332	379	332	376	45	48	0.9375	-3	3	-58	True	380	332	379	332	True	44	True	4	True	True	44	True	3	True
ambystoma_mexicanum	IIIc	IIIc	XM_069611955.1	XP_069468056.1	838	IPR036179	Immunoglobulin-like domain superfamily	SUPERFAMILY	SSF48726	Immunoglobulin	ig_like_domain	274	377	results/final_30_until_interpro_prepare/14_interproscan_primary/input.fasta.tsv	332	379	332	377	46	48	0.9583333333333334	-2	2	-58	True	380	332	379	332	True	45	True	3	True	True	45	True	2	True
ambystoma_mexicanum	IIIc	IIIc	XM_069611955.1	XP_069468056.1	838	IPR013098	Immunoglobulin I-set	Pfam	PF07679	Immunoglobulin I-set domain	ig_like_domain	281	377	results/final_30_until_interpro_prepare/14_interproscan_primary/input.fasta.tsv	332	379	332	377	46	48	0.9583333333333334	-2	2	-51	True	380	332	379	332	True	45	True	3	True	True	45	True	2	True
ambystoma_mexicanum	IIIc	IIIc	XM_069611955.1	XP_069468056.1	838	IPR003599	Immunoglobulin domain subtype	SMART	SM00409	IG_3c	ig_like_domain	281	378	results/final_30_until_interpro_prepare/14_interproscan_primary/input.fasta.tsv	332	379	332	378	47	48	0.9791666666666666	-1	1	-51	True	380	332	379	332	True	46	True	2	True	True	46	True	1	True
ambystoma_mexicanum	IIIc	IIIc	XM_069611955.1	XP_069468056.1	838	IPR003598	Immunoglobulin subtype 2	SMART	SM00408	igc2_5	ig_like_domain	287	367	results/final_30_until_interpro_prepare/14_interproscan_primary/input.fasta.tsv	332	379	332	367	36	48	0.75	-12	12	-45	True	380	332	379	332	True	35	True	13	True	True	35	True	12	True
anolis_carolinensis	IIIb	IIIb	XM_062976012.1	XP_062832082.1	873	IPR013783	Immunoglobulin-like fold	Gene3D	G3DSA:2.60.40.10	Immunoglobulins	ig_like_domain	303	414	results/final_30_until_interpro_prepare/14_interproscan_primary/input.fasta.tsv	366	411	366	411	46	46	1.0	3	3	-63	True	414	366	411	366	True	48	True	0	True	True	48	True	3	True
anolis_carolinensis	IIIb	IIIb	XM_062976012.1	XP_062832082.1	873	IPR036179	Immunoglobulin-like domain superfamily	SUPERFAMILY	SSF48726	Immunoglobulin	ig_like_domain	308	409	results/final_30_until_interpro_prepare/14_interproscan_primary/input.fasta.tsv	366	411	366	409	44	46	0.9565217391304348	-2	2	-58	True	414	366	411	366	True	43	True	5	True	True	43	True	2	True
anolis_carolinensis	IIIb	IIIb	XM_062976012.1	XP_062832082.1	873	IPR007110	Immunoglobulin-like domain	ProSiteProfiles	PS50835	Ig-like domain profile.	ig_like_domain	308	408	results/final_30_until_interpro_prepare/14_interproscan_primary/input.fasta.tsv	366	411	366	408	43	46	0.9347826086956522	-3	3	-58	True	414	366	411	366	True	42	True	6	True	True	42	True	3	True
anolis_carolinensis	IIIb	IIIb	XM_062976012.1	XP_062832082.1	873	IPR003599	Immunoglobulin domain subtype	SMART	SM00409	IG_3c	ig_like_domain	315	410	results/final_30_until_interpro_prepare/14_interproscan_primary/input.fasta.tsv	366	411	366	410	45	46	0.9782608695652174	-1	1	-51	True	414	366	411	366	True	44	True	4	True	True	44	True	1	True
anolis_carolinensis	IIIb	IIIb	XM_062976012.1	XP_062832082.1	873			Pfam	PF13927	Immunoglobulin domain	ig_like_domain	315	396	results/final_30_until_interpro_prepare/14_interproscan_primary/input.fasta.tsv	366	411	366	396	31	46	0.6739130434782609	-15	15	-51	True	414	366	411	366	True	30	True	18	False	True	30	True	15	True
anolis_carolinensis	IIIb	IIIb	XM_062976012.1	XP_062832082.1	873	IPR003598	Immunoglobulin subtype 2	SMART	SM00408	igc2_5	ig_like_domain	321	399	results/final_30_until_interpro_prepare/14_interproscan_primary/input.fasta.tsv	366	411	366	399	34	46	0.7391304347826086	-12	12	-45	True	414	366	411	366	True	33	True	15	True	True	33	True	12	True
anolis_carolinensis	IIIb	IIIb	XM_062976012.1	XP_062832082.1	873	IPR013106	Immunoglobulin V-set domain	SMART	SM00406	igv1_8	ig_like_domain	325	394	results/final_30_until_interpro_prepare/14_interproscan_primary/input.fasta.tsv	366	411	366	394	29	46	0.6304347826086957	-17	17	-41	False	414	366	411	366	True	28	True	20	False	True	28	True	17	False
anolis_carolinensis	IIIc	IIIc	XM_062976011.1	XP_062832081.1	873	IPR013783	Immunoglobulin-like fold	Gene3D	G3DSA:2.60.40.10	Immunoglobulins	ig_like_domain	303	414	results/final_30_until_interpro_prepare/14_interproscan_primary/input.fasta.tsv	367	413	367	413	47	47	1.0	1	1	-64	True	414	366	413	367	True	48	True	0	True	True	47	True	1	True
anolis_carolinensis	IIIc	IIIc	XM_062976011.1	XP_062832081.1	873	IPR036179	Immunoglobulin-like domain superfamily	SUPERFAMILY	SSF48726	Immunoglobulin	ig_like_domain	308	411	results/final_30_until_interpro_prepare/14_interproscan_primary/input.fasta.tsv	367	413	367	411	45	47	0.9574468085106383	-2	2	-59	True	414	366	413	367	True	45	True	3	True	True	44	True	2	True
anolis_carolinensis	IIIc	IIIc	XM_062976011.1	XP_062832081.1	873	IPR007110	Immunoglobulin-like domain	ProSiteProfiles	PS50835	Ig-like domain profile.	ig_like_domain	308	410	results/final_30_until_interpro_prepare/14_interproscan_primary/input.fasta.tsv	367	413	367	410	44	47	0.9361702127659576	-3	3	-59	True	414	366	413	367	True	44	True	4	True	True	43	True	3	True
anolis_carolinensis	IIIc	IIIc	XM_062976011.1	XP_062832081.1	873	IPR003599	Immunoglobulin domain subtype	SMART	SM00409	IG_3c	ig_like_domain	315	412	results/final_30_until_interpro_prepare/14_interproscan_primary/input.fasta.tsv	367	413	367	412	46	47	0.9787234042553192	-1	1	-52	True	414	366	413	367	True	46	True	2	True	True	45	True	1	True
anolis_carolinensis	IIIc	IIIc	XM_062976011.1	XP_062832081.1	873	IPR013098	Immunoglobulin I-set	Pfam	PF07679	Immunoglobulin I-set domain	ig_like_domain	315	411	results/final_30_until_interpro_prepare/14_interproscan_primary/input.fasta.tsv	367	413	367	411	45	47	0.9574468085106383	-2	2	-52	True	414	366	413	367	True	45	True	3	True	True	44	True	2	True
anolis_carolinensis	IIIc	IIIc	XM_062976011.1	XP_062832081.1	873	IPR003598	Immunoglobulin subtype 2	SMART	SM00408	igc2_5	ig_like_domain	321	401	results/final_30_until_interpro_prepare/14_interproscan_primary/input.fasta.tsv	367	413	367	401	35	47	0.7446808510638298	-12	12	-46	True	414	366	413	367	True	35	True	13	True	True	34	True	12	True
bos_taurus	IIIb	IIIb	XM_059881740.1	XP_059737723.1	841	IPR013783	Immunoglobulin-like fold	Gene3D	G3DSA:2.60.40.10	Immunoglobulins	ig_like_domain	270	383	results/final_30_until_interpro_prepare/14_interproscan_primary/input.fasta.tsv	333	378	333	378	46	46	1.0	5	5	-63	True	381	333	378	333	True	50	True	2	True	True	50	True	5	True
bos_taurus	IIIb	IIIb	XM_059881740.1	XP_059737723.1	841	IPR007110	Immunoglobulin-like domain	ProSiteProfiles	PS50835	Ig-like domain profile.	ig_like_domain	275	375	results/final_30_until_interpro_prepare/14_interproscan_primary/input.fasta.tsv	333	378	333	375	43	46	0.9347826086956522	-3	3	-58	True	381	333	378	333	True	42	True	6	True	True	42	True	3	True
bos_taurus	IIIb	IIIb	XM_059881740.1	XP_059737723.1	841	IPR036179	Immunoglobulin-like domain superfamily	SUPERFAMILY	SSF48726	Immunoglobulin	ig_like_domain	275	376	results/final_30_until_interpro_prepare/14_interproscan_primary/input.fasta.tsv	333	378	333	376	44	46	0.9565217391304348	-2	2	-58	True	381	333	378	333	True	43	True	5	True	True	43	True	2	True
bos_taurus	IIIb	IIIb	XM_059881740.1	XP_059737723.1	841	IPR013098	Immunoglobulin I-set	Pfam	PF07679	Immunoglobulin I-set domain	ig_like_domain	282	376	results/final_30_until_interpro_prepare/14_interproscan_primary/input.fasta.tsv	333	378	333	376	44	46	0.9565217391304348	-2	2	-51	True	381	333	378	333	True	43	True	5	True	True	43	True	2	True
bos_taurus	IIIb	IIIb	XM_059881740.1	XP_059737723.1	841	IPR003599	Immunoglobulin domain subtype	SMART	SM00409	IG_3c	ig_like_domain	282	377	results/final_30_until_interpro_prepare/14_interproscan_primary/input.fasta.tsv	333	378	333	377	45	46	0.9782608695652174	-1	1	-51	True	381	333	378	333	True	44	True	4	True	True	44	True	1	True
bos_taurus	IIIb	IIIb	XM_059881740.1	XP_059737723.1	841	IPR003598	Immunoglobulin subtype 2	SMART	SM00408	igc2_5	ig_like_domain	288	366	results/final_30_until_interpro_prepare/14_interproscan_primary/input.fasta.tsv	333	378	333	366	34	46	0.7391304347826086	-12	12	-45	True	381	333	378	333	True	33	True	15	True	True	33	True	12	True
bos_taurus	IIIc	IIIc	XM_059881741.1	XP_059737724.1	840	IPR013783	Immunoglobulin-like fold	Gene3D	G3DSA:2.60.40.10	Immunoglobulins	ig_like_domain	270	381	results/final_30_until_interpro_prepare/14_interproscan_primary/input.fasta.tsv	333	380	333	380	48	48	1.0	1	1	-63	True	382	333	380	333	True	48	True	1	True	True	48	True	1	True
bos_taurus	IIIc	IIIc	XM_059881741.1	XP_059737724.1	840	IPR007110	Immunoglobulin-like domain	ProSiteProfiles	PS50835	Ig-like domain profile.	ig_like_domain	275	377	results/final_30_until_interpro_prepare/14_interproscan_primary/input.fasta.tsv	333	380	333	377	45	48	0.9375	-3	3	-58	True	382	333	380	333	True	44	True	5	True	True	44	True	3	True
bos_taurus	IIIc	IIIc	XM_059881741.1	XP_059737724.1	840	IPR036179	Immunoglobulin-like domain superfamily	SUPERFAMILY	SSF48726	Immunoglobulin	ig_like_domain	275	378	results/final_30_until_interpro_prepare/14_interproscan_primary/input.fasta.tsv	333	380	333	378	46	48	0.9583333333333334	-2	2	-58	True	382	333	380	333	True	45	True	4	True	True	45	True	2	True
bos_taurus	IIIc	IIIc	XM_059881741.1	XP_059737724.1	840	IPR003599	Immunoglobulin domain subtype	SMART	SM00409	IG_3c	ig_like_domain	282	379	results/final_30_until_interpro_prepare/14_interproscan_primary/input.fasta.tsv	333	380	333	379	47	48	0.9791666666666666	-1	1	-51	True	382	333	380	333	True	46	True	3	True	True	46	True	1	True
bos_taurus	IIIc	IIIc	XM_059881741.1	XP_059737724.1	840			Pfam	PF13927	Immunoglobulin domain	ig_like_domain	285	365	results/final_30_until_interpro_prepare/14_interproscan_primary/input.fasta.tsv	333	380	333	365	33	48	0.6875	-15	15	-48	True	382	333	380	333	True	32	True	17	False	True	32	True	15	True
bos_taurus	IIIc	IIIc	XM_059881741.1	XP_059737724.1	840	IPR003598	Immunoglobulin subtype 2	SMART	SM00408	igc2_5	ig_like_domain	288	368	results/final_30_until_interpro_prepare/14_interproscan_primary/input.fasta.tsv	333	380	333	368	36	48	0.75	-12	12	-45	True	382	333	380	333	True	35	True	14	True	True	35	True	12	True
callithrix_jacchus	IIIb	IIIb	XM_078346634.1	XP_078202760.1	841	IPR013783	Immunoglobulin-like fold	Gene3D	G3DSA:2.60.40.10	Immunoglobulins	ig_like_domain	270	382	results/final_30_until_interpro_prepare/14_interproscan_primary/input.fasta.tsv	333	378	333	378	46	46	1.0	4	4	-63	True	381	333	378	333	True	49	True	1	True	True	49	True	4	True
callithrix_jacchus	IIIb	IIIb	XM_078346634.1	XP_078202760.1	841	IPR007110	Immunoglobulin-like domain	ProSiteProfiles	PS50835	Ig-like domain profile.	ig_like_domain	275	375	results/final_30_until_interpro_prepare/14_interproscan_primary/input.fasta.tsv	333	378	333	375	43	46	0.9347826086956522	-3	3	-58	True	381	333	378	333	True	42	True	6	True	True	42	True	3	True
callithrix_jacchus	IIIb	IIIb	XM_078346634.1	XP_078202760.1	841	IPR036179	Immunoglobulin-like domain superfamily	SUPERFAMILY	SSF48726	Immunoglobulin	ig_like_domain	275	376	results/final_30_until_interpro_prepare/14_interproscan_primary/input.fasta.tsv	333	378	333	376	44	46	0.9565217391304348	-2	2	-58	True	381	333	378	333	True	43	True	5	True	True	43	True	2	True
callithrix_jacchus	IIIb	IIIb	XM_078346634.1	XP_078202760.1	841	IPR013098	Immunoglobulin I-set	Pfam	PF07679	Immunoglobulin I-set domain	ig_like_domain	282	376	results/final_30_until_interpro_prepare/14_interproscan_primary/input.fasta.tsv	333	378	333	376	44	46	0.9565217391304348	-2	2	-51	True	381	333	378	333	True	43	True	5	True	True	43	True	2	True
callithrix_jacchus	IIIb	IIIb	XM_078346634.1	XP_078202760.1	841	IPR003599	Immunoglobulin domain subtype	SMART	SM00409	IG_3c	ig_like_domain	282	377	results/final_30_until_interpro_prepare/14_interproscan_primary/input.fasta.tsv	333	378	333	377	45	46	0.9782608695652174	-1	1	-51	True	381	333	378	333	True	44	True	4	True	True	44	True	1	True
callithrix_jacchus	IIIb	IIIb	XM_078346634.1	XP_078202760.1	841	IPR003598	Immunoglobulin subtype 2	SMART	SM00408	igc2_5	ig_like_domain	288	366	results/final_30_until_interpro_prepare/14_interproscan_primary/input.fasta.tsv	333	378	333	366	34	46	0.7391304347826086	-12	12	-45	True	381	333	378	333	True	33	True	15	True	True	33	True	12	True
callithrix_jacchus	IIIc	IIIc	XM_078346639.1	XP_078202765.1	840	IPR013783	Immunoglobulin-like fold	Gene3D	G3DSA:2.60.40.10	Immunoglobulins	ig_like_domain	270	381	results/final_30_until_interpro_prepare/14_interproscan_primary/input.fasta.tsv	333	380	333	380	48	48	1.0	1	1	-63	True	382	333	380	333	True	48	True	1	True	True	48	True	1	True
callithrix_jacchus	IIIc	IIIc	XM_078346639.1	XP_078202765.1	840	IPR007110	Immunoglobulin-like domain	ProSiteProfiles	PS50835	Ig-like domain profile.	ig_like_domain	275	377	results/final_30_until_interpro_prepare/14_interproscan_primary/input.fasta.tsv	333	380	333	377	45	48	0.9375	-3	3	-58	True	382	333	380	333	True	44	True	5	True	True	44	True	3	True
callithrix_jacchus	IIIc	IIIc	XM_078346639.1	XP_078202765.1	840	IPR036179	Immunoglobulin-like domain superfamily	SUPERFAMILY	SSF48726	Immunoglobulin	ig_like_domain	275	378	results/final_30_until_interpro_prepare/14_interproscan_primary/input.fasta.tsv	333	380	333	378	46	48	0.9583333333333334	-2	2	-58	True	382	333	380	333	True	45	True	4	True	True	45	True	2	True
callithrix_jacchus	IIIc	IIIc	XM_078346639.1	XP_078202765.1	840	IPR003599	Immunoglobulin domain subtype	SMART	SM00409	IG_3c	ig_like_domain	282	379	results/final_30_until_interpro_prepare/14_interproscan_primary/input.fasta.tsv	333	380	333	379	47	48	0.9791666666666666	-1	1	-51	True	382	333	380	333	True	46	True	3	True	True	46	True	1	True
callithrix_jacchus	IIIc	IIIc	XM_078346639.1	XP_078202765.1	840			Pfam	PF13927	Immunoglobulin domain	ig_like_domain	285	365	results/final_30_until_interpro_prepare/14_interproscan_primary/input.fasta.tsv	333	380	333	365	33	48	0.6875	-15	15	-48	True	382	333	380	333	True	32	True	17	False	True	32	True	15	True
callithrix_jacchus	IIIc	IIIc	XM_078346639.1	XP_078202765.1	840	IPR003598	Immunoglobulin subtype 2	SMART	SM00408	igc2_5	ig_like_domain	288	368	results/final_30_until_interpro_prepare/14_interproscan_primary/input.fasta.tsv	333	380	333	368	36	48	0.75	-12	12	-45	True	382	333	380	333	True	35	True	14	True	True	35	True	12	True
canis_lupus_familiaris	IIIb	IIIb	NP_001003336.1	NP_001003336.1	707	IPR013783	Immunoglobulin-like fold	Gene3D	G3DSA:2.60.40.10	Immunoglobulins	ig_like_domain	136	249	results/final_30_until_interpro_prepare/14_interproscan_primary/input.fasta.tsv	199	244	199	244	46	46	1.0	5	5	-63	True	244	199	244	199	True	50	True	5	True	True	50	True	5	True
canis_lupus_familiaris	IIIb	IIIb	NP_001003336.1	NP_001003336.1	707	IPR007110	Immunoglobulin-like domain	ProSiteProfiles	PS50835	Ig-like domain profile.	ig_like_domain	141	241	results/final_30_until_interpro_prepare/14_interproscan_primary/input.fasta.tsv	199	244	199	241	43	46	0.9347826086956522	-3	3	-58	True	244	199	244	199	True	42	True	3	True	True	42	True	3	True
canis_lupus_familiaris	IIIb	IIIb	NP_001003336.1	NP_001003336.1	707	IPR036179	Immunoglobulin-like domain superfamily	SUPERFAMILY	SSF48726	Immunoglobulin	ig_like_domain	141	242	results/final_30_until_interpro_prepare/14_interproscan_primary/input.fasta.tsv	199	244	199	242	44	46	0.9565217391304348	-2	2	-58	True	244	199	244	199	True	43	True	2	True	True	43	True	2	True
canis_lupus_familiaris	IIIb	IIIb	NP_001003336.1	NP_001003336.1	707	IPR003599	Immunoglobulin domain subtype	SMART	SM00409	IG_3c	ig_like_domain	148	243	results/final_30_until_interpro_prepare/14_interproscan_primary/input.fasta.tsv	199	244	199	243	45	46	0.9782608695652174	-1	1	-51	True	244	199	244	199	True	44	True	1	True	True	44	True	1	True
canis_lupus_familiaris	IIIb	IIIb	NP_001003336.1	NP_001003336.1	707	IPR013098	Immunoglobulin I-set	Pfam	PF07679	Immunoglobulin I-set domain	ig_like_domain	150	242	results/final_30_until_interpro_prepare/14_interproscan_primary/input.fasta.tsv	199	244	199	242	44	46	0.9565217391304348	-2	2	-49	True	244	199	244	199	True	43	True	2	True	True	43	True	2	True
canis_lupus_familiaris	IIIb	IIIb	NP_001003336.1	NP_001003336.1	707	IPR003598	Immunoglobulin subtype 2	SMART	SM00408	igc2_5	ig_like_domain	154	232	results/final_30_until_interpro_prepare/14_interproscan_primary/input.fasta.tsv	199	244	199	232	34	46	0.7391304347826086	-12	12	-45	True	244	199	244	199	True	33	True	12	True	True	33	True	12	True
chrysemys_picta_bellii	IIIb	IIIb	XM_024109913.3	XP_023965681.1	838	IPR013783	Immunoglobulin-like fold	Gene3D	G3DSA:2.60.40.10	Immunoglobulins	ig_like_domain	270	382	results/final_30_until_interpro_prepare/14_interproscan_primary/input.fasta.tsv	333	376	333	376	44	44	1.0	6	6	-63	True	379	333	376	333	True	49	True	3	True	True	49	True	6	True
chrysemys_picta_bellii	IIIb	IIIb	XM_024109913.3	XP_023965681.1	838	IPR036179	Immunoglobulin-like domain superfamily	SUPERFAMILY	SSF48726	Immunoglobulin	ig_like_domain	275	376	results/final_30_until_interpro_prepare/14_interproscan_primary/input.fasta.tsv	333	376	333	376	44	44	1.0	0	0	-58	True	379	333	376	333	True	43	True	3	True	True	43	True	0	True
chrysemys_picta_bellii	IIIb	IIIb	XM_024109913.3	XP_023965681.1	838	IPR007110	Immunoglobulin-like domain	ProSiteProfiles	PS50835	Ig-like domain profile.	ig_like_domain	275	377	results/final_30_until_interpro_prepare/14_interproscan_primary/input.fasta.tsv	333	376	333	376	44	44	1.0	1	1	-58	True	379	333	376	333	True	44	True	2	True	True	44	True	1	True
chrysemys_picta_bellii	IIIb	IIIb	XM_024109913.3	XP_023965681.1	838	IPR013098	Immunoglobulin I-set	Pfam	PF07679	Immunoglobulin I-set domain	ig_like_domain	282	376	results/final_30_until_interpro_prepare/14_interproscan_primary/input.fasta.tsv	333	376	333	376	44	44	1.0	0	0	-51	True	379	333	376	333	True	43	True	3	True	True	43	True	0	True
chrysemys_picta_bellii	IIIb	IIIb	XM_024109913.3	XP_023965681.1	838	IPR003599	Immunoglobulin domain subtype	SMART	SM00409	IG_3c	ig_like_domain	282	377	results/final_30_until_interpro_prepare/14_interproscan_primary/input.fasta.tsv	333	376	333	376	44	44	1.0	1	1	-51	True	379	333	376	333	True	44	True	2	True	True	44	True	1	True
chrysemys_picta_bellii	IIIb	IIIb	XM_024109913.3	XP_023965681.1	838	IPR003598	Immunoglobulin subtype 2	SMART	SM00408	igc2_5	ig_like_domain	288	366	results/final_30_until_interpro_prepare/14_interproscan_primary/input.fasta.tsv	333	376	333	366	34	44	0.7727272727272727	-10	10	-45	True	379	333	376	333	True	33	True	13	True	True	33	True	10	True
chrysemys_picta_bellii	IIIc	IIIc	XM_065552341.1	XP_065408413.1	840	IPR013783	Immunoglobulin-like fold	Gene3D	G3DSA:2.60.40.10	Immunoglobulins	ig_like_domain	270	385	results/final_30_until_interpro_prepare/14_interproscan_primary/input.fasta.tsv	333	380	333	380	48	48	1.0	5	5	-63	True	379	333	380	333	True	52	True	6	True	True	52	True	5	True
chrysemys_picta_bellii	IIIc	IIIc	XM_065552341.1	XP_065408413.1	840	IPR007110	Immunoglobulin-like domain	ProSiteProfiles	PS50835	Ig-like domain profile.	ig_like_domain	275	377	results/final_30_until_interpro_prepare/14_interproscan_primary/input.fasta.tsv	333	380	333	377	45	48	0.9375	-3	3	-58	True	379	333	380	333	True	44	True	2	True	True	44	True	3	True
chrysemys_picta_bellii	IIIc	IIIc	XM_065552341.1	XP_065408413.1	840	IPR036179	Immunoglobulin-like domain superfamily	SUPERFAMILY	SSF48726	Immunoglobulin	ig_like_domain	275	378	results/final_30_until_interpro_prepare/14_interproscan_primary/input.fasta.tsv	333	380	333	378	46	48	0.9583333333333334	-2	2	-58	True	379	333	380	333	True	45	True	1	True	True	45	True	2	True
chrysemys_picta_bellii	IIIc	IIIc	XM_065552341.1	XP_065408413.1	840	IPR003599	Immunoglobulin domain subtype	SMART	SM00409	IG_3c	ig_like_domain	282	379	results/final_30_until_interpro_prepare/14_interproscan_primary/input.fasta.tsv	333	380	333	379	47	48	0.9791666666666666	-1	1	-51	True	379	333	380	333	True	46	True	0	True	True	46	True	1	True
chrysemys_picta_bellii	IIIc	IIIc	XM_065552341.1	XP_065408413.1	840			Pfam	PF13927	Immunoglobulin domain	ig_like_domain	284	365	results/final_30_until_interpro_prepare/14_interproscan_primary/input.fasta.tsv	333	380	333	365	33	48	0.6875	-15	15	-49	True	379	333	380	333	True	32	True	14	True	True	32	True	15	True
chrysemys_picta_bellii	IIIc	IIIc	XM_065552341.1	XP_065408413.1	840	IPR003598	Immunoglobulin subtype 2	SMART	SM00408	igc2_5	ig_like_domain	288	368	results/final_30_until_interpro_prepare/14_interproscan_primary/input.fasta.tsv	333	380	333	368	36	48	0.75	-12	12	-45	True	379	333	380	333	True	35	True	11	True	True	35	True	12	True
danio_rerio	IIIb	IIIb	XM_068224938.2	XP_068081039.1	838	IPR013783	Immunoglobulin-like fold	Gene3D	G3DSA:2.60.40.10	Immunoglobulins	ig_like_domain	274	386	results/final_30_until_interpro_prepare/14_interproscan_primary/input.fasta.tsv	338	382	338	382	45	45	1.0	4	4	-64	True	383	337	382	338	True	49	True	3	True	True	48	True	4	True
danio_rerio	IIIb	IIIb	XM_068224938.2	XP_068081039.1	838	IPR007110	Immunoglobulin-like domain	ProSiteProfiles	PS50835	Ig-like domain profile.	ig_like_domain	279	367	results/final_30_until_interpro_prepare/14_interproscan_primary/input.fasta.tsv	338	382	338	367	30	45	0.6666666666666666	-15	15	-59	True	383	337	382	338	True	30	True	16	False	True	29	True	15	True
danio_rerio	IIIb	IIIb	XM_068224938.2	XP_068081039.1	838	IPR036179	Immunoglobulin-like domain superfamily	SUPERFAMILY	SSF48726	Immunoglobulin	ig_like_domain	279	380	results/final_30_until_interpro_prepare/14_interproscan_primary/input.fasta.tsv	338	382	338	380	43	45	0.9555555555555556	-2	2	-59	True	383	337	382	338	True	43	True	3	True	True	42	True	2	True
danio_rerio	IIIb	IIIb	XM_068224938.2	XP_068081039.1	838	IPR003599	Immunoglobulin domain subtype	SMART	SM00409	IG_3c	ig_like_domain	286	381	results/final_30_until_interpro_prepare/14_interproscan_primary/input.fasta.tsv	338	382	338	381	44	45	0.9777777777777776	-1	1	-52	True	383	337	382	338	True	44	True	2	True	True	43	True	1	True
danio_rerio	IIIb	IIIb	XM_068224938.2	XP_068081039.1	838	IPR013098	Immunoglobulin I-set	Pfam	PF07679	Immunoglobulin I-set domain	ig_like_domain	286	380	results/final_30_until_interpro_prepare/14_interproscan_primary/input.fasta.tsv	338	382	338	380	43	45	0.9555555555555556	-2	2	-52	True	383	337	382	338	True	43	True	3	True	True	42	True	2	True
danio_rerio	IIIb	IIIb	XM_068224938.2	XP_068081039.1	838	IPR003598	Immunoglobulin subtype 2	SMART	SM00408	igc2_5	ig_like_domain	292	370	results/final_30_until_interpro_prepare/14_interproscan_primary/input.fasta.tsv	338	382	338	370	33	45	0.7333333333333333	-12	12	-46	True	383	337	382	338	True	33	True	13	True	True	32	True	12	True
danio_rerio	IIIc	IIIc	XM_068224937.2	XP_068081038.1	840	IPR013783	Immunoglobulin-like fold	Gene3D	G3DSA:2.60.40.10	Immunoglobulins	ig_like_domain	274	388	results/final_30_until_interpro_prepare/14_interproscan_primary/input.fasta.tsv	338	384	338	384	47	47	1.0	4	4	-64	True	383	337	384	338	True	51	True	5	True	True	50	True	4	True
danio_rerio	IIIc	IIIc	XM_068224937.2	XP_068081038.1	840	IPR007110	Immunoglobulin-like domain	ProSiteProfiles	PS50835	Ig-like domain profile.	ig_like_domain	279	381	results/final_30_until_interpro_prepare/14_interproscan_primary/input.fasta.tsv	338	384	338	381	44	47	0.9361702127659576	-3	3	-59	True	383	337	384	338	True	44	True	2	True	True	43	True	3	True
danio_rerio	IIIc	IIIc	XM_068224937.2	XP_068081038.1	840	IPR036179	Immunoglobulin-like domain superfamily	SUPERFAMILY	SSF48726	Immunoglobulin	ig_like_domain	279	382	results/final_30_until_interpro_prepare/14_interproscan_primary/input.fasta.tsv	338	384	338	382	45	47	0.9574468085106383	-2	2	-59	True	383	337	384	338	True	45	True	1	True	True	44	True	2	True
danio_rerio	IIIc	IIIc	XM_068224937.2	XP_068081038.1	840	IPR003599	Immunoglobulin domain subtype	SMART	SM00409	IG_3c	ig_like_domain	286	383	results/final_30_until_interpro_prepare/14_interproscan_primary/input.fasta.tsv	338	384	338	383	46	47	0.9787234042553192	-1	1	-52	True	383	337	384	338	True	46	True	0	True	True	45	True	1	True
danio_rerio	IIIc	IIIc	XM_068224937.2	XP_068081038.1	840	IPR013098	Immunoglobulin I-set	Pfam	PF07679	Immunoglobulin I-set domain	ig_like_domain	286	382	results/final_30_until_interpro_prepare/14_interproscan_primary/input.fasta.tsv	338	384	338	382	45	47	0.9574468085106383	-2	2	-52	True	383	337	384	338	True	45	True	1	True	True	44	True	2	True
danio_rerio	IIIc	IIIc	XM_068224937.2	XP_068081038.1	840	IPR003598	Immunoglobulin subtype 2	SMART	SM00408	igc2_5	ig_like_domain	292	372	results/final_30_until_interpro_prepare/14_interproscan_primary/input.fasta.tsv	338	384	338	372	35	47	0.7446808510638298	-12	12	-46	True	383	337	384	338	True	35	True	11	True	True	34	True	12	True
equus_caballus	IIIb	IIIb	XM_014732943.3	XP_014588429.1	887	IPR013783	Immunoglobulin-like fold	Gene3D	G3DSA:2.60.40.10	Immunoglobulins	ig_like_domain	320	433	results/final_30_until_interpro_prepare/14_interproscan_primary/input.fasta.tsv	383	428	383	428	46	46	1.0	5	5	-63	True	431	383	428	383	True	50	True	2	True	True	50	True	5	True
equus_caballus	IIIb	IIIb	XM_014732943.3	XP_014588429.1	887	IPR036179	Immunoglobulin-like domain superfamily	SUPERFAMILY	SSF48726	Immunoglobulin	ig_like_domain	325	426	results/final_30_until_interpro_prepare/14_interproscan_primary/input.fasta.tsv	383	428	383	426	44	46	0.9565217391304348	-2	2	-58	True	431	383	428	383	True	43	True	5	True	True	43	True	2	True
equus_caballus	IIIb	IIIb	XM_014732943.3	XP_014588429.1	887	IPR007110	Immunoglobulin-like domain	ProSiteProfiles	PS50835	Ig-like domain profile.	ig_like_domain	325	425	results/final_30_until_interpro_prepare/14_interproscan_primary/input.fasta.tsv	383	428	383	425	43	46	0.9347826086956522	-3	3	-58	True	431	383	428	383	True	42	True	6	True	True	42	True	3	True
equus_caballus	IIIb	IIIb	XM_014732943.3	XP_014588429.1	887	IPR013098	Immunoglobulin I-set	Pfam	PF07679	Immunoglobulin I-set domain	ig_like_domain	332	426	results/final_30_until_interpro_prepare/14_interproscan_primary/input.fasta.tsv	383	428	383	426	44	46	0.9565217391304348	-2	2	-51	True	431	383	428	383	True	43	True	5	True	True	43	True	2	True
equus_caballus	IIIb	IIIb	XM_014732943.3	XP_014588429.1	887	IPR003599	Immunoglobulin domain subtype	SMART	SM00409	IG_3c	ig_like_domain	332	427	results/final_30_until_interpro_prepare/14_interproscan_primary/input.fasta.tsv	383	428	383	427	45	46	0.9782608695652174	-1	1	-51	True	431	383	428	383	True	44	True	4	True	True	44	True	1	True
equus_caballus	IIIb	IIIb	XM_014732943.3	XP_014588429.1	887	IPR003598	Immunoglobulin subtype 2	SMART	SM00408	igc2_5	ig_like_domain	338	416	results/final_30_until_interpro_prepare/14_interproscan_primary/input.fasta.tsv	383	428	383	416	34	46	0.7391304347826086	-12	12	-45	True	431	383	428	383	True	33	True	15	True	True	33	True	12	True
equus_caballus	IIIc	IIIc	XM_014732944.3	XP_014588430.1	886	IPR013783	Immunoglobulin-like fold	Gene3D	G3DSA:2.60.40.10	Immunoglobulins	ig_like_domain	320	432	results/final_30_until_interpro_prepare/14_interproscan_primary/input.fasta.tsv	383	430	383	430	48	48	1.0	2	2	-63	True	432	383	430	383	True	49	True	0	True	True	49	True	2	True
equus_caballus	IIIc	IIIc	XM_014732944.3	XP_014588430.1	886	IPR007110	Immunoglobulin-like domain	ProSiteProfiles	PS50835	Ig-like domain profile.	ig_like_domain	325	427	results/final_30_until_interpro_prepare/14_interproscan_primary/input.fasta.tsv	383	430	383	427	45	48	0.9375	-3	3	-58	True	432	383	430	383	True	44	True	5	True	True	44	True	3	True
equus_caballus	IIIc	IIIc	XM_014732944.3	XP_014588430.1	886	IPR036179	Immunoglobulin-like domain superfamily	SUPERFAMILY	SSF48726	Immunoglobulin	ig_like_domain	325	428	results/final_30_until_interpro_prepare/14_interproscan_primary/input.fasta.tsv	383	430	383	428	46	48	0.9583333333333334	-2	2	-58	True	432	383	430	383	True	45	True	4	True	True	45	True	2	True
equus_caballus	IIIc	IIIc	XM_014732944.3	XP_014588430.1	886	IPR003599	Immunoglobulin domain subtype	SMART	SM00409	IG_3c	ig_like_domain	332	429	results/final_30_until_interpro_prepare/14_interproscan_primary/input.fasta.tsv	383	430	383	429	47	48	0.9791666666666666	-1	1	-51	True	432	383	430	383	True	46	True	3	True	True	46	True	1	True
equus_caballus	IIIc	IIIc	XM_014732944.3	XP_014588430.1	886			Pfam	PF13927	Immunoglobulin domain	ig_like_domain	335	415	results/final_30_until_interpro_prepare/14_interproscan_primary/input.fasta.tsv	383	430	383	415	33	48	0.6875	-15	15	-48	True	432	383	430	383	True	32	True	17	False	True	32	True	15	True
equus_caballus	IIIc	IIIc	XM_014732944.3	XP_014588430.1	886	IPR003598	Immunoglobulin subtype 2	SMART	SM00408	igc2_5	ig_like_domain	338	418	results/final_30_until_interpro_prepare/14_interproscan_primary/input.fasta.tsv	383	430	383	418	36	48	0.75	-12	12	-45	True	432	383	430	383	True	35	True	14	True	True	35	True	12	True
felis_catus	IIIb	IIIb	XM_045040759.1	XP_044896694.1	841	IPR013783	Immunoglobulin-like fold	Gene3D	G3DSA:2.60.40.10	Immunoglobulins	ig_like_domain	270	383	results/final_30_until_interpro_prepare/14_interproscan_primary/input.fasta.tsv	333	378	333	378	46	46	1.0	5	5	-63	True	381	333	378	333	True	50	True	2	True	True	50	True	5	True
felis_catus	IIIb	IIIb	XM_045040759.1	XP_044896694.1	841	IPR007110	Immunoglobulin-like domain	ProSiteProfiles	PS50835	Ig-like domain profile.	ig_like_domain	275	375	results/final_30_until_interpro_prepare/14_interproscan_primary/input.fasta.tsv	333	378	333	375	43	46	0.9347826086956522	-3	3	-58	True	381	333	378	333	True	42	True	6	True	True	42	True	3	True
felis_catus	IIIb	IIIb	XM_045040759.1	XP_044896694.1	841	IPR036179	Immunoglobulin-like domain superfamily	SUPERFAMILY	SSF48726	Immunoglobulin	ig_like_domain	275	376	results/final_30_until_interpro_prepare/14_interproscan_primary/input.fasta.tsv	333	378	333	376	44	46	0.9565217391304348	-2	2	-58	True	381	333	378	333	True	43	True	5	True	True	43	True	2	True
felis_catus	IIIb	IIIb	XM_045040759.1	XP_044896694.1	841	IPR003599	Immunoglobulin domain subtype	SMART	SM00409	IG_3c	ig_like_domain	282	377	results/final_30_until_interpro_prepare/14_interproscan_primary/input.fasta.tsv	333	378	333	377	45	46	0.9782608695652174	-1	1	-51	True	381	333	378	333	True	44	True	4	True	True	44	True	1	True
felis_catus	IIIb	IIIb	XM_045040759.1	XP_044896694.1	841	IPR013098	Immunoglobulin I-set	Pfam	PF07679	Immunoglobulin I-set domain	ig_like_domain	282	376	results/final_30_until_interpro_prepare/14_interproscan_primary/input.fasta.tsv	333	378	333	376	44	46	0.9565217391304348	-2	2	-51	True	381	333	378	333	True	43	True	5	True	True	43	True	2	True
felis_catus	IIIb	IIIb	XM_045040759.1	XP_044896694.1	841	IPR003598	Immunoglobulin subtype 2	SMART	SM00408	igc2_5	ig_like_domain	288	366	results/final_30_until_interpro_prepare/14_interproscan_primary/input.fasta.tsv	333	378	333	366	34	46	0.7391304347826086	-12	12	-45	True	381	333	378	333	True	33	True	15	True	True	33	True	12	True
felis_catus	IIIc	IIIc	XM_045040760.1	XP_044896695.1	840	IPR013783	Immunoglobulin-like fold	Gene3D	G3DSA:2.60.40.10	Immunoglobulins	ig_like_domain	270	382	results/final_30_until_interpro_prepare/14_interproscan_primary/input.fasta.tsv	333	380	333	380	48	48	1.0	2	2	-63	True	382	333	380	333	True	49	True	0	True	True	49	True	2	True
felis_catus	IIIc	IIIc	XM_045040760.1	XP_044896695.1	840	IPR007110	Immunoglobulin-like domain	ProSiteProfiles	PS50835	Ig-like domain profile.	ig_like_domain	275	377	results/final_30_until_interpro_prepare/14_interproscan_primary/input.fasta.tsv	333	380	333	377	45	48	0.9375	-3	3	-58	True	382	333	380	333	True	44	True	5	True	True	44	True	3	True
felis_catus	IIIc	IIIc	XM_045040760.1	XP_044896695.1	840	IPR036179	Immunoglobulin-like domain superfamily	SUPERFAMILY	SSF48726	Immunoglobulin	ig_like_domain	275	378	results/final_30_until_interpro_prepare/14_interproscan_primary/input.fasta.tsv	333	380	333	378	46	48	0.9583333333333334	-2	2	-58	True	382	333	380	333	True	45	True	4	True	True	45	True	2	True
felis_catus	IIIc	IIIc	XM_045040760.1	XP_044896695.1	840	IPR003599	Immunoglobulin domain subtype	SMART	SM00409	IG_3c	ig_like_domain	282	379	results/final_30_until_interpro_prepare/14_interproscan_primary/input.fasta.tsv	333	380	333	379	47	48	0.9791666666666666	-1	1	-51	True	382	333	380	333	True	46	True	3	True	True	46	True	1	True
felis_catus	IIIc	IIIc	XM_045040760.1	XP_044896695.1	840			Pfam	PF13927	Immunoglobulin domain	ig_like_domain	285	365	results/final_30_until_interpro_prepare/14_interproscan_primary/input.fasta.tsv	333	380	333	365	33	48	0.6875	-15	15	-48	True	382	333	380	333	True	32	True	17	False	True	32	True	15	True
felis_catus	IIIc	IIIc	XM_045040760.1	XP_044896695.1	840	IPR003598	Immunoglobulin subtype 2	SMART	SM00408	igc2_5	ig_like_domain	288	368	results/final_30_until_interpro_prepare/14_interproscan_primary/input.fasta.tsv	333	380	333	368	36	48	0.75	-12	12	-45	True	382	333	380	333	True	35	True	14	True	True	35	True	12	True
gallus_gallus	IIIb	IIIb	XM_046942740.1	XP_046798696.1	843	IPR013783	Immunoglobulin-like fold	Gene3D	G3DSA:2.60.40.10	Immunoglobulins	ig_like_domain	272	382	results/final_30_until_interpro_prepare/14_interproscan_primary/input.fasta.tsv	335	380	335	380	46	46	1.0	2	2	-63	True	383	335	380	335	True	47	True	1	True	True	47	True	2	True
gallus_gallus	IIIb	IIIb	XM_046942740.1	XP_046798696.1	843	IPR036179	Immunoglobulin-like domain superfamily	SUPERFAMILY	SSF48726	Immunoglobulin	ig_like_domain	277	378	results/final_30_until_interpro_prepare/14_interproscan_primary/input.fasta.tsv	335	380	335	378	44	46	0.9565217391304348	-2	2	-58	True	383	335	380	335	True	43	True	5	True	True	43	True	2	True
gallus_gallus	IIIb	IIIb	XM_046942740.1	XP_046798696.1	843	IPR007110	Immunoglobulin-like domain	ProSiteProfiles	PS50835	Ig-like domain profile.	ig_like_domain	277	377	results/final_30_until_interpro_prepare/14_interproscan_primary/input.fasta.tsv	335	380	335	377	43	46	0.9347826086956522	-3	3	-58	True	383	335	380	335	True	42	True	6	True	True	42	True	3	True
gallus_gallus	IIIb	IIIb	XM_046942740.1	XP_046798696.1	843	IPR013098	Immunoglobulin I-set	Pfam	PF07679	Immunoglobulin I-set domain	ig_like_domain	284	378	results/final_30_until_interpro_prepare/14_interproscan_primary/input.fasta.tsv	335	380	335	378	44	46	0.9565217391304348	-2	2	-51	True	383	335	380	335	True	43	True	5	True	True	43	True	2	True
gallus_gallus	IIIb	IIIb	XM_046942740.1	XP_046798696.1	843	IPR003599	Immunoglobulin domain subtype	SMART	SM00409	IG_3c	ig_like_domain	284	379	results/final_30_until_interpro_prepare/14_interproscan_primary/input.fasta.tsv	335	380	335	379	45	46	0.9782608695652174	-1	1	-51	True	383	335	380	335	True	44	True	4	True	True	44	True	1	True
gallus_gallus	IIIb	IIIb	XM_046942740.1	XP_046798696.1	843	IPR003598	Immunoglobulin subtype 2	SMART	SM00408	igc2_5	ig_like_domain	290	368	results/final_30_until_interpro_prepare/14_interproscan_primary/input.fasta.tsv	335	380	335	368	34	46	0.7391304347826086	-12	12	-45	True	383	335	380	335	True	33	True	15	True	True	33	True	12	True
gallus_gallus	IIIc	IIIc	NM_205319.4	NP_990650.2	842	IPR013783	Immunoglobulin-like fold	Gene3D	G3DSA:2.60.40.10	Immunoglobulins	ig_like_domain	272	386	results/final_30_until_interpro_prepare/14_interproscan_primary/input.fasta.tsv	335	382	335	382	48	48	1.0	4	4	-63	True	384	335	382	335	True	51	True	2	True	True	51	True	4	True
gallus_gallus	IIIc	IIIc	NM_205319.4	NP_990650.2	842	IPR036179	Immunoglobulin-like domain superfamily	SUPERFAMILY	SSF48726	Immunoglobulin	ig_like_domain	277	380	results/final_30_until_interpro_prepare/14_interproscan_primary/input.fasta.tsv	335	382	335	380	46	48	0.9583333333333334	-2	2	-58	True	384	335	382	335	True	45	True	4	True	True	45	True	2	True
gallus_gallus	IIIc	IIIc	NM_205319.4	NP_990650.2	842	IPR007110	Immunoglobulin-like domain	ProSiteProfiles	PS50835	Ig-like domain profile.	ig_like_domain	277	379	results/final_30_until_interpro_prepare/14_interproscan_primary/input.fasta.tsv	335	382	335	379	45	48	0.9375	-3	3	-58	True	384	335	382	335	True	44	True	5	True	True	44	True	3	True
gallus_gallus	IIIc	IIIc	NM_205319.4	NP_990650.2	842	IPR003599	Immunoglobulin domain subtype	SMART	SM00409	IG_3c	ig_like_domain	284	381	results/final_30_until_interpro_prepare/14_interproscan_primary/input.fasta.tsv	335	382	335	381	47	48	0.9791666666666666	-1	1	-51	True	384	335	382	335	True	46	True	3	True	True	46	True	1	True
gallus_gallus	IIIc	IIIc	NM_205319.4	NP_990650.2	842			Pfam	PF13927	Immunoglobulin domain	ig_like_domain	286	367	results/final_30_until_interpro_prepare/14_interproscan_primary/input.fasta.tsv	335	382	335	367	33	48	0.6875	-15	15	-49	True	384	335	382	335	True	32	True	17	False	True	32	True	15	True
gallus_gallus	IIIc	IIIc	NM_205319.4	NP_990650.2	842	IPR003598	Immunoglobulin subtype 2	SMART	SM00408	igc2_5	ig_like_domain	290	370	results/final_30_until_interpro_prepare/14_interproscan_primary/input.fasta.tsv	335	382	335	370	36	48	0.75	-12	12	-45	True	384	335	382	335	True	35	True	14	True	True	35	True	12	True
gasterosteus_aculeatus	IIIb	IIIb	ENSGACT00000078064	ENSGACP00000047216	915	IPR013783	Immunoglobulin-like fold	Gene3D	G3DSA:2.60.40.10	Immunoglobulins	ig_like_domain	62	175	results/final_30_until_interpro_prepare/14_interproscan_primary/input.fasta.tsv	126	170	126	170	45	45	1.0	5	5	-64	True	475	429	170	126	False	254	False	300	False	True	49	True	5	True
gasterosteus_aculeatus	IIIb	IIIb	ENSGACT00000078064	ENSGACP00000047216	915	IPR036179	Immunoglobulin-like domain superfamily	SUPERFAMILY	SSF48726	Immunoglobulin	ig_like_domain	67	168	results/final_30_until_interpro_prepare/14_interproscan_primary/input.fasta.tsv	126	170	126	168	43	45	0.9555555555555556	-2	2	-59	True	475	429	170	126	False	261	False	307	False	True	42	True	2	True
gasterosteus_aculeatus	IIIb	IIIb	ENSGACT00000078064	ENSGACP00000047216	915	IPR007110	Immunoglobulin-like domain	ProSiteProfiles	PS50835	Ig-like domain profile.	ig_like_domain	67	155	results/final_30_until_interpro_prepare/14_interproscan_primary/input.fasta.tsv	126	170	126	155	30	45	0.6666666666666666	-15	15	-59	True	475	429	170	126	False	274	False	320	False	True	29	True	15	True
gasterosteus_aculeatus	IIIb	IIIb	ENSGACT00000078064	ENSGACP00000047216	915	IPR013098	Immunoglobulin I-set	Pfam	PF07679	Immunoglobulin I-set domain	ig_like_domain	74	168	results/final_30_until_interpro_prepare/14_interproscan_primary/input.fasta.tsv	126	170	126	168	43	45	0.9555555555555556	-2	2	-52	True	475	429	170	126	False	261	False	307	False	True	42	True	2	True
gasterosteus_aculeatus	IIIb	IIIb	ENSGACT00000078064	ENSGACP00000047216	915	IPR003599	Immunoglobulin domain subtype	SMART	SM00409	IG_3c	ig_like_domain	74	169	results/final_30_until_interpro_prepare/14_interproscan_primary/input.fasta.tsv	126	170	126	169	44	45	0.9777777777777776	-1	1	-52	True	475	429	170	126	False	260	False	306	False	True	43	True	1	True
gasterosteus_aculeatus	IIIb	IIIb	ENSGACT00000078064	ENSGACP00000047216	915	IPR003598	Immunoglobulin subtype 2	SMART	SM00408	igc2_5	ig_like_domain	80	158	results/final_30_until_interpro_prepare/14_interproscan_primary/input.fasta.tsv	126	170	126	158	33	45	0.7333333333333333	-12	12	-46	True	475	429	170	126	False	271	False	317	False	True	32	True	12	True
gasterosteus_aculeatus	IIIc	IIIc	ENSGACT00000067656	ENSGACP00000061458	917	IPR013783	Immunoglobulin-like fold	Gene3D	G3DSA:2.60.40.10	Immunoglobulins	ig_like_domain	379	493	results/final_30_until_interpro_prepare/14_interproscan_primary/input.fasta.tsv	443	489	443	489	47	47	1.0	4	4	-64	True	176	136	489	443	False	243	False	317	False	True	50	True	4	True
gasterosteus_aculeatus	IIIc	IIIc	ENSGACT00000067656	ENSGACP00000061458	917	IPR007110	Immunoglobulin-like domain	ProSiteProfiles	PS50835	Ig-like domain profile.	ig_like_domain	384	486	results/final_30_until_interpro_prepare/14_interproscan_primary/input.fasta.tsv	443	489	443	486	44	47	0.9361702127659576	-3	3	-59	True	176	136	489	443	False	248	False	310	False	True	43	True	3	True
gasterosteus_aculeatus	IIIc	IIIc	ENSGACT00000067656	ENSGACP00000061458	917	IPR036179	Immunoglobulin-like domain superfamily	SUPERFAMILY	SSF48726	Immunoglobulin	ig_like_domain	384	487	results/final_30_until_interpro_prepare/14_interproscan_primary/input.fasta.tsv	443	489	443	487	45	47	0.9574468085106383	-2	2	-59	True	176	136	489	443	False	248	False	311	False	True	44	True	2	True
gasterosteus_aculeatus	IIIc	IIIc	ENSGACT00000067656	ENSGACP00000061458	917	IPR003599	Immunoglobulin domain subtype	SMART	SM00409	IG_3c	ig_like_domain	391	488	results/final_30_until_interpro_prepare/14_interproscan_primary/input.fasta.tsv	443	489	443	488	46	47	0.9787234042553192	-1	1	-52	True	176	136	489	443	False	255	False	312	False	True	45	True	1	True
gasterosteus_aculeatus	IIIc	IIIc	ENSGACT00000067656	ENSGACP00000061458	917	IPR013098	Immunoglobulin I-set	Pfam	PF07679	Immunoglobulin I-set domain	ig_like_domain	391	487	results/final_30_until_interpro_prepare/14_interproscan_primary/input.fasta.tsv	443	489	443	487	45	47	0.9574468085106383	-2	2	-52	True	176	136	489	443	False	255	False	311	False	True	44	True	2	True
gasterosteus_aculeatus	IIIc	IIIc	ENSGACT00000067656	ENSGACP00000061458	917	IPR003598	Immunoglobulin subtype 2	SMART	SM00408	igc2_5	ig_like_domain	397	477	results/final_30_until_interpro_prepare/14_interproscan_primary/input.fasta.tsv	443	489	443	477	35	47	0.7446808510638298	-12	12	-46	True	176	136	489	443	False	261	False	301	False	True	34	True	12	True
gorilla_gorilla_gorilla	IIIb	IIIb	ENSGGOT00000059958	ENSGGOP00000051435	670	IPR013783	Immunoglobulin-like fold	Gene3D	G3DSA:2.60.40.10	Immunoglobulins	ig_like_domain	162	274	results/final_30_until_interpro_prepare/14_interproscan_primary/input.fasta.tsv	225	270	225	270	46	46	1.0	4	4	-63	True	270	225	270	225	True	49	True	4	True	True	49	True	4	True
gorilla_gorilla_gorilla	IIIb	IIIb	ENSGGOT00000059958	ENSGGOP00000051435	670	IPR007110	Immunoglobulin-like domain	ProSiteProfiles	PS50835	Ig-like domain profile.	ig_like_domain	167	267	results/final_30_until_interpro_prepare/14_interproscan_primary/input.fasta.tsv	225	270	225	267	43	46	0.9347826086956522	-3	3	-58	True	270	225	270	225	True	42	True	3	True	True	42	True	3	True
gorilla_gorilla_gorilla	IIIb	IIIb	ENSGGOT00000059958	ENSGGOP00000051435	670	IPR036179	Immunoglobulin-like domain superfamily	SUPERFAMILY	SSF48726	Immunoglobulin	ig_like_domain	167	268	results/final_30_until_interpro_prepare/14_interproscan_primary/input.fasta.tsv	225	270	225	268	44	46	0.9565217391304348	-2	2	-58	True	270	225	270	225	True	43	True	2	True	True	43	True	2	True
gorilla_gorilla_gorilla	IIIb	IIIb	ENSGGOT00000059958	ENSGGOP00000051435	670	IPR003599	Immunoglobulin domain subtype	SMART	SM00409	IG_3c	ig_like_domain	174	269	results/final_30_until_interpro_prepare/14_interproscan_primary/input.fasta.tsv	225	270	225	269	45	46	0.9782608695652174	-1	1	-51	True	270	225	270	225	True	44	True	1	True	True	44	True	1	True
gorilla_gorilla_gorilla	IIIb	IIIb	ENSGGOT00000059958	ENSGGOP00000051435	670	IPR013098	Immunoglobulin I-set	Pfam	PF07679	Immunoglobulin I-set domain	ig_like_domain	174	268	results/final_30_until_interpro_prepare/14_interproscan_primary/input.fasta.tsv	225	270	225	268	44	46	0.9565217391304348	-2	2	-51	True	270	225	270	225	True	43	True	2	True	True	43	True	2	True
gorilla_gorilla_gorilla	IIIb	IIIb	ENSGGOT00000059958	ENSGGOP00000051435	670	IPR003598	Immunoglobulin subtype 2	SMART	SM00408	igc2_5	ig_like_domain	180	258	results/final_30_until_interpro_prepare/14_interproscan_primary/input.fasta.tsv	225	270	225	258	34	46	0.7391304347826086	-12	12	-45	True	270	225	270	225	True	33	True	12	True	True	33	True	12	True
gorilla_gorilla_gorilla	IIIc	IIIc	XP_004050253.1	XP_004050253.1	723	IPR013783	Immunoglobulin-like fold	Gene3D	G3DSA:2.60.40.10	Immunoglobulins	ig_like_domain	155	266	results/final_30_until_interpro_prepare/14_interproscan_primary/input.fasta.tsv	218	265	218	265	48	48	1.0	1	1	-63	True	265	202	265	218	True	47	True	1	True	True	48	True	1	True
gorilla_gorilla_gorilla	IIIc	IIIc	XP_004050253.1	XP_004050253.1	723	IPR007110	Immunoglobulin-like domain	ProSiteProfiles	PS50835	Ig-like domain profile.	ig_like_domain	160	262	results/final_30_until_interpro_prepare/14_interproscan_primary/input.fasta.tsv	218	265	218	262	45	48	0.9375	-3	3	-58	True	265	202	265	218	True	42	True	3	True	True	44	True	3	True
gorilla_gorilla_gorilla	IIIc	IIIc	XP_004050253.1	XP_004050253.1	723	IPR036179	Immunoglobulin-like domain superfamily	SUPERFAMILY	SSF48726	Immunoglobulin	ig_like_domain	160	263	results/final_30_until_interpro_prepare/14_interproscan_primary/input.fasta.tsv	218	265	218	263	46	48	0.9583333333333334	-2	2	-58	True	265	202	265	218	True	42	True	2	True	True	45	True	2	True
gorilla_gorilla_gorilla	IIIc	IIIc	XP_004050253.1	XP_004050253.1	723	IPR003599	Immunoglobulin domain subtype	SMART	SM00409	IG_3c	ig_like_domain	167	264	results/final_30_until_interpro_prepare/14_interproscan_primary/input.fasta.tsv	218	265	218	264	47	48	0.9791666666666666	-1	1	-51	True	265	202	265	218	True	35	True	1	True	True	46	True	1	True
gorilla_gorilla_gorilla	IIIc	IIIc	XP_004050253.1	XP_004050253.1	723			Pfam	PF13927	Immunoglobulin domain	ig_like_domain	170	250	results/final_30_until_interpro_prepare/14_interproscan_primary/input.fasta.tsv	218	265	218	250	33	48	0.6875	-15	15	-48	True	265	202	265	218	True	32	True	15	True	True	32	True	15	True
gorilla_gorilla_gorilla	IIIc	IIIc	XP_004050253.1	XP_004050253.1	723	IPR003598	Immunoglobulin subtype 2	SMART	SM00408	igc2_5	ig_like_domain	173	253	results/final_30_until_interpro_prepare/14_interproscan_primary/input.fasta.tsv	218	265	218	253	36	48	0.75	-12	12	-45	True	265	202	265	218	True	29	True	12	True	True	35	True	12	True
homo_sapiens	IIIb	IIIb	ENST00001142305	ENSP00000813085	822	IPR013783	Immunoglobulin-like fold	Gene3D	G3DSA:2.60.40.10	Immunoglobulins	ig_like_domain	251	363	results/final_30_until_interpro_prepare/14_interproscan_primary/input.fasta.tsv	314	359	314	359	46	46	1.0	4	4	-63	True	393	343	359	314	True	20	True	30	False	True	49	True	4	True
homo_sapiens	IIIb	IIIb	ENST00001142305	ENSP00000813085	822	IPR007110	Immunoglobulin-like domain	ProSiteProfiles	PS50835	Ig-like domain profile.	ig_like_domain	256	356	results/final_30_until_interpro_prepare/14_interproscan_primary/input.fasta.tsv	314	359	314	356	43	46	0.9347826086956522	-3	3	-58	True	393	343	359	314	True	13	False	37	False	True	42	True	3	True
homo_sapiens	IIIb	IIIb	ENST00001142305	ENSP00000813085	822	IPR036179	Immunoglobulin-like domain superfamily	SUPERFAMILY	SSF48726	Immunoglobulin	ig_like_domain	256	357	results/final_30_until_interpro_prepare/14_interproscan_primary/input.fasta.tsv	314	359	314	357	44	46	0.9565217391304348	-2	2	-58	True	393	343	359	314	True	14	False	36	False	True	43	True	2	True
homo_sapiens	IIIb	IIIb	ENST00001142305	ENSP00000813085	822	IPR013098	Immunoglobulin I-set	Pfam	PF07679	Immunoglobulin I-set domain	ig_like_domain	263	357	results/final_30_until_interpro_prepare/14_interproscan_primary/input.fasta.tsv	314	359	314	357	44	46	0.9565217391304348	-2	2	-51	True	393	343	359	314	True	14	False	36	False	True	43	True	2	True
homo_sapiens	IIIb	IIIb	ENST00001142305	ENSP00000813085	822	IPR003599	Immunoglobulin domain subtype	SMART	SM00409	IG_3c	ig_like_domain	263	358	results/final_30_until_interpro_prepare/14_interproscan_primary/input.fasta.tsv	314	359	314	358	45	46	0.9782608695652174	-1	1	-51	True	393	343	359	314	True	15	False	35	False	True	44	True	1	True
homo_sapiens	IIIb	IIIb	ENST00001142305	ENSP00000813085	822	IPR003598	Immunoglobulin subtype 2	SMART	SM00408	igc2_5	ig_like_domain	269	347	results/final_30_until_interpro_prepare/14_interproscan_primary/input.fasta.tsv	314	359	314	347	34	46	0.7391304347826086	-12	12	-45	True	393	343	359	314	True	4	False	46	False	True	33	True	12	True
homo_sapiens	IIIc	IIIc	ENST00000358487	ENSP00000351276	821	IPR013783	Immunoglobulin-like fold	Gene3D	G3DSA:2.60.40.10	Immunoglobulins	ig_like_domain	251	362	results/final_30_until_interpro_prepare/14_interproscan_primary/input.fasta.tsv	314	361	314	361	48	48	1.0	1	1	-63	True	343	302	361	314	True	51	True	19	False	True	48	True	1	True
homo_sapiens	IIIc	IIIc	ENST00000358487	ENSP00000351276	821	IPR036179	Immunoglobulin-like domain superfamily	SUPERFAMILY	SSF48726	Immunoglobulin	ig_like_domain	256	359	results/final_30_until_interpro_prepare/14_interproscan_primary/input.fasta.tsv	314	361	314	359	46	48	0.9583333333333334	-2	2	-58	True	343	302	361	314	True	46	True	16	False	True	45	True	2	True
homo_sapiens	IIIc	IIIc	ENST00000358487	ENSP00000351276	821	IPR007110	Immunoglobulin-like domain	ProSiteProfiles	PS50835	Ig-like domain profile.	ig_like_domain	256	358	results/final_30_until_interpro_prepare/14_interproscan_primary/input.fasta.tsv	314	361	314	358	45	48	0.9375	-3	3	-58	True	343	302	361	314	True	46	True	15	True	True	44	True	3	True
homo_sapiens	IIIc	IIIc	ENST00000358487	ENSP00000351276	821	IPR003599	Immunoglobulin domain subtype	SMART	SM00409	IG_3c	ig_like_domain	263	360	results/final_30_until_interpro_prepare/14_interproscan_primary/input.fasta.tsv	314	361	314	360	47	48	0.9791666666666666	-1	1	-51	True	343	302	361	314	True	39	True	17	False	True	46	True	1	True
homo_sapiens	IIIc	IIIc	ENST00000358487	ENSP00000351276	821			Pfam	PF13927	Immunoglobulin domain	ig_like_domain	266	346	results/final_30_until_interpro_prepare/14_interproscan_primary/input.fasta.tsv	314	361	314	346	33	48	0.6875	-15	15	-48	True	343	302	361	314	True	36	True	3	True	True	32	True	15	True
homo_sapiens	IIIc	IIIc	ENST00000358487	ENSP00000351276	821	IPR003598	Immunoglobulin subtype 2	SMART	SM00408	igc2_5	ig_like_domain	269	349	results/final_30_until_interpro_prepare/14_interproscan_primary/input.fasta.tsv	314	361	314	349	36	48	0.75	-12	12	-45	True	343	302	361	314	True	33	True	6	True	True	35	True	12	True
macaca_mulatta	IIIb	IIIb	XM_015148329.3	XP_015003815.1	839	IPR013783	Immunoglobulin-like fold	Gene3D	G3DSA:2.60.40.10	Immunoglobulins	ig_like_domain	270	382	results/final_30_until_interpro_prepare/14_interproscan_primary/input.fasta.tsv	333	378	333	378	46	46	1.0	4	4	-63	True	381	333	378	333	True	49	True	1	True	True	49	True	4	True
macaca_mulatta	IIIb	IIIb	XM_015148329.3	XP_015003815.1	839	IPR007110	Immunoglobulin-like domain	ProSiteProfiles	PS50835	Ig-like domain profile.	ig_like_domain	275	375	results/final_30_until_interpro_prepare/14_interproscan_primary/input.fasta.tsv	333	378	333	375	43	46	0.9347826086956522	-3	3	-58	True	381	333	378	333	True	42	True	6	True	True	42	True	3	True
macaca_mulatta	IIIb	IIIb	XM_015148329.3	XP_015003815.1	839	IPR036179	Immunoglobulin-like domain superfamily	SUPERFAMILY	SSF48726	Immunoglobulin	ig_like_domain	275	376	results/final_30_until_interpro_prepare/14_interproscan_primary/input.fasta.tsv	333	378	333	376	44	46	0.9565217391304348	-2	2	-58	True	381	333	378	333	True	43	True	5	True	True	43	True	2	True
macaca_mulatta	IIIb	IIIb	XM_015148329.3	XP_015003815.1	839	IPR013098	Immunoglobulin I-set	Pfam	PF07679	Immunoglobulin I-set domain	ig_like_domain	282	376	results/final_30_until_interpro_prepare/14_interproscan_primary/input.fasta.tsv	333	378	333	376	44	46	0.9565217391304348	-2	2	-51	True	381	333	378	333	True	43	True	5	True	True	43	True	2	True
macaca_mulatta	IIIb	IIIb	XM_015148329.3	XP_015003815.1	839	IPR003599	Immunoglobulin domain subtype	SMART	SM00409	IG_3c	ig_like_domain	282	377	results/final_30_until_interpro_prepare/14_interproscan_primary/input.fasta.tsv	333	378	333	377	45	46	0.9782608695652174	-1	1	-51	True	381	333	378	333	True	44	True	4	True	True	44	True	1	True
macaca_mulatta	IIIb	IIIb	XM_015148329.3	XP_015003815.1	839	IPR003598	Immunoglobulin subtype 2	SMART	SM00408	igc2_5	ig_like_domain	288	366	results/final_30_until_interpro_prepare/14_interproscan_primary/input.fasta.tsv	333	378	333	366	34	46	0.7391304347826086	-12	12	-45	True	381	333	378	333	True	33	True	15	True	True	33	True	12	True
macaca_mulatta	IIIc	IIIc	XM_077947649.1	XP_077803775.1	838	IPR013783	Immunoglobulin-like fold	Gene3D	G3DSA:2.60.40.10	Immunoglobulins	ig_like_domain	270	381	results/final_30_until_interpro_prepare/14_interproscan_primary/input.fasta.tsv	333	380	333	380	48	48	1.0	1	1	-63	True	382	333	380	333	True	48	True	1	True	True	48	True	1	True
macaca_mulatta	IIIc	IIIc	XM_077947649.1	XP_077803775.1	838	IPR007110	Immunoglobulin-like domain	ProSiteProfiles	PS50835	Ig-like domain profile.	ig_like_domain	275	377	results/final_30_until_interpro_prepare/14_interproscan_primary/input.fasta.tsv	333	380	333	377	45	48	0.9375	-3	3	-58	True	382	333	380	333	True	44	True	5	True	True	44	True	3	True
macaca_mulatta	IIIc	IIIc	XM_077947649.1	XP_077803775.1	838	IPR036179	Immunoglobulin-like domain superfamily	SUPERFAMILY	SSF48726	Immunoglobulin	ig_like_domain	275	378	results/final_30_until_interpro_prepare/14_interproscan_primary/input.fasta.tsv	333	380	333	378	46	48	0.9583333333333334	-2	2	-58	True	382	333	380	333	True	45	True	4	True	True	45	True	2	True
macaca_mulatta	IIIc	IIIc	XM_077947649.1	XP_077803775.1	838	IPR003599	Immunoglobulin domain subtype	SMART	SM00409	IG_3c	ig_like_domain	282	379	results/final_30_until_interpro_prepare/14_interproscan_primary/input.fasta.tsv	333	380	333	379	47	48	0.9791666666666666	-1	1	-51	True	382	333	380	333	True	46	True	3	True	True	46	True	1	True
macaca_mulatta	IIIc	IIIc	XM_077947649.1	XP_077803775.1	838			Pfam	PF13927	Immunoglobulin domain	ig_like_domain	285	365	results/final_30_until_interpro_prepare/14_interproscan_primary/input.fasta.tsv	333	380	333	365	33	48	0.6875	-15	15	-48	True	382	333	380	333	True	32	True	17	False	True	32	True	15	True
macaca_mulatta	IIIc	IIIc	XM_077947649.1	XP_077803775.1	838	IPR003598	Immunoglobulin subtype 2	SMART	SM00408	igc2_5	ig_like_domain	288	368	results/final_30_until_interpro_prepare/14_interproscan_primary/input.fasta.tsv	333	380	333	368	36	48	0.75	-12	12	-45	True	382	333	380	333	True	35	True	14	True	True	35	True	12	True
meleagris_gallopavo	IIIb	IIIb	ENSMGAT00000037037	ENSMGAP00000031353	631	IPR013783	Immunoglobulin-like fold	Gene3D	G3DSA:2.60.40.10	Immunoglobulins	ig_like_domain	145	254	results/final_30_until_interpro_prepare/14_interproscan_primary/input.fasta.tsv	208	253	208	253	46	46	1.0	1	1	-63	True	295	245	253	208	True	9	False	41	False	True	46	True	1	True
meleagris_gallopavo	IIIb	IIIb	ENSMGAT00000037037	ENSMGAP00000031353	631	IPR036179	Immunoglobulin-like domain superfamily	SUPERFAMILY	SSF48726	Immunoglobulin	ig_like_domain	150	251	results/final_30_until_interpro_prepare/14_interproscan_primary/input.fasta.tsv	208	253	208	251	44	46	0.9565217391304348	-2	2	-58	True	295	245	253	208	True	6	False	44	False	True	43	True	2	True
meleagris_gallopavo	IIIb	IIIb	ENSMGAT00000037037	ENSMGAP00000031353	631	IPR007110	Immunoglobulin-like domain	ProSiteProfiles	PS50835	Ig-like domain profile.	ig_like_domain	150	250	results/final_30_until_interpro_prepare/14_interproscan_primary/input.fasta.tsv	208	253	208	250	43	46	0.9347826086956522	-3	3	-58	True	295	245	253	208	True	5	False	45	False	True	42	True	3	True
meleagris_gallopavo	IIIb	IIIb	ENSMGAT00000037037	ENSMGAP00000031353	631	IPR003599	Immunoglobulin domain subtype	SMART	SM00409	IG_3c	ig_like_domain	157	252	results/final_30_until_interpro_prepare/14_interproscan_primary/input.fasta.tsv	208	253	208	252	45	46	0.9782608695652174	-1	1	-51	True	295	245	253	208	True	7	False	43	False	True	44	True	1	True
meleagris_gallopavo	IIIb	IIIb	ENSMGAT00000037037	ENSMGAP00000031353	631	IPR013098	Immunoglobulin I-set	Pfam	PF07679	Immunoglobulin I-set domain	ig_like_domain	157	251	results/final_30_until_interpro_prepare/14_interproscan_primary/input.fasta.tsv	208	253	208	251	44	46	0.9565217391304348	-2	2	-51	True	295	245	253	208	True	6	False	44	False	True	43	True	2	True
meleagris_gallopavo	IIIb	IIIb	ENSMGAT00000037037	ENSMGAP00000031353	631	IPR003598	Immunoglobulin subtype 2	SMART	SM00408	igc2_5	ig_like_domain	163	241	results/final_30_until_interpro_prepare/14_interproscan_primary/input.fasta.tsv	208	253	208	241	34	46	0.7391304347826086	-12	12	-45	True	295	245	253	208	False	4	False	54	False	True	33	True	12	True
meleagris_gallopavo	IIIc	IIIc	ENSMGAT00000021846	ENSMGAP00000031571	627	IPR013783	Immunoglobulin-like fold	Gene3D	G3DSA:2.60.40.10	Immunoglobulins	ig_like_domain	157	271	results/final_30_until_interpro_prepare/14_interproscan_primary/input.fasta.tsv	220	267	220	267	48	48	1.0	4	4	-63	True	245	204	267	220	True	47	True	26	False	True	51	True	4	True
meleagris_gallopavo	IIIc	IIIc	ENSMGAT00000021846	ENSMGAP00000031571	627	IPR007110	Immunoglobulin-like domain	ProSiteProfiles	PS50835	Ig-like domain profile.	ig_like_domain	162	264	results/final_30_until_interpro_prepare/14_interproscan_primary/input.fasta.tsv	220	267	220	264	45	48	0.9375	-3	3	-58	True	245	204	267	220	True	42	True	19	False	True	44	True	3	True
meleagris_gallopavo	IIIc	IIIc	ENSMGAT00000021846	ENSMGAP00000031571	627	IPR036179	Immunoglobulin-like domain superfamily	SUPERFAMILY	SSF48726	Immunoglobulin	ig_like_domain	162	265	results/final_30_until_interpro_prepare/14_interproscan_primary/input.fasta.tsv	220	267	220	265	46	48	0.9583333333333334	-2	2	-58	True	245	204	267	220	True	42	True	20	False	True	45	True	2	True
meleagris_gallopavo	IIIc	IIIc	ENSMGAT00000021846	ENSMGAP00000031571	627	IPR003599	Immunoglobulin domain subtype	SMART	SM00409	IG_3c	ig_like_domain	169	266	results/final_30_until_interpro_prepare/14_interproscan_primary/input.fasta.tsv	220	267	220	266	47	48	0.9791666666666666	-1	1	-51	True	245	204	267	220	True	35	True	21	False	True	46	True	1	True
meleagris_gallopavo	IIIc	IIIc	ENSMGAT00000021846	ENSMGAP00000031571	627			Pfam	PF13927	Immunoglobulin domain	ig_like_domain	171	252	results/final_30_until_interpro_prepare/14_interproscan_primary/input.fasta.tsv	220	267	220	252	33	48	0.6875	-15	15	-49	True	245	204	267	220	True	33	True	7	True	True	32	True	15	True
meleagris_gallopavo	IIIc	IIIc	ENSMGAT00000021846	ENSMGAP00000031571	627	IPR003598	Immunoglobulin subtype 2	SMART	SM00408	igc2_5	ig_like_domain	175	255	results/final_30_until_interpro_prepare/14_interproscan_primary/input.fasta.tsv	220	267	220	255	36	48	0.75	-12	12	-45	True	245	204	267	220	True	29	True	10	True	True	35	True	12	True
monodelphis_domestica	IIIb	IIIb	XM_056803261.1	XP_056659239.1	840	IPR013783	Immunoglobulin-like fold	Gene3D	G3DSA:2.60.40.10	Immunoglobulins	ig_like_domain	269	381	results/final_30_until_interpro_prepare/14_interproscan_primary/input.fasta.tsv	332	377	332	377	46	46	1.0	4	4	-63	True	380	332	377	332	True	49	True	1	True	True	49	True	4	True
monodelphis_domestica	IIIb	IIIb	XM_056803261.1	XP_056659239.1	840	IPR036179	Immunoglobulin-like domain superfamily	SUPERFAMILY	SSF48726	Immunoglobulin	ig_like_domain	274	375	results/final_30_until_interpro_prepare/14_interproscan_primary/input.fasta.tsv	332	377	332	375	44	46	0.9565217391304348	-2	2	-58	True	380	332	377	332	True	43	True	5	True	True	43	True	2	True
monodelphis_domestica	IIIb	IIIb	XM_056803261.1	XP_056659239.1	840	IPR007110	Immunoglobulin-like domain	ProSiteProfiles	PS50835	Ig-like domain profile.	ig_like_domain	274	374	results/final_30_until_interpro_prepare/14_interproscan_primary/input.fasta.tsv	332	377	332	374	43	46	0.9347826086956522	-3	3	-58	True	380	332	377	332	True	42	True	6	True	True	42	True	3	True
monodelphis_domestica	IIIb	IIIb	XM_056803261.1	XP_056659239.1	840	IPR003599	Immunoglobulin domain subtype	SMART	SM00409	IG_3c	ig_like_domain	281	376	results/final_30_until_interpro_prepare/14_interproscan_primary/input.fasta.tsv	332	377	332	376	45	46	0.9782608695652174	-1	1	-51	True	380	332	377	332	True	44	True	4	True	True	44	True	1	True
monodelphis_domestica	IIIb	IIIb	XM_056803261.1	XP_056659239.1	840	IPR013098	Immunoglobulin I-set	Pfam	PF07679	Immunoglobulin I-set domain	ig_like_domain	281	375	results/final_30_until_interpro_prepare/14_interproscan_primary/input.fasta.tsv	332	377	332	375	44	46	0.9565217391304348	-2	2	-51	True	380	332	377	332	True	43	True	5	True	True	43	True	2	True
monodelphis_domestica	IIIb	IIIb	XM_056803261.1	XP_056659239.1	840	IPR003598	Immunoglobulin subtype 2	SMART	SM00408	igc2_5	ig_like_domain	287	365	results/final_30_until_interpro_prepare/14_interproscan_primary/input.fasta.tsv	332	377	332	365	34	46	0.7391304347826086	-12	12	-45	True	380	332	377	332	True	33	True	15	True	True	33	True	12	True
monodelphis_domestica	IIIc	IIIc	XM_056803264.1	XP_056659242.1	839	IPR013783	Immunoglobulin-like fold	Gene3D	G3DSA:2.60.40.10	Immunoglobulins	ig_like_domain	269	380	results/final_30_until_interpro_prepare/14_interproscan_primary/input.fasta.tsv	332	379	332	379	48	48	1.0	1	1	-63	True	381	332	379	332	True	48	True	1	True	True	48	True	1	True
monodelphis_domestica	IIIc	IIIc	XM_056803264.1	XP_056659242.1	839	IPR036179	Immunoglobulin-like domain superfamily	SUPERFAMILY	SSF48726	Immunoglobulin	ig_like_domain	274	377	results/final_30_until_interpro_prepare/14_interproscan_primary/input.fasta.tsv	332	379	332	377	46	48	0.9583333333333334	-2	2	-58	True	381	332	379	332	True	45	True	4	True	True	45	True	2	True
monodelphis_domestica	IIIc	IIIc	XM_056803264.1	XP_056659242.1	839	IPR007110	Immunoglobulin-like domain	ProSiteProfiles	PS50835	Ig-like domain profile.	ig_like_domain	274	376	results/final_30_until_interpro_prepare/14_interproscan_primary/input.fasta.tsv	332	379	332	376	45	48	0.9375	-3	3	-58	True	381	332	379	332	True	44	True	5	True	True	44	True	3	True
monodelphis_domestica	IIIc	IIIc	XM_056803264.1	XP_056659242.1	839	IPR003599	Immunoglobulin domain subtype	SMART	SM00409	IG_3c	ig_like_domain	281	378	results/final_30_until_interpro_prepare/14_interproscan_primary/input.fasta.tsv	332	379	332	378	47	48	0.9791666666666666	-1	1	-51	True	381	332	379	332	True	46	True	3	True	True	46	True	1	True
monodelphis_domestica	IIIc	IIIc	XM_056803264.1	XP_056659242.1	839			Pfam	PF13927	Immunoglobulin domain	ig_like_domain	284	364	results/final_30_until_interpro_prepare/14_interproscan_primary/input.fasta.tsv	332	379	332	364	33	48	0.6875	-15	15	-48	True	381	332	379	332	True	32	True	17	False	True	32	True	15	True
monodelphis_domestica	IIIc	IIIc	XM_056803264.1	XP_056659242.1	839	IPR003598	Immunoglobulin subtype 2	SMART	SM00408	igc2_5	ig_like_domain	287	367	results/final_30_until_interpro_prepare/14_interproscan_primary/input.fasta.tsv	332	379	332	367	36	48	0.75	-12	12	-45	True	381	332	379	332	True	35	True	14	True	True	35	True	12	True
mus_musculus	IIIb	IIIb	ENSMUST00000117691	ENSMUSP00000113180	822	IPR013783	Immunoglobulin-like fold	Gene3D	G3DSA:2.60.40.10	Immunoglobulins	ig_like_domain	251	364	results/final_30_until_interpro_prepare/14_interproscan_primary/input.fasta.tsv	314	359	314	359	46	46	1.0	5	5	-63	True	393	343	359	314	True	21	True	29	False	True	50	True	5	True
mus_musculus	IIIb	IIIb	ENSMUST00000117691	ENSMUSP00000113180	822	IPR007110	Immunoglobulin-like domain	ProSiteProfiles	PS50835	Ig-like domain profile.	ig_like_domain	256	356	results/final_30_until_interpro_prepare/14_interproscan_primary/input.fasta.tsv	314	359	314	356	43	46	0.9347826086956522	-3	3	-58	True	393	343	359	314	True	13	False	37	False	True	42	True	3	True
mus_musculus	IIIb	IIIb	ENSMUST00000117691	ENSMUSP00000113180	822	IPR036179	Immunoglobulin-like domain superfamily	SUPERFAMILY	SSF48726	Immunoglobulin	ig_like_domain	256	357	results/final_30_until_interpro_prepare/14_interproscan_primary/input.fasta.tsv	314	359	314	357	44	46	0.9565217391304348	-2	2	-58	True	393	343	359	314	True	14	False	36	False	True	43	True	2	True
mus_musculus	IIIb	IIIb	ENSMUST00000117691	ENSMUSP00000113180	822	IPR013098	Immunoglobulin I-set	Pfam	PF07679	Immunoglobulin I-set domain	ig_like_domain	263	357	results/final_30_until_interpro_prepare/14_interproscan_primary/input.fasta.tsv	314	359	314	357	44	46	0.9565217391304348	-2	2	-51	True	393	343	359	314	True	14	False	36	False	True	43	True	2	True
mus_musculus	IIIb	IIIb	ENSMUST00000117691	ENSMUSP00000113180	822	IPR003599	Immunoglobulin domain subtype	SMART	SM00409	IG_3c	ig_like_domain	263	358	results/final_30_until_interpro_prepare/14_interproscan_primary/input.fasta.tsv	314	359	314	358	45	46	0.9782608695652174	-1	1	-51	True	393	343	359	314	True	15	False	35	False	True	44	True	1	True
mus_musculus	IIIb	IIIb	ENSMUST00000117691	ENSMUSP00000113180	822	IPR003598	Immunoglobulin subtype 2	SMART	SM00408	igc2_5	ig_like_domain	269	347	results/final_30_until_interpro_prepare/14_interproscan_primary/input.fasta.tsv	314	359	314	347	34	46	0.7391304347826086	-12	12	-45	True	393	343	359	314	True	4	False	46	False	True	33	True	12	True
mus_musculus	IIIc	IIIc	ENSMUST00000122054	ENSMUSP00000112430	840	IPR013783	Immunoglobulin-like fold	Gene3D	G3DSA:2.60.40.10	Immunoglobulins	ig_like_domain	270	382	results/final_30_until_interpro_prepare/14_interproscan_primary/input.fasta.tsv	333	380	333	380	48	48	1.0	2	2	-63	True	343	302	380	333	True	32	True	39	False	True	49	True	2	True
mus_musculus	IIIc	IIIc	ENSMUST00000122054	ENSMUSP00000112430	840	IPR007110	Immunoglobulin-like domain	ProSiteProfiles	PS50835	Ig-like domain profile.	ig_like_domain	275	377	results/final_30_until_interpro_prepare/14_interproscan_primary/input.fasta.tsv	333	380	333	377	45	48	0.9375	-3	3	-58	True	343	302	380	333	True	27	True	34	False	True	44	True	3	True
mus_musculus	IIIc	IIIc	ENSMUST00000122054	ENSMUSP00000112430	840	IPR036179	Immunoglobulin-like domain superfamily	SUPERFAMILY	SSF48726	Immunoglobulin	ig_like_domain	275	378	results/final_30_until_interpro_prepare/14_interproscan_primary/input.fasta.tsv	333	380	333	378	46	48	0.9583333333333334	-2	2	-58	True	343	302	380	333	True	27	True	35	False	True	45	True	2	True
mus_musculus	IIIc	IIIc	ENSMUST00000122054	ENSMUSP00000112430	840	IPR003599	Immunoglobulin domain subtype	SMART	SM00409	IG_3c	ig_like_domain	282	379	results/final_30_until_interpro_prepare/14_interproscan_primary/input.fasta.tsv	333	380	333	379	47	48	0.9791666666666666	-1	1	-51	True	343	302	380	333	True	20	True	36	False	True	46	True	1	True
mus_musculus	IIIc	IIIc	ENSMUST00000122054	ENSMUSP00000112430	840			Pfam	PF13927	Immunoglobulin domain	ig_like_domain	285	365	results/final_30_until_interpro_prepare/14_interproscan_primary/input.fasta.tsv	333	380	333	365	33	48	0.6875	-15	15	-48	True	343	302	380	333	True	17	True	22	False	True	32	True	15	True
mus_musculus	IIIc	IIIc	ENSMUST00000122054	ENSMUSP00000112430	840	IPR003598	Immunoglobulin subtype 2	SMART	SM00408	igc2_5	ig_like_domain	288	368	results/final_30_until_interpro_prepare/14_interproscan_primary/input.fasta.tsv	333	380	333	368	36	48	0.75	-12	12	-45	True	343	302	380	333	True	14	False	25	False	True	35	True	12	True
oreochromis_niloticus	IIIb	IIIb	ENSONIT00000055812	ENSONIP00000060910	865	IPR013783	Immunoglobulin-like fold	Gene3D	G3DSA:2.60.40.10	Immunoglobulins	ig_like_domain	304	415	results/final_30_until_interpro_prepare/14_interproscan_primary/input.fasta.tsv	368	411	368	411	44	44	1.0	4	4	-64	True	360	312	411	368	True	8	False	55	False	True	47	True	4	True
oreochromis_niloticus	IIIb	IIIb	ENSONIT00000055812	ENSONIP00000060910	865	IPR036179	Immunoglobulin-like domain superfamily	SUPERFAMILY	SSF48726	Immunoglobulin	ig_like_domain	309	410	results/final_30_until_interpro_prepare/14_interproscan_primary/input.fasta.tsv	368	411	368	410	43	44	0.9772727272727272	-1	1	-59	True	360	312	411	368	True	3	False	50	False	True	42	True	1	True
oreochromis_niloticus	IIIb	IIIb	ENSONIT00000055812	ENSONIP00000060910	865	IPR007110	Immunoglobulin-like domain	ProSiteProfiles	PS50835	Ig-like domain profile.	ig_like_domain	309	409	results/final_30_until_interpro_prepare/14_interproscan_primary/input.fasta.tsv	368	411	368	409	42	44	0.9545454545454546	-2	2	-59	True	360	312	411	368	True	3	False	49	False	True	41	True	2	True
oreochromis_niloticus	IIIb	IIIb	ENSONIT00000055812	ENSONIP00000060910	865	IPR013098	Immunoglobulin I-set	Pfam	PF07679	Immunoglobulin I-set domain	ig_like_domain	316	410	results/final_30_until_interpro_prepare/14_interproscan_primary/input.fasta.tsv	368	411	368	410	43	44	0.9772727272727272	-1	1	-52	True	360	312	411	368	False	4	False	50	False	True	42	True	1	True
oreochromis_niloticus	IIIb	IIIb	ENSONIT00000055812	ENSONIP00000060910	865	IPR003599	Immunoglobulin domain subtype	SMART	SM00409	IG_3c	ig_like_domain	316	411	results/final_30_until_interpro_prepare/14_interproscan_primary/input.fasta.tsv	368	411	368	411	44	44	1.0	0	0	-52	True	360	312	411	368	False	4	False	51	False	True	43	True	0	True
oreochromis_niloticus	IIIb	IIIb	ENSONIT00000055812	ENSONIP00000060910	865	IPR003598	Immunoglobulin subtype 2	SMART	SM00408	igc2_5	ig_like_domain	322	400	results/final_30_until_interpro_prepare/14_interproscan_primary/input.fasta.tsv	368	411	368	400	33	44	0.75	-11	11	-46	True	360	312	411	368	False	10	False	40	False	True	32	True	11	True
oreochromis_niloticus	IIIc	IIIc	ENSONIT00000047381	ENSONIP00000063320	812	IPR013783	Immunoglobulin-like fold	Gene3D	G3DSA:2.60.40.10	Immunoglobulins	ig_like_domain	249	363	results/final_30_until_interpro_prepare/14_interproscan_primary/input.fasta.tsv	313	359	313	359	47	47	1.0	4	4	-64	True	424	360	359	313	True	3	False	61	False	True	50	True	4	True
oreochromis_niloticus	IIIc	IIIc	ENSONIT00000047381	ENSONIP00000063320	812	IPR036179	Immunoglobulin-like domain superfamily	SUPERFAMILY	SSF48726	Immunoglobulin	ig_like_domain	254	357	results/final_30_until_interpro_prepare/14_interproscan_primary/input.fasta.tsv	313	359	313	357	45	47	0.9574468085106383	-2	2	-59	True	424	360	359	313	False	3	False	67	False	True	44	True	2	True
oreochromis_niloticus	IIIc	IIIc	ENSONIT00000047381	ENSONIP00000063320	812	IPR007110	Immunoglobulin-like domain	ProSiteProfiles	PS50835	Ig-like domain profile.	ig_like_domain	254	356	results/final_30_until_interpro_prepare/14_interproscan_primary/input.fasta.tsv	313	359	313	356	44	47	0.9361702127659576	-3	3	-59	True	424	360	359	313	False	4	False	68	False	True	43	True	3	True
oreochromis_niloticus	IIIc	IIIc	ENSONIT00000047381	ENSONIP00000063320	812	IPR013098	Immunoglobulin I-set	Pfam	PF07679	Immunoglobulin I-set domain	ig_like_domain	261	357	results/final_30_until_interpro_prepare/14_interproscan_primary/input.fasta.tsv	313	359	313	357	45	47	0.9574468085106383	-2	2	-52	True	424	360	359	313	False	3	False	67	False	True	44	True	2	True
oreochromis_niloticus	IIIc	IIIc	ENSONIT00000047381	ENSONIP00000063320	812	IPR003599	Immunoglobulin domain subtype	SMART	SM00409	IG_3c	ig_like_domain	261	358	results/final_30_until_interpro_prepare/14_interproscan_primary/input.fasta.tsv	313	359	313	358	46	47	0.9787234042553192	-1	1	-52	True	424	360	359	313	False	2	False	66	False	True	45	True	1	True
oreochromis_niloticus	IIIc	IIIc	ENSONIT00000047381	ENSONIP00000063320	812	IPR003598	Immunoglobulin subtype 2	SMART	SM00408	igc2_5	ig_like_domain	267	347	results/final_30_until_interpro_prepare/14_interproscan_primary/input.fasta.tsv	313	359	313	347	35	47	0.7446808510638298	-12	12	-46	True	424	360	359	313	False	13	False	77	False	True	34	True	12	True
ornithorhynchus_anatinus	IIIb	IIIb	XM_029080810.2	XP_028936643.1	840	IPR013783	Immunoglobulin-like fold	Gene3D	G3DSA:2.60.40.10	Immunoglobulins	ig_like_domain	269	381	results/final_30_until_interpro_prepare/14_interproscan_primary/input.fasta.tsv	332	377	332	377	46	46	1.0	4	4	-63	True	380	332	377	332	True	49	True	1	True	True	49	True	4	True
ornithorhynchus_anatinus	IIIb	IIIb	XM_029080810.2	XP_028936643.1	840	IPR036179	Immunoglobulin-like domain superfamily	SUPERFAMILY	SSF48726	Immunoglobulin	ig_like_domain	274	375	results/final_30_until_interpro_prepare/14_interproscan_primary/input.fasta.tsv	332	377	332	375	44	46	0.9565217391304348	-2	2	-58	True	380	332	377	332	True	43	True	5	True	True	43	True	2	True
ornithorhynchus_anatinus	IIIb	IIIb	XM_029080810.2	XP_028936643.1	840	IPR007110	Immunoglobulin-like domain	ProSiteProfiles	PS50835	Ig-like domain profile.	ig_like_domain	274	374	results/final_30_until_interpro_prepare/14_interproscan_primary/input.fasta.tsv	332	377	332	374	43	46	0.9347826086956522	-3	3	-58	True	380	332	377	332	True	42	True	6	True	True	42	True	3	True
ornithorhynchus_anatinus	IIIb	IIIb	XM_029080810.2	XP_028936643.1	840	IPR013098	Immunoglobulin I-set	Pfam	PF07679	Immunoglobulin I-set domain	ig_like_domain	281	375	results/final_30_until_interpro_prepare/14_interproscan_primary/input.fasta.tsv	332	377	332	375	44	46	0.9565217391304348	-2	2	-51	True	380	332	377	332	True	43	True	5	True	True	43	True	2	True
ornithorhynchus_anatinus	IIIb	IIIb	XM_029080810.2	XP_028936643.1	840	IPR003599	Immunoglobulin domain subtype	SMART	SM00409	IG_3c	ig_like_domain	281	376	results/final_30_until_interpro_prepare/14_interproscan_primary/input.fasta.tsv	332	377	332	376	45	46	0.9782608695652174	-1	1	-51	True	380	332	377	332	True	44	True	4	True	True	44	True	1	True
ornithorhynchus_anatinus	IIIb	IIIb	XM_029080810.2	XP_028936643.1	840	IPR003598	Immunoglobulin subtype 2	SMART	SM00408	igc2_5	ig_like_domain	287	365	results/final_30_until_interpro_prepare/14_interproscan_primary/input.fasta.tsv	332	377	332	365	34	46	0.7391304347826086	-12	12	-45	True	380	332	377	332	True	33	True	15	True	True	33	True	12	True
ornithorhynchus_anatinus	IIIc	IIIc	XM_029080811.2	XP_028936644.1	839	IPR013783	Immunoglobulin-like fold	Gene3D	G3DSA:2.60.40.10	Immunoglobulins	ig_like_domain	269	381	results/final_30_until_interpro_prepare/14_interproscan_primary/input.fasta.tsv	332	379	332	379	48	48	1.0	2	2	-63	True	381	332	379	332	True	49	True	0	True	True	49	True	2	True
ornithorhynchus_anatinus	IIIc	IIIc	XM_029080811.2	XP_028936644.1	839	IPR007110	Immunoglobulin-like domain	ProSiteProfiles	PS50835	Ig-like domain profile.	ig_like_domain	274	376	results/final_30_until_interpro_prepare/14_interproscan_primary/input.fasta.tsv	332	379	332	376	45	48	0.9375	-3	3	-58	True	381	332	379	332	True	44	True	5	True	True	44	True	3	True
ornithorhynchus_anatinus	IIIc	IIIc	XM_029080811.2	XP_028936644.1	839	IPR036179	Immunoglobulin-like domain superfamily	SUPERFAMILY	SSF48726	Immunoglobulin	ig_like_domain	274	377	results/final_30_until_interpro_prepare/14_interproscan_primary/input.fasta.tsv	332	379	332	377	46	48	0.9583333333333334	-2	2	-58	True	381	332	379	332	True	45	True	4	True	True	45	True	2	True
ornithorhynchus_anatinus	IIIc	IIIc	XM_029080811.2	XP_028936644.1	839	IPR003599	Immunoglobulin domain subtype	SMART	SM00409	IG_3c	ig_like_domain	281	378	results/final_30_until_interpro_prepare/14_interproscan_primary/input.fasta.tsv	332	379	332	378	47	48	0.9791666666666666	-1	1	-51	True	381	332	379	332	True	46	True	3	True	True	46	True	1	True
ornithorhynchus_anatinus	IIIc	IIIc	XM_029080811.2	XP_028936644.1	839			Pfam	PF13927	Immunoglobulin domain	ig_like_domain	284	364	results/final_30_until_interpro_prepare/14_interproscan_primary/input.fasta.tsv	332	379	332	364	33	48	0.6875	-15	15	-48	True	381	332	379	332	True	32	True	17	False	True	32	True	15	True
ornithorhynchus_anatinus	IIIc	IIIc	XM_029080811.2	XP_028936644.1	839	IPR003598	Immunoglobulin subtype 2	SMART	SM00408	igc2_5	ig_like_domain	287	367	results/final_30_until_interpro_prepare/14_interproscan_primary/input.fasta.tsv	332	379	332	367	36	48	0.75	-12	12	-45	True	381	332	379	332	True	35	True	14	True	True	35	True	12	True
oryctolagus_cuniculus	IIIb	IIIb	XM_070056999.1	XP_069913100.1	841	IPR013783	Immunoglobulin-like fold	Gene3D	G3DSA:2.60.40.10	Immunoglobulins	ig_like_domain	270	383	results/final_30_until_interpro_prepare/14_interproscan_primary/input.fasta.tsv	333	378	333	378	46	46	1.0	5	5	-63	True	381	333	378	333	True	50	True	2	True	True	50	True	5	True
oryctolagus_cuniculus	IIIb	IIIb	XM_070056999.1	XP_069913100.1	841	IPR007110	Immunoglobulin-like domain	ProSiteProfiles	PS50835	Ig-like domain profile.	ig_like_domain	275	375	results/final_30_until_interpro_prepare/14_interproscan_primary/input.fasta.tsv	333	378	333	375	43	46	0.9347826086956522	-3	3	-58	True	381	333	378	333	True	42	True	6	True	True	42	True	3	True
oryctolagus_cuniculus	IIIb	IIIb	XM_070056999.1	XP_069913100.1	841	IPR036179	Immunoglobulin-like domain superfamily	SUPERFAMILY	SSF48726	Immunoglobulin	ig_like_domain	275	376	results/final_30_until_interpro_prepare/14_interproscan_primary/input.fasta.tsv	333	378	333	376	44	46	0.9565217391304348	-2	2	-58	True	381	333	378	333	True	43	True	5	True	True	43	True	2	True
oryctolagus_cuniculus	IIIb	IIIb	XM_070056999.1	XP_069913100.1	841	IPR013098	Immunoglobulin I-set	Pfam	PF07679	Immunoglobulin I-set domain	ig_like_domain	282	376	results/final_30_until_interpro_prepare/14_interproscan_primary/input.fasta.tsv	333	378	333	376	44	46	0.9565217391304348	-2	2	-51	True	381	333	378	333	True	43	True	5	True	True	43	True	2	True
oryctolagus_cuniculus	IIIb	IIIb	XM_070056999.1	XP_069913100.1	841	IPR003599	Immunoglobulin domain subtype	SMART	SM00409	IG_3c	ig_like_domain	282	377	results/final_30_until_interpro_prepare/14_interproscan_primary/input.fasta.tsv	333	378	333	377	45	46	0.9782608695652174	-1	1	-51	True	381	333	378	333	True	44	True	4	True	True	44	True	1	True
oryctolagus_cuniculus	IIIb	IIIb	XM_070056999.1	XP_069913100.1	841	IPR003598	Immunoglobulin subtype 2	SMART	SM00408	igc2_5	ig_like_domain	288	366	results/final_30_until_interpro_prepare/14_interproscan_primary/input.fasta.tsv	333	378	333	366	34	46	0.7391304347826086	-12	12	-45	True	381	333	378	333	True	33	True	15	True	True	33	True	12	True
oryctolagus_cuniculus	IIIc	IIIc	XM_070056995.1	XP_069913096.1	840	IPR013783	Immunoglobulin-like fold	Gene3D	G3DSA:2.60.40.10	Immunoglobulins	ig_like_domain	270	382	results/final_30_until_interpro_prepare/14_interproscan_primary/input.fasta.tsv	333	380	333	380	48	48	1.0	2	2	-63	True	382	333	380	333	True	49	True	0	True	True	49	True	2	True
oryctolagus_cuniculus	IIIc	IIIc	XM_070056995.1	XP_069913096.1	840	IPR007110	Immunoglobulin-like domain	ProSiteProfiles	PS50835	Ig-like domain profile.	ig_like_domain	275	377	results/final_30_until_interpro_prepare/14_interproscan_primary/input.fasta.tsv	333	380	333	377	45	48	0.9375	-3	3	-58	True	382	333	380	333	True	44	True	5	True	True	44	True	3	True
oryctolagus_cuniculus	IIIc	IIIc	XM_070056995.1	XP_069913096.1	840	IPR036179	Immunoglobulin-like domain superfamily	SUPERFAMILY	SSF48726	Immunoglobulin	ig_like_domain	275	378	results/final_30_until_interpro_prepare/14_interproscan_primary/input.fasta.tsv	333	380	333	378	46	48	0.9583333333333334	-2	2	-58	True	382	333	380	333	True	45	True	4	True	True	45	True	2	True
oryctolagus_cuniculus	IIIc	IIIc	XM_070056995.1	XP_069913096.1	840	IPR003599	Immunoglobulin domain subtype	SMART	SM00409	IG_3c	ig_like_domain	282	379	results/final_30_until_interpro_prepare/14_interproscan_primary/input.fasta.tsv	333	380	333	379	47	48	0.9791666666666666	-1	1	-51	True	382	333	380	333	True	46	True	3	True	True	46	True	1	True
oryctolagus_cuniculus	IIIc	IIIc	XM_070056995.1	XP_069913096.1	840			Pfam	PF13927	Immunoglobulin domain	ig_like_domain	285	365	results/final_30_until_interpro_prepare/14_interproscan_primary/input.fasta.tsv	333	380	333	365	33	48	0.6875	-15	15	-48	True	382	333	380	333	True	32	True	17	False	True	32	True	15	True
oryctolagus_cuniculus	IIIc	IIIc	XM_070056995.1	XP_069913096.1	840	IPR003598	Immunoglobulin subtype 2	SMART	SM00408	igc2_5	ig_like_domain	288	368	results/final_30_until_interpro_prepare/14_interproscan_primary/input.fasta.tsv	333	380	333	368	36	48	0.75	-12	12	-45	True	382	333	380	333	True	35	True	14	True	True	35	True	12	True
oryzias_latipes	IIIb	IIIb	XM_011484753.4	XP_011483055.1	830	IPR013783	Immunoglobulin-like fold	Gene3D	G3DSA:2.60.40.10	Immunoglobulins	ig_like_domain	267	379	results/final_30_until_interpro_prepare/14_interproscan_primary/input.fasta.tsv	331	375	331	375	45	45	1.0	4	4	-64	True	376	330	375	331	True	49	True	3	True	True	48	True	4	True
oryzias_latipes	IIIb	IIIb	XM_011484753.4	XP_011483055.1	830	IPR036179	Immunoglobulin-like domain superfamily	SUPERFAMILY	SSF48726	Immunoglobulin	ig_like_domain	272	373	results/final_30_until_interpro_prepare/14_interproscan_primary/input.fasta.tsv	331	375	331	373	43	45	0.9555555555555556	-2	2	-59	True	376	330	375	331	True	43	True	3	True	True	42	True	2	True
oryzias_latipes	IIIb	IIIb	XM_011484753.4	XP_011483055.1	830	IPR007110	Immunoglobulin-like domain	ProSiteProfiles	PS50835	Ig-like domain profile.	ig_like_domain	272	372	results/final_30_until_interpro_prepare/14_interproscan_primary/input.fasta.tsv	331	375	331	372	42	45	0.9333333333333332	-3	3	-59	True	376	330	375	331	True	42	True	4	True	True	41	True	3	True
oryzias_latipes	IIIb	IIIb	XM_011484753.4	XP_011483055.1	830	IPR013098	Immunoglobulin I-set	Pfam	PF07679	Immunoglobulin I-set domain	ig_like_domain	279	373	results/final_30_until_interpro_prepare/14_interproscan_primary/input.fasta.tsv	331	375	331	373	43	45	0.9555555555555556	-2	2	-52	True	376	330	375	331	True	43	True	3	True	True	42	True	2	True
oryzias_latipes	IIIb	IIIb	XM_011484753.4	XP_011483055.1	830	IPR003599	Immunoglobulin domain subtype	SMART	SM00409	IG_3c	ig_like_domain	279	374	results/final_30_until_interpro_prepare/14_interproscan_primary/input.fasta.tsv	331	375	331	374	44	45	0.9777777777777776	-1	1	-52	True	376	330	375	331	True	44	True	2	True	True	43	True	1	True
oryzias_latipes	IIIb	IIIb	XM_011484753.4	XP_011483055.1	830	IPR003598	Immunoglobulin subtype 2	SMART	SM00408	igc2_5	ig_like_domain	285	363	results/final_30_until_interpro_prepare/14_interproscan_primary/input.fasta.tsv	331	375	331	363	33	45	0.7333333333333333	-12	12	-46	True	376	330	375	331	True	33	True	13	True	True	32	True	12	True
oryzias_latipes	IIIc	IIIc	XM_078931618.1	XP_078787744.1	832	IPR013783	Immunoglobulin-like fold	Gene3D	G3DSA:2.60.40.10	Immunoglobulins	ig_like_domain	267	381	results/final_30_until_interpro_prepare/14_interproscan_primary/input.fasta.tsv	331	377	331	377	47	47	1.0	4	4	-64	True	376	330	377	331	True	51	True	5	True	True	50	True	4	True
oryzias_latipes	IIIc	IIIc	XM_078931618.1	XP_078787744.1	832	IPR036179	Immunoglobulin-like domain superfamily	SUPERFAMILY	SSF48726	Immunoglobulin	ig_like_domain	272	375	results/final_30_until_interpro_prepare/14_interproscan_primary/input.fasta.tsv	331	377	331	375	45	47	0.9574468085106383	-2	2	-59	True	376	330	377	331	True	45	True	1	True	True	44	True	2	True
oryzias_latipes	IIIc	IIIc	XM_078931618.1	XP_078787744.1	832	IPR007110	Immunoglobulin-like domain	ProSiteProfiles	PS50835	Ig-like domain profile.	ig_like_domain	272	374	results/final_30_until_interpro_prepare/14_interproscan_primary/input.fasta.tsv	331	377	331	374	44	47	0.9361702127659576	-3	3	-59	True	376	330	377	331	True	44	True	2	True	True	43	True	3	True
oryzias_latipes	IIIc	IIIc	XM_078931618.1	XP_078787744.1	832	IPR013098	Immunoglobulin I-set	Pfam	PF07679	Immunoglobulin I-set domain	ig_like_domain	279	375	results/final_30_until_interpro_prepare/14_interproscan_primary/input.fasta.tsv	331	377	331	375	45	47	0.9574468085106383	-2	2	-52	True	376	330	377	331	True	45	True	1	True	True	44	True	2	True
oryzias_latipes	IIIc	IIIc	XM_078931618.1	XP_078787744.1	832	IPR003599	Immunoglobulin domain subtype	SMART	SM00409	IG_3c	ig_like_domain	279	376	results/final_30_until_interpro_prepare/14_interproscan_primary/input.fasta.tsv	331	377	331	376	46	47	0.9787234042553192	-1	1	-52	True	376	330	377	331	True	46	True	0	True	True	45	True	1	True
oryzias_latipes	IIIc	IIIc	XM_078931618.1	XP_078787744.1	832	IPR003598	Immunoglobulin subtype 2	SMART	SM00408	igc2_5	ig_like_domain	285	365	results/final_30_until_interpro_prepare/14_interproscan_primary/input.fasta.tsv	331	377	331	365	35	47	0.7446808510638298	-12	12	-46	True	376	330	377	331	True	35	True	11	True	True	34	True	12	True
ovis_aries	IIIb	IIIb	XM_060404505.1	XP_060260488.1	841	IPR013783	Immunoglobulin-like fold	Gene3D	G3DSA:2.60.40.10	Immunoglobulins	ig_like_domain	270	383	results/final_30_until_interpro_prepare/14_interproscan_primary/input.fasta.tsv	333	378	333	378	46	46	1.0	5	5	-63	True	381	333	378	333	True	50	True	2	True	True	50	True	5	True
ovis_aries	IIIb	IIIb	XM_060404505.1	XP_060260488.1	841	IPR007110	Immunoglobulin-like domain	ProSiteProfiles	PS50835	Ig-like domain profile.	ig_like_domain	275	375	results/final_30_until_interpro_prepare/14_interproscan_primary/input.fasta.tsv	333	378	333	375	43	46	0.9347826086956522	-3	3	-58	True	381	333	378	333	True	42	True	6	True	True	42	True	3	True
ovis_aries	IIIb	IIIb	XM_060404505.1	XP_060260488.1	841	IPR036179	Immunoglobulin-like domain superfamily	SUPERFAMILY	SSF48726	Immunoglobulin	ig_like_domain	275	376	results/final_30_until_interpro_prepare/14_interproscan_primary/input.fasta.tsv	333	378	333	376	44	46	0.9565217391304348	-2	2	-58	True	381	333	378	333	True	43	True	5	True	True	43	True	2	True
ovis_aries	IIIb	IIIb	XM_060404505.1	XP_060260488.1	841	IPR013098	Immunoglobulin I-set	Pfam	PF07679	Immunoglobulin I-set domain	ig_like_domain	282	376	results/final_30_until_interpro_prepare/14_interproscan_primary/input.fasta.tsv	333	378	333	376	44	46	0.9565217391304348	-2	2	-51	True	381	333	378	333	True	43	True	5	True	True	43	True	2	True
ovis_aries	IIIb	IIIb	XM_060404505.1	XP_060260488.1	841	IPR003599	Immunoglobulin domain subtype	SMART	SM00409	IG_3c	ig_like_domain	282	377	results/final_30_until_interpro_prepare/14_interproscan_primary/input.fasta.tsv	333	378	333	377	45	46	0.9782608695652174	-1	1	-51	True	381	333	378	333	True	44	True	4	True	True	44	True	1	True
ovis_aries	IIIb	IIIb	XM_060404505.1	XP_060260488.1	841	IPR003598	Immunoglobulin subtype 2	SMART	SM00408	igc2_5	ig_like_domain	288	366	results/final_30_until_interpro_prepare/14_interproscan_primary/input.fasta.tsv	333	378	333	366	34	46	0.7391304347826086	-12	12	-45	True	381	333	378	333	True	33	True	15	True	True	33	True	12	True
ovis_aries	IIIc	IIIc	XM_060404507.1	XP_060260490.1	840	IPR013783	Immunoglobulin-like fold	Gene3D	G3DSA:2.60.40.10	Immunoglobulins	ig_like_domain	270	381	results/final_30_until_interpro_prepare/14_interproscan_primary/input.fasta.tsv	333	380	333	380	48	48	1.0	1	1	-63	True	382	333	380	333	True	48	True	1	True	True	48	True	1	True
ovis_aries	IIIc	IIIc	XM_060404507.1	XP_060260490.1	840	IPR007110	Immunoglobulin-like domain	ProSiteProfiles	PS50835	Ig-like domain profile.	ig_like_domain	275	377	results/final_30_until_interpro_prepare/14_interproscan_primary/input.fasta.tsv	333	380	333	377	45	48	0.9375	-3	3	-58	True	382	333	380	333	True	44	True	5	True	True	44	True	3	True
ovis_aries	IIIc	IIIc	XM_060404507.1	XP_060260490.1	840	IPR036179	Immunoglobulin-like domain superfamily	SUPERFAMILY	SSF48726	Immunoglobulin	ig_like_domain	275	378	results/final_30_until_interpro_prepare/14_interproscan_primary/input.fasta.tsv	333	380	333	378	46	48	0.9583333333333334	-2	2	-58	True	382	333	380	333	True	45	True	4	True	True	45	True	2	True
ovis_aries	IIIc	IIIc	XM_060404507.1	XP_060260490.1	840	IPR003599	Immunoglobulin domain subtype	SMART	SM00409	IG_3c	ig_like_domain	282	379	results/final_30_until_interpro_prepare/14_interproscan_primary/input.fasta.tsv	333	380	333	379	47	48	0.9791666666666666	-1	1	-51	True	382	333	380	333	True	46	True	3	True	True	46	True	1	True
ovis_aries	IIIc	IIIc	XM_060404507.1	XP_060260490.1	840			Pfam	PF13927	Immunoglobulin domain	ig_like_domain	285	365	results/final_30_until_interpro_prepare/14_interproscan_primary/input.fasta.tsv	333	380	333	365	33	48	0.6875	-15	15	-48	True	382	333	380	333	True	32	True	17	False	True	32	True	15	True
ovis_aries	IIIc	IIIc	XM_060404507.1	XP_060260490.1	840	IPR003598	Immunoglobulin subtype 2	SMART	SM00408	igc2_5	ig_like_domain	288	368	results/final_30_until_interpro_prepare/14_interproscan_primary/input.fasta.tsv	333	380	333	368	36	48	0.75	-12	12	-45	True	382	333	380	333	True	35	True	14	True	True	35	True	12	True
pan_troglodytes	IIIb	IIIb	XM_054660538.2	XP_054516513.1	841	IPR013783	Immunoglobulin-like fold	Gene3D	G3DSA:2.60.40.10	Immunoglobulins	ig_like_domain	270	382	results/final_30_until_interpro_prepare/14_interproscan_primary/input.fasta.tsv	333	378	333	378	46	46	1.0	4	4	-63	True	381	333	378	333	True	49	True	1	True	True	49	True	4	True
pan_troglodytes	IIIb	IIIb	XM_054660538.2	XP_054516513.1	841	IPR007110	Immunoglobulin-like domain	ProSiteProfiles	PS50835	Ig-like domain profile.	ig_like_domain	275	375	results/final_30_until_interpro_prepare/14_interproscan_primary/input.fasta.tsv	333	378	333	375	43	46	0.9347826086956522	-3	3	-58	True	381	333	378	333	True	42	True	6	True	True	42	True	3	True
pan_troglodytes	IIIb	IIIb	XM_054660538.2	XP_054516513.1	841	IPR036179	Immunoglobulin-like domain superfamily	SUPERFAMILY	SSF48726	Immunoglobulin	ig_like_domain	275	376	results/final_30_until_interpro_prepare/14_interproscan_primary/input.fasta.tsv	333	378	333	376	44	46	0.9565217391304348	-2	2	-58	True	381	333	378	333	True	43	True	5	True	True	43	True	2	True
pan_troglodytes	IIIb	IIIb	XM_054660538.2	XP_054516513.1	841	IPR013098	Immunoglobulin I-set	Pfam	PF07679	Immunoglobulin I-set domain	ig_like_domain	282	376	results/final_30_until_interpro_prepare/14_interproscan_primary/input.fasta.tsv	333	378	333	376	44	46	0.9565217391304348	-2	2	-51	True	381	333	378	333	True	43	True	5	True	True	43	True	2	True
pan_troglodytes	IIIb	IIIb	XM_054660538.2	XP_054516513.1	841	IPR003599	Immunoglobulin domain subtype	SMART	SM00409	IG_3c	ig_like_domain	282	377	results/final_30_until_interpro_prepare/14_interproscan_primary/input.fasta.tsv	333	378	333	377	45	46	0.9782608695652174	-1	1	-51	True	381	333	378	333	True	44	True	4	True	True	44	True	1	True
pan_troglodytes	IIIb	IIIb	XM_054660538.2	XP_054516513.1	841	IPR003598	Immunoglobulin subtype 2	SMART	SM00408	igc2_5	ig_like_domain	288	366	results/final_30_until_interpro_prepare/14_interproscan_primary/input.fasta.tsv	333	378	333	366	34	46	0.7391304347826086	-12	12	-45	True	381	333	378	333	True	33	True	15	True	True	33	True	12	True
pan_troglodytes	IIIc	IIIc	XM_054660539.2	XP_054516514.1	840	IPR013783	Immunoglobulin-like fold	Gene3D	G3DSA:2.60.40.10	Immunoglobulins	ig_like_domain	270	381	results/final_30_until_interpro_prepare/14_interproscan_primary/input.fasta.tsv	333	380	333	380	48	48	1.0	1	1	-63	True	382	333	380	333	True	48	True	1	True	True	48	True	1	True
pan_troglodytes	IIIc	IIIc	XM_054660539.2	XP_054516514.1	840	IPR007110	Immunoglobulin-like domain	ProSiteProfiles	PS50835	Ig-like domain profile.	ig_like_domain	275	377	results/final_30_until_interpro_prepare/14_interproscan_primary/input.fasta.tsv	333	380	333	377	45	48	0.9375	-3	3	-58	True	382	333	380	333	True	44	True	5	True	True	44	True	3	True
pan_troglodytes	IIIc	IIIc	XM_054660539.2	XP_054516514.1	840	IPR036179	Immunoglobulin-like domain superfamily	SUPERFAMILY	SSF48726	Immunoglobulin	ig_like_domain	275	378	results/final_30_until_interpro_prepare/14_interproscan_primary/input.fasta.tsv	333	380	333	378	46	48	0.9583333333333334	-2	2	-58	True	382	333	380	333	True	45	True	4	True	True	45	True	2	True
pan_troglodytes	IIIc	IIIc	XM_054660539.2	XP_054516514.1	840	IPR003599	Immunoglobulin domain subtype	SMART	SM00409	IG_3c	ig_like_domain	282	379	results/final_30_until_interpro_prepare/14_interproscan_primary/input.fasta.tsv	333	380	333	379	47	48	0.9791666666666666	-1	1	-51	True	382	333	380	333	True	46	True	3	True	True	46	True	1	True
pan_troglodytes	IIIc	IIIc	XM_054660539.2	XP_054516514.1	840			Pfam	PF13927	Immunoglobulin domain	ig_like_domain	285	365	results/final_30_until_interpro_prepare/14_interproscan_primary/input.fasta.tsv	333	380	333	365	33	48	0.6875	-15	15	-48	True	382	333	380	333	True	32	True	17	False	True	32	True	15	True
pan_troglodytes	IIIc	IIIc	XM_054660539.2	XP_054516514.1	840	IPR003598	Immunoglobulin subtype 2	SMART	SM00408	igc2_5	ig_like_domain	288	368	results/final_30_until_interpro_prepare/14_interproscan_primary/input.fasta.tsv	333	380	333	368	36	48	0.75	-12	12	-45	True	382	333	380	333	True	35	True	14	True	True	35	True	12	True
pongo_abelii	IIIc	IIIc	XM_024252936	XP_024108704.1	838	IPR013783	Immunoglobulin-like fold	Gene3D	G3DSA:2.60.40.10	Immunoglobulins	ig_like_domain	270	381	results/final_30_until_interpro_prepare/14_interproscan_primary/input.fasta.tsv	333	380	333	380	48	48	1.0	1	1	-63	True	446	381	380	333	True	0	False	65	False	True	48	True	1	True
pongo_abelii	IIIc	IIIc	XM_024252936	XP_024108704.1	838	IPR007110	Immunoglobulin-like domain	ProSiteProfiles	PS50835	Ig-like domain profile.	ig_like_domain	275	377	results/final_30_until_interpro_prepare/14_interproscan_primary/input.fasta.tsv	333	380	333	377	45	48	0.9375	-3	3	-58	True	446	381	380	333	False	4	False	69	False	True	44	True	3	True
pongo_abelii	IIIc	IIIc	XM_024252936	XP_024108704.1	838	IPR036179	Immunoglobulin-like domain superfamily	SUPERFAMILY	SSF48726	Immunoglobulin	ig_like_domain	275	378	results/final_30_until_interpro_prepare/14_interproscan_primary/input.fasta.tsv	333	380	333	378	46	48	0.9583333333333334	-2	2	-58	True	446	381	380	333	False	3	False	68	False	True	45	True	2	True
pongo_abelii	IIIc	IIIc	XM_024252936	XP_024108704.1	838	IPR003599	Immunoglobulin domain subtype	SMART	SM00409	IG_3c	ig_like_domain	282	379	results/final_30_until_interpro_prepare/14_interproscan_primary/input.fasta.tsv	333	380	333	379	47	48	0.9791666666666666	-1	1	-51	True	446	381	380	333	False	2	False	67	False	True	46	True	1	True
pongo_abelii	IIIc	IIIc	XM_024252936	XP_024108704.1	838			Pfam	PF13927	Immunoglobulin domain	ig_like_domain	285	365	results/final_30_until_interpro_prepare/14_interproscan_primary/input.fasta.tsv	333	380	333	365	33	48	0.6875	-15	15	-48	True	446	381	380	333	False	16	False	81	False	True	32	True	15	True
pongo_abelii	IIIc	IIIc	XM_024252936	XP_024108704.1	838	IPR003598	Immunoglobulin subtype 2	SMART	SM00408	igc2_5	ig_like_domain	288	368	results/final_30_until_interpro_prepare/14_interproscan_primary/input.fasta.tsv	333	380	333	368	36	48	0.75	-12	12	-45	True	446	381	380	333	False	13	False	78	False	True	35	True	12	True
rattus_norvegicus	IIIb	IIIb	XM_063281078.1	XP_063137148.1	841	IPR013783	Immunoglobulin-like fold	Gene3D	G3DSA:2.60.40.10	Immunoglobulins	ig_like_domain	270	383	results/final_30_until_interpro_prepare/14_interproscan_primary/input.fasta.tsv	333	378	333	378	46	46	1.0	5	5	-63	True	381	333	378	333	True	50	True	2	True	True	50	True	5	True
rattus_norvegicus	IIIb	IIIb	XM_063281078.1	XP_063137148.1	841	IPR036179	Immunoglobulin-like domain superfamily	SUPERFAMILY	SSF48726	Immunoglobulin	ig_like_domain	275	376	results/final_30_until_interpro_prepare/14_interproscan_primary/input.fasta.tsv	333	378	333	376	44	46	0.9565217391304348	-2	2	-58	True	381	333	378	333	True	43	True	5	True	True	43	True	2	True
rattus_norvegicus	IIIb	IIIb	XM_063281078.1	XP_063137148.1	841	IPR007110	Immunoglobulin-like domain	ProSiteProfiles	PS50835	Ig-like domain profile.	ig_like_domain	275	375	results/final_30_until_interpro_prepare/14_interproscan_primary/input.fasta.tsv	333	378	333	375	43	46	0.9347826086956522	-3	3	-58	True	381	333	378	333	True	42	True	6	True	True	42	True	3	True
rattus_norvegicus	IIIb	IIIb	XM_063281078.1	XP_063137148.1	841	IPR013098	Immunoglobulin I-set	Pfam	PF07679	Immunoglobulin I-set domain	ig_like_domain	282	376	results/final_30_until_interpro_prepare/14_interproscan_primary/input.fasta.tsv	333	378	333	376	44	46	0.9565217391304348	-2	2	-51	True	381	333	378	333	True	43	True	5	True	True	43	True	2	True
rattus_norvegicus	IIIb	IIIb	XM_063281078.1	XP_063137148.1	841	IPR003599	Immunoglobulin domain subtype	SMART	SM00409	IG_3c	ig_like_domain	282	377	results/final_30_until_interpro_prepare/14_interproscan_primary/input.fasta.tsv	333	378	333	377	45	46	0.9782608695652174	-1	1	-51	True	381	333	378	333	True	44	True	4	True	True	44	True	1	True
rattus_norvegicus	IIIb	IIIb	XM_063281078.1	XP_063137148.1	841	IPR003598	Immunoglobulin subtype 2	SMART	SM00408	igc2_5	ig_like_domain	288	366	results/final_30_until_interpro_prepare/14_interproscan_primary/input.fasta.tsv	333	378	333	366	34	46	0.7391304347826086	-12	12	-45	True	381	333	378	333	True	33	True	15	True	True	33	True	12	True
rattus_norvegicus	IIIc	IIIc	XM_063281079.1	XP_063137149.1	840	IPR013783	Immunoglobulin-like fold	Gene3D	G3DSA:2.60.40.10	Immunoglobulins	ig_like_domain	270	382	results/final_30_until_interpro_prepare/14_interproscan_primary/input.fasta.tsv	333	380	333	380	48	48	1.0	2	2	-63	True	382	333	380	333	True	49	True	0	True	True	49	True	2	True
rattus_norvegicus	IIIc	IIIc	XM_063281079.1	XP_063137149.1	840	IPR007110	Immunoglobulin-like domain	ProSiteProfiles	PS50835	Ig-like domain profile.	ig_like_domain	275	377	results/final_30_until_interpro_prepare/14_interproscan_primary/input.fasta.tsv	333	380	333	377	45	48	0.9375	-3	3	-58	True	382	333	380	333	True	44	True	5	True	True	44	True	3	True
rattus_norvegicus	IIIc	IIIc	XM_063281079.1	XP_063137149.1	840	IPR036179	Immunoglobulin-like domain superfamily	SUPERFAMILY	SSF48726	Immunoglobulin	ig_like_domain	275	378	results/final_30_until_interpro_prepare/14_interproscan_primary/input.fasta.tsv	333	380	333	378	46	48	0.9583333333333334	-2	2	-58	True	382	333	380	333	True	45	True	4	True	True	45	True	2	True
rattus_norvegicus	IIIc	IIIc	XM_063281079.1	XP_063137149.1	840	IPR003599	Immunoglobulin domain subtype	SMART	SM00409	IG_3c	ig_like_domain	282	379	results/final_30_until_interpro_prepare/14_interproscan_primary/input.fasta.tsv	333	380	333	379	47	48	0.9791666666666666	-1	1	-51	True	382	333	380	333	True	46	True	3	True	True	46	True	1	True
rattus_norvegicus	IIIc	IIIc	XM_063281079.1	XP_063137149.1	840			Pfam	PF13927	Immunoglobulin domain	ig_like_domain	285	365	results/final_30_until_interpro_prepare/14_interproscan_primary/input.fasta.tsv	333	380	333	365	33	48	0.6875	-15	15	-48	True	382	333	380	333	True	32	True	17	False	True	32	True	15	True
rattus_norvegicus	IIIc	IIIc	XM_063281079.1	XP_063137149.1	840	IPR003598	Immunoglobulin subtype 2	SMART	SM00408	igc2_5	ig_like_domain	288	368	results/final_30_until_interpro_prepare/14_interproscan_primary/input.fasta.tsv	333	380	333	368	36	48	0.75	-12	12	-45	True	382	333	380	333	True	35	True	14	True	True	35	True	12	True
sus_scrofa	IIIb	IIIb	XM_084993068.1	XP_084849194.1	841	IPR013783	Immunoglobulin-like fold	Gene3D	G3DSA:2.60.40.10	Immunoglobulins	ig_like_domain	270	383	results/final_30_until_interpro_prepare/14_interproscan_primary/input.fasta.tsv	333	378	333	378	46	46	1.0	5	5	-63	True	381	333	378	333	True	50	True	2	True	True	50	True	5	True
sus_scrofa	IIIb	IIIb	XM_084993068.1	XP_084849194.1	841	IPR007110	Immunoglobulin-like domain	ProSiteProfiles	PS50835	Ig-like domain profile.	ig_like_domain	275	375	results/final_30_until_interpro_prepare/14_interproscan_primary/input.fasta.tsv	333	378	333	375	43	46	0.9347826086956522	-3	3	-58	True	381	333	378	333	True	42	True	6	True	True	42	True	3	True
sus_scrofa	IIIb	IIIb	XM_084993068.1	XP_084849194.1	841	IPR036179	Immunoglobulin-like domain superfamily	SUPERFAMILY	SSF48726	Immunoglobulin	ig_like_domain	275	376	results/final_30_until_interpro_prepare/14_interproscan_primary/input.fasta.tsv	333	378	333	376	44	46	0.9565217391304348	-2	2	-58	True	381	333	378	333	True	43	True	5	True	True	43	True	2	True
sus_scrofa	IIIb	IIIb	XM_084993068.1	XP_084849194.1	841	IPR013098	Immunoglobulin I-set	Pfam	PF07679	Immunoglobulin I-set domain	ig_like_domain	282	376	results/final_30_until_interpro_prepare/14_interproscan_primary/input.fasta.tsv	333	378	333	376	44	46	0.9565217391304348	-2	2	-51	True	381	333	378	333	True	43	True	5	True	True	43	True	2	True
sus_scrofa	IIIb	IIIb	XM_084993068.1	XP_084849194.1	841	IPR003599	Immunoglobulin domain subtype	SMART	SM00409	IG_3c	ig_like_domain	282	377	results/final_30_until_interpro_prepare/14_interproscan_primary/input.fasta.tsv	333	378	333	377	45	46	0.9782608695652174	-1	1	-51	True	381	333	378	333	True	44	True	4	True	True	44	True	1	True
sus_scrofa	IIIb	IIIb	XM_084993068.1	XP_084849194.1	841	IPR003598	Immunoglobulin subtype 2	SMART	SM00408	igc2_5	ig_like_domain	288	366	results/final_30_until_interpro_prepare/14_interproscan_primary/input.fasta.tsv	333	378	333	366	34	46	0.7391304347826086	-12	12	-45	True	381	333	378	333	True	33	True	15	True	True	33	True	12	True
sus_scrofa	IIIc	IIIc	XM_084993071.1	XP_084849197.1	840	IPR013783	Immunoglobulin-like fold	Gene3D	G3DSA:2.60.40.10	Immunoglobulins	ig_like_domain	270	382	results/final_30_until_interpro_prepare/14_interproscan_primary/input.fasta.tsv	333	380	333	380	48	48	1.0	2	2	-63	True	382	333	380	333	True	49	True	0	True	True	49	True	2	True
sus_scrofa	IIIc	IIIc	XM_084993071.1	XP_084849197.1	840	IPR007110	Immunoglobulin-like domain	ProSiteProfiles	PS50835	Ig-like domain profile.	ig_like_domain	275	377	results/final_30_until_interpro_prepare/14_interproscan_primary/input.fasta.tsv	333	380	333	377	45	48	0.9375	-3	3	-58	True	382	333	380	333	True	44	True	5	True	True	44	True	3	True
sus_scrofa	IIIc	IIIc	XM_084993071.1	XP_084849197.1	840	IPR036179	Immunoglobulin-like domain superfamily	SUPERFAMILY	SSF48726	Immunoglobulin	ig_like_domain	275	378	results/final_30_until_interpro_prepare/14_interproscan_primary/input.fasta.tsv	333	380	333	378	46	48	0.9583333333333334	-2	2	-58	True	382	333	380	333	True	45	True	4	True	True	45	True	2	True
sus_scrofa	IIIc	IIIc	XM_084993071.1	XP_084849197.1	840	IPR003599	Immunoglobulin domain subtype	SMART	SM00409	IG_3c	ig_like_domain	282	379	results/final_30_until_interpro_prepare/14_interproscan_primary/input.fasta.tsv	333	380	333	379	47	48	0.9791666666666666	-1	1	-51	True	382	333	380	333	True	46	True	3	True	True	46	True	1	True
sus_scrofa	IIIc	IIIc	XM_084993071.1	XP_084849197.1	840			Pfam	PF13927	Immunoglobulin domain	ig_like_domain	285	365	results/final_30_until_interpro_prepare/14_interproscan_primary/input.fasta.tsv	333	380	333	365	33	48	0.6875	-15	15	-48	True	382	333	380	333	True	32	True	17	False	True	32	True	15	True
sus_scrofa	IIIc	IIIc	XM_084993071.1	XP_084849197.1	840	IPR003598	Immunoglobulin subtype 2	SMART	SM00408	igc2_5	ig_like_domain	288	368	results/final_30_until_interpro_prepare/14_interproscan_primary/input.fasta.tsv	333	380	333	368	36	48	0.75	-12	12	-45	True	382	333	380	333	True	35	True	14	True	True	35	True	12	True
taeniopygia_guttata	IIIb	IIIb	XM_072931307.1	XP_072787408.1	891	IPR013783	Immunoglobulin-like fold	Gene3D	G3DSA:2.60.40.10	Immunoglobulins	ig_like_domain	320	430	results/final_30_until_interpro_prepare/14_interproscan_primary/input.fasta.tsv	383	428	383	428	46	46	1.0	2	2	-63	True	431	383	428	383	True	47	True	1	True	True	47	True	2	True
taeniopygia_guttata	IIIb	IIIb	XM_072931307.1	XP_072787408.1	891	IPR036179	Immunoglobulin-like domain superfamily	SUPERFAMILY	SSF48726	Immunoglobulin	ig_like_domain	325	426	results/final_30_until_interpro_prepare/14_interproscan_primary/input.fasta.tsv	383	428	383	426	44	46	0.9565217391304348	-2	2	-58	True	431	383	428	383	True	43	True	5	True	True	43	True	2	True
taeniopygia_guttata	IIIb	IIIb	XM_072931307.1	XP_072787408.1	891	IPR007110	Immunoglobulin-like domain	ProSiteProfiles	PS50835	Ig-like domain profile.	ig_like_domain	325	425	results/final_30_until_interpro_prepare/14_interproscan_primary/input.fasta.tsv	383	428	383	425	43	46	0.9347826086956522	-3	3	-58	True	431	383	428	383	True	42	True	6	True	True	42	True	3	True
taeniopygia_guttata	IIIb	IIIb	XM_072931307.1	XP_072787408.1	891	IPR003599	Immunoglobulin domain subtype	SMART	SM00409	IG_3c	ig_like_domain	332	427	results/final_30_until_interpro_prepare/14_interproscan_primary/input.fasta.tsv	383	428	383	427	45	46	0.9782608695652174	-1	1	-51	True	431	383	428	383	True	44	True	4	True	True	44	True	1	True
taeniopygia_guttata	IIIb	IIIb	XM_072931307.1	XP_072787408.1	891	IPR013098	Immunoglobulin I-set	Pfam	PF07679	Immunoglobulin I-set domain	ig_like_domain	332	426	results/final_30_until_interpro_prepare/14_interproscan_primary/input.fasta.tsv	383	428	383	426	44	46	0.9565217391304348	-2	2	-51	True	431	383	428	383	True	43	True	5	True	True	43	True	2	True
taeniopygia_guttata	IIIb	IIIb	XM_072931307.1	XP_072787408.1	891	IPR003598	Immunoglobulin subtype 2	SMART	SM00408	igc2_5	ig_like_domain	338	416	results/final_30_until_interpro_prepare/14_interproscan_primary/input.fasta.tsv	383	428	383	416	34	46	0.7391304347826086	-12	12	-45	True	431	383	428	383	True	33	True	15	True	True	33	True	12	True
taeniopygia_guttata	IIIc	IIIc	XM_072931308.1	XP_072787409.1	890	IPR013783	Immunoglobulin-like fold	Gene3D	G3DSA:2.60.40.10	Immunoglobulins	ig_like_domain	320	434	results/final_30_until_interpro_prepare/14_interproscan_primary/input.fasta.tsv	383	430	383	430	48	48	1.0	4	4	-63	True	432	383	430	383	True	51	True	2	True	True	51	True	4	True
taeniopygia_guttata	IIIc	IIIc	XM_072931308.1	XP_072787409.1	890	IPR007110	Immunoglobulin-like domain	ProSiteProfiles	PS50835	Ig-like domain profile.	ig_like_domain	325	427	results/final_30_until_interpro_prepare/14_interproscan_primary/input.fasta.tsv	383	430	383	427	45	48	0.9375	-3	3	-58	True	432	383	430	383	True	44	True	5	True	True	44	True	3	True
taeniopygia_guttata	IIIc	IIIc	XM_072931308.1	XP_072787409.1	890	IPR036179	Immunoglobulin-like domain superfamily	SUPERFAMILY	SSF48726	Immunoglobulin	ig_like_domain	325	428	results/final_30_until_interpro_prepare/14_interproscan_primary/input.fasta.tsv	383	430	383	428	46	48	0.9583333333333334	-2	2	-58	True	432	383	430	383	True	45	True	4	True	True	45	True	2	True
taeniopygia_guttata	IIIc	IIIc	XM_072931308.1	XP_072787409.1	890	IPR003599	Immunoglobulin domain subtype	SMART	SM00409	IG_3c	ig_like_domain	332	429	results/final_30_until_interpro_prepare/14_interproscan_primary/input.fasta.tsv	383	430	383	429	47	48	0.9791666666666666	-1	1	-51	True	432	383	430	383	True	46	True	3	True	True	46	True	1	True
taeniopygia_guttata	IIIc	IIIc	XM_072931308.1	XP_072787409.1	890			Pfam	PF13927	Immunoglobulin domain	ig_like_domain	334	415	results/final_30_until_interpro_prepare/14_interproscan_primary/input.fasta.tsv	383	430	383	415	33	48	0.6875	-15	15	-49	True	432	383	430	383	True	32	True	17	False	True	32	True	15	True
taeniopygia_guttata	IIIc	IIIc	XM_072931308.1	XP_072787409.1	890	IPR003598	Immunoglobulin subtype 2	SMART	SM00408	igc2_5	ig_like_domain	338	418	results/final_30_until_interpro_prepare/14_interproscan_primary/input.fasta.tsv	383	430	383	418	36	48	0.75	-12	12	-45	True	432	383	430	383	True	35	True	14	True	True	35	True	12	True
takifugu_rubripes	IIIb	IIIb	ENSTRUT00000045298	ENSTRUP00000045146	836	IPR013783	Immunoglobulin-like fold	Gene3D	G3DSA:2.60.40.10	Immunoglobulins	ig_like_domain	273	385	results/final_30_until_interpro_prepare/14_interproscan_primary/input.fasta.tsv	337	381	337	381	45	45	1.0	4	4	-64	True	343	302	381	337	True	29	True	42	False	True	48	True	4	True
takifugu_rubripes	IIIb	IIIb	ENSTRUT00000045298	ENSTRUP00000045146	836	IPR036179	Immunoglobulin-like domain superfamily	SUPERFAMILY	SSF48726	Immunoglobulin	ig_like_domain	278	379	results/final_30_until_interpro_prepare/14_interproscan_primary/input.fasta.tsv	337	381	337	379	43	45	0.9555555555555556	-2	2	-59	True	343	302	381	337	True	24	True	36	False	True	42	True	2	True
takifugu_rubripes	IIIb	IIIb	ENSTRUT00000045298	ENSTRUP00000045146	836	IPR007110	Immunoglobulin-like domain	ProSiteProfiles	PS50835	Ig-like domain profile.	ig_like_domain	278	378	results/final_30_until_interpro_prepare/14_interproscan_primary/input.fasta.tsv	337	381	337	378	42	45	0.9333333333333332	-3	3	-59	True	343	302	381	337	True	24	True	35	False	True	41	True	3	True
takifugu_rubripes	IIIb	IIIb	ENSTRUT00000045298	ENSTRUP00000045146	836	IPR003599	Immunoglobulin domain subtype	SMART	SM00409	IG_3c	ig_like_domain	285	380	results/final_30_until_interpro_prepare/14_interproscan_primary/input.fasta.tsv	337	381	337	380	44	45	0.9777777777777776	-1	1	-52	True	343	302	381	337	True	17	True	37	False	True	43	True	1	True
takifugu_rubripes	IIIb	IIIb	ENSTRUT00000045298	ENSTRUP00000045146	836	IPR013098	Immunoglobulin I-set	Pfam	PF07679	Immunoglobulin I-set domain	ig_like_domain	285	379	results/final_30_until_interpro_prepare/14_interproscan_primary/input.fasta.tsv	337	381	337	379	43	45	0.9555555555555556	-2	2	-52	True	343	302	381	337	True	17	True	36	False	True	42	True	2	True
takifugu_rubripes	IIIb	IIIb	ENSTRUT00000045298	ENSTRUP00000045146	836	IPR003598	Immunoglobulin subtype 2	SMART	SM00408	igc2_5	ig_like_domain	291	369	results/final_30_until_interpro_prepare/14_interproscan_primary/input.fasta.tsv	337	381	337	369	33	45	0.7333333333333333	-12	12	-46	True	343	302	381	337	True	11	False	26	False	True	32	True	12	True
takifugu_rubripes	IIIc	IIIc	ENSTRUT00000045297	ENSTRUP00000045145	838	IPR013783	Immunoglobulin-like fold	Gene3D	G3DSA:2.60.40.10	Immunoglobulins	ig_like_domain	273	387	results/final_30_until_interpro_prepare/14_interproscan_primary/input.fasta.tsv	337	383	337	383	47	47	1.0	4	4	-64	True	389	343	383	337	True	44	True	2	True	True	50	True	4	True
takifugu_rubripes	IIIc	IIIc	ENSTRUT00000045297	ENSTRUP00000045145	838	IPR036179	Immunoglobulin-like domain superfamily	SUPERFAMILY	SSF48726	Immunoglobulin	ig_like_domain	278	381	results/final_30_until_interpro_prepare/14_interproscan_primary/input.fasta.tsv	337	383	337	381	45	47	0.9574468085106383	-2	2	-59	True	389	343	383	337	True	38	True	8	True	True	44	True	2	True
takifugu_rubripes	IIIc	IIIc	ENSTRUT00000045297	ENSTRUP00000045145	838	IPR007110	Immunoglobulin-like domain	ProSiteProfiles	PS50835	Ig-like domain profile.	ig_like_domain	278	380	results/final_30_until_interpro_prepare/14_interproscan_primary/input.fasta.tsv	337	383	337	380	44	47	0.9361702127659576	-3	3	-59	True	389	343	383	337	True	37	True	9	True	True	43	True	3	True
takifugu_rubripes	IIIc	IIIc	ENSTRUT00000045297	ENSTRUP00000045145	838	IPR013098	Immunoglobulin I-set	Pfam	PF07679	Immunoglobulin I-set domain	ig_like_domain	285	381	results/final_30_until_interpro_prepare/14_interproscan_primary/input.fasta.tsv	337	383	337	381	45	47	0.9574468085106383	-2	2	-52	True	389	343	383	337	True	38	True	8	True	True	44	True	2	True
takifugu_rubripes	IIIc	IIIc	ENSTRUT00000045297	ENSTRUP00000045145	838	IPR003599	Immunoglobulin domain subtype	SMART	SM00409	IG_3c	ig_like_domain	285	382	results/final_30_until_interpro_prepare/14_interproscan_primary/input.fasta.tsv	337	383	337	382	46	47	0.9787234042553192	-1	1	-52	True	389	343	383	337	True	39	True	7	True	True	45	True	1	True
takifugu_rubripes	IIIc	IIIc	ENSTRUT00000045297	ENSTRUP00000045145	838	IPR003598	Immunoglobulin subtype 2	SMART	SM00408	igc2_5	ig_like_domain	291	371	results/final_30_until_interpro_prepare/14_interproscan_primary/input.fasta.tsv	337	383	337	371	35	47	0.7446808510638298	-12	12	-46	True	389	343	383	337	True	28	True	18	False	True	34	True	12	True
xenopus_tropicalis	IIIb	IIIb	ENSXETT00000078335	ENSXETP00000087394	832	IPR013783	Immunoglobulin-like fold	Gene3D	G3DSA:2.60.40.10	Immunoglobulins	ig_like_domain	262	375	results/final_30_until_interpro_prepare/14_interproscan_primary/input.fasta.tsv	326	368	326	368	43	43	1.0	7	7	-64	True	368	326	368	326	True	49	True	7	True	True	49	True	7	True
xenopus_tropicalis	IIIb	IIIb	ENSXETT00000078335	ENSXETP00000087394	832	IPR007110	Immunoglobulin-like domain	ProSiteProfiles	PS50835	Ig-like domain profile.	ig_like_domain	267	367	results/final_30_until_interpro_prepare/14_interproscan_primary/input.fasta.tsv	326	368	326	367	42	43	0.9767441860465116	-1	1	-59	True	368	326	368	326	True	41	True	1	True	True	41	True	1	True
xenopus_tropicalis	IIIb	IIIb	ENSXETT00000078335	ENSXETP00000087394	832	IPR036179	Immunoglobulin-like domain superfamily	SUPERFAMILY	SSF48726	Immunoglobulin	ig_like_domain	267	368	results/final_30_until_interpro_prepare/14_interproscan_primary/input.fasta.tsv	326	368	326	368	43	43	1.0	0	0	-59	True	368	326	368	326	True	42	True	0	True	True	42	True	0	True
xenopus_tropicalis	IIIb	IIIb	ENSXETT00000078335	ENSXETP00000087394	832	IPR013098	Immunoglobulin I-set	Pfam	PF07679	Immunoglobulin I-set domain	ig_like_domain	274	368	results/final_30_until_interpro_prepare/14_interproscan_primary/input.fasta.tsv	326	368	326	368	43	43	1.0	0	0	-52	True	368	326	368	326	True	42	True	0	True	True	42	True	0	True
xenopus_tropicalis	IIIb	IIIb	ENSXETT00000078335	ENSXETP00000087394	832	IPR003599	Immunoglobulin domain subtype	SMART	SM00409	IG_3c	ig_like_domain	274	369	results/final_30_until_interpro_prepare/14_interproscan_primary/input.fasta.tsv	326	368	326	368	43	43	1.0	1	1	-52	True	368	326	368	326	True	43	True	1	True	True	43	True	1	True
xenopus_tropicalis	IIIb	IIIb	ENSXETT00000078335	ENSXETP00000087394	832	IPR003598	Immunoglobulin subtype 2	SMART	SM00408	igc2_5	ig_like_domain	280	358	results/final_30_until_interpro_prepare/14_interproscan_primary/input.fasta.tsv	326	368	326	358	33	43	0.7674418604651163	-10	10	-46	True	368	326	368	326	True	32	True	10	True	True	32	True	10	True
xenopus_tropicalis	IIIc	IIIc	ENSXETT00000071733	ENSXETP00000069725	910	IPR013783	Immunoglobulin-like fold	Gene3D	G3DSA:2.60.40.10	Immunoglobulins	ig_like_domain	338	450	results/final_30_until_interpro_prepare/14_interproscan_primary/input.fasta.tsv	401	448	401	448	48	48	1.0	2	2	-63	True	373	325	448	401	False	13	False	77	False	True	49	True	2	True
xenopus_tropicalis	IIIc	IIIc	ENSXETT00000071733	ENSXETP00000069725	910	IPR007110	Immunoglobulin-like domain	ProSiteProfiles	PS50835	Ig-like domain profile.	ig_like_domain	343	445	results/final_30_until_interpro_prepare/14_interproscan_primary/input.fasta.tsv	401	448	401	445	45	48	0.9375	-3	3	-58	True	373	325	448	401	False	18	False	72	False	True	44	True	3	True
xenopus_tropicalis	IIIc	IIIc	ENSXETT00000071733	ENSXETP00000069725	910	IPR036179	Immunoglobulin-like domain superfamily	SUPERFAMILY	SSF48726	Immunoglobulin	ig_like_domain	343	446	results/final_30_until_interpro_prepare/14_interproscan_primary/input.fasta.tsv	401	448	401	446	46	48	0.9583333333333334	-2	2	-58	True	373	325	448	401	False	18	False	73	False	True	45	True	2	True
xenopus_tropicalis	IIIc	IIIc	ENSXETT00000071733	ENSXETP00000069725	910	IPR013098	Immunoglobulin I-set	Pfam	PF07679	Immunoglobulin I-set domain	ig_like_domain	350	446	results/final_30_until_interpro_prepare/14_interproscan_primary/input.fasta.tsv	401	448	401	446	46	48	0.9583333333333334	-2	2	-51	True	373	325	448	401	False	25	False	73	False	True	45	True	2	True
xenopus_tropicalis	IIIc	IIIc	ENSXETT00000071733	ENSXETP00000069725	910	IPR003599	Immunoglobulin domain subtype	SMART	SM00409	IG_3c	ig_like_domain	350	447	results/final_30_until_interpro_prepare/14_interproscan_primary/input.fasta.tsv	401	448	401	447	47	48	0.9791666666666666	-1	1	-51	True	373	325	448	401	False	25	False	74	False	True	46	True	1	True
xenopus_tropicalis	IIIc	IIIc	ENSXETT00000071733	ENSXETP00000069725	910	IPR003598	Immunoglobulin subtype 2	SMART	SM00408	igc2_5	ig_like_domain	356	436	results/final_30_until_interpro_prepare/14_interproscan_primary/input.fasta.tsv	401	448	401	436	36	48	0.75	-12	12	-45	True	373	325	448	401	False	31	False	63	False	True	35	True	12	True
